 4.00000000e-07  3.62481922e-02 
 8.00000000e-07  3.62481922e-02 
 1.60000000e-06  3.62481922e-02 
 3.20000000e-06  3.62481922e-02 
 6.40000000e-06  3.62481922e-02 
 1.28000000e-05  3.62481922e-02 
 2.56000000e-05  3.62481922e-02 
 4.00000000e-05  3.62481922e-02 
 4.16569840e-05  3.62481922e-02 
 4.49709519e-05  3.62481922e-02 
 5.15988878e-05  3.62481922e-02 
 6.48547596e-05  3.62481922e-02 
 9.13665032e-05  3.62481922e-02 
 1.31366503e-04  3.62481922e-02 
 1.71366503e-04  3.62481922e-02 
 2.11366503e-04  3.62481922e-02 
 2.51366503e-04  3.62481922e-02 
 2.91366503e-04  3.62481922e-02 
 3.31366503e-04  3.62481922e-02 
 3.71366503e-04  3.62481922e-02 
 3.99999200e-04  3.62481922e-02 
 3.99999280e-04  3.62481922e-02 
 3.99999440e-04  3.62481922e-02 
 3.99999760e-04  3.62485172e-02 
 4.00000000e-04  3.62490048e-02 
 4.00000064e-04  3.62491348e-02 
 4.00000192e-04  3.62493948e-02 
 4.00000448e-04  3.62499149e-02 
 4.00000960e-04  3.62509550e-02 
 4.00001984e-04  3.62530351e-02 
 4.00004032e-04  3.62571948e-02 
 4.00008128e-04  3.62655127e-02 
 4.00016320e-04  3.62821420e-02 
 4.00032704e-04  3.63153752e-02 
 4.00065472e-04  3.63817396e-02 
 4.00131008e-04  3.65140615e-02 
 4.00262080e-04  3.67770860e-02 
 4.00524224e-04  3.72967234e-02 
 4.01048512e-04  3.83108687e-02 
 4.02097088e-04  4.02426278e-02 
 4.04194240e-04  4.37497064e-02 
 4.08388544e-04  4.95446314e-02 
 4.16777152e-04  5.75237091e-02 
 4.32924103e-04  6.50556366e-02 
 4.50184252e-04  6.76466951e-02 
 4.75101805e-04  6.86153854e-02 
 5.05622571e-04  6.87497961e-02 
 5.45622571e-04  6.87534152e-02 
 5.85622571e-04  6.87530131e-02 
 6.25622571e-04  6.87530578e-02 
 6.65622571e-04  6.87530528e-02 
 7.05622571e-04  6.87530534e-02 
 7.45622571e-04  6.87530533e-02 
 7.85622571e-04  6.87530533e-02 
 7.99999200e-04  6.87530533e-02 
 7.99999280e-04  6.87530533e-02 
 7.99999440e-04  6.87530533e-02 
 7.99999760e-04  6.87530533e-02 
 8.00000000e-04  6.87530533e-02 
 8.00000064e-04  6.87530533e-02 
 8.00000192e-04  6.87530533e-02 
 8.00000448e-04  6.87530533e-02 
 8.00000960e-04  6.87530533e-02 
 8.00001984e-04  6.87530533e-02 
 8.00004032e-04  6.87530533e-02 
 8.00008128e-04  6.87530533e-02 
 8.00016320e-04  6.87530533e-02 
 8.00032704e-04  6.87530533e-02 
 8.00065472e-04  6.87530533e-02 
 8.00131008e-04  6.87530533e-02 
 8.00262080e-04  6.87530533e-02 
 8.00524224e-04  6.87530533e-02 
 8.01048512e-04  6.87530533e-02 
 8.02097088e-04  6.87530533e-02 
 8.04194240e-04  6.87530533e-02 
 8.08388544e-04  6.87530533e-02 
 8.16777152e-04  6.87530533e-02 
 8.33554368e-04  6.87530533e-02 
 8.61455266e-04  6.87530533e-02 
 8.94583011e-04  6.87530533e-02 
 9.34583011e-04  6.87530533e-02 
 9.74583011e-04  6.87530533e-02 
 1.01458301e-03  6.87530533e-02 
 1.05458301e-03  6.87530533e-02 
 1.09458301e-03  6.87530533e-02 
 1.13458301e-03  6.87530533e-02 
 1.17458301e-03  6.87530533e-02 
 1.19999920e-03  6.87530533e-02 
 1.19999928e-03  6.87530533e-02 
 1.19999944e-03  6.87530533e-02 
 1.19999976e-03  6.87530533e-02 
 1.20000000e-03  6.87533210e-02 
 1.20000006e-03  6.87534637e-02 
 1.20000019e-03  6.87537492e-02 
 1.20000045e-03  6.87543202e-02 
 1.20000096e-03  6.87554622e-02 
 1.20000198e-03  6.87577460e-02 
 1.20000403e-03  6.87623131e-02 
 1.20000813e-03  6.87714457e-02 
 1.20001632e-03  6.87897038e-02 
 1.20003270e-03  6.88261920e-02 
 1.20006547e-03  6.88990563e-02 
 1.20013101e-03  6.90443383e-02 
 1.20026208e-03  6.93331243e-02 
 1.20052422e-03  6.99036568e-02 
 1.20104851e-03  7.10171310e-02 
 1.20209709e-03  7.31380933e-02 
 1.20419424e-03  7.69886674e-02 
 1.20838854e-03  8.33511676e-02 
 1.21677715e-03  9.21117440e-02 
 1.23355437e-03  1.00593139e-01 
 1.26145527e-03  1.04177620e-01 
 1.29458301e-03  1.04445489e-01 
 1.33458301e-03  1.04440423e-01 
 1.37458301e-03  1.04440986e-01 
 1.41458301e-03  1.04440923e-01 
 1.45458301e-03  1.04440930e-01 
 1.49458301e-03  1.04440929e-01 
 1.53458301e-03  1.04440929e-01 
 1.57458301e-03  1.04440929e-01 
 1.59999920e-03  1.04440929e-01 
 1.59999928e-03  1.04440929e-01 
 1.59999944e-03  1.04440929e-01 
 1.59999976e-03  1.04440929e-01 
 1.60000000e-03  1.04440929e-01 
 1.60000006e-03  1.04440929e-01 
 1.60000019e-03  1.04440929e-01 
 1.60000045e-03  1.04440929e-01 
 1.60000096e-03  1.04440929e-01 
 1.60000198e-03  1.04440929e-01 
 1.60000403e-03  1.04440929e-01 
 1.60000813e-03  1.04440929e-01 
 1.60001632e-03  1.04440929e-01 
 1.60003270e-03  1.04440929e-01 
 1.60006547e-03  1.04440929e-01 
 1.60013101e-03  1.04440929e-01 
 1.60026208e-03  1.04440929e-01 
 1.60052422e-03  1.04440929e-01 
 1.60104851e-03  1.04440929e-01 
 1.60209709e-03  1.04440929e-01 
 1.60419424e-03  1.04440929e-01 
 1.60838854e-03  1.04440929e-01 
 1.61677715e-03  1.04440929e-01 
 1.63355437e-03  1.04440929e-01 
 1.66710880e-03  1.04440929e-01 
 1.70710880e-03  1.04440929e-01 
 1.74710880e-03  1.04440929e-01 
 1.78710880e-03  1.04440929e-01 
 1.82710880e-03  1.04440929e-01 
 1.86710880e-03  1.04440929e-01 
 1.90710880e-03  1.04440929e-01 
 1.94710880e-03  1.04440929e-01 
 1.98710880e-03  1.04440929e-01 
 1.99999920e-03  1.04440929e-01 
 1.99999928e-03  1.04440929e-01 
 1.99999944e-03  1.04440929e-01 
 1.99999976e-03  1.04440929e-01 
 2.00000000e-03  1.04441159e-01 
 2.00000006e-03  1.04441281e-01 
 2.00000019e-03  1.04441526e-01 
 2.00000045e-03  1.04442015e-01 
 2.00000096e-03  1.04442994e-01 
 2.00000198e-03  1.04444951e-01 
 2.00000403e-03  1.04448865e-01 
 2.00000813e-03  1.04456692e-01 
 2.00001632e-03  1.04472339e-01 
 2.00003270e-03  1.04503609e-01 
 2.00006547e-03  1.04566054e-01 
 2.00013101e-03  1.04690560e-01 
 2.00026208e-03  1.04938049e-01 
 2.00052422e-03  1.05426994e-01 
 2.00104851e-03  1.06381239e-01 
 2.00209709e-03  1.08198899e-01 
 2.00419424e-03  1.11498832e-01 
 2.00838854e-03  1.16951481e-01 
 2.01677715e-03  1.24459276e-01 
 2.03355437e-03  1.31727812e-01 
 2.06710880e-03  1.35103552e-01 
 2.10710880e-03  1.35016672e-01 
 2.14710880e-03  1.35026326e-01 
 2.18710880e-03  1.35025253e-01 
 2.22710880e-03  1.35025372e-01 
 2.26710880e-03  1.35025359e-01 
 2.30710880e-03  1.35025360e-01 
 2.34710880e-03  1.35025360e-01 
 2.38710880e-03  1.35025360e-01 
 2.39999920e-03  1.35025360e-01 
 2.39999928e-03  1.35025360e-01 
 2.39999944e-03  1.35025360e-01 
 2.39999976e-03  1.35025360e-01 
 2.40000000e-03  1.35025360e-01 
 2.40000006e-03  1.35025360e-01 
 2.40000019e-03  1.35025360e-01 
 2.40000045e-03  1.35025360e-01 
 2.40000096e-03  1.35025360e-01 
 2.40000198e-03  1.35025360e-01 
 2.40000403e-03  1.35025360e-01 
 2.40000813e-03  1.35025360e-01 
 2.40001632e-03  1.35025360e-01 
 2.40003270e-03  1.35025360e-01 
 2.40006547e-03  1.35025360e-01 
 2.40013101e-03  1.35025360e-01 
 2.40026208e-03  1.35025360e-01 
 2.40052422e-03  1.35025360e-01 
 2.40104851e-03  1.35025360e-01 
 2.40209709e-03  1.35025360e-01 
 2.40419424e-03  1.35025360e-01 
 2.40838854e-03  1.35025360e-01 
 2.41677715e-03  1.35025360e-01 
 2.43355437e-03  1.35025360e-01 
 2.46710880e-03  1.35025360e-01 
 2.50710880e-03  1.35025360e-01 
 2.54710880e-03  1.35025360e-01 
 2.58710880e-03  1.35025360e-01 
 2.62710880e-03  1.35025360e-01 
 2.66710880e-03  1.35025360e-01 
 2.70710880e-03  1.35025360e-01 
 2.74710880e-03  1.35025360e-01 
 2.78710880e-03  1.35025360e-01 
 2.79999920e-03  1.35025360e-01 
 2.79999928e-03  1.35025360e-01 
 2.79999944e-03  1.35025360e-01 
 2.79999976e-03  1.35025360e-01 
 2.80000000e-03  1.35025554e-01 
 2.80000006e-03  1.35025658e-01 
 2.80000019e-03  1.35025865e-01 
 2.80000045e-03  1.35026279e-01 
 2.80000096e-03  1.35027107e-01 
 2.80000198e-03  1.35028762e-01 
 2.80000403e-03  1.35032073e-01 
 2.80000813e-03  1.35038694e-01 
 2.80001632e-03  1.35051930e-01 
 2.80003270e-03  1.35078381e-01 
 2.80006547e-03  1.35131203e-01 
 2.80013101e-03  1.35236523e-01 
 2.80026208e-03  1.35445874e-01 
 2.80052422e-03  1.35859473e-01 
 2.80104851e-03  1.36666668e-01 
 2.80209709e-03  1.38204227e-01 
 2.80419424e-03  1.40995642e-01 
 2.80838854e-03  1.45608038e-01 
 2.81677715e-03  1.51958883e-01 
 2.83355437e-03  1.58107339e-01 
 2.86710880e-03  1.60962878e-01 
 2.90710880e-03  1.60889386e-01 
 2.94710880e-03  1.60897552e-01 
 2.98710880e-03  1.60896645e-01 
 3.02710880e-03  1.60896745e-01 
 3.06710880e-03  1.60896734e-01 
 3.10710880e-03  1.60896735e-01 
 3.14710880e-03  1.60896735e-01 
 3.18710880e-03  1.60896735e-01 
 3.19999920e-03  1.60896735e-01 
 3.19999928e-03  1.60896735e-01 
 3.19999944e-03  1.60896735e-01 
 3.19999976e-03  1.60896735e-01 
 3.20000000e-03  1.60896735e-01 
 3.20000006e-03  1.60896735e-01 
 3.20000019e-03  1.60896735e-01 
 3.20000045e-03  1.60896735e-01 
 3.20000096e-03  1.60896735e-01 
 3.20000198e-03  1.60896735e-01 
 3.20000403e-03  1.60896735e-01 
 3.20000813e-03  1.60896735e-01 
 3.20001632e-03  1.60896735e-01 
 3.20003270e-03  1.60896735e-01 
 3.20006547e-03  1.60896735e-01 
 3.20013101e-03  1.60896735e-01 
 3.20026208e-03  1.60896735e-01 
 3.20052422e-03  1.60896735e-01 
 3.20104851e-03  1.60896735e-01 
 3.20209709e-03  1.60896735e-01 
 3.20419424e-03  1.60896735e-01 
 3.20838854e-03  1.60896735e-01 
 3.21677715e-03  1.60896735e-01 
 3.23355437e-03  1.60896735e-01 
 3.26710880e-03  1.60896735e-01 
 3.30710880e-03  1.60896735e-01 
 3.34710880e-03  1.60896735e-01 
 3.38710880e-03  1.60896735e-01 
 3.42710880e-03  1.60896735e-01 
 3.46710880e-03  1.60896735e-01 
 3.50710880e-03  1.60896735e-01 
 3.54710880e-03  1.60896735e-01 
 3.58710880e-03  1.60896735e-01 
 3.59999920e-03  1.60896735e-01 
 3.59999928e-03  1.60896735e-01 
 3.59999944e-03  1.60896735e-01 
 3.59999976e-03  1.60896735e-01 
 3.60000000e-03  1.60896904e-01 
 3.60000006e-03  1.60896994e-01 
 3.60000019e-03  1.60897175e-01 
 3.60000045e-03  1.60897535e-01 
 3.60000096e-03  1.60898256e-01 
 3.60000198e-03  1.60899697e-01 
 3.60000403e-03  1.60902580e-01 
 3.60000813e-03  1.60908344e-01 
 3.60001632e-03  1.60919868e-01 
 3.60003270e-03  1.60942898e-01 
 3.60006547e-03  1.60988888e-01 
 3.60013101e-03  1.61080586e-01 
 3.60026208e-03  1.61262858e-01 
 3.60052422e-03  1.61622961e-01 
 3.60104851e-03  1.62325752e-01 
 3.60209709e-03  1.63664439e-01 
 3.60419424e-03  1.66094804e-01 
 3.60838854e-03  1.70110620e-01 
 3.61677715e-03  1.75640029e-01 
 3.63355437e-03  1.80993227e-01 
 3.66710880e-03  1.83479423e-01 
 3.70710880e-03  1.83415437e-01 
 3.74710880e-03  1.83422546e-01 
 3.78710880e-03  1.83421756e-01 
 3.82710880e-03  1.83421844e-01 
 3.86710880e-03  1.83421834e-01 
 3.90710880e-03  1.83421835e-01 
 3.94710880e-03  1.83421835e-01 
 3.98710880e-03  1.83421835e-01 
 3.99999920e-03  1.83421835e-01 
 3.99999928e-03  1.83421835e-01 
 3.99999944e-03  1.83421835e-01 
 3.99999976e-03  1.83421835e-01 
 4.00000000e-03  1.83421835e-01 
 4.00000006e-03  1.83421835e-01 
 4.00000019e-03  1.83421835e-01 
 4.00000045e-03  1.83421835e-01 
 4.00000096e-03  1.83421835e-01 
 4.00000198e-03  1.83421835e-01 
 4.00000403e-03  1.83421835e-01 
 4.00000813e-03  1.83421835e-01 
 4.00001632e-03  1.83421835e-01 
 4.00003270e-03  1.83421835e-01 
 4.00006547e-03  1.83421835e-01 
 4.00013101e-03  1.83421835e-01 
 4.00026208e-03  1.83421835e-01 
 4.00052422e-03  1.83421835e-01 
 4.00104851e-03  1.83421835e-01 
 4.00209709e-03  1.83421835e-01 
 4.00419424e-03  1.83421835e-01 
 4.00838854e-03  1.83421835e-01 
 4.01677715e-03  1.83421835e-01 
 4.03355437e-03  1.83421835e-01 
 4.06710880e-03  1.83421835e-01 
 4.10710880e-03  1.83421835e-01 
 4.14710880e-03  1.83421835e-01 
 4.18710880e-03  1.83421835e-01 
 4.22710880e-03  1.83421835e-01 
 4.26710880e-03  1.83421835e-01 
 4.30710880e-03  1.83421835e-01 
 4.34710880e-03  1.83421835e-01 
 4.38710880e-03  1.83421835e-01 
 4.39999920e-03  1.83421835e-01 
 4.39999928e-03  1.83421835e-01 
 4.39999944e-03  1.83421835e-01 
 4.39999976e-03  1.83421835e-01 
 4.40000000e-03  1.83421987e-01 
 4.40000006e-03  1.83422068e-01 
 4.40000019e-03  1.83422230e-01 
 4.40000045e-03  1.83422553e-01 
 4.40000096e-03  1.83423201e-01 
 4.40000198e-03  1.83424495e-01 
 4.40000403e-03  1.83427083e-01 
 4.40000813e-03  1.83432259e-01 
 4.40001632e-03  1.83442607e-01 
 4.40003270e-03  1.83463288e-01 
 4.40006547e-03  1.83504585e-01 
 4.40013101e-03  1.83586925e-01 
 4.40026208e-03  1.83750598e-01 
 4.40052422e-03  1.84073955e-01 
 4.40104851e-03  1.84705032e-01 
 4.40209709e-03  1.85907116e-01 
 4.40419424e-03  1.88089481e-01 
 4.40838854e-03  1.91695513e-01 
 4.41677715e-03  1.96660688e-01 
 4.43355437e-03  2.01467633e-01 
 4.46710880e-03  2.03700131e-01 
 4.50710880e-03  2.03642674e-01 
 4.54710880e-03  2.03649058e-01 
 4.58710880e-03  2.03648349e-01 
 4.62710880e-03  2.03648428e-01 
 4.66710880e-03  2.03648419e-01 
 4.70710880e-03  2.03648420e-01 
 4.74710880e-03  2.03648420e-01 
 4.78710880e-03  2.03648420e-01 
 4.79999920e-03  2.03648420e-01 
 4.79999928e-03  2.03648420e-01 
 4.79999944e-03  2.03648420e-01 
 4.79999976e-03  2.03648420e-01 
 4.80000000e-03  2.03648420e-01 
 4.80000006e-03  2.03648420e-01 
 4.80000019e-03  2.03648420e-01 
 4.80000045e-03  2.03648420e-01 
 4.80000096e-03  2.03648420e-01 
 4.80000198e-03  2.03648420e-01 
 4.80000403e-03  2.03648420e-01 
 4.80000813e-03  2.03648420e-01 
 4.80001632e-03  2.03648420e-01 
 4.80003270e-03  2.03648420e-01 
 4.80006547e-03  2.03648420e-01 
 4.80013101e-03  2.03648420e-01 
 4.80026208e-03  2.03648420e-01 
 4.80052422e-03  2.03648420e-01 
 4.80104851e-03  2.03648420e-01 
 4.80209709e-03  2.03648420e-01 
 4.80419424e-03  2.03648420e-01 
 4.80838854e-03  2.03648420e-01 
 4.81677715e-03  2.03648420e-01 
 4.83355437e-03  2.03648420e-01 
 4.86710880e-03  2.03648420e-01 
 4.90710880e-03  2.03648420e-01 
 4.94710880e-03  2.03648420e-01 
 4.98710880e-03  2.03648420e-01 
 5.02710880e-03  2.03648420e-01 
 5.06710880e-03  2.03648420e-01 
 5.10710880e-03  2.03648420e-01 
 5.14710880e-03  2.03648420e-01 
 5.18710880e-03  2.03648420e-01 
 5.19999920e-03  2.03648420e-01 
 5.19999928e-03  2.03648420e-01 
 5.19999944e-03  2.03648420e-01 
 5.19999976e-03  2.03648420e-01 
 5.20000000e-03  2.03648559e-01 
 5.20000006e-03  2.03648634e-01 
 5.20000019e-03  2.03648782e-01 
 5.20000045e-03  2.03649080e-01 
 5.20000096e-03  2.03649674e-01 
 5.20000198e-03  2.03650864e-01 
 5.20000403e-03  2.03653243e-01 
 5.20000813e-03  2.03657999e-01 
 5.20001632e-03  2.03667509e-01 
 5.20003270e-03  2.03686513e-01 
 5.20006547e-03  2.03724462e-01 
 5.20013101e-03  2.03800130e-01 
 5.20026208e-03  2.03950538e-01 
 5.20052422e-03  2.04247688e-01 
 5.20104851e-03  2.04827617e-01 
 5.20209709e-03  2.05932276e-01 
 5.20419424e-03  2.07937768e-01 
 5.20838854e-03  2.11251543e-01 
 5.21677715e-03  2.15814307e-01 
 5.23355437e-03  2.20231664e-01 
 5.26710880e-03  2.22283225e-01 
 5.30710880e-03  2.22230425e-01 
 5.34710880e-03  2.22236292e-01 
 5.38710880e-03  2.22235640e-01 
 5.42710880e-03  2.22235713e-01 
 5.46710880e-03  2.22235705e-01 
 5.50710880e-03  2.22235705e-01 
 5.54710880e-03  2.22235705e-01 
 5.58710880e-03  2.22235705e-01 
 5.59999920e-03  2.22235705e-01 
 5.59999928e-03  2.22235705e-01 
 5.59999944e-03  2.22235705e-01 
 5.59999976e-03  2.22235705e-01 
 5.60000000e-03  2.22235705e-01 
 5.60000006e-03  2.22235705e-01 
 5.60000019e-03  2.22235705e-01 
 5.60000045e-03  2.22235705e-01 
 5.60000096e-03  2.22235705e-01 
 5.60000198e-03  2.22235705e-01 
 5.60000403e-03  2.22235705e-01 
 5.60000813e-03  2.22235705e-01 
 5.60001632e-03  2.22235705e-01 
 5.60003270e-03  2.22235705e-01 
 5.60006547e-03  2.22235705e-01 
 5.60013101e-03  2.22235705e-01 
 5.60026208e-03  2.22235705e-01 
 5.60052422e-03  2.22235705e-01 
 5.60104851e-03  2.22235705e-01 
 5.60209709e-03  2.22235705e-01 
 5.60419424e-03  2.22235705e-01 
 5.60838854e-03  2.22235705e-01 
 5.61677715e-03  2.22235705e-01 
 5.63355437e-03  2.22235705e-01 
 5.66710880e-03  2.22235705e-01 
 5.70710880e-03  2.22235705e-01 
 5.74710880e-03  2.22235705e-01 
 5.78710880e-03  2.22235705e-01 
 5.82710880e-03  2.22235705e-01 
 5.86710880e-03  2.22235705e-01 
 5.90710880e-03  2.22235705e-01 
 5.94710880e-03  2.22235705e-01 
 5.98710880e-03  2.22235705e-01 
 5.99999920e-03  2.22235705e-01 
 5.99999928e-03  2.22235705e-01 
 5.99999944e-03  2.22235705e-01 
 5.99999976e-03  2.22235705e-01 
 6.00000000e-03  2.22235836e-01 
 6.00000006e-03  2.22235905e-01 
 6.00000019e-03  2.22236044e-01 
 6.00000045e-03  2.22236321e-01 
 6.00000096e-03  2.22236876e-01 
 6.00000198e-03  2.22237986e-01 
 6.00000403e-03  2.22240206e-01 
 6.00000813e-03  2.22244646e-01 
 6.00001632e-03  2.22253521e-01 
 6.00003270e-03  2.22271257e-01 
 6.00006547e-03  2.22306675e-01 
 6.00013101e-03  2.22377295e-01 
 6.00026208e-03  2.22517670e-01 
 6.00052422e-03  2.22794997e-01 
 6.00104851e-03  2.23336241e-01 
 6.00209709e-03  2.24367211e-01 
 6.00419424e-03  2.26238920e-01 
 6.00838854e-03  2.29331641e-01 
 6.01677715e-03  2.33590033e-01 
 6.03355437e-03  2.37712718e-01 
 6.06710880e-03  2.39627425e-01 
 6.10710880e-03  2.39578147e-01 
 6.14710880e-03  2.39583622e-01 
 6.18710880e-03  2.39583014e-01 
 6.22710880e-03  2.39583082e-01 
 6.26710880e-03  2.39583074e-01 
 6.30710880e-03  2.39583075e-01 
 6.34710880e-03  2.39583075e-01 
 6.38710880e-03  2.39583075e-01 
 6.39999920e-03  2.39583075e-01 
 6.39999928e-03  2.39583075e-01 
 6.39999944e-03  2.39583075e-01 
 6.39999976e-03  2.39583075e-01 
 6.40000000e-03  2.39583075e-01 
 6.40000006e-03  2.39583075e-01 
 6.40000019e-03  2.39583075e-01 
 6.40000045e-03  2.39583075e-01 
 6.40000096e-03  2.39583075e-01 
 6.40000198e-03  2.39583075e-01 
 6.40000403e-03  2.39583075e-01 
 6.40000813e-03  2.39583075e-01 
 6.40001632e-03  2.39583075e-01 
 6.40003270e-03  2.39583075e-01 
 6.40006547e-03  2.39583075e-01 
 6.40013101e-03  2.39583075e-01 
 6.40026208e-03  2.39583075e-01 
 6.40052422e-03  2.39583075e-01 
 6.40104851e-03  2.39583075e-01 
 6.40209709e-03  2.39583075e-01 
 6.40419424e-03  2.39583075e-01 
 6.40838854e-03  2.39583075e-01 
 6.41677715e-03  2.39583075e-01 
 6.43355437e-03  2.39583075e-01 
 6.46710880e-03  2.39583075e-01 
 6.50710880e-03  2.39583075e-01 
 6.54710880e-03  2.39583075e-01 
 6.58710880e-03  2.39583075e-01 
 6.62710880e-03  2.39583075e-01 
 6.66710880e-03  2.39583075e-01 
 6.70710880e-03  2.39583075e-01 
 6.74710880e-03  2.39583075e-01 
 6.78710880e-03  2.39583075e-01 
 6.79999920e-03  2.39583075e-01 
 6.79999928e-03  2.39583075e-01 
 6.79999944e-03  2.39583075e-01 
 6.79999976e-03  2.39583075e-01 
 6.80000000e-03  2.39583197e-01 
 6.80000006e-03  2.39583263e-01 
 6.80000019e-03  2.39583394e-01 
 6.80000045e-03  2.39583655e-01 
 6.80000096e-03  2.39584179e-01 
 6.80000198e-03  2.39585225e-01 
 6.80000403e-03  2.39587319e-01 
 6.80000813e-03  2.39591504e-01 
 6.80001632e-03  2.39599872e-01 
 6.80003270e-03  2.39616594e-01 
 6.80006547e-03  2.39649988e-01 
 6.80013101e-03  2.39716571e-01 
 6.80026208e-03  2.39848921e-01 
 6.80052422e-03  2.40110396e-01 
 6.80104851e-03  2.40620701e-01 
 6.80209709e-03  2.41592737e-01 
 6.80419424e-03  2.43357454e-01 
 6.80838854e-03  2.46273385e-01 
 6.81677715e-03  2.50288354e-01 
 6.83355437e-03  2.54175375e-01 
 6.86710880e-03  2.55980631e-01 
 6.90710880e-03  2.55934170e-01 
 6.94710880e-03  2.55939332e-01 
 6.98710880e-03  2.55938758e-01 
 7.02710880e-03  2.55938822e-01 
 7.06710880e-03  2.55938815e-01 
 7.10710880e-03  2.55938816e-01 
 7.14710880e-03  2.55938816e-01 
 7.18710880e-03  2.55938816e-01 
 7.19999920e-03  2.55938816e-01 
 7.19999928e-03  2.55938816e-01 
 7.19999944e-03  2.55938816e-01 
 7.19999976e-03  2.55938816e-01 
 7.20000000e-03  2.55938816e-01 
 7.20000006e-03  2.55938816e-01 
 7.20000019e-03  2.55938816e-01 
 7.20000045e-03  2.55938816e-01 
 7.20000096e-03  2.55938816e-01 
 7.20000198e-03  2.55938816e-01 
 7.20000403e-03  2.55938816e-01 
 7.20000813e-03  2.55938816e-01 
 7.20001632e-03  2.55938816e-01 
 7.20003270e-03  2.55938816e-01 
 7.20006547e-03  2.55938816e-01 
 7.20013101e-03  2.55938816e-01 
 7.20026208e-03  2.55938816e-01 
 7.20052422e-03  2.55938816e-01 
 7.20104851e-03  2.55938816e-01 
 7.20209709e-03  2.55938816e-01 
 7.20419424e-03  2.55938816e-01 
 7.20838854e-03  2.55938816e-01 
 7.21677715e-03  2.55938816e-01 
 7.23355437e-03  2.55938816e-01 
 7.26710880e-03  2.55938816e-01 
 7.30710880e-03  2.55938816e-01 
 7.34710880e-03  2.55938816e-01 
 7.38710880e-03  2.55938816e-01 
 7.42710880e-03  2.55938816e-01 
 7.46710880e-03  2.55938816e-01 
 7.50710880e-03  2.55938816e-01 
 7.54710880e-03  2.55938816e-01 
 7.58710880e-03  2.55938816e-01 
 7.59999920e-03  2.55938816e-01 
 7.59999928e-03  2.55938816e-01 
 7.59999944e-03  2.55938816e-01 
 7.59999976e-03  2.55938816e-01 
 7.60000000e-03  2.55938932e-01 
 7.60000006e-03  2.55938994e-01 
 7.60000019e-03  2.55939119e-01 
 7.60000045e-03  2.55939367e-01 
 7.60000096e-03  2.55939864e-01 
 7.60000198e-03  2.55940857e-01 
 7.60000403e-03  2.55942845e-01 
 7.60000813e-03  2.55946818e-01 
 7.60001632e-03  2.55954762e-01 
 7.60003270e-03  2.55970637e-01 
 7.60006547e-03  2.56002339e-01 
 7.60013101e-03  2.56065549e-01 
 7.60026208e-03  2.56191195e-01 
 7.60052422e-03  2.56439425e-01 
 7.60104851e-03  2.56923880e-01 
 7.60209709e-03  2.57846677e-01 
 7.60419424e-03  2.59522001e-01 
 7.60838854e-03  2.62290223e-01 
 7.61677715e-03  2.66101811e-01 
 7.63355437e-03  2.69791931e-01 
 7.66710880e-03  2.71505740e-01 
 7.70710880e-03  2.71461632e-01 
 7.74710880e-03  2.71466533e-01 
 7.78710880e-03  2.71465989e-01 
 7.82710880e-03  2.71466049e-01 
 7.86710880e-03  2.71466042e-01 
 7.90710880e-03  2.71466043e-01 
 7.94710880e-03  2.71466043e-01 
 7.98710880e-03  2.71466043e-01 
 7.99999920e-03  2.71466043e-01 
 7.99999928e-03  2.71466043e-01 
 7.99999944e-03  2.71466043e-01 
 7.99999976e-03  2.71466043e-01 
 8.00000000e-03  2.71466043e-01 
 8.00000006e-03  2.71466043e-01 
 8.00000019e-03  2.71466043e-01 
 8.00000045e-03  2.71466043e-01 
 8.00000096e-03  2.71466043e-01 
 8.00000198e-03  2.71466043e-01 
 8.00000403e-03  2.71466043e-01 
 8.00000813e-03  2.71466043e-01 
 8.00001632e-03  2.71466043e-01 
 8.00003270e-03  2.71466043e-01 
 8.00006547e-03  2.71466043e-01 
 8.00013101e-03  2.71466043e-01 
 8.00026208e-03  2.71466043e-01 
 8.00052422e-03  2.71466043e-01 
 8.00104851e-03  2.71466043e-01 
 8.00209709e-03  2.71466043e-01 
 8.00419424e-03  2.71466043e-01 
 8.00838854e-03  2.71466043e-01 
 8.01677715e-03  2.71466043e-01 
 8.03355437e-03  2.71466043e-01 
 8.06710880e-03  2.71466043e-01 
 8.10710880e-03  2.71466043e-01 
 8.14710880e-03  2.71466043e-01 
 8.18710880e-03  2.71466043e-01 
 8.22710880e-03  2.71466043e-01 
 8.26710880e-03  2.71466043e-01 
 8.30710880e-03  2.71466043e-01 
 8.34710880e-03  2.71466043e-01 
 8.38710880e-03  2.71466043e-01 
 8.39999920e-03  2.71466043e-01 
 8.39999928e-03  2.71466043e-01 
 8.39999944e-03  2.71466043e-01 
 8.39999976e-03  2.71466043e-01 
 8.40000000e-03  2.71466154e-01 
 8.40000006e-03  2.71466213e-01 
 8.40000019e-03  2.71466332e-01 
 8.40000045e-03  2.71466569e-01 
 8.40000096e-03  2.71467043e-01 
 8.40000198e-03  2.71467991e-01 
 8.40000403e-03  2.71469887e-01 
 8.40000813e-03  2.71473677e-01 
 8.40001632e-03  2.71481256e-01 
 8.40003270e-03  2.71496401e-01 
 8.40006547e-03  2.71526644e-01 
 8.40013101e-03  2.71586946e-01 
 8.40026208e-03  2.71706813e-01 
 8.40052422e-03  2.71943623e-01 
 8.40104851e-03  2.72405791e-01 
 8.40209709e-03  2.73286137e-01 
 8.40419424e-03  2.74884390e-01 
 8.40838854e-03  2.77525266e-01 
 8.41677715e-03  2.81161509e-01 
 8.43355437e-03  2.84681871e-01 
 8.46710880e-03  2.86316840e-01 
 8.50710880e-03  2.86274762e-01 
 8.54710880e-03  2.86279437e-01 
 8.58710880e-03  2.86278918e-01 
 8.62710880e-03  2.86278975e-01 
 8.66710880e-03  2.86278969e-01 
 8.70710880e-03  2.86278970e-01 
 8.74710880e-03  2.86278970e-01 
 8.78710880e-03  2.86278970e-01 
 8.79999920e-03  2.86278970e-01 
 8.79999928e-03  2.86278970e-01 
 8.79999944e-03  2.86278970e-01 
 8.79999976e-03  2.86278970e-01 
 8.80000000e-03  2.86278970e-01 
 8.80000006e-03  2.86278970e-01 
 8.80000019e-03  2.86278970e-01 
 8.80000045e-03  2.86278970e-01 
 8.80000096e-03  2.86278970e-01 
 8.80000198e-03  2.86278970e-01 
 8.80000403e-03  2.86278970e-01 
 8.80000813e-03  2.86278970e-01 
 8.80001632e-03  2.86278970e-01 
 8.80003270e-03  2.86278970e-01 
 8.80006547e-03  2.86278970e-01 
 8.80013101e-03  2.86278970e-01 
 8.80026208e-03  2.86278970e-01 
 8.80052422e-03  2.86278970e-01 
 8.80104851e-03  2.86278970e-01 
 8.80209709e-03  2.86278970e-01 
 8.80419424e-03  2.86278970e-01 
 8.80838854e-03  2.86278970e-01 
 8.81677715e-03  2.86278970e-01 
 8.83355437e-03  2.86278970e-01 
 8.86710880e-03  2.86278970e-01 
 8.90710880e-03  2.86278970e-01 
 8.94710880e-03  2.86278970e-01 
 8.98710880e-03  2.86278970e-01 
 9.02710880e-03  2.86278970e-01 
 9.06710880e-03  2.86278970e-01 
 9.10710880e-03  2.86278970e-01 
 9.14710880e-03  2.86278970e-01 
 9.18710880e-03  2.86278970e-01 
 9.19999920e-03  2.86278970e-01 
 9.19999928e-03  2.86278970e-01 
 9.19999944e-03  2.86278970e-01 
 9.19999976e-03  2.86278970e-01 
 9.20000000e-03  2.86279076e-01 
 9.20000006e-03  2.86279133e-01 
 9.20000019e-03  2.86279246e-01 
 9.20000045e-03  2.86279473e-01 
 9.20000096e-03  2.86279927e-01 
 9.20000198e-03  2.86280835e-01 
 9.20000403e-03  2.86282650e-01 
 9.20000813e-03  2.86286279e-01 
 9.20001632e-03  2.86293536e-01 
 9.20003270e-03  2.86308037e-01 
 9.20006547e-03  2.86336996e-01 
 9.20013101e-03  2.86394735e-01 
 9.20026208e-03  2.86509508e-01 
 9.20052422e-03  2.86736255e-01 
 9.20104851e-03  2.87178784e-01 
 9.20209709e-03  2.88021720e-01 
 9.20419424e-03  2.89552057e-01 
 9.20838854e-03  2.92080711e-01 
 9.21677715e-03  2.95562434e-01 
 9.23355437e-03  2.98933202e-01 
 9.26710880e-03  3.00498694e-01 
 9.30710880e-03  3.00458404e-01 
 9.34710880e-03  3.00462880e-01 
 9.38710880e-03  3.00462383e-01 
 9.42710880e-03  3.00462438e-01 
 9.46710880e-03  3.00462432e-01 
 9.50710880e-03  3.00462433e-01 
 9.54710880e-03  3.00462433e-01 
 9.58710880e-03  3.00462433e-01 
 9.59999920e-03  3.00462433e-01 
 9.59999928e-03  3.00462433e-01 
 9.59999944e-03  3.00462433e-01 
 9.59999976e-03  3.00462433e-01 
 9.60000000e-03  3.00462433e-01 
 9.60000006e-03  3.00462433e-01 
 9.60000019e-03  3.00462433e-01 
 9.60000045e-03  3.00462433e-01 
 9.60000096e-03  3.00462433e-01 
 9.60000198e-03  3.00462433e-01 
 9.60000403e-03  3.00462433e-01 
 9.60000813e-03  3.00462433e-01 
 9.60001632e-03  3.00462433e-01 
 9.60003270e-03  3.00462433e-01 
 9.60006547e-03  3.00462433e-01 
 9.60013101e-03  3.00462433e-01 
 9.60026208e-03  3.00462433e-01 
 9.60052422e-03  3.00462433e-01 
 9.60104851e-03  3.00462433e-01 
 9.60209709e-03  3.00462433e-01 
 9.60419424e-03  3.00462433e-01 
 9.60838854e-03  3.00462433e-01 
 9.61677715e-03  3.00462433e-01 
 9.63355437e-03  3.00462433e-01 
 9.66710880e-03  3.00462433e-01 
 9.70710880e-03  3.00462433e-01 
 9.74710880e-03  3.00462433e-01 
 9.78710880e-03  3.00462433e-01 
 9.82710880e-03  3.00462433e-01 
 9.86710880e-03  3.00462433e-01 
 9.90710880e-03  3.00462433e-01 
 9.94710880e-03  3.00462433e-01 
 9.98710880e-03  3.00462433e-01 
 9.99999920e-03  3.00462433e-01 
 9.99999928e-03  3.00462433e-01 
 9.99999944e-03  3.00462433e-01 
 9.99999976e-03  3.00462433e-01 
 1.00000000e-02  3.00462535e-01 
 1.00000001e-02  3.00462589e-01 
 1.00000002e-02  3.00462698e-01 
 1.00000004e-02  3.00462916e-01 
 1.00000010e-02  3.00463352e-01 
 1.00000020e-02  3.00464224e-01 
 1.00000040e-02  3.00465967e-01 
 1.00000081e-02  3.00469452e-01 
 1.00000163e-02  3.00476420e-01 
 1.00000327e-02  3.00490346e-01 
 1.00000655e-02  3.00518154e-01 
 1.00001310e-02  3.00573600e-01 
 1.00002621e-02  3.00683814e-01 
 1.00005242e-02  3.00901556e-01 
 1.00010485e-02  3.01326509e-01 
 1.00020971e-02  3.02135966e-01 
 1.00041942e-02  3.03605522e-01 
 1.00083885e-02  3.06033744e-01 
 1.00167772e-02  3.09377183e-01 
 1.00335544e-02  3.12614073e-01 
 1.00671088e-02  3.14117388e-01 
 1.01071088e-02  3.14078698e-01 
 1.01471088e-02  3.14082997e-01 
 1.01871088e-02  3.14082519e-01 
 1.02271088e-02  3.14082572e-01 
 1.02671088e-02  3.14082566e-01 
 1.03071088e-02  3.14082567e-01 
 1.03471088e-02  3.14082567e-01 
 1.03871088e-02  3.14082567e-01 
 1.03999992e-02  3.14082567e-01 
 1.03999993e-02  3.14082567e-01 
 1.03999994e-02  3.14082567e-01 
 1.03999998e-02  3.14082567e-01 
 1.04000000e-02  3.14082567e-01 
 1.04000001e-02  3.14082567e-01 
 1.04000002e-02  3.14082567e-01 
 1.04000004e-02  3.14082567e-01 
 1.04000010e-02  3.14082567e-01 
 1.04000020e-02  3.14082567e-01 
 1.04000040e-02  3.14082567e-01 
 1.04000081e-02  3.14082567e-01 
 1.04000163e-02  3.14082567e-01 
 1.04000327e-02  3.14082567e-01 
 1.04000655e-02  3.14082567e-01 
 1.04001310e-02  3.14082567e-01 
 1.04002621e-02  3.14082567e-01 
 1.04005242e-02  3.14082567e-01 
 1.04010485e-02  3.14082567e-01 
 1.04020971e-02  3.14082567e-01 
 1.04041942e-02  3.14082567e-01 
 1.04083885e-02  3.14082567e-01 
 1.04167772e-02  3.14082567e-01 
 1.04335544e-02  3.14082567e-01 
 1.04671088e-02  3.14082567e-01 
 1.05071088e-02  3.14082567e-01 
 1.05471088e-02  3.14082567e-01 
 1.05871088e-02  3.14082567e-01 
 1.06271088e-02  3.14082567e-01 
 1.06671088e-02  3.14082567e-01 
 1.07071088e-02  3.14082567e-01 
 1.07471088e-02  3.14082567e-01 
 1.07871088e-02  3.14082567e-01 
 1.07999992e-02  3.14082567e-01 
 1.07999993e-02  3.14082567e-01 
 1.07999994e-02  3.14082567e-01 
 1.07999998e-02  3.14082567e-01 
 1.08000000e-02  3.14082665e-01 
 1.08000001e-02  3.14082718e-01 
 1.08000002e-02  3.14082823e-01 
 1.08000004e-02  3.14083032e-01 
 1.08000010e-02  3.14083452e-01 
 1.08000020e-02  3.14084291e-01 
 1.08000040e-02  3.14085969e-01 
 1.08000081e-02  3.14089323e-01 
 1.08000163e-02  3.14096031e-01 
 1.08000327e-02  3.14109435e-01 
 1.08000655e-02  3.14136202e-01 
 1.08001310e-02  3.14189573e-01 
 1.08002621e-02  3.14295662e-01 
 1.08005242e-02  3.14505252e-01 
 1.08010485e-02  3.14914298e-01 
 1.08020971e-02  3.15693453e-01 
 1.08041942e-02  3.17107999e-01 
 1.08083885e-02  3.19445324e-01 
 1.08167772e-02  3.22663606e-01 
 1.08335544e-02  3.25779328e-01 
 1.08671088e-02  3.27226368e-01 
 1.09071088e-02  3.27189127e-01 
 1.09471088e-02  3.27193265e-01 
 1.09871088e-02  3.27192805e-01 
 1.10271088e-02  3.27192856e-01 
 1.10671088e-02  3.27192850e-01 
 1.11071088e-02  3.27192851e-01 
 1.11471088e-02  3.27192851e-01 
 1.11871088e-02  3.27192851e-01 
 1.11999992e-02  3.27192851e-01 
 1.11999993e-02  3.27192851e-01 
 1.11999994e-02  3.27192851e-01 
 1.11999998e-02  3.27192851e-01 
 1.12000000e-02  3.27192851e-01 
 1.12000001e-02  3.27192851e-01 
 1.12000002e-02  3.27192851e-01 
 1.12000004e-02  3.27192851e-01 
 1.12000010e-02  3.27192851e-01 
 1.12000020e-02  3.27192851e-01 
 1.12000040e-02  3.27192851e-01 
 1.12000081e-02  3.27192851e-01 
 1.12000163e-02  3.27192851e-01 
 1.12000327e-02  3.27192851e-01 
 1.12000655e-02  3.27192851e-01 
 1.12001310e-02  3.27192851e-01 
 1.12002621e-02  3.27192851e-01 
 1.12005242e-02  3.27192851e-01 
 1.12010485e-02  3.27192851e-01 
 1.12020971e-02  3.27192851e-01 
 1.12041942e-02  3.27192851e-01 
 1.12083885e-02  3.27192851e-01 
 1.12167772e-02  3.27192851e-01 
 1.12335544e-02  3.27192851e-01 
 1.12671088e-02  3.27192851e-01 
 1.13071088e-02  3.27192851e-01 
 1.13471088e-02  3.27192851e-01 
 1.13871088e-02  3.27192851e-01 
 1.14271088e-02  3.27192851e-01 
 1.14671088e-02  3.27192851e-01 
 1.15071088e-02  3.27192851e-01 
 1.15471088e-02  3.27192851e-01 
 1.15871088e-02  3.27192851e-01 
 1.15999992e-02  3.27192851e-01 
 1.15999993e-02  3.27192851e-01 
 1.15999994e-02  3.27192851e-01 
 1.15999998e-02  3.27192851e-01 
 1.16000000e-02  3.27192946e-01 
 1.16000001e-02  3.27192996e-01 
 1.16000002e-02  3.27193097e-01 
 1.16000004e-02  3.27193300e-01 
 1.16000010e-02  3.27193704e-01 
 1.16000020e-02  3.27194514e-01 
 1.16000040e-02  3.27196132e-01 
 1.16000081e-02  3.27199368e-01 
 1.16000163e-02  3.27205837e-01 
 1.16000327e-02  3.27218765e-01 
 1.16000655e-02  3.27244582e-01 
 1.16001310e-02  3.27296058e-01 
 1.16002621e-02  3.27398380e-01 
 1.16005242e-02  3.27600530e-01 
 1.16010485e-02  3.27995054e-01 
 1.16020971e-02  3.28746549e-01 
 1.16041942e-02  3.30110876e-01 
 1.16083885e-02  3.32365224e-01 
 1.16167772e-02  3.35469253e-01 
 1.16335544e-02  3.38474363e-01 
 1.16671088e-02  3.39870032e-01 
 1.17071088e-02  3.39834112e-01 
 1.17471088e-02  3.39838103e-01 
 1.17871088e-02  3.39837660e-01 
 1.18271088e-02  3.39837709e-01 
 1.18671088e-02  3.39837704e-01 
 1.19071088e-02  3.39837704e-01 
 1.19471088e-02  3.39837704e-01 
 1.19871088e-02  3.39837704e-01 
 1.19999992e-02  3.39837704e-01 
 1.19999993e-02  3.39837704e-01 
 1.19999994e-02  3.39837704e-01 
 1.19999998e-02  3.39837704e-01 
 1.20000000e-02  3.39837704e-01 
 1.20000001e-02  3.39837704e-01 
 1.20000002e-02  3.39837704e-01 
 1.20000004e-02  3.39837704e-01 
 1.20000010e-02  3.39837704e-01 
 1.20000020e-02  3.39837704e-01 
 1.20000040e-02  3.39837704e-01 
 1.20000081e-02  3.39837704e-01 
 1.20000163e-02  3.39837704e-01 
 1.20000327e-02  3.39837704e-01 
 1.20000655e-02  3.39837704e-01 
 1.20001310e-02  3.39837704e-01 
 1.20002621e-02  3.39837704e-01 
 1.20005242e-02  3.39837704e-01 
 1.20010485e-02  3.39837704e-01 
 1.20020971e-02  3.39837704e-01 
 1.20041942e-02  3.39837704e-01 
 1.20083885e-02  3.39837704e-01 
 1.20167772e-02  3.39837704e-01 
 1.20335544e-02  3.39837704e-01 
 1.20671088e-02  3.39837704e-01 
 1.21071088e-02  3.39837704e-01 
 1.21471088e-02  3.39837704e-01 
 1.21871088e-02  3.39837704e-01 
 1.22271088e-02  3.39837704e-01 
 1.22671088e-02  3.39837704e-01 
 1.23071088e-02  3.39837704e-01 
 1.23471088e-02  3.39837704e-01 
 1.23871088e-02  3.39837704e-01 
 1.23999992e-02  3.39837704e-01 
 1.23999993e-02  3.39837704e-01 
 1.23999994e-02  3.39837704e-01 
 1.23999998e-02  3.39837704e-01 
 1.24000000e-02  3.39837796e-01 
 1.24000001e-02  3.39837845e-01 
 1.24000002e-02  3.39837942e-01 
 1.24000004e-02  3.39838138e-01 
 1.24000010e-02  3.39838529e-01 
 1.24000020e-02  3.39839311e-01 
 1.24000040e-02  3.39840874e-01 
 1.24000081e-02  3.39844001e-01 
 1.24000163e-02  3.39850251e-01 
 1.24000327e-02  3.39862742e-01 
 1.24000655e-02  3.39887686e-01 
 1.24001310e-02  3.39937420e-01 
 1.24002621e-02  3.40036280e-01 
 1.24005242e-02  3.40231591e-01 
 1.24010485e-02  3.40612767e-01 
 1.24020971e-02  3.41338836e-01 
 1.24041942e-02  3.42657005e-01 
 1.24083885e-02  3.44835081e-01 
 1.24167772e-02  3.47834092e-01 
 1.24335544e-02  3.50737531e-01 
 1.24671088e-02  3.52085980e-01 
 1.25071088e-02  3.52051276e-01 
 1.25471088e-02  3.52055132e-01 
 1.25871088e-02  3.52054704e-01 
 1.26271088e-02  3.52054751e-01 
 1.26671088e-02  3.52054746e-01 
 1.27071088e-02  3.52054747e-01 
 1.27471088e-02  3.52054746e-01 
 1.27871088e-02  3.52054746e-01 
 1.27999992e-02  3.52054746e-01 
 1.27999993e-02  3.52054746e-01 
 1.27999994e-02  3.52054746e-01 
 1.27999998e-02  3.52054746e-01 
 1.28000000e-02  3.52054746e-01 
 1.28000001e-02  3.52054746e-01 
 1.28000002e-02  3.52054746e-01 
 1.28000004e-02  3.52054746e-01 
 1.28000010e-02  3.52054746e-01 
 1.28000020e-02  3.52054746e-01 
 1.28000040e-02  3.52054746e-01 
 1.28000081e-02  3.52054746e-01 
 1.28000163e-02  3.52054746e-01 
 1.28000327e-02  3.52054746e-01 
 1.28000655e-02  3.52054746e-01 
 1.28001310e-02  3.52054746e-01 
 1.28002621e-02  3.52054746e-01 
 1.28005242e-02  3.52054746e-01 
 1.28010485e-02  3.52054746e-01 
 1.28020971e-02  3.52054746e-01 
 1.28041942e-02  3.52054746e-01 
 1.28083885e-02  3.52054746e-01 
 1.28167772e-02  3.52054746e-01 
 1.28335544e-02  3.52054746e-01 
 1.28671088e-02  3.52054746e-01 
 1.29071088e-02  3.52054746e-01 
 1.29471088e-02  3.52054746e-01 
 1.29871088e-02  3.52054746e-01 
 1.30271088e-02  3.52054746e-01 
 1.30671088e-02  3.52054746e-01 
 1.31071088e-02  3.52054746e-01 
 1.31471088e-02  3.52054746e-01 
 1.31871088e-02  3.52054746e-01 
 1.31999992e-02  3.52054746e-01 
 1.31999993e-02  3.52054746e-01 
 1.31999994e-02  3.52054746e-01 
 1.31999998e-02  3.52054746e-01 
 1.32000000e-02  3.52054835e-01 
 1.32000001e-02  3.52054882e-01 
 1.32000002e-02  3.52054977e-01 
 1.32000004e-02  3.52055166e-01 
 1.32000010e-02  3.52055544e-01 
 1.32000020e-02  3.52056301e-01 
 1.32000040e-02  3.52057814e-01 
 1.32000081e-02  3.52060839e-01 
 1.32000163e-02  3.52066887e-01 
 1.32000327e-02  3.52078974e-01 
 1.32000655e-02  3.52103110e-01 
 1.32001310e-02  3.52151234e-01 
 1.32002621e-02  3.52246894e-01 
 1.32005242e-02  3.52435882e-01 
 1.32010485e-02  3.52804719e-01 
 1.32020971e-02  3.53507284e-01 
 1.32041942e-02  3.54782781e-01 
 1.32083885e-02  3.56890349e-01 
 1.32167772e-02  3.59792276e-01 
 1.32335544e-02  3.62601725e-01 
 1.32671088e-02  3.63906522e-01 
 1.33071088e-02  3.63872941e-01 
 1.33471088e-02  3.63876673e-01 
 1.33871088e-02  3.63876258e-01 
 1.34271088e-02  3.63876304e-01 
 1.34671088e-02  3.63876299e-01 
 1.35071088e-02  3.63876300e-01 
 1.35471088e-02  3.63876299e-01 
 1.35871088e-02  3.63876299e-01 
 1.35999992e-02  3.63876299e-01 
 1.35999993e-02  3.63876299e-01 
 1.35999994e-02  3.63876299e-01 
 1.35999998e-02  3.63876299e-01 
 1.36000000e-02  3.63876299e-01 
 1.36000001e-02  3.63876299e-01 
 1.36000002e-02  3.63876299e-01 
 1.36000004e-02  3.63876299e-01 
 1.36000010e-02  3.63876299e-01 
 1.36000020e-02  3.63876299e-01 
 1.36000040e-02  3.63876299e-01 
 1.36000081e-02  3.63876299e-01 
 1.36000163e-02  3.63876299e-01 
 1.36000327e-02  3.63876299e-01 
 1.36000655e-02  3.63876299e-01 
 1.36001310e-02  3.63876299e-01 
 1.36002621e-02  3.63876299e-01 
 1.36005242e-02  3.63876299e-01 
 1.36010485e-02  3.63876299e-01 
 1.36020971e-02  3.63876299e-01 
 1.36041942e-02  3.63876299e-01 
 1.36083885e-02  3.63876299e-01 
 1.36167772e-02  3.63876299e-01 
 1.36335544e-02  3.63876299e-01 
 1.36671088e-02  3.63876299e-01 
 1.37071088e-02  3.63876299e-01 
 1.37471088e-02  3.63876299e-01 
 1.37871088e-02  3.63876299e-01 
 1.38271088e-02  3.63876299e-01 
 1.38671088e-02  3.63876299e-01 
 1.39071088e-02  3.63876299e-01 
 1.39471088e-02  3.63876299e-01 
 1.39871088e-02  3.63876299e-01 
 1.39999992e-02  3.63876299e-01 
 1.39999993e-02  3.63876299e-01 
 1.39999994e-02  3.63876299e-01 
 1.39999998e-02  3.63876299e-01 
 1.40000000e-02  3.63876385e-01 
 1.40000001e-02  3.63876431e-01 
 1.40000002e-02  3.63876523e-01 
 1.40000004e-02  3.63876706e-01 
 1.40000010e-02  3.63877073e-01 
 1.40000020e-02  3.63877806e-01 
 1.40000040e-02  3.63879271e-01 
 1.40000081e-02  3.63882203e-01 
 1.40000163e-02  3.63888063e-01 
 1.40000327e-02  3.63899774e-01 
 1.40000655e-02  3.63923160e-01 
 1.40001310e-02  3.63969788e-01 
 1.40002621e-02  3.64062475e-01 
 1.40005242e-02  3.64245589e-01 
 1.40010485e-02  3.64602963e-01 
 1.40020971e-02  3.65283693e-01 
 1.40041942e-02  3.66519547e-01 
 1.40083885e-02  3.68561613e-01 
 1.40167772e-02  3.71373349e-01 
 1.40335544e-02  3.74095480e-01 
 1.40671088e-02  3.75359725e-01 
 1.41071088e-02  3.75327188e-01 
 1.41471088e-02  3.75330803e-01 
 1.41871088e-02  3.75330402e-01 
 1.42271088e-02  3.75330446e-01 
 1.42671088e-02  3.75330441e-01 
 1.43071088e-02  3.75330442e-01 
 1.43471088e-02  3.75330442e-01 
 1.43871088e-02  3.75330442e-01 
 1.43999992e-02  3.75330442e-01 
 1.43999993e-02  3.75330442e-01 
 1.43999994e-02  3.75330442e-01 
 1.43999998e-02  3.75330442e-01 
 1.44000000e-02  3.75330442e-01 
 1.44000001e-02  3.75330442e-01 
 1.44000002e-02  3.75330442e-01 
 1.44000004e-02  3.75330442e-01 
 1.44000010e-02  3.75330442e-01 
 1.44000020e-02  3.75330442e-01 
 1.44000040e-02  3.75330442e-01 
 1.44000081e-02  3.75330442e-01 
 1.44000163e-02  3.75330442e-01 
 1.44000327e-02  3.75330442e-01 
 1.44000655e-02  3.75330442e-01 
 1.44001310e-02  3.75330442e-01 
 1.44002621e-02  3.75330442e-01 
 1.44005242e-02  3.75330442e-01 
 1.44010485e-02  3.75330442e-01 
 1.44020971e-02  3.75330442e-01 
 1.44041942e-02  3.75330442e-01 
 1.44083885e-02  3.75330442e-01 
 1.44167772e-02  3.75330442e-01 
 1.44335544e-02  3.75330442e-01 
 1.44671088e-02  3.75330442e-01 
 1.45071088e-02  3.75330442e-01 
 1.45471088e-02  3.75330442e-01 
 1.45871088e-02  3.75330442e-01 
 1.46271088e-02  3.75330442e-01 
 1.46671088e-02  3.75330442e-01 
 1.47071088e-02  3.75330442e-01 
 1.47471088e-02  3.75330442e-01 
 1.47871088e-02  3.75330442e-01 
 1.47999992e-02  3.75330442e-01 
 1.47999993e-02  3.75330442e-01 
 1.47999994e-02  3.75330442e-01 
 1.47999998e-02  3.75330442e-01 
 1.48000000e-02  3.75330525e-01 
 1.48000001e-02  3.75330569e-01 
 1.48000002e-02  3.75330658e-01 
 1.48000004e-02  3.75330836e-01 
 1.48000010e-02  3.75331192e-01 
 1.48000020e-02  3.75331903e-01 
 1.48000040e-02  3.75333325e-01 
 1.48000081e-02  3.75336168e-01 
 1.48000163e-02  3.75341853e-01 
 1.48000327e-02  3.75353213e-01 
 1.48000655e-02  3.75375899e-01 
 1.48001310e-02  3.75421133e-01 
 1.48002621e-02  3.75511046e-01 
 1.48005242e-02  3.75688680e-01 
 1.48010485e-02  3.76035357e-01 
 1.48020971e-02  3.76695714e-01 
 1.48041942e-02  3.77894582e-01 
 1.48083885e-02  3.79875532e-01 
 1.48167772e-02  3.82603119e-01 
 1.48335544e-02  3.85243782e-01 
 1.48671088e-02  3.86470190e-01 
 1.49071088e-02  3.86438627e-01 
 1.49471088e-02  3.86442134e-01 
 1.49871088e-02  3.86441744e-01 
 1.50271088e-02  3.86441788e-01 
 1.50671088e-02  3.86441783e-01 
 1.51071088e-02  3.86441783e-01 
 1.51471088e-02  3.86441783e-01 
 1.51871088e-02  3.86441783e-01 
 1.51999992e-02  3.86441783e-01 
 1.51999993e-02  3.86441783e-01 
 1.51999994e-02  3.86441783e-01 
 1.51999998e-02  3.86441783e-01 
 1.52000000e-02  3.86441783e-01 
 1.52000001e-02  3.86441783e-01 
 1.52000002e-02  3.86441783e-01 
 1.52000004e-02  3.86441783e-01 
 1.52000010e-02  3.86441783e-01 
 1.52000020e-02  3.86441783e-01 
 1.52000040e-02  3.86441783e-01 
 1.52000081e-02  3.86441783e-01 
 1.52000163e-02  3.86441783e-01 
 1.52000327e-02  3.86441783e-01 
 1.52000655e-02  3.86441783e-01 
 1.52001310e-02  3.86441783e-01 
 1.52002621e-02  3.86441783e-01 
 1.52005242e-02  3.86441783e-01 
 1.52010485e-02  3.86441783e-01 
 1.52020971e-02  3.86441783e-01 
 1.52041942e-02  3.86441783e-01 
 1.52083885e-02  3.86441783e-01 
 1.52167772e-02  3.86441783e-01 
 1.52335544e-02  3.86441783e-01 
 1.52671088e-02  3.86441783e-01 
 1.53071088e-02  3.86441783e-01 
 1.53471088e-02  3.86441783e-01 
 1.53871088e-02  3.86441783e-01 
 1.54271088e-02  3.86441783e-01 
 1.54671088e-02  3.86441783e-01 
 1.55071088e-02  3.86441783e-01 
 1.55471088e-02  3.86441783e-01 
 1.55871088e-02  3.86441783e-01 
 1.55999992e-02  3.86441783e-01 
 1.55999993e-02  3.86441783e-01 
 1.55999994e-02  3.86441783e-01 
 1.55999998e-02  3.86441783e-01 
 1.56000000e-02  3.86441864e-01 
 1.56000001e-02  3.86441907e-01 
 1.56000002e-02  3.86441994e-01 
 1.56000004e-02  3.86442166e-01 
 1.56000010e-02  3.86442512e-01 
 1.56000020e-02  3.86443202e-01 
 1.56000040e-02  3.86444583e-01 
 1.56000081e-02  3.86447344e-01 
 1.56000163e-02  3.86452865e-01 
 1.56000327e-02  3.86463897e-01 
 1.56000655e-02  3.86485927e-01 
 1.56001310e-02  3.86529854e-01 
 1.56002621e-02  3.86617169e-01 
 1.56005242e-02  3.86789670e-01 
 1.56010485e-02  3.87126330e-01 
 1.56020971e-02  3.87767606e-01 
 1.56041942e-02  3.88931832e-01 
 1.56083885e-02  3.90855542e-01 
 1.56167772e-02  3.93504314e-01 
 1.56335544e-02  3.96068675e-01 
 1.56671088e-02  3.97259645e-01 
 1.57071088e-02  3.97228994e-01 
 1.57471088e-02  3.97232400e-01 
 1.57871088e-02  3.97232021e-01 
 1.58271088e-02  3.97232063e-01 
 1.58671088e-02  3.97232059e-01 
 1.59071088e-02  3.97232059e-01 
 1.59471088e-02  3.97232059e-01 
 1.59871088e-02  3.97232059e-01 
 1.59999992e-02  3.97232059e-01 
 1.59999993e-02  3.97232059e-01 
 1.59999994e-02  3.97232059e-01 
 1.59999998e-02  3.97232059e-01 
 1.60000000e-02  3.97232059e-01 
 1.60000001e-02  3.97232059e-01 
 1.60000002e-02  3.97232059e-01 
 1.60000004e-02  3.97232059e-01 
 1.60000010e-02  3.97232059e-01 
 1.60000020e-02  3.97232059e-01 
 1.60000040e-02  3.97232059e-01 
 1.60000081e-02  3.97232059e-01 
 1.60000163e-02  3.97232059e-01 
 1.60000327e-02  3.97232059e-01 
 1.60000655e-02  3.97232059e-01 
 1.60001310e-02  3.97232059e-01 
 1.60002621e-02  3.97232059e-01 
 1.60005242e-02  3.97232059e-01 
 1.60010485e-02  3.97232059e-01 
 1.60020971e-02  3.97232059e-01 
 1.60041942e-02  3.97232059e-01 
 1.60083885e-02  3.97232059e-01 
 1.60167772e-02  3.97232059e-01 
 1.60335544e-02  3.97232059e-01 
 1.60671088e-02  3.97232059e-01 
 1.61071088e-02  3.97232059e-01 
 1.61471088e-02  3.97232059e-01 
 1.61871088e-02  3.97232059e-01 
 1.62271088e-02  3.97232059e-01 
 1.62671088e-02  3.97232059e-01 
 1.63071088e-02  3.97232059e-01 
 1.63471088e-02  3.97232059e-01 
 1.63871088e-02  3.97232059e-01 
 1.63999992e-02  3.97232059e-01 
 1.63999993e-02  3.97232059e-01 
 1.63999994e-02  3.97232059e-01 
 1.63999998e-02  3.97232059e-01 
 1.64000000e-02  3.97232138e-01 
 1.64000001e-02  3.97232180e-01 
 1.64000002e-02  3.97232264e-01 
 1.64000004e-02  3.97232431e-01 
 1.64000010e-02  3.97232767e-01 
 1.64000020e-02  3.97233438e-01 
 1.64000040e-02  3.97234780e-01 
 1.64000081e-02  3.97237465e-01 
 1.64000163e-02  3.97242831e-01 
 1.64000327e-02  3.97253554e-01 
 1.64000655e-02  3.97274969e-01 
 1.64001310e-02  3.97317667e-01 
 1.64002621e-02  3.97402540e-01 
 1.64005242e-02  3.97570217e-01 
 1.64010485e-02  3.97897463e-01 
 1.64020971e-02  3.98520806e-01 
 1.64041942e-02  3.99652476e-01 
 1.64083885e-02  4.01522391e-01 
 1.64167772e-02  4.04097093e-01 
 1.64335544e-02  4.06589743e-01 
 1.64671088e-02  4.07747410e-01 
 1.65071088e-02  4.07717615e-01 
 1.65471088e-02  4.07720926e-01 
 1.65871088e-02  4.07720558e-01 
 1.66271088e-02  4.07720599e-01 
 1.66671088e-02  4.07720594e-01 
 1.67071088e-02  4.07720595e-01 
 1.67471088e-02  4.07720595e-01 
 1.67871088e-02  4.07720595e-01 
 1.67999992e-02  4.07720595e-01 
 1.67999993e-02  4.07720595e-01 
 1.67999994e-02  4.07720595e-01 
 1.67999998e-02  4.07720595e-01 
 1.68000000e-02  4.07720595e-01 
 1.68000001e-02  4.07720595e-01 
 1.68000002e-02  4.07720595e-01 
 1.68000004e-02  4.07720595e-01 
 1.68000010e-02  4.07720595e-01 
 1.68000020e-02  4.07720595e-01 
 1.68000040e-02  4.07720595e-01 
 1.68000081e-02  4.07720595e-01 
 1.68000163e-02  4.07720595e-01 
 1.68000327e-02  4.07720595e-01 
 1.68000655e-02  4.07720595e-01 
 1.68001310e-02  4.07720595e-01 
 1.68002621e-02  4.07720595e-01 
 1.68005242e-02  4.07720595e-01 
 1.68010485e-02  4.07720595e-01 
 1.68020971e-02  4.07720595e-01 
 1.68041942e-02  4.07720595e-01 
 1.68083885e-02  4.07720595e-01 
 1.68167772e-02  4.07720595e-01 
 1.68335544e-02  4.07720595e-01 
 1.68671088e-02  4.07720595e-01 
 1.69071088e-02  4.07720595e-01 
 1.69471088e-02  4.07720595e-01 
 1.69871088e-02  4.07720595e-01 
 1.70271088e-02  4.07720595e-01 
 1.70671088e-02  4.07720595e-01 
 1.71071088e-02  4.07720595e-01 
 1.71471088e-02  4.07720595e-01 
 1.71871088e-02  4.07720595e-01 
 1.71999992e-02  4.07720595e-01 
 1.71999993e-02  4.07720595e-01 
 1.71999994e-02  4.07720595e-01 
 1.71999998e-02  4.07720595e-01 
 1.72000000e-02  4.07720671e-01 
 1.72000001e-02  4.07720712e-01 
 1.72000002e-02  4.07720794e-01 
 1.72000004e-02  4.07720957e-01 
 1.72000010e-02  4.07721284e-01 
 1.72000020e-02  4.07721937e-01 
 1.72000040e-02  4.07723242e-01 
 1.72000081e-02  4.07725854e-01 
 1.72000163e-02  4.07731074e-01 
 1.72000327e-02  4.07741507e-01 
 1.72000655e-02  4.07762341e-01 
 1.72001310e-02  4.07803881e-01 
 1.72002621e-02  4.07886452e-01 
 1.72005242e-02  4.08049582e-01 
 1.72010485e-02  4.08367953e-01 
 1.72020971e-02  4.08974391e-01 
 1.72041942e-02  4.10075370e-01 
 1.72083885e-02  4.11894573e-01 
 1.72167772e-02  4.14399449e-01 
 1.72335544e-02  4.16824499e-01 
 1.72671088e-02  4.17950770e-01 
 1.73071088e-02  4.17921783e-01 
 1.73471088e-02  4.17925004e-01 
 1.73871088e-02  4.17924646e-01 
 1.74271088e-02  4.17924686e-01 
 1.74671088e-02  4.17924682e-01 
 1.75071088e-02  4.17924682e-01 
 1.75471088e-02  4.17924682e-01 
 1.75871088e-02  4.17924682e-01 
 1.75999992e-02  4.17924682e-01 
 1.75999993e-02  4.17924682e-01 
 1.75999994e-02  4.17924682e-01 
 1.75999998e-02  4.17924682e-01 
 1.76000000e-02  4.17924682e-01 
 1.76000001e-02  4.17924682e-01 
 1.76000002e-02  4.17924682e-01 
 1.76000004e-02  4.17924682e-01 
 1.76000010e-02  4.17924682e-01 
 1.76000020e-02  4.17924682e-01 
 1.76000040e-02  4.17924682e-01 
 1.76000081e-02  4.17924682e-01 
 1.76000163e-02  4.17924682e-01 
 1.76000327e-02  4.17924682e-01 
 1.76000655e-02  4.17924682e-01 
 1.76001310e-02  4.17924682e-01 
 1.76002621e-02  4.17924682e-01 
 1.76005242e-02  4.17924682e-01 
 1.76010485e-02  4.17924682e-01 
 1.76020971e-02  4.17924682e-01 
 1.76041942e-02  4.17924682e-01 
 1.76083885e-02  4.17924682e-01 
 1.76167772e-02  4.17924682e-01 
 1.76335544e-02  4.17924682e-01 
 1.76671088e-02  4.17924682e-01 
 1.77071088e-02  4.17924682e-01 
 1.77471088e-02  4.17924682e-01 
 1.77871088e-02  4.17924682e-01 
 1.78271088e-02  4.17924682e-01 
 1.78671088e-02  4.17924682e-01 
 1.79071088e-02  4.17924682e-01 
 1.79471088e-02  4.17924682e-01 
 1.79871088e-02  4.17924682e-01 
 1.79999992e-02  4.17924682e-01 
 1.79999993e-02  4.17924682e-01 
 1.79999994e-02  4.17924682e-01 
 1.79999998e-02  4.17924682e-01 
 1.80000000e-02  4.17924757e-01 
 1.80000001e-02  4.17924796e-01 
 1.80000002e-02  4.17924876e-01 
 1.80000004e-02  4.17925035e-01 
 1.80000010e-02  4.17925353e-01 
 1.80000020e-02  4.17925988e-01 
 1.80000040e-02  4.17927260e-01 
 1.80000081e-02  4.17929802e-01 
 1.80000163e-02  4.17934885e-01 
 1.80000327e-02  4.17945043e-01 
 1.80000655e-02  4.17965328e-01 
 1.80001310e-02  4.18005773e-01 
 1.80002621e-02  4.18086169e-01 
 1.80005242e-02  4.18245000e-01 
 1.80010485e-02  4.18554982e-01 
 1.80020971e-02  4.19145440e-01 
 1.80041942e-02  4.20217407e-01 
 1.80083885e-02  4.21988673e-01 
 1.80167772e-02  4.24427543e-01 
 1.80335544e-02  4.26788691e-01 
 1.80671088e-02  4.27885284e-01 
 1.81071088e-02  4.27857061e-01 
 1.81471088e-02  4.27860197e-01 
 1.81871088e-02  4.27859849e-01 
 1.82271088e-02  4.27859888e-01 
 1.82671088e-02  4.27859883e-01 
 1.83071088e-02  4.27859884e-01 
 1.83471088e-02  4.27859884e-01 
 1.83871088e-02  4.27859884e-01 
 1.83999992e-02  4.27859884e-01 
 1.83999993e-02  4.27859884e-01 
 1.83999994e-02  4.27859884e-01 
 1.83999998e-02  4.27859884e-01 
 1.84000000e-02  4.27859884e-01 
 1.84000001e-02  4.27859884e-01 
 1.84000002e-02  4.27859884e-01 
 1.84000004e-02  4.27859884e-01 
 1.84000010e-02  4.27859884e-01 
 1.84000020e-02  4.27859884e-01 
 1.84000040e-02  4.27859884e-01 
 1.84000081e-02  4.27859884e-01 
 1.84000163e-02  4.27859884e-01 
 1.84000327e-02  4.27859884e-01 
 1.84000655e-02  4.27859884e-01 
 1.84001310e-02  4.27859884e-01 
 1.84002621e-02  4.27859884e-01 
 1.84005242e-02  4.27859884e-01 
 1.84010485e-02  4.27859884e-01 
 1.84020971e-02  4.27859884e-01 
 1.84041942e-02  4.27859884e-01 
 1.84083885e-02  4.27859884e-01 
 1.84167772e-02  4.27859884e-01 
 1.84335544e-02  4.27859884e-01 
 1.84671088e-02  4.27859884e-01 
 1.85071088e-02  4.27859884e-01 
 1.85471088e-02  4.27859884e-01 
 1.85871088e-02  4.27859884e-01 
 1.86271088e-02  4.27859884e-01 
 1.86671088e-02  4.27859884e-01 
 1.87071088e-02  4.27859884e-01 
 1.87471088e-02  4.27859884e-01 
 1.87871088e-02  4.27859884e-01 
 1.87999992e-02  4.27859884e-01 
 1.87999993e-02  4.27859884e-01 
 1.87999994e-02  4.27859884e-01 
 1.87999998e-02  4.27859884e-01 
 1.88000000e-02  4.27859956e-01 
 1.88000001e-02  4.27859995e-01 
 1.88000002e-02  4.27860072e-01 
 1.88000004e-02  4.27860227e-01 
 1.88000010e-02  4.27860537e-01 
 1.88000020e-02  4.27861157e-01 
 1.88000040e-02  4.27862395e-01 
 1.88000081e-02  4.27864873e-01 
 1.88000163e-02  4.27869825e-01 
 1.88000327e-02  4.27879723e-01 
 1.88000655e-02  4.27899487e-01 
 1.88001310e-02  4.27938895e-01 
 1.88002621e-02  4.28017229e-01 
 1.88005242e-02  4.28171987e-01 
 1.88010485e-02  4.28474019e-01 
 1.88020971e-02  4.29049334e-01 
 1.88041942e-02  4.30093809e-01 
 1.88083885e-02  4.31819649e-01 
 1.88167772e-02  4.34195971e-01 
 1.88335544e-02  4.36496564e-01 
 1.88671088e-02  4.37565033e-01 
 1.89071088e-02  4.37537535e-01 
 1.89471088e-02  4.37540590e-01 
 1.89871088e-02  4.37540251e-01 
 1.90271088e-02  4.37540288e-01 
 1.90671088e-02  4.37540284e-01 
 1.91071088e-02  4.37540285e-01 
 1.91471088e-02  4.37540285e-01 
 1.91871088e-02  4.37540285e-01 
 1.91999992e-02  4.37540285e-01 
 1.91999993e-02  4.37540285e-01 
 1.91999994e-02  4.37540285e-01 
 1.91999998e-02  4.37540285e-01 
 1.92000000e-02  4.37540285e-01 
 1.92000001e-02  4.37540285e-01 
 1.92000002e-02  4.37540285e-01 
 1.92000004e-02  4.37540285e-01 
 1.92000010e-02  4.37540285e-01 
 1.92000020e-02  4.37540285e-01 
 1.92000040e-02  4.37540285e-01 
 1.92000081e-02  4.37540285e-01 
 1.92000163e-02  4.37540285e-01 
 1.92000327e-02  4.37540285e-01 
 1.92000655e-02  4.37540285e-01 
 1.92001310e-02  4.37540285e-01 
 1.92002621e-02  4.37540285e-01 
 1.92005242e-02  4.37540285e-01 
 1.92010485e-02  4.37540285e-01 
 1.92020971e-02  4.37540285e-01 
 1.92041942e-02  4.37540285e-01 
 1.92083885e-02  4.37540285e-01 
 1.92167772e-02  4.37540285e-01 
 1.92335544e-02  4.37540285e-01 
 1.92671088e-02  4.37540285e-01 
 1.93071088e-02  4.37540285e-01 
 1.93471088e-02  4.37540285e-01 
 1.93871088e-02  4.37540285e-01 
 1.94271088e-02  4.37540285e-01 
 1.94671088e-02  4.37540285e-01 
 1.95071088e-02  4.37540285e-01 
 1.95471088e-02  4.37540285e-01 
 1.95871088e-02  4.37540285e-01 
 1.95999992e-02  4.37540285e-01 
 1.95999993e-02  4.37540285e-01 
 1.95999994e-02  4.37540285e-01 
 1.95999998e-02  4.37540285e-01 
 1.96000000e-02  4.37540355e-01 
 1.96000001e-02  4.37540393e-01 
 1.96000002e-02  4.37540469e-01 
 1.96000004e-02  4.37540620e-01 
 1.96000010e-02  4.37540922e-01 
 1.96000020e-02  4.37541526e-01 
 1.96000040e-02  4.37542734e-01 
 1.96000081e-02  4.37545149e-01 
 1.96000163e-02  4.37549978e-01 
 1.96000327e-02  4.37559628e-01 
 1.96000655e-02  4.37578898e-01 
 1.96001310e-02  4.37617321e-01 
 1.96002621e-02  4.37693697e-01 
 1.96005242e-02  4.37844586e-01 
 1.96010485e-02  4.38139068e-01 
 1.96020971e-02  4.38700002e-01 
 1.96041942e-02  4.39718367e-01 
 1.96083885e-02  4.41401066e-01 
 1.96167772e-02  4.43717986e-01 
 1.96335544e-02  4.45961070e-01 
 1.96671088e-02  4.47002831e-01 
 1.97071088e-02  4.46976019e-01 
 1.97471088e-02  4.46978998e-01 
 1.97871088e-02  4.46978667e-01 
 1.98271088e-02  4.46978704e-01 
 1.98671088e-02  4.46978700e-01 
 1.99071088e-02  4.46978700e-01 
 1.99471088e-02  4.46978700e-01 
 1.99871088e-02  4.46978700e-01 
 1.99999992e-02  4.46978700e-01 
 1.99999993e-02  4.46978700e-01 
 1.99999994e-02  4.46978700e-01 
 1.99999998e-02  4.46978700e-01 
 2.00000000e-02  4.46978700e-01 
 2.00000001e-02  4.46978700e-01 
 2.00000002e-02  4.46978700e-01 
 2.00000004e-02  4.46978700e-01 
 2.00000010e-02  4.46978700e-01 
 2.00000020e-02  4.46978700e-01 
 2.00000040e-02  4.46978700e-01 
 2.00000081e-02  4.46978700e-01 
 2.00000163e-02  4.46978700e-01 
 2.00000327e-02  4.46978700e-01 
 2.00000655e-02  4.46978700e-01 
 2.00001310e-02  4.46978700e-01 
 2.00002621e-02  4.46978700e-01 
 2.00005242e-02  4.46978700e-01 
 2.00010485e-02  4.46978700e-01 
 2.00020971e-02  4.46978700e-01 
 2.00041942e-02  4.46978700e-01 
 2.00083885e-02  4.46978700e-01 
 2.00167772e-02  4.46978700e-01 
 2.00335544e-02  4.46978700e-01 
 2.00671088e-02  4.46978700e-01 
 2.01071088e-02  4.46978700e-01 
 2.01471088e-02  4.46978700e-01 
 2.01871088e-02  4.46978700e-01 
 2.02271088e-02  4.46978700e-01 
 2.02671088e-02  4.46978700e-01 
 2.03071088e-02  4.46978700e-01 
 2.03471088e-02  4.46978700e-01 
 2.03871088e-02  4.46978700e-01 
 2.03999992e-02  4.46978700e-01 
 2.03999993e-02  4.46978700e-01 
 2.03999994e-02  4.46978700e-01 
 2.03999998e-02  4.46978700e-01 
 2.04000000e-02  4.46978769e-01 
 2.04000001e-02  4.46978806e-01 
 2.04000002e-02  4.46978880e-01 
 2.04000004e-02  4.46979027e-01 
 2.04000010e-02  4.46979322e-01 
 2.04000020e-02  4.46979911e-01 
 2.04000040e-02  4.46981090e-01 
 2.04000081e-02  4.46983446e-01 
 2.04000163e-02  4.46988157e-01 
 2.04000327e-02  4.46997572e-01 
 2.04000655e-02  4.47016372e-01 
 2.04001310e-02  4.47053857e-01 
 2.04002621e-02  4.47128370e-01 
 2.04005242e-02  4.47275578e-01 
 2.04010485e-02  4.47562875e-01 
 2.04020971e-02  4.48110124e-01 
 2.04041942e-02  4.49103645e-01 
 2.04083885e-02  4.50745291e-01 
 2.04167772e-02  4.53005685e-01 
 2.04335544e-02  4.55194046e-01 
 2.04671088e-02  4.56210390e-01 
 2.05071088e-02  4.56184233e-01 
 2.05471088e-02  4.56187139e-01 
 2.05871088e-02  4.56186817e-01 
 2.06271088e-02  4.56186852e-01 
 2.06671088e-02  4.56186848e-01 
 2.07071088e-02  4.56186849e-01 
 2.07471088e-02  4.56186849e-01 
 2.07871088e-02  4.56186849e-01 
 2.07999992e-02  4.56186849e-01 
 2.07999993e-02  4.56186849e-01 
 2.07999994e-02  4.56186849e-01 
 2.07999998e-02  4.56186849e-01 
 2.08000000e-02  4.56186849e-01 
 2.08000001e-02  4.56186849e-01 
 2.08000002e-02  4.56186849e-01 
 2.08000004e-02  4.56186849e-01 
 2.08000010e-02  4.56186849e-01 
 2.08000020e-02  4.56186849e-01 
 2.08000040e-02  4.56186849e-01 
 2.08000081e-02  4.56186849e-01 
 2.08000163e-02  4.56186849e-01 
 2.08000327e-02  4.56186849e-01 
 2.08000655e-02  4.56186849e-01 
 2.08001310e-02  4.56186849e-01 
 2.08002621e-02  4.56186849e-01 
 2.08005242e-02  4.56186849e-01 
 2.08010485e-02  4.56186849e-01 
 2.08020971e-02  4.56186849e-01 
 2.08041942e-02  4.56186849e-01 
 2.08083885e-02  4.56186849e-01 
 2.08167772e-02  4.56186849e-01 
 2.08335544e-02  4.56186849e-01 
 2.08671088e-02  4.56186849e-01 
 2.09071088e-02  4.56186849e-01 
 2.09471088e-02  4.56186849e-01 
 2.09871088e-02  4.56186849e-01 
 2.10271088e-02  4.56186849e-01 
 2.10671088e-02  4.56186849e-01 
 2.11071088e-02  4.56186849e-01 
 2.11471088e-02  4.56186849e-01 
 2.11871088e-02  4.56186849e-01 
 2.11999992e-02  4.56186849e-01 
 2.11999993e-02  4.56186849e-01 
 2.11999994e-02  4.56186849e-01 
 2.11999998e-02  4.56186849e-01 
 2.12000000e-02  4.56186916e-01 
 2.12000001e-02  4.56186952e-01 
 2.12000002e-02  4.56187024e-01 
 2.12000004e-02  4.56187168e-01 
 2.12000010e-02  4.56187456e-01 
 2.12000020e-02  4.56188031e-01 
 2.12000040e-02  4.56189181e-01 
 2.12000081e-02  4.56191481e-01 
 2.12000163e-02  4.56196080e-01 
 2.12000327e-02  4.56205270e-01 
 2.12000655e-02  4.56223622e-01 
 2.12001310e-02  4.56260214e-01 
 2.12002621e-02  4.56332950e-01 
 2.12005242e-02  4.56476649e-01 
 2.12010485e-02  4.56757098e-01 
 2.12020971e-02  4.57291302e-01 
 2.12041942e-02  4.58261139e-01 
 2.12083885e-02  4.59863652e-01 
 2.12167772e-02  4.62070164e-01 
 2.12335544e-02  4.64206358e-01 
 2.12671088e-02  4.65198475e-01 
 2.13071088e-02  4.65172942e-01 
 2.13471088e-02  4.65175779e-01 
 2.13871088e-02  4.65175463e-01 
 2.14271088e-02  4.65175499e-01 
 2.14671088e-02  4.65175495e-01 
 2.15071088e-02  4.65175495e-01 
 2.15471088e-02  4.65175495e-01 
 2.15871088e-02  4.65175495e-01 
 2.15999992e-02  4.65175495e-01 
 2.15999993e-02  4.65175495e-01 
 2.15999994e-02  4.65175495e-01 
 2.15999998e-02  4.65175495e-01 
 2.16000000e-02  4.65175495e-01 
 2.16000001e-02  4.65175495e-01 
 2.16000002e-02  4.65175495e-01 
 2.16000004e-02  4.65175495e-01 
 2.16000010e-02  4.65175495e-01 
 2.16000020e-02  4.65175495e-01 
 2.16000040e-02  4.65175495e-01 
 2.16000081e-02  4.65175495e-01 
 2.16000163e-02  4.65175495e-01 
 2.16000327e-02  4.65175495e-01 
 2.16000655e-02  4.65175495e-01 
 2.16001310e-02  4.65175495e-01 
 2.16002621e-02  4.65175495e-01 
 2.16005242e-02  4.65175495e-01 
 2.16010485e-02  4.65175495e-01 
 2.16020971e-02  4.65175495e-01 
 2.16041942e-02  4.65175495e-01 
 2.16083885e-02  4.65175495e-01 
 2.16167772e-02  4.65175495e-01 
 2.16335544e-02  4.65175495e-01 
 2.16671088e-02  4.65175495e-01 
 2.17071088e-02  4.65175495e-01 
 2.17471088e-02  4.65175495e-01 
 2.17871088e-02  4.65175495e-01 
 2.18271088e-02  4.65175495e-01 
 2.18671088e-02  4.65175495e-01 
 2.19071088e-02  4.65175495e-01 
 2.19471088e-02  4.65175495e-01 
 2.19871088e-02  4.65175495e-01 
 2.19999992e-02  4.65175495e-01 
 2.19999993e-02  4.65175495e-01 
 2.19999994e-02  4.65175495e-01 
 2.19999998e-02  4.65175495e-01 
 2.20000000e-02  4.65175561e-01 
 2.20000001e-02  4.65175596e-01 
 2.20000002e-02  4.65175666e-01 
 2.20000004e-02  4.65175807e-01 
 2.20000010e-02  4.65176088e-01 
 2.20000020e-02  4.65176649e-01 
 2.20000040e-02  4.65177773e-01 
 2.20000081e-02  4.65180019e-01 
 2.20000163e-02  4.65184511e-01 
 2.20000327e-02  4.65193487e-01 
 2.20000655e-02  4.65211411e-01 
 2.20001310e-02  4.65247150e-01 
 2.20002621e-02  4.65318190e-01 
 2.20005242e-02  4.65458539e-01 
 2.20010485e-02  4.65732449e-01 
 2.20020971e-02  4.66254197e-01 
 2.20041942e-02  4.67201423e-01 
 2.20083885e-02  4.68766573e-01 
 2.20167772e-02  4.70921640e-01 
 2.20335544e-02  4.73008030e-01 
 2.20671088e-02  4.73977016e-01 
 2.21071088e-02  4.73952077e-01 
 2.21471088e-02  4.73954848e-01 
 2.21871088e-02  4.73954540e-01 
 2.22271088e-02  4.73954575e-01 
 2.22671088e-02  4.73954571e-01 
 2.23071088e-02  4.73954571e-01 
 2.23471088e-02  4.73954571e-01 
 2.23871088e-02  4.73954571e-01 
 2.23999992e-02  4.73954571e-01 
 2.23999993e-02  4.73954571e-01 
 2.23999994e-02  4.73954571e-01 
 2.23999998e-02  4.73954571e-01 
 2.24000000e-02  4.73954571e-01 
 2.24000001e-02  4.73954571e-01 
 2.24000002e-02  4.73954571e-01 
 2.24000004e-02  4.73954571e-01 
 2.24000010e-02  4.73954571e-01 
 2.24000020e-02  4.73954571e-01 
 2.24000040e-02  4.73954571e-01 
 2.24000081e-02  4.73954571e-01 
 2.24000163e-02  4.73954571e-01 
 2.24000327e-02  4.73954571e-01 
 2.24000655e-02  4.73954571e-01 
 2.24001310e-02  4.73954571e-01 
 2.24002621e-02  4.73954571e-01 
 2.24005242e-02  4.73954571e-01 
 2.24010485e-02  4.73954571e-01 
 2.24020971e-02  4.73954571e-01 
 2.24041942e-02  4.73954571e-01 
 2.24083885e-02  4.73954571e-01 
 2.24167772e-02  4.73954571e-01 
 2.24335544e-02  4.73954571e-01 
 2.24671088e-02  4.73954571e-01 
 2.25071088e-02  4.73954571e-01 
 2.25471088e-02  4.73954571e-01 
 2.25871088e-02  4.73954571e-01 
 2.26271088e-02  4.73954571e-01 
 2.26671088e-02  4.73954571e-01 
 2.27071088e-02  4.73954571e-01 
 2.27471088e-02  4.73954571e-01 
 2.27871088e-02  4.73954571e-01 
 2.27999992e-02  4.73954571e-01 
 2.27999993e-02  4.73954571e-01 
 2.27999994e-02  4.73954571e-01 
 2.27999998e-02  4.73954571e-01 
 2.28000000e-02  4.73954635e-01 
 2.28000001e-02  4.73954670e-01 
 2.28000002e-02  4.73954738e-01 
 2.28000004e-02  4.73954876e-01 
 2.28000010e-02  4.73955150e-01 
 2.28000020e-02  4.73955699e-01 
 2.28000040e-02  4.73956797e-01 
 2.28000081e-02  4.73958992e-01 
 2.28000163e-02  4.73963381e-01 
 2.28000327e-02  4.73972152e-01 
 2.28000655e-02  4.73989668e-01 
 2.28001310e-02  4.74024591e-01 
 2.28002621e-02  4.74094009e-01 
 2.28005242e-02  4.74231155e-01 
 2.28010485e-02  4.74498814e-01 
 2.28020971e-02  4.75008654e-01 
 2.28041942e-02  4.75934261e-01 
 2.28083885e-02  4.77463688e-01 
 2.28167772e-02  4.79569569e-01 
 2.28335544e-02  4.81608340e-01 
 2.28671088e-02  4.82555210e-01 
 2.29071088e-02  4.82530841e-01 
 2.29471088e-02  4.82533548e-01 
 2.29871088e-02  4.82533247e-01 
 2.30271088e-02  4.82533281e-01 
 2.30671088e-02  4.82533277e-01 
 2.31071088e-02  4.82533278e-01 
 2.31471088e-02  4.82533278e-01 
 2.31871088e-02  4.82533278e-01 
 2.31999992e-02  4.82533278e-01 
 2.31999993e-02  4.82533278e-01 
 2.31999994e-02  4.82533278e-01 
 2.31999998e-02  4.82533278e-01 
 2.32000000e-02  4.82533278e-01 
 2.32000001e-02  4.82533278e-01 
 2.32000002e-02  4.82533278e-01 
 2.32000004e-02  4.82533278e-01 
 2.32000010e-02  4.82533278e-01 
 2.32000020e-02  4.82533278e-01 
 2.32000040e-02  4.82533278e-01 
 2.32000081e-02  4.82533278e-01 
 2.32000163e-02  4.82533278e-01 
 2.32000327e-02  4.82533278e-01 
 2.32000655e-02  4.82533278e-01 
 2.32001310e-02  4.82533278e-01 
 2.32002621e-02  4.82533278e-01 
 2.32005242e-02  4.82533278e-01 
 2.32010485e-02  4.82533278e-01 
 2.32020971e-02  4.82533278e-01 
 2.32041942e-02  4.82533278e-01 
 2.32083885e-02  4.82533278e-01 
 2.32167772e-02  4.82533278e-01 
 2.32335544e-02  4.82533278e-01 
 2.32671088e-02  4.82533278e-01 
 2.33071088e-02  4.82533278e-01 
 2.33471088e-02  4.82533278e-01 
 2.33871088e-02  4.82533278e-01 
 2.34271088e-02  4.82533278e-01 
 2.34671088e-02  4.82533278e-01 
 2.35071088e-02  4.82533278e-01 
 2.35471088e-02  4.82533278e-01 
 2.35871088e-02  4.82533278e-01 
 2.35999992e-02  4.82533278e-01 
 2.35999993e-02  4.82533278e-01 
 2.35999994e-02  4.82533278e-01 
 2.35999998e-02  4.82533278e-01 
 2.36000000e-02  4.82533340e-01 
 2.36000001e-02  4.82533374e-01 
 2.36000002e-02  4.82533441e-01 
 2.36000004e-02  4.82533575e-01 
 2.36000010e-02  4.82533844e-01 
 2.36000020e-02  4.82534380e-01 
 2.36000040e-02  4.82535454e-01 
 2.36000081e-02  4.82537600e-01 
 2.36000163e-02  4.82541891e-01 
 2.36000327e-02  4.82550466e-01 
 2.36000655e-02  4.82567589e-01 
 2.36001310e-02  4.82601732e-01 
 2.36002621e-02  4.82669598e-01 
 2.36005242e-02  4.82803677e-01 
 2.36010485e-02  4.83065351e-01 
 2.36020971e-02  4.83563791e-01 
 2.36041942e-02  4.84468702e-01 
 2.36083885e-02  4.85963932e-01 
 2.36167772e-02  4.88022727e-01 
 2.36335544e-02  4.90015911e-01 
 2.36671088e-02  4.90941610e-01 
 2.37071088e-02  4.90917786e-01 
 2.37471088e-02  4.90920433e-01 
 2.37871088e-02  4.90920139e-01 
 2.38271088e-02  4.90920171e-01 
 2.38671088e-02  4.90920168e-01 
 2.39071088e-02  4.90920168e-01 
 2.39471088e-02  4.90920168e-01 
 2.39871088e-02  4.90920168e-01 
 2.39999992e-02  4.90920168e-01 
 2.39999993e-02  4.90920168e-01 
 2.39999994e-02  4.90920168e-01 
 2.39999998e-02  4.90920168e-01 
 2.40000000e-02  4.90920168e-01 
 2.40000001e-02  4.90920168e-01 
 2.40000002e-02  4.90920168e-01 
 2.40000004e-02  4.90920168e-01 
 2.40000010e-02  4.90920168e-01 
 2.40000020e-02  4.90920168e-01 
 2.40000040e-02  4.90920168e-01 
 2.40000081e-02  4.90920168e-01 
 2.40000163e-02  4.90920168e-01 
 2.40000327e-02  4.90920168e-01 
 2.40000655e-02  4.90920168e-01 
 2.40001310e-02  4.90920168e-01 
 2.40002621e-02  4.90920168e-01 
 2.40005242e-02  4.90920168e-01 
 2.40010485e-02  4.90920168e-01 
 2.40020971e-02  4.90920168e-01 
 2.40041942e-02  4.90920168e-01 
 2.40083885e-02  4.90920168e-01 
 2.40167772e-02  4.90920168e-01 
 2.40335544e-02  4.90920168e-01 
 2.40671088e-02  4.90920168e-01 
 2.41071088e-02  4.90920168e-01 
 2.41471088e-02  4.90920168e-01 
 2.41871088e-02  4.90920168e-01 
 2.42271088e-02  4.90920168e-01 
 2.42671088e-02  4.90920168e-01 
 2.43071088e-02  4.90920168e-01 
 2.43471088e-02  4.90920168e-01 
 2.43871088e-02  4.90920168e-01 
 2.43999992e-02  4.90920168e-01 
 2.43999993e-02  4.90920168e-01 
 2.43999994e-02  4.90920168e-01 
 2.43999998e-02  4.90920168e-01 
 2.44000000e-02  4.90920230e-01 
 2.44000001e-02  4.90920263e-01 
 2.44000002e-02  4.90920328e-01 
 2.44000004e-02  4.90920459e-01 
 2.44000010e-02  4.90920722e-01 
 2.44000020e-02  4.90921247e-01 
 2.44000040e-02  4.90922297e-01 
 2.44000081e-02  4.90924396e-01 
 2.44000163e-02  4.90928592e-01 
 2.44000327e-02  4.90936979e-01 
 2.44000655e-02  4.90953728e-01 
 2.44001310e-02  4.90987122e-01 
 2.44002621e-02  4.91053501e-01 
 2.44005242e-02  4.91184641e-01 
 2.44010485e-02  4.91440579e-01 
 2.44020971e-02  4.91928094e-01 
 2.44041942e-02  4.92813169e-01 
 2.44083885e-02  4.94275625e-01 
 2.44167772e-02  4.96289291e-01 
 2.44335544e-02  4.98238786e-01 
 2.44671088e-02  4.99144193e-01 
 2.45071088e-02  4.99120891e-01 
 2.45471088e-02  4.99123481e-01 
 2.45871088e-02  4.99123193e-01 
 2.46271088e-02  4.99123225e-01 
 2.46671088e-02  4.99123221e-01 
 2.47071088e-02  4.99123222e-01 
 2.47471088e-02  4.99123222e-01 
 2.47871088e-02  4.99123222e-01 
 2.47999992e-02  4.99123222e-01 
 2.47999993e-02  4.99123222e-01 
 2.47999994e-02  4.99123222e-01 
 2.47999998e-02  4.99123222e-01 
 2.48000000e-02  4.99123222e-01 
 2.48000001e-02  4.99123222e-01 
 2.48000002e-02  4.99123222e-01 
 2.48000004e-02  4.99123222e-01 
 2.48000010e-02  4.99123222e-01 
 2.48000020e-02  4.99123222e-01 
 2.48000040e-02  4.99123222e-01 
 2.48000081e-02  4.99123222e-01 
 2.48000163e-02  4.99123222e-01 
 2.48000327e-02  4.99123222e-01 
 2.48000655e-02  4.99123222e-01 
 2.48001310e-02  4.99123222e-01 
 2.48002621e-02  4.99123222e-01 
 2.48005242e-02  4.99123222e-01 
 2.48010485e-02  4.99123222e-01 
 2.48020971e-02  4.99123222e-01 
 2.48041942e-02  4.99123222e-01 
 2.48083885e-02  4.99123222e-01 
 2.48167772e-02  4.99123222e-01 
 2.48335544e-02  4.99123222e-01 
 2.48671088e-02  4.99123222e-01 
 2.49071088e-02  4.99123222e-01 
 2.49471088e-02  4.99123222e-01 
 2.49871088e-02  4.99123222e-01 
 2.50271088e-02  4.99123222e-01 
 2.50671088e-02  4.99123222e-01 
 2.51071088e-02  4.99123222e-01 
 2.51471088e-02  4.99123222e-01 
 2.51871088e-02  4.99123222e-01 
 2.51999992e-02  4.99123222e-01 
 2.51999993e-02  4.99123222e-01 
 2.51999994e-02  4.99123222e-01 
 2.51999998e-02  4.99123222e-01 
 2.52000000e-02  4.99123282e-01 
 2.52000001e-02  4.99123314e-01 
 2.52000002e-02  4.99123378e-01 
 2.52000004e-02  4.99123507e-01 
 2.52000010e-02  4.99123763e-01 
 2.52000020e-02  4.99124277e-01 
 2.52000040e-02  4.99125304e-01 
 2.52000081e-02  4.99127358e-01 
 2.52000163e-02  4.99131465e-01 
 2.52000327e-02  4.99139671e-01 
 2.52000655e-02  4.99156060e-01 
 2.52001310e-02  4.99188736e-01 
 2.52002621e-02  4.99253687e-01 
 2.52005242e-02  4.99382008e-01 
 2.52010485e-02  4.99632443e-01 
 2.52020971e-02  5.00109476e-01 
 2.52041942e-02  5.00975521e-01 
 2.52083885e-02  5.02406533e-01 
 2.52167772e-02  5.04376904e-01 
 2.52335544e-02  5.06284483e-01 
 2.52671088e-02  5.07170424e-01 
 2.53071088e-02  5.07147623e-01 
 2.53471088e-02  5.07150156e-01 
 2.53871088e-02  5.07149874e-01 
 2.54271088e-02  5.07149906e-01 
 2.54671088e-02  5.07149902e-01 
 2.55071088e-02  5.07149903e-01 
 2.55471088e-02  5.07149903e-01 
 2.55871088e-02  5.07149903e-01 
 2.55999992e-02  5.07149903e-01 
 2.55999993e-02  5.07149903e-01 
 2.55999994e-02  5.07149903e-01 
 2.55999998e-02  5.07149903e-01 
 2.56000000e-02  5.07149903e-01 
 2.56000001e-02  5.07149903e-01 
 2.56000002e-02  5.07149903e-01 
 2.56000004e-02  5.07149903e-01 
 2.56000010e-02  5.07149903e-01 
 2.56000020e-02  5.07149903e-01 
 2.56000040e-02  5.07149903e-01 
 2.56000081e-02  5.07149903e-01 
 2.56000163e-02  5.07149903e-01 
 2.56000327e-02  5.07149903e-01 
 2.56000655e-02  5.07149903e-01 
 2.56001310e-02  5.07149903e-01 
 2.56002621e-02  5.07149903e-01 
 2.56005242e-02  5.07149903e-01 
 2.56010485e-02  5.07149903e-01 
 2.56020971e-02  5.07149903e-01 
 2.56041942e-02  5.07149903e-01 
 2.56083885e-02  5.07149903e-01 
 2.56167772e-02  5.07149903e-01 
 2.56335544e-02  5.07149903e-01 
 2.56671088e-02  5.07149903e-01 
 2.57071088e-02  5.07149903e-01 
 2.57471088e-02  5.07149903e-01 
 2.57871088e-02  5.07149903e-01 
 2.58271088e-02  5.07149903e-01 
 2.58671088e-02  5.07149903e-01 
 2.59071088e-02  5.07149903e-01 
 2.59471088e-02  5.07149903e-01 
 2.59871088e-02  5.07149903e-01 
 2.59999992e-02  5.07149903e-01 
 2.59999993e-02  5.07149903e-01 
 2.59999994e-02  5.07149903e-01 
 2.59999998e-02  5.07149903e-01 
 2.60000000e-02  5.07149962e-01 
 2.60000001e-02  5.07149993e-01 
 2.60000002e-02  5.07150056e-01 
 2.60000004e-02  5.07150182e-01 
 2.60000010e-02  5.07150433e-01 
 2.60000020e-02  5.07150936e-01 
 2.60000040e-02  5.07151941e-01 
 2.60000081e-02  5.07153952e-01 
 2.60000163e-02  5.07157972e-01 
 2.60000327e-02  5.07166005e-01 
 2.60000655e-02  5.07182048e-01 
 2.60001310e-02  5.07214034e-01 
 2.60002621e-02  5.07277615e-01 
 2.60005242e-02  5.07403228e-01 
 2.60010485e-02  5.07648379e-01 
 2.60020971e-02  5.08115346e-01 
 2.60041942e-02  5.08963117e-01 
 2.60083885e-02  5.10363933e-01 
 2.60167772e-02  5.12292728e-01 
 2.60335544e-02  5.14160055e-01 
 2.60671088e-02  5.15027302e-01 
 2.61071088e-02  5.15004982e-01 
 2.61471088e-02  5.15007462e-01 
 2.61871088e-02  5.15007186e-01 
 2.62271088e-02  5.15007217e-01 
 2.62671088e-02  5.15007213e-01 
 2.63071088e-02  5.15007214e-01 
 2.63471088e-02  5.15007214e-01 
 2.63871088e-02  5.15007214e-01 
 2.63999992e-02  5.15007214e-01 
 2.63999993e-02  5.15007214e-01 
 2.63999994e-02  5.15007214e-01 
 2.63999998e-02  5.15007214e-01 
 2.64000000e-02  5.15007214e-01 
 2.64000001e-02  5.15007214e-01 
 2.64000002e-02  5.15007214e-01 
 2.64000004e-02  5.15007214e-01 
 2.64000010e-02  5.15007214e-01 
 2.64000020e-02  5.15007214e-01 
 2.64000040e-02  5.15007214e-01 
 2.64000081e-02  5.15007214e-01 
 2.64000163e-02  5.15007214e-01 
 2.64000327e-02  5.15007214e-01 
 2.64000655e-02  5.15007214e-01 
 2.64001310e-02  5.15007214e-01 
 2.64002621e-02  5.15007214e-01 
 2.64005242e-02  5.15007214e-01 
 2.64010485e-02  5.15007214e-01 
 2.64020971e-02  5.15007214e-01 
 2.64041942e-02  5.15007214e-01 
 2.64083885e-02  5.15007214e-01 
 2.64167772e-02  5.15007214e-01 
 2.64335544e-02  5.15007214e-01 
 2.64671088e-02  5.15007214e-01 
 2.65071088e-02  5.15007214e-01 
 2.65471088e-02  5.15007214e-01 
 2.65871088e-02  5.15007214e-01 
 2.66271088e-02  5.15007214e-01 
 2.66671088e-02  5.15007214e-01 
 2.67071088e-02  5.15007214e-01 
 2.67471088e-02  5.15007214e-01 
 2.67871088e-02  5.15007214e-01 
 2.67999992e-02  5.15007214e-01 
 2.67999993e-02  5.15007214e-01 
 2.67999994e-02  5.15007214e-01 
 2.67999998e-02  5.15007214e-01 
 2.68000000e-02  5.15007271e-01 
 2.68000001e-02  5.15007302e-01 
 2.68000002e-02  5.15007364e-01 
 2.68000004e-02  5.15007487e-01 
 2.68000010e-02  5.15007733e-01 
 2.68000020e-02  5.15008225e-01 
 2.68000040e-02  5.15009210e-01 
 2.68000081e-02  5.15011179e-01 
 2.68000163e-02  5.15015116e-01 
 2.68000327e-02  5.15022983e-01 
 2.68000655e-02  5.15038693e-01 
 2.68001310e-02  5.15070017e-01 
 2.68002621e-02  5.15132281e-01 
 2.68005242e-02  5.15255291e-01 
 2.68010485e-02  5.15495363e-01 
 2.68020971e-02  5.15952655e-01 
 2.68041942e-02  5.16782863e-01 
 2.68083885e-02  5.18154657e-01 
 2.68167772e-02  5.20043491e-01 
 2.68335544e-02  5.21872132e-01 
 2.68671088e-02  5.22721411e-01 
 2.69071088e-02  5.22699554e-01 
 2.69471088e-02  5.22701982e-01 
 2.69871088e-02  5.22701713e-01 
 2.70271088e-02  5.22701743e-01 
 2.70671088e-02  5.22701739e-01 
 2.71071088e-02  5.22701740e-01 
 2.71471088e-02  5.22701740e-01 
 2.71871088e-02  5.22701740e-01 
 2.71999992e-02  5.22701740e-01 
 2.71999993e-02  5.22701740e-01 
 2.71999994e-02  5.22701740e-01 
 2.71999998e-02  5.22701740e-01 
 2.72000000e-02  5.22701740e-01 
 2.72000001e-02  5.22701740e-01 
 2.72000002e-02  5.22701740e-01 
 2.72000004e-02  5.22701740e-01 
 2.72000010e-02  5.22701740e-01 
 2.72000020e-02  5.22701740e-01 
 2.72000040e-02  5.22701740e-01 
 2.72000081e-02  5.22701740e-01 
 2.72000163e-02  5.22701740e-01 
 2.72000327e-02  5.22701740e-01 
 2.72000655e-02  5.22701740e-01 
 2.72001310e-02  5.22701740e-01 
 2.72002621e-02  5.22701740e-01 
 2.72005242e-02  5.22701740e-01 
 2.72010485e-02  5.22701740e-01 
 2.72020971e-02  5.22701740e-01 
 2.72041942e-02  5.22701740e-01 
 2.72083885e-02  5.22701740e-01 
 2.72167772e-02  5.22701740e-01 
 2.72335544e-02  5.22701740e-01 
 2.72671088e-02  5.22701740e-01 
 2.73071088e-02  5.22701740e-01 
 2.73471088e-02  5.22701740e-01 
 2.73871088e-02  5.22701740e-01 
 2.74271088e-02  5.22701740e-01 
 2.74671088e-02  5.22701740e-01 
 2.75071088e-02  5.22701740e-01 
 2.75471088e-02  5.22701740e-01 
 2.75871088e-02  5.22701740e-01 
 2.75999992e-02  5.22701740e-01 
 2.75999993e-02  5.22701740e-01 
 2.75999994e-02  5.22701740e-01 
 2.75999998e-02  5.22701740e-01 
 2.76000000e-02  5.22701796e-01 
 2.76000001e-02  5.22701826e-01 
 2.76000002e-02  5.22701887e-01 
 2.76000004e-02  5.22702007e-01 
 2.76000010e-02  5.22702248e-01 
 2.76000020e-02  5.22702731e-01 
 2.76000040e-02  5.22703695e-01 
 2.76000081e-02  5.22705624e-01 
 2.76000163e-02  5.22709481e-01 
 2.76000327e-02  5.22717188e-01 
 2.76000655e-02  5.22732578e-01 
 2.76001310e-02  5.22763264e-01 
 2.76002621e-02  5.22824261e-01 
 2.76005242e-02  5.22944768e-01 
 2.76010485e-02  5.23179955e-01 
 2.76020971e-02  5.23627942e-01 
 2.76041942e-02  5.24441255e-01 
 2.76083885e-02  5.25785134e-01 
 2.76167772e-02  5.27635531e-01 
 2.76335544e-02  5.29426960e-01 
 2.76671088e-02  5.30258957e-01 
 2.77071088e-02  5.30237544e-01 
 2.77471088e-02  5.30239923e-01 
 2.77871088e-02  5.30239659e-01 
 2.78271088e-02  5.30239688e-01 
 2.78671088e-02  5.30239685e-01 
 2.79071088e-02  5.30239685e-01 
 2.79471088e-02  5.30239685e-01 
 2.79871088e-02  5.30239685e-01 
 2.79999992e-02  5.30239685e-01 
 2.79999993e-02  5.30239685e-01 
 2.79999994e-02  5.30239685e-01 
 2.79999998e-02  5.30239685e-01 
 2.80000000e-02  5.30239685e-01 
 2.80000001e-02  5.30239685e-01 
 2.80000002e-02  5.30239685e-01 
 2.80000004e-02  5.30239685e-01 
 2.80000010e-02  5.30239685e-01 
 2.80000020e-02  5.30239685e-01 
 2.80000040e-02  5.30239685e-01 
 2.80000081e-02  5.30239685e-01 
 2.80000163e-02  5.30239685e-01 
 2.80000327e-02  5.30239685e-01 
 2.80000655e-02  5.30239685e-01 
 2.80001310e-02  5.30239685e-01 
 2.80002621e-02  5.30239685e-01 
 2.80005242e-02  5.30239685e-01 
 2.80010485e-02  5.30239685e-01 
 2.80020971e-02  5.30239685e-01 
 2.80041942e-02  5.30239685e-01 
 2.80083885e-02  5.30239685e-01 
 2.80167772e-02  5.30239685e-01 
 2.80335544e-02  5.30239685e-01 
 2.80671088e-02  5.30239685e-01 
 2.81071088e-02  5.30239685e-01 
 2.81471088e-02  5.30239685e-01 
 2.81871088e-02  5.30239685e-01 
 2.82271088e-02  5.30239685e-01 
 2.82671088e-02  5.30239685e-01 
 2.83071088e-02  5.30239685e-01 
 2.83471088e-02  5.30239685e-01 
 2.83871088e-02  5.30239685e-01 
 2.83999992e-02  5.30239685e-01 
 2.83999993e-02  5.30239685e-01 
 2.83999994e-02  5.30239685e-01 
 2.83999998e-02  5.30239685e-01 
 2.84000000e-02  5.30239741e-01 
 2.84000001e-02  5.30239770e-01 
 2.84000002e-02  5.30239829e-01 
 2.84000004e-02  5.30239948e-01 
 2.84000010e-02  5.30240184e-01 
 2.84000020e-02  5.30240657e-01 
 2.84000040e-02  5.30241602e-01 
 2.84000081e-02  5.30243493e-01 
 2.84000163e-02  5.30247272e-01 
 2.84000327e-02  5.30254825e-01 
 2.84000655e-02  5.30269907e-01 
 2.84001310e-02  5.30299980e-01 
 2.84002621e-02  5.30359757e-01 
 2.84005242e-02  5.30477855e-01 
 2.84010485e-02  5.30708339e-01 
 2.84020971e-02  5.31147368e-01 
 2.84041942e-02  5.31944419e-01 
 2.84083885e-02  5.33261427e-01 
 2.84167772e-02  5.35074826e-01 
 2.84335544e-02  5.36830435e-01 
 2.84671088e-02  5.37645796e-01 
 2.85071088e-02  5.37624812e-01 
 2.85471088e-02  5.37627143e-01 
 2.85871088e-02  5.37626884e-01 
 2.86271088e-02  5.37626913e-01 
 2.86671088e-02  5.37626910e-01 
 2.87071088e-02  5.37626910e-01 
 2.87471088e-02  5.37626910e-01 
 2.87871088e-02  5.37626910e-01 
 2.87999992e-02  5.37626910e-01 
 2.87999993e-02  5.37626910e-01 
 2.87999994e-02  5.37626910e-01 
 2.87999998e-02  5.37626910e-01 
 2.88000000e-02  5.37626910e-01 
 2.88000001e-02  5.37626910e-01 
 2.88000002e-02  5.37626910e-01 
 2.88000004e-02  5.37626910e-01 
 2.88000010e-02  5.37626910e-01 
 2.88000020e-02  5.37626910e-01 
 2.88000040e-02  5.37626910e-01 
 2.88000081e-02  5.37626910e-01 
 2.88000163e-02  5.37626910e-01 
 2.88000327e-02  5.37626910e-01 
 2.88000655e-02  5.37626910e-01 
 2.88001310e-02  5.37626910e-01 
 2.88002621e-02  5.37626910e-01 
 2.88005242e-02  5.37626910e-01 
 2.88010485e-02  5.37626910e-01 
 2.88020971e-02  5.37626910e-01 
 2.88041942e-02  5.37626910e-01 
 2.88083885e-02  5.37626910e-01 
 2.88167772e-02  5.37626910e-01 
 2.88335544e-02  5.37626910e-01 
 2.88671088e-02  5.37626910e-01 
 2.89071088e-02  5.37626910e-01 
 2.89471088e-02  5.37626910e-01 
 2.89871088e-02  5.37626910e-01 
 2.90271088e-02  5.37626910e-01 
 2.90671088e-02  5.37626910e-01 
 2.91071088e-02  5.37626910e-01 
 2.91471088e-02  5.37626910e-01 
 2.91871088e-02  5.37626910e-01 
 2.91999992e-02  5.37626910e-01 
 2.91999993e-02  5.37626910e-01 
 2.91999994e-02  5.37626910e-01 
 2.91999998e-02  5.37626910e-01 
 2.92000000e-02  5.37626965e-01 
 2.92000001e-02  5.37626993e-01 
 2.92000002e-02  5.37627051e-01 
 2.92000004e-02  5.37627167e-01 
 2.92000010e-02  5.37627399e-01 
 2.92000020e-02  5.37627862e-01 
 2.92000040e-02  5.37628789e-01 
 2.92000081e-02  5.37630643e-01 
 2.92000163e-02  5.37634348e-01 
 2.92000327e-02  5.37641752e-01 
 2.92000655e-02  5.37656538e-01 
 2.92001310e-02  5.37686020e-01 
 2.92002621e-02  5.37744622e-01 
 2.92005242e-02  5.37860399e-01 
 2.92010485e-02  5.38086353e-01 
 2.92020971e-02  5.38516755e-01 
 2.92041942e-02  5.39298141e-01 
 2.92083885e-02  5.40589266e-01 
 2.92167772e-02  5.42367027e-01 
 2.92335544e-02  5.44088134e-01 
 2.92671088e-02  5.44887470e-01 
 2.93071088e-02  5.44866898e-01 
 2.93471088e-02  5.44869184e-01 
 2.93871088e-02  5.44868930e-01 
 2.94271088e-02  5.44868958e-01 
 2.94671088e-02  5.44868955e-01 
 2.95071088e-02  5.44868955e-01 
 2.95471088e-02  5.44868955e-01 
 2.95871088e-02  5.44868955e-01 
 2.95999992e-02  5.44868955e-01 
 2.95999993e-02  5.44868955e-01 
 2.95999994e-02  5.44868955e-01 
 2.95999998e-02  5.44868955e-01 
 2.96000000e-02  5.44868955e-01 
 2.96000001e-02  5.44868955e-01 
 2.96000002e-02  5.44868955e-01 
 2.96000004e-02  5.44868955e-01 
 2.96000010e-02  5.44868955e-01 
 2.96000020e-02  5.44868955e-01 
 2.96000040e-02  5.44868955e-01 
 2.96000081e-02  5.44868955e-01 
 2.96000163e-02  5.44868955e-01 
 2.96000327e-02  5.44868955e-01 
 2.96000655e-02  5.44868955e-01 
 2.96001310e-02  5.44868955e-01 
 2.96002621e-02  5.44868955e-01 
 2.96005242e-02  5.44868955e-01 
 2.96010485e-02  5.44868955e-01 
 2.96020971e-02  5.44868955e-01 
 2.96041942e-02  5.44868955e-01 
 2.96083885e-02  5.44868955e-01 
 2.96167772e-02  5.44868955e-01 
 2.96335544e-02  5.44868955e-01 
 2.96671088e-02  5.44868955e-01 
 2.97071088e-02  5.44868955e-01 
 2.97471088e-02  5.44868955e-01 
 2.97871088e-02  5.44868955e-01 
 2.98271088e-02  5.44868955e-01 
 2.98671088e-02  5.44868955e-01 
 2.99071088e-02  5.44868955e-01 
 2.99471088e-02  5.44868955e-01 
 2.99871088e-02  5.44868955e-01 
 2.99999992e-02  5.44868955e-01 
 2.99999993e-02  5.44868955e-01 
 2.99999994e-02  5.44868955e-01 
 2.99999998e-02  5.44868955e-01 
 3.00000000e-02  5.44869009e-01 
 3.00000001e-02  5.44869037e-01 
 3.00000002e-02  5.44869094e-01 
 3.00000004e-02  5.44869208e-01 
 3.00000010e-02  5.44869435e-01 
 3.00000020e-02  5.44869889e-01 
 3.00000040e-02  5.44870798e-01 
 3.00000081e-02  5.44872616e-01 
 3.00000163e-02  5.44876249e-01 
 3.00000327e-02  5.44883510e-01 
 3.00000655e-02  5.44898011e-01 
 3.00001310e-02  5.44926923e-01 
 3.00002621e-02  5.44984393e-01 
 3.00005242e-02  5.45097933e-01 
 3.00010485e-02  5.45319521e-01 
 3.00020971e-02  5.45741606e-01 
 3.00041942e-02  5.46507895e-01 
 3.00083885e-02  5.47774073e-01 
 3.00167772e-02  5.49517484e-01 
 3.00335544e-02  5.51205336e-01 
 3.00671088e-02  5.51989228e-01 
 3.01071088e-02  5.51969053e-01 
 3.01471088e-02  5.51971295e-01 
 3.01871088e-02  5.51971046e-01 
 3.02271088e-02  5.51971073e-01 
 3.02671088e-02  5.51971070e-01 
 3.03071088e-02  5.51971071e-01 
 3.03471088e-02  5.51971070e-01 
 3.03871088e-02  5.51971070e-01 
 3.03999992e-02  5.51971070e-01 
 3.03999993e-02  5.51971070e-01 
 3.03999994e-02  5.51971070e-01 
 3.03999998e-02  5.51971070e-01 
 3.04000000e-02  5.51971070e-01 
 3.04000001e-02  5.51971070e-01 
 3.04000002e-02  5.51971070e-01 
 3.04000004e-02  5.51971070e-01 
 3.04000010e-02  5.51971070e-01 
 3.04000020e-02  5.51971070e-01 
 3.04000040e-02  5.51971070e-01 
 3.04000081e-02  5.51971070e-01 
 3.04000163e-02  5.51971070e-01 
 3.04000327e-02  5.51971070e-01 
 3.04000655e-02  5.51971070e-01 
 3.04001310e-02  5.51971070e-01 
 3.04002621e-02  5.51971070e-01 
 3.04005242e-02  5.51971070e-01 
 3.04010485e-02  5.51971070e-01 
 3.04020971e-02  5.51971070e-01 
 3.04041942e-02  5.51971070e-01 
 3.04083885e-02  5.51971070e-01 
 3.04167772e-02  5.51971070e-01 
 3.04335544e-02  5.51971070e-01 
 3.04671088e-02  5.51971070e-01 
 3.05071088e-02  5.51971070e-01 
 3.05471088e-02  5.51971070e-01 
 3.05871088e-02  5.51971070e-01 
 3.06271088e-02  5.51971070e-01 
 3.06671088e-02  5.51971070e-01 
 3.07071088e-02  5.51971070e-01 
 3.07471088e-02  5.51971070e-01 
 3.07871088e-02  5.51971070e-01 
 3.07999992e-02  5.51971070e-01 
 3.07999993e-02  5.51971070e-01 
 3.07999994e-02  5.51971070e-01 
 3.07999998e-02  5.51971070e-01 
 3.08000000e-02  5.51971123e-01 
 3.08000001e-02  5.51971151e-01 
 3.08000002e-02  5.51971206e-01 
 3.08000004e-02  5.51971318e-01 
 3.08000010e-02  5.51971541e-01 
 3.08000020e-02  5.51971987e-01 
 3.08000040e-02  5.51972878e-01 
 3.08000081e-02  5.51974661e-01 
 3.08000163e-02  5.51978226e-01 
 3.08000327e-02  5.51985349e-01 
 3.08000655e-02  5.51999574e-01 
 3.08001310e-02  5.52027937e-01 
 3.08002621e-02  5.52084315e-01 
 3.08005242e-02  5.52195697e-01 
 3.08010485e-02  5.52413075e-01 
 3.08020971e-02  5.52827140e-01 
 3.08041942e-02  5.53578868e-01 
 3.08083885e-02  5.54820987e-01 
 3.08167772e-02  5.56531270e-01 
 3.08335544e-02  5.58187050e-01 
 3.08671088e-02  5.58956047e-01 
 3.09071088e-02  5.58936256e-01 
 3.09471088e-02  5.58938455e-01 
 3.09871088e-02  5.58938211e-01 
 3.10271088e-02  5.58938238e-01 
 3.10671088e-02  5.58938235e-01 
 3.11071088e-02  5.58938235e-01 
 3.11471088e-02  5.58938235e-01 
 3.11871088e-02  5.58938235e-01 
 3.11999992e-02  5.58938235e-01 
 3.11999993e-02  5.58938235e-01 
 3.11999994e-02  5.58938235e-01 
 3.11999998e-02  5.58938235e-01 
 3.12000000e-02  5.58938235e-01 
 3.12000001e-02  5.58938235e-01 
 3.12000002e-02  5.58938235e-01 
 3.12000004e-02  5.58938235e-01 
 3.12000010e-02  5.58938235e-01 
 3.12000020e-02  5.58938235e-01 
 3.12000040e-02  5.58938235e-01 
 3.12000081e-02  5.58938235e-01 
 3.12000163e-02  5.58938235e-01 
 3.12000327e-02  5.58938235e-01 
 3.12000655e-02  5.58938235e-01 
 3.12001310e-02  5.58938235e-01 
 3.12002621e-02  5.58938235e-01 
 3.12005242e-02  5.58938235e-01 
 3.12010485e-02  5.58938235e-01 
 3.12020971e-02  5.58938235e-01 
 3.12041942e-02  5.58938235e-01 
 3.12083885e-02  5.58938235e-01 
 3.12167772e-02  5.58938235e-01 
 3.12335544e-02  5.58938235e-01 
 3.12671088e-02  5.58938235e-01 
 3.13071088e-02  5.58938235e-01 
 3.13471088e-02  5.58938235e-01 
 3.13871088e-02  5.58938235e-01 
 3.14271088e-02  5.58938235e-01 
 3.14671088e-02  5.58938235e-01 
 3.15071088e-02  5.58938235e-01 
 3.15471088e-02  5.58938235e-01 
 3.15871088e-02  5.58938235e-01 
 3.15999992e-02  5.58938235e-01 
 3.15999993e-02  5.58938235e-01 
 3.15999994e-02  5.58938235e-01 
 3.15999998e-02  5.58938235e-01 
 3.16000000e-02  5.58938286e-01 
 3.16000001e-02  5.58938314e-01 
 3.16000002e-02  5.58938368e-01 
 3.16000004e-02  5.58938478e-01 
 3.16000010e-02  5.58938697e-01 
 3.16000020e-02  5.58939134e-01 
 3.16000040e-02  5.58940009e-01 
 3.16000081e-02  5.58941759e-01 
 3.16000163e-02  5.58945256e-01 
 3.16000327e-02  5.58952247e-01 
 3.16000655e-02  5.58966206e-01 
 3.16001310e-02  5.58994038e-01 
 3.16002621e-02  5.59049363e-01 
 3.16005242e-02  5.59158663e-01 
 3.16010485e-02  5.59371978e-01 
 3.16020971e-02  5.59778304e-01 
 3.16041942e-02  5.60515982e-01 
 3.16083885e-02  5.61734885e-01 
 3.16167772e-02  5.63413202e-01 
 3.16335544e-02  5.65038034e-01 
 3.16671088e-02  5.65792658e-01 
 3.17071088e-02  5.65773237e-01 
 3.17471088e-02  5.65775395e-01 
 3.17871088e-02  5.65775155e-01 
 3.18271088e-02  5.65775181e-01 
 3.18671088e-02  5.65775178e-01 
 3.19071088e-02  5.65775179e-01 
 3.19471088e-02  5.65775179e-01 
 3.19871088e-02  5.65775179e-01 
 3.19999992e-02  5.65775179e-01 
 3.19999993e-02  5.65775179e-01 
 3.19999994e-02  5.65775179e-01 
 3.19999998e-02  5.65775179e-01 
 3.20000000e-02  5.65775179e-01 
 3.20000001e-02  5.65775179e-01 
 3.20000002e-02  5.65775179e-01 
 3.20000004e-02  5.65775179e-01 
 3.20000010e-02  5.65775179e-01 
 3.20000020e-02  5.65775179e-01 
 3.20000040e-02  5.65775179e-01 
 3.20000081e-02  5.65775179e-01 
 3.20000163e-02  5.65775179e-01 
 3.20000327e-02  5.65775179e-01 
 3.20000655e-02  5.65775179e-01 
 3.20001310e-02  5.65775179e-01 
 3.20002621e-02  5.65775179e-01 
 3.20005242e-02  5.65775179e-01 
 3.20010485e-02  5.65775179e-01 
 3.20020971e-02  5.65775179e-01 
 3.20041942e-02  5.65775179e-01 
 3.20083885e-02  5.65775179e-01 
 3.20167772e-02  5.65775179e-01 
 3.20335544e-02  5.65775179e-01 
 3.20671088e-02  5.65775179e-01 
 3.21071088e-02  5.65775179e-01 
 3.21471088e-02  5.65775179e-01 
 3.21871088e-02  5.65775179e-01 
 3.22271088e-02  5.65775179e-01 
 3.22671088e-02  5.65775179e-01 
 3.23071088e-02  5.65775179e-01 
 3.23471088e-02  5.65775179e-01 
 3.23871088e-02  5.65775179e-01 
 3.23999992e-02  5.65775179e-01 
 3.23999993e-02  5.65775179e-01 
 3.23999994e-02  5.65775179e-01 
 3.23999998e-02  5.65775179e-01 
 3.24000000e-02  5.65775229e-01 
 3.24000001e-02  5.65775256e-01 
 3.24000002e-02  5.65775310e-01 
 3.24000004e-02  5.65775417e-01 
 3.24000010e-02  5.65775632e-01 
 3.24000020e-02  5.65776061e-01 
 3.24000040e-02  5.65776920e-01 
 3.24000081e-02  5.65778638e-01 
 3.24000163e-02  5.65782071e-01 
 3.24000327e-02  5.65788933e-01 
 3.24000655e-02  5.65802635e-01 
 3.24001310e-02  5.65829956e-01 
 3.24002621e-02  5.65884263e-01 
 3.24005242e-02  5.65991553e-01 
 3.24010485e-02  5.66200946e-01 
 3.24020971e-02  5.66599800e-01 
 3.24041942e-02  5.67323913e-01 
 3.24083885e-02  5.68520401e-01 
 3.24167772e-02  5.70167856e-01 
 3.24335544e-02  5.71762810e-01 
 3.24671088e-02  5.72503557e-01 
 3.25071088e-02  5.72484493e-01 
 3.25471088e-02  5.72486611e-01 
 3.25871088e-02  5.72486376e-01 
 3.26271088e-02  5.72486402e-01 
 3.26671088e-02  5.72486399e-01 
 3.27071088e-02  5.72486399e-01 
 3.27471088e-02  5.72486399e-01 
 3.27871088e-02  5.72486399e-01 
 3.27999992e-02  5.72486399e-01 
 3.27999993e-02  5.72486399e-01 
 3.27999994e-02  5.72486399e-01 
 3.27999998e-02  5.72486399e-01 
 3.28000000e-02  5.72486399e-01 
 3.28000001e-02  5.72486399e-01 
 3.28000002e-02  5.72486399e-01 
 3.28000004e-02  5.72486399e-01 
 3.28000010e-02  5.72486399e-01 
 3.28000020e-02  5.72486399e-01 
 3.28000040e-02  5.72486399e-01 
 3.28000081e-02  5.72486399e-01 
 3.28000163e-02  5.72486399e-01 
 3.28000327e-02  5.72486399e-01 
 3.28000655e-02  5.72486399e-01 
 3.28001310e-02  5.72486399e-01 
 3.28002621e-02  5.72486399e-01 
 3.28005242e-02  5.72486399e-01 
 3.28010485e-02  5.72486399e-01 
 3.28020971e-02  5.72486399e-01 
 3.28041942e-02  5.72486399e-01 
 3.28083885e-02  5.72486399e-01 
 3.28167772e-02  5.72486399e-01 
 3.28335544e-02  5.72486399e-01 
 3.28671088e-02  5.72486399e-01 
 3.29071088e-02  5.72486399e-01 
 3.29471088e-02  5.72486399e-01 
 3.29871088e-02  5.72486399e-01 
 3.30271088e-02  5.72486399e-01 
 3.30671088e-02  5.72486399e-01 
 3.31071088e-02  5.72486399e-01 
 3.31471088e-02  5.72486399e-01 
 3.31871088e-02  5.72486399e-01 
 3.31999992e-02  5.72486399e-01 
 3.31999993e-02  5.72486399e-01 
 3.31999994e-02  5.72486399e-01 
 3.31999998e-02  5.72486399e-01 
 3.32000000e-02  5.72486449e-01 
 3.32000001e-02  5.72486475e-01 
 3.32000002e-02  5.72486528e-01 
 3.32000004e-02  5.72486633e-01 
 3.32000010e-02  5.72486844e-01 
 3.32000020e-02  5.72487266e-01 
 3.32000040e-02  5.72488109e-01 
 3.32000081e-02  5.72489795e-01 
 3.32000163e-02  5.72493167e-01 
 3.32000327e-02  5.72499904e-01 
 3.32000655e-02  5.72513359e-01 
 3.32001310e-02  5.72540185e-01 
 3.32002621e-02  5.72593510e-01 
 3.32005242e-02  5.72698859e-01 
 3.32010485e-02  5.72904462e-01 
 3.32020971e-02  5.73296098e-01 
 3.32041942e-02  5.74007108e-01 
 3.32083885e-02  5.75181946e-01 
 3.32167772e-02  5.76799589e-01 
 3.32335544e-02  5.78365682e-01 
 3.32671088e-02  5.79093025e-01 
 3.33071088e-02  5.79074306e-01 
 3.33471088e-02  5.79076385e-01 
 3.33871088e-02  5.79076154e-01 
 3.34271088e-02  5.79076180e-01 
 3.34671088e-02  5.79076177e-01 
 3.35071088e-02  5.79076177e-01 
 3.35471088e-02  5.79076177e-01 
 3.35871088e-02  5.79076177e-01 
 3.35999992e-02  5.79076177e-01 
 3.35999993e-02  5.79076177e-01 
 3.35999994e-02  5.79076177e-01 
 3.35999998e-02  5.79076177e-01 
 3.36000000e-02  5.79076177e-01 
 3.36000001e-02  5.79076177e-01 
 3.36000002e-02  5.79076177e-01 
 3.36000004e-02  5.79076177e-01 
 3.36000010e-02  5.79076177e-01 
 3.36000020e-02  5.79076177e-01 
 3.36000040e-02  5.79076177e-01 
 3.36000081e-02  5.79076177e-01 
 3.36000163e-02  5.79076177e-01 
 3.36000327e-02  5.79076177e-01 
 3.36000655e-02  5.79076177e-01 
 3.36001310e-02  5.79076177e-01 
 3.36002621e-02  5.79076177e-01 
 3.36005242e-02  5.79076177e-01 
 3.36010485e-02  5.79076177e-01 
 3.36020971e-02  5.79076177e-01 
 3.36041942e-02  5.79076177e-01 
 3.36083885e-02  5.79076177e-01 
 3.36167772e-02  5.79076177e-01 
 3.36335544e-02  5.79076177e-01 
 3.36671088e-02  5.79076177e-01 
 3.37071088e-02  5.79076177e-01 
 3.37471088e-02  5.79076177e-01 
 3.37871088e-02  5.79076177e-01 
 3.38271088e-02  5.79076177e-01 
 3.38671088e-02  5.79076177e-01 
 3.39071088e-02  5.79076177e-01 
 3.39471088e-02  5.79076177e-01 
 3.39871088e-02  5.79076177e-01 
 3.39999992e-02  5.79076177e-01 
 3.39999993e-02  5.79076177e-01 
 3.39999994e-02  5.79076177e-01 
 3.39999998e-02  5.79076177e-01 
 3.40000000e-02  5.79076226e-01 
 3.40000001e-02  5.79076252e-01 
 3.40000002e-02  5.79076304e-01 
 3.40000004e-02  5.79076407e-01 
 3.40000010e-02  5.79076614e-01 
 3.40000020e-02  5.79077029e-01 
 3.40000040e-02  5.79077857e-01 
 3.40000081e-02  5.79079513e-01 
 3.40000163e-02  5.79082824e-01 
 3.40000327e-02  5.79089442e-01 
 3.40000655e-02  5.79102657e-01 
 3.40001310e-02  5.79129005e-01 
 3.40002621e-02  5.79181380e-01 
 3.40005242e-02  5.79284853e-01 
 3.40010485e-02  5.79486794e-01 
 3.40020971e-02  5.79871456e-01 
 3.40041942e-02  5.80569803e-01 
 3.40083885e-02  5.81723717e-01 
 3.40167772e-02  5.83312550e-01 
 3.40335544e-02  5.84850751e-01 
 3.40671088e-02  5.85565140e-01 
 3.41071088e-02  5.85546754e-01 
 3.41471088e-02  5.85548797e-01 
 3.41871088e-02  5.85548570e-01 
 3.42271088e-02  5.85548595e-01 
 3.42671088e-02  5.85548592e-01 
 3.43071088e-02  5.85548593e-01 
 3.43471088e-02  5.85548593e-01 
 3.43871088e-02  5.85548593e-01 
 3.43999992e-02  5.85548593e-01 
 3.43999993e-02  5.85548593e-01 
 3.43999994e-02  5.85548593e-01 
 3.43999998e-02  5.85548593e-01 
 3.44000000e-02  5.85548593e-01 
 3.44000001e-02  5.85548593e-01 
 3.44000002e-02  5.85548593e-01 
 3.44000004e-02  5.85548593e-01 
 3.44000010e-02  5.85548593e-01 
 3.44000020e-02  5.85548593e-01 
 3.44000040e-02  5.85548593e-01 
 3.44000081e-02  5.85548593e-01 
 3.44000163e-02  5.85548593e-01 
 3.44000327e-02  5.85548593e-01 
 3.44000655e-02  5.85548593e-01 
 3.44001310e-02  5.85548593e-01 
 3.44002621e-02  5.85548593e-01 
 3.44005242e-02  5.85548593e-01 
 3.44010485e-02  5.85548593e-01 
 3.44020971e-02  5.85548593e-01 
 3.44041942e-02  5.85548593e-01 
 3.44083885e-02  5.85548593e-01 
 3.44167772e-02  5.85548593e-01 
 3.44335544e-02  5.85548593e-01 
 3.44671088e-02  5.85548593e-01 
 3.45071088e-02  5.85548593e-01 
 3.45471088e-02  5.85548593e-01 
 3.45871088e-02  5.85548593e-01 
 3.46271088e-02  5.85548593e-01 
 3.46671088e-02  5.85548593e-01 
 3.47071088e-02  5.85548593e-01 
 3.47471088e-02  5.85548593e-01 
 3.47871088e-02  5.85548593e-01 
 3.47999992e-02  5.85548593e-01 
 3.47999993e-02  5.85548593e-01 
 3.47999994e-02  5.85548593e-01 
 3.47999998e-02  5.85548593e-01 
 3.48000000e-02  5.85548640e-01 
 3.48000001e-02  5.85548666e-01 
 3.48000002e-02  5.85548717e-01 
 3.48000004e-02  5.85548818e-01 
 3.48000010e-02  5.85549022e-01 
 3.48000020e-02  5.85549429e-01 
 3.48000040e-02  5.85550242e-01 
 3.48000081e-02  5.85551870e-01 
 3.48000163e-02  5.85555123e-01 
 3.48000327e-02  5.85561625e-01 
 3.48000655e-02  5.85574608e-01 
 3.48001310e-02  5.85600494e-01 
 3.48002621e-02  5.85651951e-01 
 3.48005242e-02  5.85753610e-01 
 3.48010485e-02  5.85952011e-01 
 3.48020971e-02  5.86329928e-01 
 3.48041942e-02  5.87016032e-01 
 3.48083885e-02  5.88149716e-01 
 3.48167772e-02  5.89710694e-01 
 3.48335544e-02  5.91221927e-01 
 3.48671088e-02  5.91923792e-01 
 3.49071088e-02  5.91905728e-01 
 3.49471088e-02  5.91907735e-01 
 3.49871088e-02  5.91907512e-01 
 3.50271088e-02  5.91907537e-01 
 3.50671088e-02  5.91907534e-01 
 3.51071088e-02  5.91907534e-01 
 3.51471088e-02  5.91907534e-01 
 3.51871088e-02  5.91907534e-01 
 3.51999992e-02  5.91907534e-01 
 3.51999993e-02  5.91907534e-01 
 3.51999994e-02  5.91907534e-01 
 3.51999998e-02  5.91907534e-01 
 3.52000000e-02  5.91907534e-01 
 3.52000001e-02  5.91907534e-01 
 3.52000002e-02  5.91907534e-01 
 3.52000004e-02  5.91907534e-01 
 3.52000010e-02  5.91907534e-01 
 3.52000020e-02  5.91907534e-01 
 3.52000040e-02  5.91907534e-01 
 3.52000081e-02  5.91907534e-01 
 3.52000163e-02  5.91907534e-01 
 3.52000327e-02  5.91907534e-01 
 3.52000655e-02  5.91907534e-01 
 3.52001310e-02  5.91907534e-01 
 3.52002621e-02  5.91907534e-01 
 3.52005242e-02  5.91907534e-01 
 3.52010485e-02  5.91907534e-01 
 3.52020971e-02  5.91907534e-01 
 3.52041942e-02  5.91907534e-01 
 3.52083885e-02  5.91907534e-01 
 3.52167772e-02  5.91907534e-01 
 3.52335544e-02  5.91907534e-01 
 3.52671088e-02  5.91907534e-01 
 3.53071088e-02  5.91907534e-01 
 3.53471088e-02  5.91907534e-01 
 3.53871088e-02  5.91907534e-01 
 3.54271088e-02  5.91907534e-01 
 3.54671088e-02  5.91907534e-01 
 3.55071088e-02  5.91907534e-01 
 3.55471088e-02  5.91907534e-01 
 3.55871088e-02  5.91907534e-01 
 3.55999992e-02  5.91907534e-01 
 3.55999993e-02  5.91907534e-01 
 3.55999994e-02  5.91907534e-01 
 3.55999998e-02  5.91907534e-01 
 3.56000000e-02  5.91907581e-01 
 3.56000001e-02  5.91907606e-01 
 3.56000002e-02  5.91907656e-01 
 3.56000004e-02  5.91907756e-01 
 3.56000010e-02  5.91907956e-01 
 3.56000020e-02  5.91908356e-01 
 3.56000040e-02  5.91909156e-01 
 3.56000081e-02  5.91910755e-01 
 3.56000163e-02  5.91913952e-01 
 3.56000327e-02  5.91920341e-01 
 3.56000655e-02  5.91933101e-01 
 3.56001310e-02  5.91958540e-01 
 3.56002621e-02  5.92009109e-01 
 3.56005242e-02  5.92109013e-01 
 3.56010485e-02  5.92303989e-01 
 3.56020971e-02  5.92675384e-01 
 3.56041942e-02  5.93349645e-01 
 3.56083885e-02  5.94463760e-01 
 3.56167772e-02  5.95997795e-01 
 3.56335544e-02  5.97482942e-01 
 3.56671088e-02  5.98172692e-01 
 3.57071088e-02  5.98154941e-01 
 3.57471088e-02  5.98156913e-01 
 3.57871088e-02  5.98156694e-01 
 3.58271088e-02  5.98156718e-01 
 3.58671088e-02  5.98156716e-01 
 3.59071088e-02  5.98156716e-01 
 3.59471088e-02  5.98156716e-01 
 3.59871088e-02  5.98156716e-01 
 3.59999992e-02  5.98156716e-01 
 3.59999993e-02  5.98156716e-01 
 3.59999994e-02  5.98156716e-01 
 3.59999998e-02  5.98156716e-01 
 3.60000000e-02  5.98156716e-01 
 3.60000001e-02  5.98156716e-01 
 3.60000002e-02  5.98156716e-01 
 3.60000004e-02  5.98156716e-01 
 3.60000010e-02  5.98156716e-01 
 3.60000020e-02  5.98156716e-01 
 3.60000040e-02  5.98156716e-01 
 3.60000081e-02  5.98156716e-01 
 3.60000163e-02  5.98156716e-01 
 3.60000327e-02  5.98156716e-01 
 3.60000655e-02  5.98156716e-01 
 3.60001310e-02  5.98156716e-01 
 3.60002621e-02  5.98156716e-01 
 3.60005242e-02  5.98156716e-01 
 3.60010485e-02  5.98156716e-01 
 3.60020971e-02  5.98156716e-01 
 3.60041942e-02  5.98156716e-01 
 3.60083885e-02  5.98156716e-01 
 3.60167772e-02  5.98156716e-01 
 3.60335544e-02  5.98156716e-01 
 3.60671088e-02  5.98156716e-01 
 3.61071088e-02  5.98156716e-01 
 3.61471088e-02  5.98156716e-01 
 3.61871088e-02  5.98156716e-01 
 3.62271088e-02  5.98156716e-01 
 3.62671088e-02  5.98156716e-01 
 3.63071088e-02  5.98156716e-01 
 3.63471088e-02  5.98156716e-01 
 3.63871088e-02  5.98156716e-01 
 3.63999992e-02  5.98156716e-01 
 3.63999993e-02  5.98156716e-01 
 3.63999994e-02  5.98156716e-01 
 3.63999998e-02  5.98156716e-01 
 3.64000000e-02  5.98156762e-01 
 3.64000001e-02  5.98156787e-01 
 3.64000002e-02  5.98156836e-01 
 3.64000004e-02  5.98156934e-01 
 3.64000010e-02  5.98157130e-01 
 3.64000020e-02  5.98157524e-01 
 3.64000040e-02  5.98158310e-01 
 3.64000081e-02  5.98159882e-01 
 3.64000163e-02  5.98163025e-01 
 3.64000327e-02  5.98169305e-01 
 3.64000655e-02  5.98181847e-01 
 3.64001310e-02  5.98206855e-01 
 3.64002621e-02  5.98256564e-01 
 3.64005242e-02  5.98354770e-01 
 3.64010485e-02  5.98546432e-01 
 3.64020971e-02  5.98911514e-01 
 3.64041942e-02  5.99574315e-01 
 3.64083885e-02  6.00669495e-01 
 3.64167772e-02  6.02177456e-01 
 3.64335544e-02  6.03637361e-01 
 3.64671088e-02  6.04315388e-01 
 3.65071088e-02  6.04297938e-01 
 3.65471088e-02  6.04299877e-01 
 3.65871088e-02  6.04299661e-01 
 3.66271088e-02  6.04299685e-01 
 3.66671088e-02  6.04299683e-01 
 3.67071088e-02  6.04299683e-01 
 3.67471088e-02  6.04299683e-01 
 3.67871088e-02  6.04299683e-01 
 3.67999992e-02  6.04299683e-01 
 3.67999993e-02  6.04299683e-01 
 3.67999994e-02  6.04299683e-01 
 3.67999998e-02  6.04299683e-01 
 3.68000000e-02  6.04299683e-01 
 3.68000001e-02  6.04299683e-01 
 3.68000002e-02  6.04299683e-01 
 3.68000004e-02  6.04299683e-01 
 3.68000010e-02  6.04299683e-01 
 3.68000020e-02  6.04299683e-01 
 3.68000040e-02  6.04299683e-01 
 3.68000081e-02  6.04299683e-01 
 3.68000163e-02  6.04299683e-01 
 3.68000327e-02  6.04299683e-01 
 3.68000655e-02  6.04299683e-01 
 3.68001310e-02  6.04299683e-01 
 3.68002621e-02  6.04299683e-01 
 3.68005242e-02  6.04299683e-01 
 3.68010485e-02  6.04299683e-01 
 3.68020971e-02  6.04299683e-01 
 3.68041942e-02  6.04299683e-01 
 3.68083885e-02  6.04299683e-01 
 3.68167772e-02  6.04299683e-01 
 3.68335544e-02  6.04299683e-01 
 3.68671088e-02  6.04299683e-01 
 3.69071088e-02  6.04299683e-01 
 3.69471088e-02  6.04299683e-01 
 3.69871088e-02  6.04299683e-01 
 3.70271088e-02  6.04299683e-01 
 3.70671088e-02  6.04299683e-01 
 3.71071088e-02  6.04299683e-01 
 3.71471088e-02  6.04299683e-01 
 3.71871088e-02  6.04299683e-01 
 3.71999992e-02  6.04299683e-01 
 3.71999993e-02  6.04299683e-01 
 3.71999994e-02  6.04299683e-01 
 3.71999998e-02  6.04299683e-01 
 3.72000000e-02  6.04299728e-01 
 3.72000001e-02  6.04299752e-01 
 3.72000002e-02  6.04299801e-01 
 3.72000004e-02  6.04299897e-01 
 3.72000010e-02  6.04300091e-01 
 3.72000020e-02  6.04300477e-01 
 3.72000040e-02  6.04301250e-01 
 3.72000081e-02  6.04302796e-01 
 3.72000163e-02  6.04305886e-01 
 3.72000327e-02  6.04312062e-01 
 3.72000655e-02  6.04324394e-01 
 3.72001310e-02  6.04348983e-01 
 3.72002621e-02  6.04397859e-01 
 3.72005242e-02  6.04494422e-01 
 3.72010485e-02  6.04682876e-01 
 3.72020971e-02  6.05041847e-01 
 3.72041942e-02  6.05693554e-01 
 3.72083885e-02  6.06770401e-01 
 3.72167772e-02  6.08253121e-01 
 3.72335544e-02  6.09688590e-01 
 3.72671088e-02  6.10355267e-01 
 3.73071088e-02  6.10338109e-01 
 3.73471088e-02  6.10340016e-01 
 3.73871088e-02  6.10339804e-01 
 3.74271088e-02  6.10339828e-01 
 3.74671088e-02  6.10339825e-01 
 3.75071088e-02  6.10339825e-01 
 3.75471088e-02  6.10339825e-01 
 3.75871088e-02  6.10339825e-01 
 3.75999992e-02  6.10339825e-01 
 3.75999993e-02  6.10339825e-01 
 3.75999994e-02  6.10339825e-01 
 3.75999998e-02  6.10339825e-01 
 3.76000000e-02  6.10339825e-01 
 3.76000001e-02  6.10339825e-01 
 3.76000002e-02  6.10339825e-01 
 3.76000004e-02  6.10339825e-01 
 3.76000010e-02  6.10339825e-01 
 3.76000020e-02  6.10339825e-01 
 3.76000040e-02  6.10339825e-01 
 3.76000081e-02  6.10339825e-01 
 3.76000163e-02  6.10339825e-01 
 3.76000327e-02  6.10339825e-01 
 3.76000655e-02  6.10339825e-01 
 3.76001310e-02  6.10339825e-01 
 3.76002621e-02  6.10339825e-01 
 3.76005242e-02  6.10339825e-01 
 3.76010485e-02  6.10339825e-01 
 3.76020971e-02  6.10339825e-01 
 3.76041942e-02  6.10339825e-01 
 3.76083885e-02  6.10339825e-01 
 3.76167772e-02  6.10339825e-01 
 3.76335544e-02  6.10339825e-01 
 3.76671088e-02  6.10339825e-01 
 3.77071088e-02  6.10339825e-01 
 3.77471088e-02  6.10339825e-01 
 3.77871088e-02  6.10339825e-01 
 3.78271088e-02  6.10339825e-01 
 3.78671088e-02  6.10339825e-01 
 3.79071088e-02  6.10339825e-01 
 3.79471088e-02  6.10339825e-01 
 3.79871088e-02  6.10339825e-01 
 3.79999992e-02  6.10339825e-01 
 3.79999993e-02  6.10339825e-01 
 3.79999994e-02  6.10339825e-01 
 3.79999998e-02  6.10339825e-01 
 3.80000000e-02  6.10339870e-01 
 3.80000001e-02  6.10339894e-01 
 3.80000002e-02  6.10339941e-01 
 3.80000004e-02  6.10340036e-01 
 3.80000010e-02  6.10340226e-01 
 3.80000020e-02  6.10340606e-01 
 3.80000040e-02  6.10341367e-01 
 3.80000081e-02  6.10342887e-01 
 3.80000163e-02  6.10345926e-01 
 3.80000327e-02  6.10352000e-01 
 3.80000655e-02  6.10364129e-01 
 3.80001310e-02  6.10388312e-01 
 3.80002621e-02  6.10436383e-01 
 3.80005242e-02  6.10531353e-01 
 3.80010485e-02  6.10716701e-01 
 3.80020971e-02  6.11069754e-01 
 3.80041942e-02  6.11710715e-01 
 3.80083885e-02  6.12769809e-01 
 3.80167772e-02  6.14228084e-01 
 3.80335544e-02  6.15639886e-01 
 3.80671088e-02  6.16295572e-01 
 3.81071088e-02  6.16278697e-01 
 3.81471088e-02  6.16280572e-01 
 3.81871088e-02  6.16280364e-01 
 3.82271088e-02  6.16280387e-01 
 3.82671088e-02  6.16280384e-01 
 3.83071088e-02  6.16280385e-01 
 3.83471088e-02  6.16280385e-01 
 3.83871088e-02  6.16280385e-01 
 3.83999992e-02  6.16280385e-01 
 3.83999993e-02  6.16280385e-01 
 3.83999994e-02  6.16280385e-01 
 3.83999998e-02  6.16280385e-01 
 3.84000000e-02  6.16280385e-01 
 3.84000001e-02  6.16280385e-01 
 3.84000002e-02  6.16280385e-01 
 3.84000004e-02  6.16280385e-01 
 3.84000010e-02  6.16280385e-01 
 3.84000020e-02  6.16280385e-01 
 3.84000040e-02  6.16280385e-01 
 3.84000081e-02  6.16280385e-01 
 3.84000163e-02  6.16280385e-01 
 3.84000327e-02  6.16280385e-01 
 3.84000655e-02  6.16280385e-01 
 3.84001310e-02  6.16280385e-01 
 3.84002621e-02  6.16280385e-01 
 3.84005242e-02  6.16280385e-01 
 3.84010485e-02  6.16280385e-01 
 3.84020971e-02  6.16280385e-01 
 3.84041942e-02  6.16280385e-01 
 3.84083885e-02  6.16280385e-01 
 3.84167772e-02  6.16280385e-01 
 3.84335544e-02  6.16280385e-01 
 3.84671088e-02  6.16280385e-01 
 3.85071088e-02  6.16280385e-01 
 3.85471088e-02  6.16280385e-01 
 3.85871088e-02  6.16280385e-01 
 3.86271088e-02  6.16280385e-01 
 3.86671088e-02  6.16280385e-01 
 3.87071088e-02  6.16280385e-01 
 3.87471088e-02  6.16280385e-01 
 3.87871088e-02  6.16280385e-01 
 3.87999992e-02  6.16280385e-01 
 3.87999993e-02  6.16280385e-01 
 3.87999994e-02  6.16280385e-01 
 3.87999998e-02  6.16280385e-01 
 3.88000000e-02  6.16280429e-01 
 3.88000001e-02  6.16280452e-01 
 3.88000002e-02  6.16280499e-01 
 3.88000004e-02  6.16280592e-01 
 3.88000010e-02  6.16280779e-01 
 3.88000020e-02  6.16281153e-01 
 3.88000040e-02  6.16281901e-01 
 3.88000081e-02  6.16283397e-01 
 3.88000163e-02  6.16286386e-01 
 3.88000327e-02  6.16292362e-01 
 3.88000655e-02  6.16304293e-01 
 3.88001310e-02  6.16328084e-01 
 3.88002621e-02  6.16375374e-01 
 3.88005242e-02  6.16468802e-01 
 3.88010485e-02  6.16651139e-01 
 3.88020971e-02  6.16998458e-01 
 3.88041942e-02  6.17629010e-01 
 3.88083885e-02  6.18670904e-01 
 3.88167772e-02  6.20105495e-01 
 3.88335544e-02  6.21494368e-01 
 3.88671088e-02  6.22139405e-01 
 3.89071088e-02  6.22122804e-01 
 3.89471088e-02  6.22124649e-01 
 3.89871088e-02  6.22124444e-01 
 3.90271088e-02  6.22124466e-01 
 3.90671088e-02  6.22124464e-01 
 3.91071088e-02  6.22124464e-01 
 3.91471088e-02  6.22124464e-01 
 3.91871088e-02  6.22124464e-01 
 3.91999992e-02  6.22124464e-01 
 3.91999993e-02  6.22124464e-01 
 3.91999994e-02  6.22124464e-01 
 3.91999998e-02  6.22124464e-01 
 3.92000000e-02  6.22124464e-01 
 3.92000001e-02  6.22124464e-01 
 3.92000002e-02  6.22124464e-01 
 3.92000004e-02  6.22124464e-01 
 3.92000010e-02  6.22124464e-01 
 3.92000020e-02  6.22124464e-01 
 3.92000040e-02  6.22124464e-01 
 3.92000081e-02  6.22124464e-01 
 3.92000163e-02  6.22124464e-01 
 3.92000327e-02  6.22124464e-01 
 3.92000655e-02  6.22124464e-01 
 3.92001310e-02  6.22124464e-01 
 3.92002621e-02  6.22124464e-01 
 3.92005242e-02  6.22124464e-01 
 3.92010485e-02  6.22124464e-01 
 3.92020971e-02  6.22124464e-01 
 3.92041942e-02  6.22124464e-01 
 3.92083885e-02  6.22124464e-01 
 3.92167772e-02  6.22124464e-01 
 3.92335544e-02  6.22124464e-01 
 3.92671088e-02  6.22124464e-01 
 3.93071088e-02  6.22124464e-01 
 3.93471088e-02  6.22124464e-01 
 3.93871088e-02  6.22124464e-01 
 3.94271088e-02  6.22124464e-01 
 3.94671088e-02  6.22124464e-01 
 3.95071088e-02  6.22124464e-01 
 3.95471088e-02  6.22124464e-01 
 3.95871088e-02  6.22124464e-01 
 3.95999992e-02  6.22124464e-01 
 3.95999993e-02  6.22124464e-01 
 3.95999994e-02  6.22124464e-01 
 3.95999998e-02  6.22124464e-01 
 3.96000000e-02  6.22124507e-01 
 3.96000001e-02  6.22124530e-01 
 3.96000002e-02  6.22124576e-01 
 3.96000004e-02  6.22124668e-01 
 3.96000010e-02  6.22124852e-01 
 3.96000020e-02  6.22125220e-01 
 3.96000040e-02  6.22125956e-01 
 3.96000081e-02  6.22127428e-01 
 3.96000163e-02  6.22130370e-01 
 3.96000327e-02  6.22136249e-01 
 3.96000655e-02  6.22147990e-01 
 3.96001310e-02  6.22171400e-01 
 3.96002621e-02  6.22217934e-01 
 3.96005242e-02  6.22309867e-01 
 3.96010485e-02  6.22489287e-01 
 3.96020971e-02  6.22831048e-01 
 3.96041942e-02  6.23451511e-01 
 3.96083885e-02  6.24476733e-01 
 3.96167772e-02  6.25888370e-01 
 3.96335544e-02  6.27255021e-01 
 3.96671088e-02  6.27889737e-01 
 3.97071088e-02  6.27873402e-01 
 3.97471088e-02  6.27875217e-01 
 3.97871088e-02  6.27875015e-01 
 3.98271088e-02  6.27875037e-01 
 3.98671088e-02  6.27875035e-01 
 3.99071088e-02  6.27875035e-01 
 3.99471088e-02  6.27875035e-01 
 3.99871088e-02  6.27875035e-01 
 3.99999992e-02  6.27875035e-01 
 3.99999993e-02  6.27875035e-01 
 3.99999994e-02  6.27875035e-01 
 3.99999998e-02  6.27875035e-01 
 4.00000000e-02  6.27875035e-01 
 4.00000001e-02  6.27875035e-01 
 4.00000002e-02  6.27875035e-01 
 4.00000004e-02  6.27875035e-01 
 4.00000010e-02  6.27875035e-01 
 4.00000020e-02  6.27875035e-01 
 4.00000040e-02  6.27875035e-01 
 4.00000081e-02  6.27875035e-01 
 4.00000163e-02  6.27875035e-01 
 4.00000327e-02  6.27875035e-01 
 4.00000655e-02  6.27875035e-01 
 4.00001310e-02  6.27875035e-01 
 4.00002621e-02  6.27875035e-01 
 4.00005242e-02  6.27875035e-01 
 4.00010485e-02  6.27875035e-01 
 4.00020971e-02  6.27875035e-01 
 4.00041942e-02  6.27875035e-01 
 4.00083885e-02  6.27875035e-01 
 4.00167772e-02  6.27875035e-01 
 4.00335544e-02  6.27875035e-01 
 4.00671088e-02  6.27875035e-01 
 4.01071088e-02  6.27875035e-01 
 4.01471088e-02  6.27875035e-01 
 4.01871088e-02  6.27875035e-01 
 4.02271088e-02  6.27875035e-01 
 4.02671088e-02  6.27875035e-01 
 4.03071088e-02  6.27875035e-01 
 4.03471088e-02  6.27875035e-01 
 4.03871088e-02  6.27875035e-01 
 4.03999992e-02  6.27875035e-01 
 4.03999993e-02  6.27875035e-01 
 4.03999994e-02  6.27875035e-01 
 4.03999998e-02  6.27875035e-01 
 4.04000000e-02  6.27875078e-01 
 4.04000001e-02  6.27875100e-01 
 4.04000002e-02  6.27875146e-01 
 4.04000004e-02  6.27875236e-01 
 4.04000010e-02  6.27875417e-01 
 4.04000020e-02  6.27875779e-01 
 4.04000040e-02  6.27876504e-01 
 4.04000081e-02  6.27877952e-01 
 4.04000163e-02  6.27880848e-01 
 4.04000327e-02  6.27886635e-01 
 4.04000655e-02  6.27898190e-01 
 4.04001310e-02  6.27921231e-01 
 4.04002621e-02  6.27967031e-01 
 4.04005242e-02  6.28057515e-01 
 4.04010485e-02  6.28234106e-01 
 4.04020971e-02  6.28570480e-01 
 4.04041942e-02  6.29181160e-01 
 4.04083885e-02  6.30190219e-01 
 4.04167772e-02  6.31579601e-01 
 4.04335544e-02  6.32924705e-01 
 4.04671088e-02  6.33549415e-01 
 4.05071088e-02  6.33533337e-01 
 4.05471088e-02  6.33535124e-01 
 4.05871088e-02  6.33534925e-01 
 4.06271088e-02  6.33534947e-01 
 4.06671088e-02  6.33534945e-01 
 4.07071088e-02  6.33534945e-01 
 4.07471088e-02  6.33534945e-01 
 4.07871088e-02  6.33534945e-01 
 4.07999992e-02  6.33534945e-01 
 4.07999993e-02  6.33534945e-01 
 4.07999994e-02  6.33534945e-01 
 4.07999998e-02  6.33534945e-01 
 4.08000000e-02  6.33534945e-01 
 4.08000001e-02  6.33534945e-01 
 4.08000002e-02  6.33534945e-01 
 4.08000004e-02  6.33534945e-01 
 4.08000010e-02  6.33534945e-01 
 4.08000020e-02  6.33534945e-01 
 4.08000040e-02  6.33534945e-01 
 4.08000081e-02  6.33534945e-01 
 4.08000163e-02  6.33534945e-01 
 4.08000327e-02  6.33534945e-01 
 4.08000655e-02  6.33534945e-01 
 4.08001310e-02  6.33534945e-01 
 4.08002621e-02  6.33534945e-01 
 4.08005242e-02  6.33534945e-01 
 4.08010485e-02  6.33534945e-01 
 4.08020971e-02  6.33534945e-01 
 4.08041942e-02  6.33534945e-01 
 4.08083885e-02  6.33534945e-01 
 4.08167772e-02  6.33534945e-01 
 4.08335544e-02  6.33534945e-01 
 4.08671088e-02  6.33534945e-01 
 4.09071088e-02  6.33534945e-01 
 4.09471088e-02  6.33534945e-01 
 4.09871088e-02  6.33534945e-01 
 4.10271088e-02  6.33534945e-01 
 4.10671088e-02  6.33534945e-01 
 4.11071088e-02  6.33534945e-01 
 4.11471088e-02  6.33534945e-01 
 4.11871088e-02  6.33534945e-01 
 4.11999992e-02  6.33534945e-01 
 4.11999993e-02  6.33534945e-01 
 4.11999994e-02  6.33534945e-01 
 4.11999998e-02  6.33534945e-01 
 4.12000000e-02  6.33534987e-01 
 4.12000001e-02  6.33535009e-01 
 4.12000002e-02  6.33535054e-01 
 4.12000004e-02  6.33535143e-01 
 4.12000010e-02  6.33535321e-01 
 4.12000020e-02  6.33535678e-01 
 4.12000040e-02  6.33536391e-01 
 4.12000081e-02  6.33537816e-01 
 4.12000163e-02  6.33540667e-01 
 4.12000327e-02  6.33546364e-01 
 4.12000655e-02  6.33557740e-01 
 4.12001310e-02  6.33580423e-01 
 4.12002621e-02  6.33625512e-01 
 4.12005242e-02  6.33714590e-01 
 4.12010485e-02  6.33888437e-01 
 4.12020971e-02  6.34219585e-01 
 4.12041942e-02  6.34820778e-01 
 4.12083885e-02  6.35814161e-01 
 4.12167772e-02  6.37181957e-01 
 4.12335544e-02  6.38506164e-01 
 4.12671088e-02  6.39121168e-01 
 4.13071088e-02  6.39105340e-01 
 4.13471088e-02  6.39107099e-01 
 4.13871088e-02  6.39106903e-01 
 4.14271088e-02  6.39106925e-01 
 4.14671088e-02  6.39106923e-01 
 4.15071088e-02  6.39106923e-01 
 4.15471088e-02  6.39106923e-01 
 4.15871088e-02  6.39106923e-01 
 4.15999992e-02  6.39106923e-01 
 4.15999993e-02  6.39106923e-01 
 4.15999994e-02  6.39106923e-01 
 4.15999998e-02  6.39106923e-01 
 4.16000000e-02  6.39106923e-01 
 4.16000001e-02  6.39106923e-01 
 4.16000002e-02  6.39106923e-01 
 4.16000004e-02  6.39106923e-01 
 4.16000010e-02  6.39106923e-01 
 4.16000020e-02  6.39106923e-01 
 4.16000040e-02  6.39106923e-01 
 4.16000081e-02  6.39106923e-01 
 4.16000163e-02  6.39106923e-01 
 4.16000327e-02  6.39106923e-01 
 4.16000655e-02  6.39106923e-01 
 4.16001310e-02  6.39106923e-01 
 4.16002621e-02  6.39106923e-01 
 4.16005242e-02  6.39106923e-01 
 4.16010485e-02  6.39106923e-01 
 4.16020971e-02  6.39106923e-01 
 4.16041942e-02  6.39106923e-01 
 4.16083885e-02  6.39106923e-01 
 4.16167772e-02  6.39106923e-01 
 4.16335544e-02  6.39106923e-01 
 4.16671088e-02  6.39106923e-01 
 4.17071088e-02  6.39106923e-01 
 4.17471088e-02  6.39106923e-01 
 4.17871088e-02  6.39106923e-01 
 4.18271088e-02  6.39106923e-01 
 4.18671088e-02  6.39106923e-01 
 4.19071088e-02  6.39106923e-01 
 4.19471088e-02  6.39106923e-01 
 4.19871088e-02  6.39106923e-01 
 4.19999992e-02  6.39106923e-01 
 4.19999993e-02  6.39106923e-01 
 4.19999994e-02  6.39106923e-01 
 4.19999998e-02  6.39106923e-01 
 4.20000000e-02  6.39106964e-01 
 4.20000001e-02  6.39106986e-01 
 4.20000002e-02  6.39107030e-01 
 4.20000004e-02  6.39107118e-01 
 4.20000010e-02  6.39107293e-01 
 4.20000020e-02  6.39107644e-01 
 4.20000040e-02  6.39108347e-01 
 4.20000081e-02  6.39109751e-01 
 4.20000163e-02  6.39112558e-01 
 4.20000327e-02  6.39118167e-01 
 4.20000655e-02  6.39129370e-01 
 4.20001310e-02  6.39151705e-01 
 4.20002621e-02  6.39196103e-01 
 4.20005242e-02  6.39283817e-01 
 4.20010485e-02  6.39455003e-01 
 4.20020971e-02  6.39781080e-01 
 4.20041942e-02  6.40373069e-01 
 4.20083885e-02  6.41351242e-01 
 4.20167772e-02  6.42698095e-01 
 4.20335544e-02  6.44002027e-01 
 4.20671088e-02  6.44607615e-01 
 4.21071088e-02  6.44592030e-01 
 4.21471088e-02  6.44593761e-01 
 4.21871088e-02  6.44593569e-01 
 4.22271088e-02  6.44593590e-01 
 4.22671088e-02  6.44593588e-01 
 4.23071088e-02  6.44593588e-01 
 4.23471088e-02  6.44593588e-01 
 4.23871088e-02  6.44593588e-01 
 4.23999992e-02  6.44593588e-01 
 4.23999993e-02  6.44593588e-01 
 4.23999994e-02  6.44593588e-01 
 4.23999998e-02  6.44593588e-01 
 4.24000000e-02  6.44593588e-01 
 4.24000001e-02  6.44593588e-01 
 4.24000002e-02  6.44593588e-01 
 4.24000004e-02  6.44593588e-01 
 4.24000010e-02  6.44593588e-01 
 4.24000020e-02  6.44593588e-01 
 4.24000040e-02  6.44593588e-01 
 4.24000081e-02  6.44593588e-01 
 4.24000163e-02  6.44593588e-01 
 4.24000327e-02  6.44593588e-01 
 4.24000655e-02  6.44593588e-01 
 4.24001310e-02  6.44593588e-01 
 4.24002621e-02  6.44593588e-01 
 4.24005242e-02  6.44593588e-01 
 4.24010485e-02  6.44593588e-01 
 4.24020971e-02  6.44593588e-01 
 4.24041942e-02  6.44593588e-01 
 4.24083885e-02  6.44593588e-01 
 4.24167772e-02  6.44593588e-01 
 4.24335544e-02  6.44593588e-01 
 4.24671088e-02  6.44593588e-01 
 4.25071088e-02  6.44593588e-01 
 4.25471088e-02  6.44593588e-01 
 4.25871088e-02  6.44593588e-01 
 4.26271088e-02  6.44593588e-01 
 4.26671088e-02  6.44593588e-01 
 4.27071088e-02  6.44593588e-01 
 4.27471088e-02  6.44593588e-01 
 4.27871088e-02  6.44593588e-01 
 4.27999992e-02  6.44593588e-01 
 4.27999993e-02  6.44593588e-01 
 4.27999994e-02  6.44593588e-01 
 4.27999998e-02  6.44593588e-01 
 4.28000000e-02  6.44593629e-01 
 4.28000001e-02  6.44593650e-01 
 4.28000002e-02  6.44593693e-01 
 4.28000004e-02  6.44593780e-01 
 4.28000010e-02  6.44593953e-01 
 4.28000020e-02  6.44594299e-01 
 4.28000040e-02  6.44594990e-01 
 4.28000081e-02  6.44596373e-01 
 4.28000163e-02  6.44599138e-01 
 4.28000327e-02  6.44604663e-01 
 4.28000655e-02  6.44615696e-01 
 4.28001310e-02  6.44637695e-01 
 4.28002621e-02  6.44681423e-01 
 4.28005242e-02  6.44767813e-01 
 4.28010485e-02  6.44936415e-01 
 4.28020971e-02  6.45257572e-01 
 4.28041942e-02  6.45840626e-01 
 4.28083885e-02  6.46804037e-01 
 4.28167772e-02  6.48130566e-01 
 4.28335544e-02  6.49414820e-01 
 4.28671088e-02  6.50011269e-01 
 4.29071088e-02  6.49995918e-01 
 4.29471088e-02  6.49997624e-01 
 4.29871088e-02  6.49997434e-01 
 4.30271088e-02  6.49997455e-01 
 4.30671088e-02  6.49997453e-01 
 4.31071088e-02  6.49997453e-01 
 4.31471088e-02  6.49997453e-01 
 4.31871088e-02  6.49997453e-01 
 4.31999992e-02  6.49997453e-01 
 4.31999993e-02  6.49997453e-01 
 4.31999994e-02  6.49997453e-01 
 4.31999998e-02  6.49997453e-01 
 4.32000000e-02  6.49997453e-01 
 4.32000001e-02  6.49997453e-01 
 4.32000002e-02  6.49997453e-01 
 4.32000004e-02  6.49997453e-01 
 4.32000010e-02  6.49997453e-01 
 4.32000020e-02  6.49997453e-01 
 4.32000040e-02  6.49997453e-01 
 4.32000081e-02  6.49997453e-01 
 4.32000163e-02  6.49997453e-01 
 4.32000327e-02  6.49997453e-01 
 4.32000655e-02  6.49997453e-01 
 4.32001310e-02  6.49997453e-01 
 4.32002621e-02  6.49997453e-01 
 4.32005242e-02  6.49997453e-01 
 4.32010485e-02  6.49997453e-01 
 4.32020971e-02  6.49997453e-01 
 4.32041942e-02  6.49997453e-01 
 4.32083885e-02  6.49997453e-01 
 4.32167772e-02  6.49997453e-01 
 4.32335544e-02  6.49997453e-01 
 4.32671088e-02  6.49997453e-01 
 4.33071088e-02  6.49997453e-01 
 4.33471088e-02  6.49997453e-01 
 4.33871088e-02  6.49997453e-01 
 4.34271088e-02  6.49997453e-01 
 4.34671088e-02  6.49997453e-01 
 4.35071088e-02  6.49997453e-01 
 4.35471088e-02  6.49997453e-01 
 4.35871088e-02  6.49997453e-01 
 4.35999992e-02  6.49997453e-01 
 4.35999993e-02  6.49997453e-01 
 4.35999994e-02  6.49997453e-01 
 4.35999998e-02  6.49997453e-01 
 4.36000000e-02  6.49997493e-01 
 4.36000001e-02  6.49997514e-01 
 4.36000002e-02  6.49997557e-01 
 4.36000004e-02  6.49997642e-01 
 4.36000010e-02  6.49997812e-01 
 4.36000020e-02  6.49998153e-01 
 4.36000040e-02  6.49998834e-01 
 4.36000081e-02  6.50000197e-01 
 4.36000163e-02  6.50002920e-01 
 4.36000327e-02  6.50008363e-01 
 4.36000655e-02  6.50019232e-01 
 4.36001310e-02  6.50040903e-01 
 4.36002621e-02  6.50083981e-01 
 4.36005242e-02  6.50169086e-01 
 4.36010485e-02  6.50335180e-01 
 4.36020971e-02  6.50651559e-01 
 4.36041942e-02  6.51225941e-01 
 4.36083885e-02  6.52175020e-01 
 4.36167772e-02  6.53481815e-01 
 4.36335544e-02  6.54746965e-01 
 4.36671088e-02  6.55334541e-01 
 4.37071088e-02  6.55319419e-01 
 4.37471088e-02  6.55321099e-01 
 4.37871088e-02  6.55320912e-01 
 4.38271088e-02  6.55320933e-01 
 4.38671088e-02  6.55320931e-01 
 4.39071088e-02  6.55320931e-01 
 4.39471088e-02  6.55320931e-01 
 4.39871088e-02  6.55320931e-01 
 4.39999992e-02  6.55320931e-01 
 4.39999993e-02  6.55320931e-01 
 4.39999994e-02  6.55320931e-01 
 4.39999998e-02  6.55320931e-01 
 4.40000000e-02  6.55320931e-01 
 4.40000001e-02  6.55320931e-01 
 4.40000002e-02  6.55320931e-01 
 4.40000004e-02  6.55320931e-01 
 4.40000010e-02  6.55320931e-01 
 4.40000020e-02  6.55320931e-01 
 4.40000040e-02  6.55320931e-01 
 4.40000081e-02  6.55320931e-01 
 4.40000163e-02  6.55320931e-01 
 4.40000327e-02  6.55320931e-01 
 4.40000655e-02  6.55320931e-01 
 4.40001310e-02  6.55320931e-01 
 4.40002621e-02  6.55320931e-01 
 4.40005242e-02  6.55320931e-01 
 4.40010485e-02  6.55320931e-01 
 4.40020971e-02  6.55320931e-01 
 4.40041942e-02  6.55320931e-01 
 4.40083885e-02  6.55320931e-01 
 4.40167772e-02  6.55320931e-01 
 4.40335544e-02  6.55320931e-01 
 4.40671088e-02  6.55320931e-01 
 4.41071088e-02  6.55320931e-01 
 4.41471088e-02  6.55320931e-01 
 4.41871088e-02  6.55320931e-01 
 4.42271088e-02  6.55320931e-01 
 4.42671088e-02  6.55320931e-01 
 4.43071088e-02  6.55320931e-01 
 4.43471088e-02  6.55320931e-01 
 4.43871088e-02  6.55320931e-01 
 4.43999992e-02  6.55320931e-01 
 4.43999993e-02  6.55320931e-01 
 4.43999994e-02  6.55320931e-01 
 4.43999998e-02  6.55320931e-01 
 4.44000000e-02  6.55320970e-01 
 4.44000001e-02  6.55320991e-01 
 4.44000002e-02  6.55321033e-01 
 4.44000004e-02  6.55321117e-01 
 4.44000010e-02  6.55321285e-01 
 4.44000020e-02  6.55321621e-01 
 4.44000040e-02  6.55322292e-01 
 4.44000081e-02  6.55323634e-01 
 4.44000163e-02  6.55326318e-01 
 4.44000327e-02  6.55331681e-01 
 4.44000655e-02  6.55342391e-01 
 4.44001310e-02  6.55363744e-01 
 4.44002621e-02  6.55406190e-01 
 4.44005242e-02  6.55490047e-01 
 4.44010485e-02  6.55653705e-01 
 4.44020971e-02  6.55965445e-01 
 4.44041942e-02  6.56531403e-01 
 4.44083885e-02  6.57466564e-01 
 4.44167772e-02  6.58754195e-01 
 4.44335544e-02  6.60000791e-01 
 4.44671088e-02  6.60579750e-01 
 4.45071088e-02  6.60564850e-01 
 4.45471088e-02  6.60566506e-01 
 4.45871088e-02  6.60566322e-01 
 4.46271088e-02  6.60566342e-01 
 4.46671088e-02  6.60566340e-01 
 4.47071088e-02  6.60566340e-01 
 4.47471088e-02  6.60566340e-01 
 4.47871088e-02  6.60566340e-01 
 4.47999992e-02  6.60566340e-01 
 4.47999993e-02  6.60566340e-01 
 4.47999994e-02  6.60566340e-01 
 4.47999998e-02  6.60566340e-01 
 4.48000000e-02  6.60566340e-01 
 4.48000001e-02  6.60566340e-01 
 4.48000002e-02  6.60566340e-01 
 4.48000004e-02  6.60566340e-01 
 4.48000010e-02  6.60566340e-01 
 4.48000020e-02  6.60566340e-01 
 4.48000040e-02  6.60566340e-01 
 4.48000081e-02  6.60566340e-01 
 4.48000163e-02  6.60566340e-01 
 4.48000327e-02  6.60566340e-01 
 4.48000655e-02  6.60566340e-01 
 4.48001310e-02  6.60566340e-01 
 4.48002621e-02  6.60566340e-01 
 4.48005242e-02  6.60566340e-01 
 4.48010485e-02  6.60566340e-01 
 4.48020971e-02  6.60566340e-01 
 4.48041942e-02  6.60566340e-01 
 4.48083885e-02  6.60566340e-01 
 4.48167772e-02  6.60566340e-01 
 4.48335544e-02  6.60566340e-01 
 4.48671088e-02  6.60566340e-01 
 4.49071088e-02  6.60566340e-01 
 4.49471088e-02  6.60566340e-01 
 4.49871088e-02  6.60566340e-01 
 4.50271088e-02  6.60566340e-01 
 4.50671088e-02  6.60566340e-01 
 4.51071088e-02  6.60566340e-01 
 4.51471088e-02  6.60566340e-01 
 4.51871088e-02  6.60566340e-01 
 4.51999992e-02  6.60566340e-01 
 4.51999993e-02  6.60566340e-01 
 4.51999994e-02  6.60566340e-01 
 4.51999998e-02  6.60566340e-01 
 4.52000000e-02  6.60566379e-01 
 4.52000001e-02  6.60566399e-01 
 4.52000002e-02  6.60566441e-01 
 4.52000004e-02  6.60566523e-01 
 4.52000010e-02  6.60566689e-01 
 4.52000020e-02  6.60567020e-01 
 4.52000040e-02  6.60567681e-01 
 4.52000081e-02  6.60569004e-01 
 4.52000163e-02  6.60571649e-01 
 4.52000327e-02  6.60576934e-01 
 4.52000655e-02  6.60587489e-01 
 4.52001310e-02  6.60608534e-01 
 4.52002621e-02  6.60650366e-01 
 4.52005242e-02  6.60733011e-01 
 4.52010485e-02  6.60894303e-01 
 4.52020971e-02  6.61201535e-01 
 4.52041942e-02  6.61759310e-01 
 4.52083885e-02  6.62680950e-01 
 4.52167772e-02  6.63949963e-01 
 4.52335544e-02  6.65178536e-01 
 4.52671088e-02  6.65749124e-01 
 4.53071088e-02  6.65734439e-01 
 4.53471088e-02  6.65736071e-01 
 4.53871088e-02  6.65735890e-01 
 4.54271088e-02  6.65735910e-01 
 4.54671088e-02  6.65735907e-01 
 4.55071088e-02  6.65735908e-01 
 4.55471088e-02  6.65735908e-01 
 4.55871088e-02  6.65735908e-01 
 4.55999992e-02  6.65735908e-01 
 4.55999993e-02  6.65735908e-01 
 4.55999994e-02  6.65735908e-01 
 4.55999998e-02  6.65735908e-01 
 4.56000000e-02  6.65735908e-01 
 4.56000001e-02  6.65735908e-01 
 4.56000002e-02  6.65735908e-01 
 4.56000004e-02  6.65735908e-01 
 4.56000010e-02  6.65735908e-01 
 4.56000020e-02  6.65735908e-01 
 4.56000040e-02  6.65735908e-01 
 4.56000081e-02  6.65735908e-01 
 4.56000163e-02  6.65735908e-01 
 4.56000327e-02  6.65735908e-01 
 4.56000655e-02  6.65735908e-01 
 4.56001310e-02  6.65735908e-01 
 4.56002621e-02  6.65735908e-01 
 4.56005242e-02  6.65735908e-01 
 4.56010485e-02  6.65735908e-01 
 4.56020971e-02  6.65735908e-01 
 4.56041942e-02  6.65735908e-01 
 4.56083885e-02  6.65735908e-01 
 4.56167772e-02  6.65735908e-01 
 4.56335544e-02  6.65735908e-01 
 4.56671088e-02  6.65735908e-01 
 4.57071088e-02  6.65735908e-01 
 4.57471088e-02  6.65735908e-01 
 4.57871088e-02  6.65735908e-01 
 4.58271088e-02  6.65735908e-01 
 4.58671088e-02  6.65735908e-01 
 4.59071088e-02  6.65735908e-01 
 4.59471088e-02  6.65735908e-01 
 4.59871088e-02  6.65735908e-01 
 4.59999992e-02  6.65735908e-01 
 4.59999993e-02  6.65735908e-01 
 4.59999994e-02  6.65735908e-01 
 4.59999998e-02  6.65735908e-01 
 4.60000000e-02  6.65735946e-01 
 4.60000001e-02  6.65735966e-01 
 4.60000002e-02  6.65736007e-01 
 4.60000004e-02  6.65736089e-01 
 4.60000010e-02  6.65736252e-01 
 4.60000020e-02  6.65736578e-01 
 4.60000040e-02  6.65737230e-01 
 4.60000081e-02  6.65738534e-01 
 4.60000163e-02  6.65741141e-01 
 4.60000327e-02  6.65746351e-01 
 4.60000655e-02  6.65756755e-01 
 4.60001310e-02  6.65777500e-01 
 4.60002621e-02  6.65818736e-01 
 4.60005242e-02  6.65900202e-01 
 4.60010485e-02  6.66059195e-01 
 4.60020971e-02  6.66362047e-01 
 4.60041942e-02  6.66911870e-01 
 4.60083885e-02  6.67820371e-01 
 4.60167772e-02  6.69071293e-01 
 4.60335544e-02  6.70282351e-01 
 4.60671088e-02  6.70844804e-01 
 4.61071088e-02  6.70830329e-01 
 4.61471088e-02  6.70831937e-01 
 4.61871088e-02  6.70831759e-01 
 4.62271088e-02  6.70831778e-01 
 4.62671088e-02  6.70831776e-01 
 4.63071088e-02  6.70831776e-01 
 4.63471088e-02  6.70831776e-01 
 4.63871088e-02  6.70831776e-01 
 4.63999992e-02  6.70831776e-01 
 4.63999993e-02  6.70831776e-01 
 4.63999994e-02  6.70831776e-01 
 4.63999998e-02  6.70831776e-01 
 4.64000000e-02  6.70831776e-01 
 4.64000001e-02  6.70831776e-01 
 4.64000002e-02  6.70831776e-01 
 4.64000004e-02  6.70831776e-01 
 4.64000010e-02  6.70831776e-01 
 4.64000020e-02  6.70831776e-01 
 4.64000040e-02  6.70831776e-01 
 4.64000081e-02  6.70831776e-01 
 4.64000163e-02  6.70831776e-01 
 4.64000327e-02  6.70831776e-01 
 4.64000655e-02  6.70831776e-01 
 4.64001310e-02  6.70831776e-01 
 4.64002621e-02  6.70831776e-01 
 4.64005242e-02  6.70831776e-01 
 4.64010485e-02  6.70831776e-01 
 4.64020971e-02  6.70831776e-01 
 4.64041942e-02  6.70831776e-01 
 4.64083885e-02  6.70831776e-01 
 4.64167772e-02  6.70831776e-01 
 4.64335544e-02  6.70831776e-01 
 4.64671088e-02  6.70831776e-01 
 4.65071088e-02  6.70831776e-01 
 4.65471088e-02  6.70831776e-01 
 4.65871088e-02  6.70831776e-01 
 4.66271088e-02  6.70831776e-01 
 4.66671088e-02  6.70831776e-01 
 4.67071088e-02  6.70831776e-01 
 4.67471088e-02  6.70831776e-01 
 4.67871088e-02  6.70831776e-01 
 4.67999992e-02  6.70831776e-01 
 4.67999993e-02  6.70831776e-01 
 4.67999994e-02  6.70831776e-01 
 4.67999998e-02  6.70831776e-01 
 4.68000000e-02  6.70831814e-01 
 4.68000001e-02  6.70831834e-01 
 4.68000002e-02  6.70831874e-01 
 4.68000004e-02  6.70831955e-01 
 4.68000010e-02  6.70832116e-01 
 4.68000020e-02  6.70832437e-01 
 4.68000040e-02  6.70833080e-01 
 4.68000081e-02  6.70834366e-01 
 4.68000163e-02  6.70836936e-01 
 4.68000327e-02  6.70842073e-01 
 4.68000655e-02  6.70852331e-01 
 4.68001310e-02  6.70872784e-01 
 4.68002621e-02  6.70913440e-01 
 4.68005242e-02  6.70993761e-01 
 4.68010485e-02  6.71150519e-01 
 4.68020971e-02  6.71449113e-01 
 4.68041942e-02  6.71991207e-01 
 4.68083885e-02  6.72886936e-01 
 4.68167772e-02  6.74120272e-01 
 4.68335544e-02  6.75314305e-01 
 4.68671088e-02  6.75868851e-01 
 4.69071088e-02  6.75854579e-01 
 4.69471088e-02  6.75856165e-01 
 4.69871088e-02  6.75855989e-01 
 4.70271088e-02  6.75856009e-01 
 4.70671088e-02  6.75856006e-01 
 4.71071088e-02  6.75856007e-01 
 4.71471088e-02  6.75856007e-01 
 4.71871088e-02  6.75856007e-01 
 4.71999992e-02  6.75856007e-01 
 4.71999993e-02  6.75856007e-01 
 4.71999994e-02  6.75856007e-01 
 4.71999998e-02  6.75856007e-01 
 4.72000000e-02  6.75856007e-01 
 4.72000001e-02  6.75856007e-01 
 4.72000002e-02  6.75856007e-01 
 4.72000004e-02  6.75856007e-01 
 4.72000010e-02  6.75856007e-01 
 4.72000020e-02  6.75856007e-01 
 4.72000040e-02  6.75856007e-01 
 4.72000081e-02  6.75856007e-01 
 4.72000163e-02  6.75856007e-01 
 4.72000327e-02  6.75856007e-01 
 4.72000655e-02  6.75856007e-01 
 4.72001310e-02  6.75856007e-01 
 4.72002621e-02  6.75856007e-01 
 4.72005242e-02  6.75856007e-01 
 4.72010485e-02  6.75856007e-01 
 4.72020971e-02  6.75856007e-01 
 4.72041942e-02  6.75856007e-01 
 4.72083885e-02  6.75856007e-01 
 4.72167772e-02  6.75856007e-01 
 4.72335544e-02  6.75856007e-01 
 4.72671088e-02  6.75856007e-01 
 4.73071088e-02  6.75856007e-01 
 4.73471088e-02  6.75856007e-01 
 4.73871088e-02  6.75856007e-01 
 4.74271088e-02  6.75856007e-01 
 4.74671088e-02  6.75856007e-01 
 4.75071088e-02  6.75856007e-01 
 4.75471088e-02  6.75856007e-01 
 4.75871088e-02  6.75856007e-01 
 4.75999992e-02  6.75856007e-01 
 4.75999993e-02  6.75856007e-01 
 4.75999994e-02  6.75856007e-01 
 4.75999998e-02  6.75856007e-01 
 4.76000000e-02  6.75856044e-01 
 4.76000001e-02  6.75856064e-01 
 4.76000002e-02  6.75856103e-01 
 4.76000004e-02  6.75856182e-01 
 4.76000010e-02  6.75856341e-01 
 4.76000020e-02  6.75856658e-01 
 4.76000040e-02  6.75857292e-01 
 4.76000081e-02  6.75858560e-01 
 4.76000163e-02  6.75861095e-01 
 4.76000327e-02  6.75866160e-01 
 4.76000655e-02  6.75876276e-01 
 4.76001310e-02  6.75896446e-01 
 4.76002621e-02  6.75936538e-01 
 4.76005242e-02  6.76015746e-01 
 4.76010485e-02  6.76170330e-01 
 4.76020971e-02  6.76464785e-01 
 4.76041942e-02  6.76999363e-01 
 4.76083885e-02  6.77882674e-01 
 4.76167772e-02  6.79098911e-01 
 4.76335544e-02  6.80276390e-01 
 4.76671088e-02  6.80823248e-01 
 4.77071088e-02  6.80809174e-01 
 4.77471088e-02  6.80810738e-01 
 4.77871088e-02  6.80810564e-01 
 4.78271088e-02  6.80810583e-01 
 4.78671088e-02  6.80810581e-01 
 4.79071088e-02  6.80810581e-01 
 4.79471088e-02  6.80810581e-01 
 4.79871088e-02  6.80810581e-01 
 4.79999992e-02  6.80810581e-01 
 4.79999993e-02  6.80810581e-01 
 4.79999994e-02  6.80810581e-01 
 4.79999998e-02  6.80810581e-01 
 4.80000000e-02  6.80810581e-01 
 4.80000001e-02  6.80810581e-01 
 4.80000002e-02  6.80810581e-01 
 4.80000004e-02  6.80810581e-01 
 4.80000010e-02  6.80810581e-01 
 4.80000020e-02  6.80810581e-01 
 4.80000040e-02  6.80810581e-01 
 4.80000081e-02  6.80810581e-01 
 4.80000163e-02  6.80810581e-01 
 4.80000327e-02  6.80810581e-01 
 4.80000655e-02  6.80810581e-01 
 4.80001310e-02  6.80810581e-01 
 4.80002621e-02  6.80810581e-01 
 4.80005242e-02  6.80810581e-01 
 4.80010485e-02  6.80810581e-01 
 4.80020971e-02  6.80810581e-01 
 4.80041942e-02  6.80810581e-01 
 4.80083885e-02  6.80810581e-01 
 4.80167772e-02  6.80810581e-01 
 4.80335544e-02  6.80810581e-01 
 4.80671088e-02  6.80810581e-01 
 4.81071088e-02  6.80810581e-01 
 4.81471088e-02  6.80810581e-01 
 4.81871088e-02  6.80810581e-01 
 4.82271088e-02  6.80810581e-01 
 4.82671088e-02  6.80810581e-01 
 4.83071088e-02  6.80810581e-01 
 4.83471088e-02  6.80810581e-01 
 4.83871088e-02  6.80810581e-01 
 4.83999992e-02  6.80810581e-01 
 4.83999993e-02  6.80810581e-01 
 4.83999994e-02  6.80810581e-01 
 4.83999998e-02  6.80810581e-01 
 4.84000000e-02  6.80810618e-01 
 4.84000001e-02  6.80810637e-01 
 4.84000002e-02  6.80810677e-01 
 4.84000004e-02  6.80810755e-01 
 4.84000010e-02  6.80810911e-01 
 4.84000020e-02  6.80811224e-01 
 4.84000040e-02  6.80811849e-01 
 4.84000081e-02  6.80813100e-01 
 4.84000163e-02  6.80815600e-01 
 4.84000327e-02  6.80820596e-01 
 4.84000655e-02  6.80830574e-01 
 4.84001310e-02  6.80850468e-01 
 4.84002621e-02  6.80890012e-01 
 4.84005242e-02  6.80968136e-01 
 4.84010485e-02  6.81120607e-01 
 4.84020971e-02  6.81411036e-01 
 4.84041942e-02  6.81938304e-01 
 4.84083885e-02  6.82809537e-01 
 4.84167772e-02  6.84009144e-01 
 4.84335544e-02  6.85170522e-01 
 4.84671088e-02  6.85709903e-01 
 4.85071088e-02  6.85696021e-01 
 4.85471088e-02  6.85697564e-01 
 4.85871088e-02  6.85697392e-01 
 4.86271088e-02  6.85697412e-01 
 4.86671088e-02  6.85697409e-01 
 4.87071088e-02  6.85697410e-01 
 4.87471088e-02  6.85697410e-01 
 4.87871088e-02  6.85697410e-01 
 4.87999992e-02  6.85697410e-01 
 4.87999993e-02  6.85697410e-01 
 4.87999994e-02  6.85697410e-01 
 4.87999998e-02  6.85697410e-01 
 4.88000000e-02  6.85697410e-01 
 4.88000001e-02  6.85697410e-01 
 4.88000002e-02  6.85697410e-01 
 4.88000004e-02  6.85697410e-01 
 4.88000010e-02  6.85697410e-01 
 4.88000020e-02  6.85697410e-01 
 4.88000040e-02  6.85697410e-01 
 4.88000081e-02  6.85697410e-01 
 4.88000163e-02  6.85697410e-01 
 4.88000327e-02  6.85697410e-01 
 4.88000655e-02  6.85697410e-01 
 4.88001310e-02  6.85697410e-01 
 4.88002621e-02  6.85697410e-01 
 4.88005242e-02  6.85697410e-01 
 4.88010485e-02  6.85697410e-01 
 4.88020971e-02  6.85697410e-01 
 4.88041942e-02  6.85697410e-01 
 4.88083885e-02  6.85697410e-01 
 4.88167772e-02  6.85697410e-01 
 4.88335544e-02  6.85697410e-01 
 4.88671088e-02  6.85697410e-01 
 4.89071088e-02  6.85697410e-01 
 4.89471088e-02  6.85697410e-01 
 4.89871088e-02  6.85697410e-01 
 4.90271088e-02  6.85697410e-01 
 4.90671088e-02  6.85697410e-01 
 4.91071088e-02  6.85697410e-01 
 4.91471088e-02  6.85697410e-01 
 4.91871088e-02  6.85697410e-01 
 4.91999992e-02  6.85697410e-01 
 4.91999993e-02  6.85697410e-01 
 4.91999994e-02  6.85697410e-01 
 4.91999998e-02  6.85697410e-01 
 4.92000000e-02  6.85697446e-01 
 4.92000001e-02  6.85697465e-01 
 4.92000002e-02  6.85697504e-01 
 4.92000004e-02  6.85697581e-01 
 4.92000010e-02  6.85697735e-01 
 4.92000020e-02  6.85698044e-01 
 4.92000040e-02  6.85698660e-01 
 4.92000081e-02  6.85699894e-01 
 4.92000163e-02  6.85702361e-01 
 4.92000327e-02  6.85707290e-01 
 4.92000655e-02  6.85717133e-01 
 4.92001310e-02  6.85736758e-01 
 4.92002621e-02  6.85775769e-01 
 4.92005242e-02  6.85852840e-01 
 4.92010485e-02  6.86003254e-01 
 4.92020971e-02  6.86289766e-01 
 4.92041942e-02  6.86809923e-01 
 4.92083885e-02  6.87669406e-01 
 4.92167772e-02  6.88852834e-01 
 4.92335544e-02  6.89998549e-01 
 4.92671088e-02  6.90530655e-01 
 4.93071088e-02  6.90516961e-01 
 4.93471088e-02  6.90518483e-01 
 4.93871088e-02  6.90518313e-01 
 4.94271088e-02  6.90518332e-01 
 4.94671088e-02  6.90518330e-01 
 4.95071088e-02  6.90518330e-01 
 4.95471088e-02  6.90518330e-01 
 4.95871088e-02  6.90518330e-01 
 4.95999992e-02  6.90518330e-01 
 4.95999993e-02  6.90518330e-01 
 4.95999994e-02  6.90518330e-01 
 4.95999998e-02  6.90518330e-01 
 4.96000000e-02  6.90518330e-01 
 4.96000001e-02  6.90518330e-01 
 4.96000002e-02  6.90518330e-01 
 4.96000004e-02  6.90518330e-01 
 4.96000010e-02  6.90518330e-01 
 4.96000020e-02  6.90518330e-01 
 4.96000040e-02  6.90518330e-01 
 4.96000081e-02  6.90518330e-01 
 4.96000163e-02  6.90518330e-01 
 4.96000327e-02  6.90518330e-01 
 4.96000655e-02  6.90518330e-01 
 4.96001310e-02  6.90518330e-01 
 4.96002621e-02  6.90518330e-01 
 4.96005242e-02  6.90518330e-01 
 4.96010485e-02  6.90518330e-01 
 4.96020971e-02  6.90518330e-01 
 4.96041942e-02  6.90518330e-01 
 4.96083885e-02  6.90518330e-01 
 4.96167772e-02  6.90518330e-01 
 4.96335544e-02  6.90518330e-01 
 4.96671088e-02  6.90518330e-01 
 4.97071088e-02  6.90518330e-01 
 4.97471088e-02  6.90518330e-01 
 4.97871088e-02  6.90518330e-01 
 4.98271088e-02  6.90518330e-01 
 4.98671088e-02  6.90518330e-01 
 4.99071088e-02  6.90518330e-01 
 4.99471088e-02  6.90518330e-01 
 4.99871088e-02  6.90518330e-01 
 4.99999992e-02  6.90518330e-01 
 4.99999993e-02  6.90518330e-01 
 4.99999994e-02  6.90518330e-01 
 4.99999998e-02  6.90518330e-01 
 5.00000000e-02  6.90518366e-01 
 5.00000001e-02  6.90518385e-01 
 5.00000002e-02  6.90518423e-01 
 5.00000004e-02  6.90518499e-01 
 5.00000010e-02  6.90518651e-01 
 5.00000020e-02  6.90518956e-01 
 5.00000040e-02  6.90519565e-01 
 5.00000081e-02  6.90520782e-01 
 5.00000163e-02  6.90523215e-01 
 5.00000327e-02  6.90528079e-01 
 5.00000655e-02  6.90537791e-01 
 5.00001310e-02  6.90557155e-01 
 5.00002621e-02  6.90595647e-01 
 5.00005242e-02  6.90671693e-01 
 5.00010485e-02  6.90820106e-01 
 5.00020971e-02  6.91102806e-01 
 5.00041942e-02  6.91616043e-01 
 5.00083885e-02  6.92464092e-01 
 5.00167772e-02  6.93631776e-01 
 5.00335544e-02  6.94762249e-01 
 5.00671088e-02  6.95287276e-01 
 5.01071088e-02  6.95273764e-01 
 5.01471088e-02  6.95275265e-01 
 5.01871088e-02  6.95275098e-01 
 5.02271088e-02  6.95275117e-01 
 5.02671088e-02  6.95275115e-01 
 5.03071088e-02  6.95275115e-01 
 5.03471088e-02  6.95275115e-01 
 5.03871088e-02  6.95275115e-01 
 5.03999992e-02  6.95275115e-01 
 5.03999993e-02  6.95275115e-01 
 5.03999994e-02  6.95275115e-01 
 5.03999998e-02  6.95275115e-01 
 5.04000000e-02  6.95275115e-01 
 5.04000001e-02  6.95275115e-01 
 5.04000002e-02  6.95275115e-01 
 5.04000004e-02  6.95275115e-01 
 5.04000010e-02  6.95275115e-01 
 5.04000020e-02  6.95275115e-01 
 5.04000040e-02  6.95275115e-01 
 5.04000081e-02  6.95275115e-01 
 5.04000163e-02  6.95275115e-01 
 5.04000327e-02  6.95275115e-01 
 5.04000655e-02  6.95275115e-01 
 5.04001310e-02  6.95275115e-01 
 5.04002621e-02  6.95275115e-01 
 5.04005242e-02  6.95275115e-01 
 5.04010485e-02  6.95275115e-01 
 5.04020971e-02  6.95275115e-01 
 5.04041942e-02  6.95275115e-01 
 5.04083885e-02  6.95275115e-01 
 5.04167772e-02  6.95275115e-01 
 5.04335544e-02  6.95275115e-01 
 5.04671088e-02  6.95275115e-01 
 5.05071088e-02  6.95275115e-01 
 5.05471088e-02  6.95275115e-01 
 5.05871088e-02  6.95275115e-01 
 5.06271088e-02  6.95275115e-01 
 5.06671088e-02  6.95275115e-01 
 5.07071088e-02  6.95275115e-01 
 5.07471088e-02  6.95275115e-01 
 5.07871088e-02  6.95275115e-01 
 5.07999992e-02  6.95275115e-01 
 5.07999993e-02  6.95275115e-01 
 5.07999994e-02  6.95275115e-01 
 5.07999998e-02  6.95275115e-01 
 5.08000000e-02  6.95275150e-01 
 5.08000001e-02  6.95275169e-01 
 5.08000002e-02  6.95275207e-01 
 5.08000004e-02  6.95275282e-01 
 5.08000010e-02  6.95275432e-01 
 5.08000020e-02  6.95275732e-01 
 5.08000040e-02  6.95276333e-01 
 5.08000081e-02  6.95277534e-01 
 5.08000163e-02  6.95279936e-01 
 5.08000327e-02  6.95284736e-01 
 5.08000655e-02  6.95294320e-01 
 5.08001310e-02  6.95313431e-01 
 5.08002621e-02  6.95351417e-01 
 5.08005242e-02  6.95426465e-01 
 5.08010485e-02  6.95572930e-01 
 5.08020971e-02  6.95851920e-01 
 5.08041942e-02  6.96358422e-01 
 5.08083885e-02  6.97195340e-01 
 5.08167772e-02  6.98347700e-01 
 5.08335544e-02  6.99463336e-01 
 5.08671088e-02  6.99981473e-01 
 5.09071088e-02  6.99968138e-01 
 5.09471088e-02  6.99969620e-01 
 5.09871088e-02  6.99969455e-01 
 5.10271088e-02  6.99969473e-01 
 5.10671088e-02  6.99969471e-01 
 5.11071088e-02  6.99969472e-01 
 5.11471088e-02  6.99969472e-01 
 5.11871088e-02  6.99969472e-01 
 5.11999992e-02  6.99969472e-01 
 5.11999993e-02  6.99969472e-01 
 5.11999994e-02  6.99969472e-01 
 5.11999998e-02  6.99969472e-01 
 5.12000000e-02  6.99969472e-01 
 5.12000001e-02  6.99969472e-01 
 5.12000002e-02  6.99969472e-01 
 5.12000004e-02  6.99969472e-01 
 5.12000010e-02  6.99969472e-01 
 5.12000020e-02  6.99969472e-01 
 5.12000040e-02  6.99969472e-01 
 5.12000081e-02  6.99969472e-01 
 5.12000163e-02  6.99969472e-01 
 5.12000327e-02  6.99969472e-01 
 5.12000655e-02  6.99969472e-01 
 5.12001310e-02  6.99969472e-01 
 5.12002621e-02  6.99969472e-01 
 5.12005242e-02  6.99969472e-01 
 5.12010485e-02  6.99969472e-01 
 5.12020971e-02  6.99969472e-01 
 5.12041942e-02  6.99969472e-01 
 5.12083885e-02  6.99969472e-01 
 5.12167772e-02  6.99969472e-01 
 5.12335544e-02  6.99969472e-01 
 5.12671088e-02  6.99969472e-01 
 5.13071088e-02  6.99969472e-01 
 5.13471088e-02  6.99969472e-01 
 5.13871088e-02  6.99969472e-01 
 5.14271088e-02  6.99969472e-01 
 5.14671088e-02  6.99969472e-01 
 5.15071088e-02  6.99969472e-01 
 5.15471088e-02  6.99969472e-01 
 5.15871088e-02  6.99969472e-01 
 5.15999992e-02  6.99969472e-01 
 5.15999993e-02  6.99969472e-01 
 5.15999994e-02  6.99969472e-01 
 5.15999998e-02  6.99969472e-01 
 5.16000000e-02  6.99969506e-01 
 5.16000001e-02  6.99969525e-01 
 5.16000002e-02  6.99969562e-01 
 5.16000004e-02  6.99969636e-01 
 5.16000010e-02  6.99969784e-01 
 5.16000020e-02  6.99970081e-01 
 5.16000040e-02  6.99970674e-01 
 5.16000081e-02  6.99971860e-01 
 5.16000163e-02  6.99974230e-01 
 5.16000327e-02  6.99978968e-01 
 5.16000655e-02  6.99988428e-01 
 5.16001310e-02  7.00007291e-01 
 5.16002621e-02  7.00044786e-01 
 5.16005242e-02  7.00118861e-01 
 5.16010485e-02  7.00263431e-01 
 5.16020971e-02  7.00538808e-01 
 5.16041942e-02  7.01038752e-01 
 5.16083885e-02  7.01864834e-01 
 5.16167772e-02  7.03002273e-01 
 5.16335544e-02  7.04103464e-01 
 5.16671088e-02  7.04614892e-01 
 5.17071088e-02  7.04601730e-01 
 5.17471088e-02  7.04603193e-01 
 5.17871088e-02  7.04603030e-01 
 5.18271088e-02  7.04603048e-01 
 5.18671088e-02  7.04603046e-01 
 5.19071088e-02  7.04603046e-01 
 5.19471088e-02  7.04603046e-01 
 5.19871088e-02  7.04603046e-01 
 5.19999992e-02  7.04603046e-01 
 5.19999993e-02  7.04603046e-01 
 5.19999994e-02  7.04603046e-01 
 5.19999998e-02  7.04603046e-01 
 5.20000000e-02  7.04603046e-01 
 5.20000001e-02  7.04603046e-01 
 5.20000002e-02  7.04603046e-01 
 5.20000004e-02  7.04603046e-01 
 5.20000010e-02  7.04603046e-01 
 5.20000020e-02  7.04603046e-01 
 5.20000040e-02  7.04603046e-01 
 5.20000081e-02  7.04603046e-01 
 5.20000163e-02  7.04603046e-01 
 5.20000327e-02  7.04603046e-01 
 5.20000655e-02  7.04603046e-01 
 5.20001310e-02  7.04603046e-01 
 5.20002621e-02  7.04603046e-01 
 5.20005242e-02  7.04603046e-01 
 5.20010485e-02  7.04603046e-01 
 5.20020971e-02  7.04603046e-01 
 5.20041942e-02  7.04603046e-01 
 5.20083885e-02  7.04603046e-01 
 5.20167772e-02  7.04603046e-01 
 5.20335544e-02  7.04603046e-01 
 5.20671088e-02  7.04603046e-01 
 5.21071088e-02  7.04603046e-01 
 5.21471088e-02  7.04603046e-01 
 5.21871088e-02  7.04603046e-01 
 5.22271088e-02  7.04603046e-01 
 5.22671088e-02  7.04603046e-01 
 5.23071088e-02  7.04603046e-01 
 5.23471088e-02  7.04603046e-01 
 5.23871088e-02  7.04603046e-01 
 5.23999992e-02  7.04603046e-01 
 5.23999993e-02  7.04603046e-01 
 5.23999994e-02  7.04603046e-01 
 5.23999998e-02  7.04603046e-01 
 5.24000000e-02  7.04603081e-01 
 5.24000001e-02  7.04603099e-01 
 5.24000002e-02  7.04603136e-01 
 5.24000004e-02  7.04603209e-01 
 5.24000010e-02  7.04603355e-01 
 5.24000020e-02  7.04603648e-01 
 5.24000040e-02  7.04604233e-01 
 5.24000081e-02  7.04605404e-01 
 5.24000163e-02  7.04607744e-01 
 5.24000327e-02  7.04612421e-01 
 5.24000655e-02  7.04621761e-01 
 5.24001310e-02  7.04640383e-01 
 5.24002621e-02  7.04677398e-01 
 5.24005242e-02  7.04750528e-01 
 5.24010485e-02  7.04893250e-01 
 5.24020971e-02  7.05165110e-01 
 5.24041942e-02  7.05658666e-01 
 5.24083885e-02  7.06474196e-01 
 5.24167772e-02  7.07597104e-01 
 5.24335544e-02  7.08684228e-01 
 5.24671088e-02  7.09189122e-01 
 5.25071088e-02  7.09176128e-01 
 5.25471088e-02  7.09177572e-01 
 5.25871088e-02  7.09177412e-01 
 5.26271088e-02  7.09177429e-01 
 5.26671088e-02  7.09177427e-01 
 5.27071088e-02  7.09177428e-01 
 5.27471088e-02  7.09177428e-01 
 5.27871088e-02  7.09177428e-01 
 5.27999992e-02  7.09177428e-01 
 5.27999993e-02  7.09177428e-01 
 5.27999994e-02  7.09177428e-01 
 5.27999998e-02  7.09177428e-01 
 5.28000000e-02  7.09177428e-01 
 5.28000001e-02  7.09177428e-01 
 5.28000002e-02  7.09177428e-01 
 5.28000004e-02  7.09177428e-01 
 5.28000010e-02  7.09177428e-01 
 5.28000020e-02  7.09177428e-01 
 5.28000040e-02  7.09177428e-01 
 5.28000081e-02  7.09177428e-01 
 5.28000163e-02  7.09177428e-01 
 5.28000327e-02  7.09177428e-01 
 5.28000655e-02  7.09177428e-01 
 5.28001310e-02  7.09177428e-01 
 5.28002621e-02  7.09177428e-01 
 5.28005242e-02  7.09177428e-01 
 5.28010485e-02  7.09177428e-01 
 5.28020971e-02  7.09177428e-01 
 5.28041942e-02  7.09177428e-01 
 5.28083885e-02  7.09177428e-01 
 5.28167772e-02  7.09177428e-01 
 5.28335544e-02  7.09177428e-01 
 5.28671088e-02  7.09177428e-01 
 5.29071088e-02  7.09177428e-01 
 5.29471088e-02  7.09177428e-01 
 5.29871088e-02  7.09177428e-01 
 5.30271088e-02  7.09177428e-01 
 5.30671088e-02  7.09177428e-01 
 5.31071088e-02  7.09177428e-01 
 5.31471088e-02  7.09177428e-01 
 5.31871088e-02  7.09177428e-01 
 5.31999992e-02  7.09177428e-01 
 5.31999993e-02  7.09177428e-01 
 5.31999994e-02  7.09177428e-01 
 5.31999998e-02  7.09177428e-01 
 5.32000000e-02  7.09177462e-01 
 5.32000001e-02  7.09177480e-01 
 5.32000002e-02  7.09177516e-01 
 5.32000004e-02  7.09177588e-01 
 5.32000010e-02  7.09177733e-01 
 5.32000020e-02  7.09178022e-01 
 5.32000040e-02  7.09178600e-01 
 5.32000081e-02  7.09179755e-01 
 5.32000163e-02  7.09182066e-01 
 5.32000327e-02  7.09186684e-01 
 5.32000655e-02  7.09195906e-01 
 5.32001310e-02  7.09214293e-01 
 5.32002621e-02  7.09250842e-01 
 5.32005242e-02  7.09323050e-01 
 5.32010485e-02  7.09463973e-01 
 5.32020971e-02  7.09732406e-01 
 5.32041942e-02  7.10219741e-01 
 5.32083885e-02  7.11024991e-01 
 5.32167772e-02  7.12133745e-01 
 5.32335544e-02  7.13207165e-01 
 5.32671088e-02  7.13705696e-01 
 5.33071088e-02  7.13692865e-01 
 5.33471088e-02  7.13694291e-01 
 5.33871088e-02  7.13694132e-01 
 5.34271088e-02  7.13694150e-01 
 5.34671088e-02  7.13694148e-01 
 5.35071088e-02  7.13694148e-01 
 5.35471088e-02  7.13694148e-01 
 5.35871088e-02  7.13694148e-01 
 5.35999992e-02  7.13694148e-01 
 5.35999993e-02  7.13694148e-01 
 5.35999994e-02  7.13694148e-01 
 5.35999998e-02  7.13694148e-01 
 5.36000000e-02  7.13694148e-01 
 5.36000001e-02  7.13694148e-01 
 5.36000002e-02  7.13694148e-01 
 5.36000004e-02  7.13694148e-01 
 5.36000010e-02  7.13694148e-01 
 5.36000020e-02  7.13694148e-01 
 5.36000040e-02  7.13694148e-01 
 5.36000081e-02  7.13694148e-01 
 5.36000163e-02  7.13694148e-01 
 5.36000327e-02  7.13694148e-01 
 5.36000655e-02  7.13694148e-01 
 5.36001310e-02  7.13694148e-01 
 5.36002621e-02  7.13694148e-01 
 5.36005242e-02  7.13694148e-01 
 5.36010485e-02  7.13694148e-01 
 5.36020971e-02  7.13694148e-01 
 5.36041942e-02  7.13694148e-01 
 5.36083885e-02  7.13694148e-01 
 5.36167772e-02  7.13694148e-01 
 5.36335544e-02  7.13694148e-01 
 5.36671088e-02  7.13694148e-01 
 5.37071088e-02  7.13694148e-01 
 5.37471088e-02  7.13694148e-01 
 5.37871088e-02  7.13694148e-01 
 5.38271088e-02  7.13694148e-01 
 5.38671088e-02  7.13694148e-01 
 5.39071088e-02  7.13694148e-01 
 5.39471088e-02  7.13694148e-01 
 5.39871088e-02  7.13694148e-01 
 5.39999992e-02  7.13694148e-01 
 5.39999993e-02  7.13694148e-01 
 5.39999994e-02  7.13694148e-01 
 5.39999998e-02  7.13694148e-01 
 5.40000000e-02  7.13694182e-01 
 5.40000001e-02  7.13694199e-01 
 5.40000002e-02  7.13694235e-01 
 5.40000004e-02  7.13694307e-01 
 5.40000010e-02  7.13694449e-01 
 5.40000020e-02  7.13694735e-01 
 5.40000040e-02  7.13695306e-01 
 5.40000081e-02  7.13696447e-01 
 5.40000163e-02  7.13698729e-01 
 5.40000327e-02  7.13703290e-01 
 5.40000655e-02  7.13712397e-01 
 5.40001310e-02  7.13730555e-01 
 5.40002621e-02  7.13766650e-01 
 5.40005242e-02  7.13837959e-01 
 5.40010485e-02  7.13977130e-01 
 5.40020971e-02  7.14242223e-01 
 5.40041942e-02  7.14723497e-01 
 5.40083885e-02  7.15518730e-01 
 5.40167772e-02  7.16613693e-01 
 5.40335544e-02  7.17673762e-01 
 5.40671088e-02  7.18166091e-01 
 5.41071088e-02  7.18153420e-01 
 5.41471088e-02  7.18154828e-01 
 5.41871088e-02  7.18154672e-01 
 5.42271088e-02  7.18154689e-01 
 5.42671088e-02  7.18154687e-01 
 5.43071088e-02  7.18154687e-01 
 5.43471088e-02  7.18154687e-01 
 5.43871088e-02  7.18154687e-01 
 5.43999992e-02  7.18154687e-01 
 5.43999993e-02  7.18154687e-01 
 5.43999994e-02  7.18154687e-01 
 5.43999998e-02  7.18154687e-01 
 5.44000000e-02  7.18154687e-01 
 5.44000001e-02  7.18154687e-01 
 5.44000002e-02  7.18154687e-01 
 5.44000004e-02  7.18154687e-01 
 5.44000010e-02  7.18154687e-01 
 5.44000020e-02  7.18154687e-01 
 5.44000040e-02  7.18154687e-01 
 5.44000081e-02  7.18154687e-01 
 5.44000163e-02  7.18154687e-01 
 5.44000327e-02  7.18154687e-01 
 5.44000655e-02  7.18154687e-01 
 5.44001310e-02  7.18154687e-01 
 5.44002621e-02  7.18154687e-01 
 5.44005242e-02  7.18154687e-01 
 5.44010485e-02  7.18154687e-01 
 5.44020971e-02  7.18154687e-01 
 5.44041942e-02  7.18154687e-01 
 5.44083885e-02  7.18154687e-01 
 5.44167772e-02  7.18154687e-01 
 5.44335544e-02  7.18154687e-01 
 5.44671088e-02  7.18154687e-01 
 5.45071088e-02  7.18154687e-01 
 5.45471088e-02  7.18154687e-01 
 5.45871088e-02  7.18154687e-01 
 5.46271088e-02  7.18154687e-01 
 5.46671088e-02  7.18154687e-01 
 5.47071088e-02  7.18154687e-01 
 5.47471088e-02  7.18154687e-01 
 5.47871088e-02  7.18154687e-01 
 5.47999992e-02  7.18154687e-01 
 5.47999993e-02  7.18154687e-01 
 5.47999994e-02  7.18154687e-01 
 5.47999998e-02  7.18154687e-01 
 5.48000000e-02  7.18154720e-01 
 5.48000001e-02  7.18154738e-01 
 5.48000002e-02  7.18154773e-01 
 5.48000004e-02  7.18154844e-01 
 5.48000010e-02  7.18154985e-01 
 5.48000020e-02  7.18155267e-01 
 5.48000040e-02  7.18155830e-01 
 5.48000081e-02  7.18156958e-01 
 5.48000163e-02  7.18159212e-01 
 5.48000327e-02  7.18163717e-01 
 5.48000655e-02  7.18172712e-01 
 5.48001310e-02  7.18190647e-01 
 5.48002621e-02  7.18226299e-01 
 5.48005242e-02  7.18296733e-01 
 5.48010485e-02  7.18434195e-01 
 5.48020971e-02  7.18696035e-01 
 5.48041942e-02  7.19171401e-01 
 5.48083885e-02  7.19956873e-01 
 5.48167772e-02  7.21038395e-01 
 5.48335544e-02  7.22085451e-01 
 5.48671088e-02  7.22571737e-01 
 5.49071088e-02  7.22559222e-01 
 5.49471088e-02  7.22560613e-01 
 5.49871088e-02  7.22560458e-01 
 5.50271088e-02  7.22560475e-01 
 5.50671088e-02  7.22560474e-01 
 5.51071088e-02  7.22560474e-01 
 5.51471088e-02  7.22560474e-01 
 5.51871088e-02  7.22560474e-01 
 5.51999992e-02  7.22560474e-01 
 5.51999993e-02  7.22560474e-01 
 5.51999994e-02  7.22560474e-01 
 5.51999998e-02  7.22560474e-01 
 5.52000000e-02  7.22560474e-01 
 5.52000001e-02  7.22560474e-01 
 5.52000002e-02  7.22560474e-01 
 5.52000004e-02  7.22560474e-01 
 5.52000010e-02  7.22560474e-01 
 5.52000020e-02  7.22560474e-01 
 5.52000040e-02  7.22560474e-01 
 5.52000081e-02  7.22560474e-01 
 5.52000163e-02  7.22560474e-01 
 5.52000327e-02  7.22560474e-01 
 5.52000655e-02  7.22560474e-01 
 5.52001310e-02  7.22560474e-01 
 5.52002621e-02  7.22560474e-01 
 5.52005242e-02  7.22560474e-01 
 5.52010485e-02  7.22560474e-01 
 5.52020971e-02  7.22560474e-01 
 5.52041942e-02  7.22560474e-01 
 5.52083885e-02  7.22560474e-01 
 5.52167772e-02  7.22560474e-01 
 5.52335544e-02  7.22560474e-01 
 5.52671088e-02  7.22560474e-01 
 5.53071088e-02  7.22560474e-01 
 5.53471088e-02  7.22560474e-01 
 5.53871088e-02  7.22560474e-01 
 5.54271088e-02  7.22560474e-01 
 5.54671088e-02  7.22560474e-01 
 5.55071088e-02  7.22560474e-01 
 5.55471088e-02  7.22560474e-01 
 5.55871088e-02  7.22560474e-01 
 5.55999992e-02  7.22560474e-01 
 5.55999993e-02  7.22560474e-01 
 5.55999994e-02  7.22560474e-01 
 5.55999998e-02  7.22560474e-01 
 5.56000000e-02  7.22560506e-01 
 5.56000001e-02  7.22560524e-01 
 5.56000002e-02  7.22560559e-01 
 5.56000004e-02  7.22560628e-01 
 5.56000010e-02  7.22560767e-01 
 5.56000020e-02  7.22561046e-01 
 5.56000040e-02  7.22561603e-01 
 5.56000081e-02  7.22562717e-01 
 5.56000163e-02  7.22564944e-01 
 5.56000327e-02  7.22569394e-01 
 5.56000655e-02  7.22578280e-01 
 5.56001310e-02  7.22595998e-01 
 5.56002621e-02  7.22631218e-01 
 5.56005242e-02  7.22700799e-01 
 5.56010485e-02  7.22836596e-01 
 5.56020971e-02  7.23095263e-01 
 5.56041942e-02  7.23564871e-01 
 5.56083885e-02  7.24340827e-01 
 5.56167772e-02  7.25409247e-01 
 5.56335544e-02  7.26443619e-01 
 5.56671088e-02  7.26924015e-01 
 5.57071088e-02  7.26911651e-01 
 5.57471088e-02  7.26913025e-01 
 5.57871088e-02  7.26912872e-01 
 5.58271088e-02  7.26912889e-01 
 5.58671088e-02  7.26912887e-01 
 5.59071088e-02  7.26912887e-01 
 5.59471088e-02  7.26912887e-01 
 5.59871088e-02  7.26912887e-01 
 5.59999992e-02  7.26912887e-01 
 5.59999993e-02  7.26912887e-01 
 5.59999994e-02  7.26912887e-01 
 5.59999998e-02  7.26912887e-01 
 5.60000000e-02  7.26912887e-01 
 5.60000001e-02  7.26912887e-01 
 5.60000002e-02  7.26912887e-01 
 5.60000004e-02  7.26912887e-01 
 5.60000010e-02  7.26912887e-01 
 5.60000020e-02  7.26912887e-01 
 5.60000040e-02  7.26912887e-01 
 5.60000081e-02  7.26912887e-01 
 5.60000163e-02  7.26912887e-01 
 5.60000327e-02  7.26912887e-01 
 5.60000655e-02  7.26912887e-01 
 5.60001310e-02  7.26912887e-01 
 5.60002621e-02  7.26912887e-01 
 5.60005242e-02  7.26912887e-01 
 5.60010485e-02  7.26912887e-01 
 5.60020971e-02  7.26912887e-01 
 5.60041942e-02  7.26912887e-01 
 5.60083885e-02  7.26912887e-01 
 5.60167772e-02  7.26912887e-01 
 5.60335544e-02  7.26912887e-01 
 5.60671088e-02  7.26912887e-01 
 5.61071088e-02  7.26912887e-01 
 5.61471088e-02  7.26912887e-01 
 5.61871088e-02  7.26912887e-01 
 5.62271088e-02  7.26912887e-01 
 5.62671088e-02  7.26912887e-01 
 5.63071088e-02  7.26912887e-01 
 5.63471088e-02  7.26912887e-01 
 5.63871088e-02  7.26912887e-01 
 5.63999992e-02  7.26912887e-01 
 5.63999993e-02  7.26912887e-01 
 5.63999994e-02  7.26912887e-01 
 5.63999998e-02  7.26912887e-01 
 5.64000000e-02  7.26912919e-01 
 5.64000001e-02  7.26912937e-01 
 5.64000002e-02  7.26912971e-01 
 5.64000004e-02  7.26913040e-01 
 5.64000010e-02  7.26913177e-01 
 5.64000020e-02  7.26913453e-01 
 5.64000040e-02  7.26914003e-01 
 5.64000081e-02  7.26915103e-01 
 5.64000163e-02  7.26917304e-01 
 5.64000327e-02  7.26921700e-01 
 5.64000655e-02  7.26930480e-01 
 5.64001310e-02  7.26947987e-01 
 5.64002621e-02  7.26982785e-01 
 5.64005242e-02  7.27051534e-01 
 5.64010485e-02  7.27185708e-01 
 5.64020971e-02  7.27441283e-01 
 5.64041942e-02  7.27905275e-01 
 5.64083885e-02  7.28671954e-01 
 5.64167772e-02  7.29727600e-01 
 5.64335544e-02  7.30749604e-01 
 5.64671088e-02  7.31224255e-01 
 5.65071088e-02  7.31212040e-01 
 5.65471088e-02  7.31213397e-01 
 5.65871088e-02  7.31213246e-01 
 5.66271088e-02  7.31213263e-01 
 5.66671088e-02  7.31213261e-01 
 5.67071088e-02  7.31213261e-01 
 5.67471088e-02  7.31213261e-01 
 5.67871088e-02  7.31213261e-01 
 5.67999992e-02  7.31213261e-01 
 5.67999993e-02  7.31213261e-01 
 5.67999994e-02  7.31213261e-01 
 5.67999998e-02  7.31213261e-01 
 5.68000000e-02  7.31213261e-01 
 5.68000001e-02  7.31213261e-01 
 5.68000002e-02  7.31213261e-01 
 5.68000004e-02  7.31213261e-01 
 5.68000010e-02  7.31213261e-01 
 5.68000020e-02  7.31213261e-01 
 5.68000040e-02  7.31213261e-01 
 5.68000081e-02  7.31213261e-01 
 5.68000163e-02  7.31213261e-01 
 5.68000327e-02  7.31213261e-01 
 5.68000655e-02  7.31213261e-01 
 5.68001310e-02  7.31213261e-01 
 5.68002621e-02  7.31213261e-01 
 5.68005242e-02  7.31213261e-01 
 5.68010485e-02  7.31213261e-01 
 5.68020971e-02  7.31213261e-01 
 5.68041942e-02  7.31213261e-01 
 5.68083885e-02  7.31213261e-01 
 5.68167772e-02  7.31213261e-01 
 5.68335544e-02  7.31213261e-01 
 5.68671088e-02  7.31213261e-01 
 5.69071088e-02  7.31213261e-01 
 5.69471088e-02  7.31213261e-01 
 5.69871088e-02  7.31213261e-01 
 5.70271088e-02  7.31213261e-01 
 5.70671088e-02  7.31213261e-01 
 5.71071088e-02  7.31213261e-01 
 5.71471088e-02  7.31213261e-01 
 5.71871088e-02  7.31213261e-01 
 5.71999992e-02  7.31213261e-01 
 5.71999993e-02  7.31213261e-01 
 5.71999994e-02  7.31213261e-01 
 5.71999998e-02  7.31213261e-01 
 5.72000000e-02  7.31213293e-01 
 5.72000001e-02  7.31213310e-01 
 5.72000002e-02  7.31213344e-01 
 5.72000004e-02  7.31213412e-01 
 5.72000010e-02  7.31213548e-01 
 5.72000020e-02  7.31213820e-01 
 5.72000040e-02  7.31214364e-01 
 5.72000081e-02  7.31215451e-01 
 5.72000163e-02  7.31217625e-01 
 5.72000327e-02  7.31221970e-01 
 5.72000655e-02  7.31230647e-01 
 5.72001310e-02  7.31247947e-01 
 5.72002621e-02  7.31282335e-01 
 5.72005242e-02  7.31350272e-01 
 5.72010485e-02  7.31482862e-01 
 5.72020971e-02  7.31735421e-01 
 5.72041942e-02  7.32193938e-01 
 5.72083885e-02  7.32951568e-01 
 5.72167772e-02  7.33994756e-01 
 5.72335544e-02  7.35004699e-01 
 5.72671088e-02  7.35473749e-01 
 5.73071088e-02  7.35461677e-01 
 5.73471088e-02  7.35463019e-01 
 5.73871088e-02  7.35462870e-01 
 5.74271088e-02  7.35462886e-01 
 5.74671088e-02  7.35462884e-01 
 5.75071088e-02  7.35462885e-01 
 5.75471088e-02  7.35462885e-01 
 5.75871088e-02  7.35462885e-01 
 5.75999992e-02  7.35462885e-01 
 5.75999993e-02  7.35462885e-01 
 5.75999994e-02  7.35462885e-01 
 5.75999998e-02  7.35462885e-01 
 5.76000000e-02  7.35462885e-01 
 5.76000001e-02  7.35462885e-01 
 5.76000002e-02  7.35462885e-01 
 5.76000004e-02  7.35462885e-01 
 5.76000010e-02  7.35462885e-01 
 5.76000020e-02  7.35462885e-01 
 5.76000040e-02  7.35462885e-01 
 5.76000081e-02  7.35462885e-01 
 5.76000163e-02  7.35462885e-01 
 5.76000327e-02  7.35462885e-01 
 5.76000655e-02  7.35462885e-01 
 5.76001310e-02  7.35462885e-01 
 5.76002621e-02  7.35462885e-01 
 5.76005242e-02  7.35462885e-01 
 5.76010485e-02  7.35462885e-01 
 5.76020971e-02  7.35462885e-01 
 5.76041942e-02  7.35462885e-01 
 5.76083885e-02  7.35462885e-01 
 5.76167772e-02  7.35462885e-01 
 5.76335544e-02  7.35462885e-01 
 5.76671088e-02  7.35462885e-01 
 5.77071088e-02  7.35462885e-01 
 5.77471088e-02  7.35462885e-01 
 5.77871088e-02  7.35462885e-01 
 5.78271088e-02  7.35462885e-01 
 5.78671088e-02  7.35462885e-01 
 5.79071088e-02  7.35462885e-01 
 5.79471088e-02  7.35462885e-01 
 5.79871088e-02  7.35462885e-01 
 5.79999992e-02  7.35462885e-01 
 5.79999993e-02  7.35462885e-01 
 5.79999994e-02  7.35462885e-01 
 5.79999998e-02  7.35462885e-01 
 5.80000000e-02  7.35462916e-01 
 5.80000001e-02  7.35462933e-01 
 5.80000002e-02  7.35462966e-01 
 5.80000004e-02  7.35463034e-01 
 5.80000010e-02  7.35463168e-01 
 5.80000020e-02  7.35463437e-01 
 5.80000040e-02  7.35463974e-01 
 5.80000081e-02  7.35465049e-01 
 5.80000163e-02  7.35467198e-01 
 5.80000327e-02  7.35471492e-01 
 5.80000655e-02  7.35480068e-01 
 5.80001310e-02  7.35497166e-01 
 5.80002621e-02  7.35531153e-01 
 5.80005242e-02  7.35598299e-01 
 5.80010485e-02  7.35729345e-01 
 5.80020971e-02  7.35978961e-01 
 5.80041942e-02  7.36432137e-01 
 5.80083885e-02  7.37180942e-01 
 5.80167772e-02  7.38211977e-01 
 5.80335544e-02  7.39210155e-01 
 5.80671088e-02  7.39673741e-01 
 5.81071088e-02  7.39661810e-01 
 5.81471088e-02  7.39663136e-01 
 5.81871088e-02  7.39662989e-01 
 5.82271088e-02  7.39663005e-01 
 5.82671088e-02  7.39663003e-01 
 5.83071088e-02  7.39663003e-01 
 5.83471088e-02  7.39663003e-01 
 5.83871088e-02  7.39663003e-01 
 5.83999992e-02  7.39663003e-01 
 5.83999993e-02  7.39663003e-01 
 5.83999994e-02  7.39663003e-01 
 5.83999998e-02  7.39663003e-01 
 5.84000000e-02  7.39663003e-01 
 5.84000001e-02  7.39663003e-01 
 5.84000002e-02  7.39663003e-01 
 5.84000004e-02  7.39663003e-01 
 5.84000010e-02  7.39663003e-01 
 5.84000020e-02  7.39663003e-01 
 5.84000040e-02  7.39663003e-01 
 5.84000081e-02  7.39663003e-01 
 5.84000163e-02  7.39663003e-01 
 5.84000327e-02  7.39663003e-01 
 5.84000655e-02  7.39663003e-01 
 5.84001310e-02  7.39663003e-01 
 5.84002621e-02  7.39663003e-01 
 5.84005242e-02  7.39663003e-01 
 5.84010485e-02  7.39663003e-01 
 5.84020971e-02  7.39663003e-01 
 5.84041942e-02  7.39663003e-01 
 5.84083885e-02  7.39663003e-01 
 5.84167772e-02  7.39663003e-01 
 5.84335544e-02  7.39663003e-01 
 5.84671088e-02  7.39663003e-01 
 5.85071088e-02  7.39663003e-01 
 5.85471088e-02  7.39663003e-01 
 5.85871088e-02  7.39663003e-01 
 5.86271088e-02  7.39663003e-01 
 5.86671088e-02  7.39663003e-01 
 5.87071088e-02  7.39663003e-01 
 5.87471088e-02  7.39663003e-01 
 5.87871088e-02  7.39663003e-01 
 5.87999992e-02  7.39663003e-01 
 5.87999993e-02  7.39663003e-01 
 5.87999994e-02  7.39663003e-01 
 5.87999998e-02  7.39663003e-01 
 5.88000000e-02  7.39663035e-01 
 5.88000001e-02  7.39663051e-01 
 5.88000002e-02  7.39663084e-01 
 5.88000004e-02  7.39663151e-01 
 5.88000010e-02  7.39663284e-01 
 5.88000020e-02  7.39663549e-01 
 5.88000040e-02  7.39664081e-01 
 5.88000081e-02  7.39665143e-01 
 5.88000163e-02  7.39667267e-01 
 5.88000327e-02  7.39671512e-01 
 5.88000655e-02  7.39679989e-01 
 5.88001310e-02  7.39696891e-01 
 5.88002621e-02  7.39730487e-01 
 5.88005242e-02  7.39796861e-01 
 5.88010485e-02  7.39926399e-01 
 5.88020971e-02  7.40173146e-01 
 5.88041942e-02  7.40621110e-01 
 5.88083885e-02  7.41361304e-01 
 5.88167772e-02  7.42380483e-01 
 5.88335544e-02  7.43367183e-01 
 5.88671088e-02  7.43825438e-01 
 5.89071088e-02  7.43813644e-01 
 5.89471088e-02  7.43814954e-01 
 5.89871088e-02  7.43814808e-01 
 5.90271088e-02  7.43814825e-01 
 5.90671088e-02  7.43814823e-01 
 5.91071088e-02  7.43814823e-01 
 5.91471088e-02  7.43814823e-01 
 5.91871088e-02  7.43814823e-01 
 5.91999992e-02  7.43814823e-01 
 5.91999993e-02  7.43814823e-01 
 5.91999994e-02  7.43814823e-01 
 5.91999998e-02  7.43814823e-01 
 5.92000000e-02  7.43814823e-01 
 5.92000001e-02  7.43814823e-01 
 5.92000002e-02  7.43814823e-01 
 5.92000004e-02  7.43814823e-01 
 5.92000010e-02  7.43814823e-01 
 5.92000020e-02  7.43814823e-01 
 5.92000040e-02  7.43814823e-01 
 5.92000081e-02  7.43814823e-01 
 5.92000163e-02  7.43814823e-01 
 5.92000327e-02  7.43814823e-01 
 5.92000655e-02  7.43814823e-01 
 5.92001310e-02  7.43814823e-01 
 5.92002621e-02  7.43814823e-01 
 5.92005242e-02  7.43814823e-01 
 5.92010485e-02  7.43814823e-01 
 5.92020971e-02  7.43814823e-01 
 5.92041942e-02  7.43814823e-01 
 5.92083885e-02  7.43814823e-01 
 5.92167772e-02  7.43814823e-01 
 5.92335544e-02  7.43814823e-01 
 5.92671088e-02  7.43814823e-01 
 5.93071088e-02  7.43814823e-01 
 5.93471088e-02  7.43814823e-01 
 5.93871088e-02  7.43814823e-01 
 5.94271088e-02  7.43814823e-01 
 5.94671088e-02  7.43814823e-01 
 5.95071088e-02  7.43814823e-01 
 5.95471088e-02  7.43814823e-01 
 5.95871088e-02  7.43814823e-01 
 5.95999992e-02  7.43814823e-01 
 5.95999993e-02  7.43814823e-01 
 5.95999994e-02  7.43814823e-01 
 5.95999998e-02  7.43814823e-01 
 5.96000000e-02  7.43814854e-01 
 5.96000001e-02  7.43814870e-01 
 5.96000002e-02  7.43814903e-01 
 5.96000004e-02  7.43814969e-01 
 5.96000010e-02  7.43815100e-01 
 5.96000020e-02  7.43815363e-01 
 5.96000040e-02  7.43815888e-01 
 5.96000081e-02  7.43816938e-01 
 5.96000163e-02  7.43819038e-01 
 5.96000327e-02  7.43823235e-01 
 5.96000655e-02  7.43831616e-01 
 5.96001310e-02  7.43848326e-01 
 5.96002621e-02  7.43881541e-01 
 5.96005242e-02  7.43947161e-01 
 5.96010485e-02  7.44075229e-01 
 5.96020971e-02  7.44319174e-01 
 5.96041942e-02  7.44762053e-01 
 5.96083885e-02  7.45493844e-01 
 5.96167772e-02  7.46501453e-01 
 5.96335544e-02  7.47476951e-01 
 5.96671088e-02  7.47930004e-01 
 5.97071088e-02  7.47918344e-01 
 5.97471088e-02  7.47919639e-01 
 5.97871088e-02  7.47919495e-01 
 5.98271088e-02  7.47919511e-01 
 5.98671088e-02  7.47919509e-01 
 5.99071088e-02  7.47919510e-01 
 5.99471088e-02  7.47919510e-01 
 5.99871088e-02  7.47919510e-01 
 5.99999992e-02  7.47919510e-01 
 5.99999993e-02  7.47919510e-01 
 5.99999994e-02  7.47919510e-01 
 5.99999998e-02  7.47919510e-01 
 6.00000000e-02  7.47919510e-01 
 6.00000001e-02  7.47919510e-01 
 6.00000002e-02  7.47919510e-01 
 6.00000004e-02  7.47919510e-01 
 6.00000010e-02  7.47919510e-01 
 6.00000020e-02  7.47919510e-01 
 6.00000040e-02  7.47919510e-01 
 6.00000081e-02  7.47919510e-01 
 6.00000163e-02  7.47919510e-01 
 6.00000327e-02  7.47919510e-01 
 6.00000655e-02  7.47919510e-01 
 6.00001310e-02  7.47919510e-01 
 6.00002621e-02  7.47919510e-01 
 6.00005242e-02  7.47919510e-01 
 6.00010485e-02  7.47919510e-01 
 6.00020971e-02  7.47919510e-01 
 6.00041942e-02  7.47919510e-01 
 6.00083885e-02  7.47919510e-01 
 6.00167772e-02  7.47919510e-01 
 6.00335544e-02  7.47919510e-01 
 6.00671088e-02  7.47919510e-01 
 6.01071088e-02  7.47919510e-01 
 6.01471088e-02  7.47919510e-01 
 6.01871088e-02  7.47919510e-01 
 6.02271088e-02  7.47919510e-01 
 6.02671088e-02  7.47919510e-01 
 6.03071088e-02  7.47919510e-01 
 6.03471088e-02  7.47919510e-01 
 6.03871088e-02  7.47919510e-01 
 6.03999992e-02  7.47919510e-01 
 6.03999993e-02  7.47919510e-01 
 6.03999994e-02  7.47919510e-01 
 6.03999998e-02  7.47919510e-01 
 6.04000000e-02  7.47919540e-01 
 6.04000001e-02  7.47919556e-01 
 6.04000002e-02  7.47919589e-01 
 6.04000004e-02  7.47919654e-01 
 6.04000010e-02  7.47919784e-01 
 6.04000020e-02  7.47920043e-01 
 6.04000040e-02  7.47920563e-01 
 6.04000081e-02  7.47921601e-01 
 6.04000163e-02  7.47923678e-01 
 6.04000327e-02  7.47927828e-01 
 6.04000655e-02  7.47936114e-01 
 6.04001310e-02  7.47952637e-01 
 6.04002621e-02  7.47985480e-01 
 6.04005242e-02  7.48050365e-01 
 6.04010485e-02  7.48176997e-01 
 6.04020971e-02  7.48418208e-01 
 6.04041942e-02  7.48856123e-01 
 6.04083885e-02  7.49579712e-01 
 6.04167772e-02  7.50576028e-01 
 6.04335544e-02  7.51540593e-01 
 6.04671088e-02  7.51988568e-01 
 6.05071088e-02  7.51977039e-01 
 6.05471088e-02  7.51978320e-01 
 6.05871088e-02  7.51978178e-01 
 6.06271088e-02  7.51978193e-01 
 6.06671088e-02  7.51978192e-01 
 6.07071088e-02  7.51978192e-01 
 6.07471088e-02  7.51978192e-01 
 6.07871088e-02  7.51978192e-01 
 6.07999992e-02  7.51978192e-01 
 6.07999993e-02  7.51978192e-01 
 6.07999994e-02  7.51978192e-01 
 6.07999998e-02  7.51978192e-01 
 6.08000000e-02  7.51978192e-01 
 6.08000001e-02  7.51978192e-01 
 6.08000002e-02  7.51978192e-01 
 6.08000004e-02  7.51978192e-01 
 6.08000010e-02  7.51978192e-01 
 6.08000020e-02  7.51978192e-01 
 6.08000040e-02  7.51978192e-01 
 6.08000081e-02  7.51978192e-01 
 6.08000163e-02  7.51978192e-01 
 6.08000327e-02  7.51978192e-01 
 6.08000655e-02  7.51978192e-01 
 6.08001310e-02  7.51978192e-01 
 6.08002621e-02  7.51978192e-01 
 6.08005242e-02  7.51978192e-01 
 6.08010485e-02  7.51978192e-01 
 6.08020971e-02  7.51978192e-01 
 6.08041942e-02  7.51978192e-01 
 6.08083885e-02  7.51978192e-01 
 6.08167772e-02  7.51978192e-01 
 6.08335544e-02  7.51978192e-01 
 6.08671088e-02  7.51978192e-01 
 6.09071088e-02  7.51978192e-01 
 6.09471088e-02  7.51978192e-01 
 6.09871088e-02  7.51978192e-01 
 6.10271088e-02  7.51978192e-01 
 6.10671088e-02  7.51978192e-01 
 6.11071088e-02  7.51978192e-01 
 6.11471088e-02  7.51978192e-01 
 6.11871088e-02  7.51978192e-01 
 6.11999992e-02  7.51978192e-01 
 6.11999993e-02  7.51978192e-01 
 6.11999994e-02  7.51978192e-01 
 6.11999998e-02  7.51978192e-01 
 6.12000000e-02  7.51978222e-01 
 6.12000001e-02  7.51978238e-01 
 6.12000002e-02  7.51978270e-01 
 6.12000004e-02  7.51978334e-01 
 6.12000010e-02  7.51978463e-01 
 6.12000020e-02  7.51978720e-01 
 6.12000040e-02  7.51979233e-01 
 6.12000081e-02  7.51980260e-01 
 6.12000163e-02  7.51982314e-01 
 6.12000327e-02  7.51986418e-01 
 6.12000655e-02  7.51994613e-01 
 6.12001310e-02  7.52010952e-01 
 6.12002621e-02  7.52043432e-01 
 6.12005242e-02  7.52107599e-01 
 6.12010485e-02  7.52232830e-01 
 6.12020971e-02  7.52471372e-01 
 6.12041942e-02  7.52904441e-01 
 6.12083885e-02  7.53620023e-01 
 6.12167772e-02  7.54605314e-01 
 6.12335544e-02  7.55559206e-01 
 6.12671088e-02  7.56002223e-01 
 6.13071088e-02  7.55990822e-01 
 6.13471088e-02  7.55992089e-01 
 6.13871088e-02  7.55991948e-01 
 6.14271088e-02  7.55991964e-01 
 6.14671088e-02  7.55991962e-01 
 6.15071088e-02  7.55991962e-01 
 6.15471088e-02  7.55991962e-01 
 6.15871088e-02  7.55991962e-01 
 6.15999992e-02  7.55991962e-01 
 6.15999993e-02  7.55991962e-01 
 6.15999994e-02  7.55991962e-01 
 6.15999998e-02  7.55991962e-01 
 6.16000000e-02  7.55991962e-01 
 6.16000001e-02  7.55991962e-01 
 6.16000002e-02  7.55991962e-01 
 6.16000004e-02  7.55991962e-01 
 6.16000010e-02  7.55991962e-01 
 6.16000020e-02  7.55991962e-01 
 6.16000040e-02  7.55991962e-01 
 6.16000081e-02  7.55991962e-01 
 6.16000163e-02  7.55991962e-01 
 6.16000327e-02  7.55991962e-01 
 6.16000655e-02  7.55991962e-01 
 6.16001310e-02  7.55991962e-01 
 6.16002621e-02  7.55991962e-01 
 6.16005242e-02  7.55991962e-01 
 6.16010485e-02  7.55991962e-01 
 6.16020971e-02  7.55991962e-01 
 6.16041942e-02  7.55991962e-01 
 6.16083885e-02  7.55991962e-01 
 6.16167772e-02  7.55991962e-01 
 6.16335544e-02  7.55991962e-01 
 6.16671088e-02  7.55991962e-01 
 6.17071088e-02  7.55991962e-01 
 6.17471088e-02  7.55991962e-01 
 6.17871088e-02  7.55991962e-01 
 6.18271088e-02  7.55991962e-01 
 6.18671088e-02  7.55991962e-01 
 6.19071088e-02  7.55991962e-01 
 6.19471088e-02  7.55991962e-01 
 6.19871088e-02  7.55991962e-01 
 6.19999992e-02  7.55991962e-01 
 6.19999993e-02  7.55991962e-01 
 6.19999994e-02  7.55991962e-01 
 6.19999998e-02  7.55991962e-01 
 6.20000000e-02  7.55991992e-01 
 6.20000001e-02  7.55992008e-01 
 6.20000002e-02  7.55992039e-01 
 6.20000004e-02  7.55992103e-01 
 6.20000010e-02  7.55992230e-01 
 6.20000020e-02  7.55992484e-01 
 6.20000040e-02  7.55992992e-01 
 6.20000081e-02  7.55994008e-01 
 6.20000163e-02  7.55996039e-01 
 6.20000327e-02  7.56000098e-01 
 6.20000655e-02  7.56008203e-01 
 6.20001310e-02  7.56024364e-01 
 6.20002621e-02  7.56056489e-01 
 6.20005242e-02  7.56119955e-01 
 6.20010485e-02  7.56243818e-01 
 6.20020971e-02  7.56479753e-01 
 6.20041942e-02  7.56908091e-01 
 6.20083885e-02  7.57615855e-01 
 6.20167772e-02  7.58590381e-01 
 6.20335544e-02  7.59533850e-01 
 6.20671088e-02  7.59972028e-01 
 6.21071088e-02  7.59960750e-01 
 6.21471088e-02  7.59962003e-01 
 6.21871088e-02  7.59961864e-01 
 6.22271088e-02  7.59961880e-01 
 6.22671088e-02  7.59961878e-01 
 6.23071088e-02  7.59961878e-01 
 6.23471088e-02  7.59961878e-01 
 6.23871088e-02  7.59961878e-01 
 6.23999992e-02  7.59961878e-01 
 6.23999993e-02  7.59961878e-01 
 6.23999994e-02  7.59961878e-01 
 6.23999998e-02  7.59961878e-01 
 6.24000000e-02  7.59961878e-01 
 6.24000001e-02  7.59961878e-01 
 6.24000002e-02  7.59961878e-01 
 6.24000004e-02  7.59961878e-01 
 6.24000010e-02  7.59961878e-01 
 6.24000020e-02  7.59961878e-01 
 6.24000040e-02  7.59961878e-01 
 6.24000081e-02  7.59961878e-01 
 6.24000163e-02  7.59961878e-01 
 6.24000327e-02  7.59961878e-01 
 6.24000655e-02  7.59961878e-01 
 6.24001310e-02  7.59961878e-01 
 6.24002621e-02  7.59961878e-01 
 6.24005242e-02  7.59961878e-01 
 6.24010485e-02  7.59961878e-01 
 6.24020971e-02  7.59961878e-01 
 6.24041942e-02  7.59961878e-01 
 6.24083885e-02  7.59961878e-01 
 6.24167772e-02  7.59961878e-01 
 6.24335544e-02  7.59961878e-01 
 6.24671088e-02  7.59961878e-01 
 6.25071088e-02  7.59961878e-01 
 6.25471088e-02  7.59961878e-01 
 6.25871088e-02  7.59961878e-01 
 6.26271088e-02  7.59961878e-01 
 6.26671088e-02  7.59961878e-01 
 6.27071088e-02  7.59961878e-01 
 6.27471088e-02  7.59961878e-01 
 6.27871088e-02  7.59961878e-01 
 6.27999992e-02  7.59961878e-01 
 6.27999993e-02  7.59961878e-01 
 6.27999994e-02  7.59961878e-01 
 6.27999998e-02  7.59961878e-01 
 6.28000000e-02  7.59961908e-01 
 6.28000001e-02  7.59961923e-01 
 6.28000002e-02  7.59961955e-01 
 6.28000004e-02  7.59962018e-01 
 6.28000010e-02  7.59962143e-01 
 6.28000020e-02  7.59962395e-01 
 6.28000040e-02  7.59962897e-01 
 6.28000081e-02  7.59963902e-01 
 6.28000163e-02  7.59965911e-01 
 6.28000327e-02  7.59969926e-01 
 6.28000655e-02  7.59977944e-01 
 6.28001310e-02  7.59993931e-01 
 6.28002621e-02  7.60025709e-01 
 6.28005242e-02  7.60088490e-01 
 6.28010485e-02  7.60211017e-01 
 6.28020971e-02  7.60444407e-01 
 6.28041942e-02  7.60868124e-01 
 6.28083885e-02  7.61568252e-01 
 6.28167772e-02  7.62532264e-01 
 6.28335544e-02  7.63465555e-01 
 6.28671088e-02  7.63899005e-01 
 6.29071088e-02  7.63887850e-01 
 6.29471088e-02  7.63889089e-01 
 6.29871088e-02  7.63888952e-01 
 6.30271088e-02  7.63888967e-01 
 6.30671088e-02  7.63888965e-01 
 6.31071088e-02  7.63888965e-01 
 6.31471088e-02  7.63888965e-01 
 6.31871088e-02  7.63888965e-01 
 6.31999992e-02  7.63888965e-01 
 6.31999993e-02  7.63888965e-01 
 6.31999994e-02  7.63888965e-01 
 6.31999998e-02  7.63888965e-01 
 6.32000000e-02  7.63888965e-01 
 6.32000001e-02  7.63888965e-01 
 6.32000002e-02  7.63888965e-01 
 6.32000004e-02  7.63888965e-01 
 6.32000010e-02  7.63888965e-01 
 6.32000020e-02  7.63888965e-01 
 6.32000040e-02  7.63888965e-01 
 6.32000081e-02  7.63888965e-01 
 6.32000163e-02  7.63888965e-01 
 6.32000327e-02  7.63888965e-01 
 6.32000655e-02  7.63888965e-01 
 6.32001310e-02  7.63888965e-01 
 6.32002621e-02  7.63888965e-01 
 6.32005242e-02  7.63888965e-01 
 6.32010485e-02  7.63888965e-01 
 6.32020971e-02  7.63888965e-01 
 6.32041942e-02  7.63888965e-01 
 6.32083885e-02  7.63888965e-01 
 6.32167772e-02  7.63888965e-01 
 6.32335544e-02  7.63888965e-01 
 6.32671088e-02  7.63888965e-01 
 6.33071088e-02  7.63888965e-01 
 6.33471088e-02  7.63888965e-01 
 6.33871088e-02  7.63888965e-01 
 6.34271088e-02  7.63888965e-01 
 6.34671088e-02  7.63888965e-01 
 6.35071088e-02  7.63888965e-01 
 6.35471088e-02  7.63888965e-01 
 6.35871088e-02  7.63888965e-01 
 6.35999992e-02  7.63888965e-01 
 6.35999993e-02  7.63888965e-01 
 6.35999994e-02  7.63888965e-01 
 6.35999998e-02  7.63888965e-01 
 6.36000000e-02  7.63888994e-01 
 6.36000001e-02  7.63889010e-01 
 6.36000002e-02  7.63889041e-01 
 6.36000004e-02  7.63889103e-01 
 6.36000010e-02  7.63889228e-01 
 6.36000020e-02  7.63889476e-01 
 6.36000040e-02  7.63889973e-01 
 6.36000081e-02  7.63890968e-01 
 6.36000163e-02  7.63892955e-01 
 6.36000327e-02  7.63896928e-01 
 6.36000655e-02  7.63904860e-01 
 6.36001310e-02  7.63920677e-01 
 6.36002621e-02  7.63952116e-01 
 6.36005242e-02  7.64014229e-01 
 6.36010485e-02  7.64135450e-01 
 6.36020971e-02  7.64366354e-01 
 6.36041942e-02  7.64785556e-01 
 6.36083885e-02  7.65478226e-01 
 6.36167772e-02  7.66431968e-01 
 6.36335544e-02  7.67355317e-01 
 6.36671088e-02  7.67784149e-01 
 6.37071088e-02  7.67773113e-01 
 6.37471088e-02  7.67774339e-01 
 6.37871088e-02  7.67774203e-01 
 6.38271088e-02  7.67774218e-01 
 6.38671088e-02  7.67774216e-01 
 6.39071088e-02  7.67774216e-01 
 6.39471088e-02  7.67774216e-01 
 6.39871088e-02  7.67774216e-01 
 6.39999992e-02  7.67774216e-01 
 6.39999993e-02  7.67774216e-01 
 6.39999994e-02  7.67774216e-01 
 6.39999998e-02  7.67774216e-01 
 6.40000000e-02  7.67774216e-01 
 6.40000001e-02  7.67774216e-01 
 6.40000002e-02  7.67774216e-01 
 6.40000004e-02  7.67774216e-01 
 6.40000010e-02  7.67774216e-01 
 6.40000020e-02  7.67774216e-01 
 6.40000040e-02  7.67774216e-01 
 6.40000081e-02  7.67774216e-01 
 6.40000163e-02  7.67774216e-01 
 6.40000327e-02  7.67774216e-01 
 6.40000655e-02  7.67774216e-01 
 6.40001310e-02  7.67774216e-01 
 6.40002621e-02  7.67774216e-01 
 6.40005242e-02  7.67774216e-01 
 6.40010485e-02  7.67774216e-01 
 6.40020971e-02  7.67774216e-01 
 6.40041942e-02  7.67774216e-01 
 6.40083885e-02  7.67774216e-01 
 6.40167772e-02  7.67774216e-01 
 6.40335544e-02  7.67774216e-01 
 6.40671088e-02  7.67774216e-01 
 6.41071088e-02  7.67774216e-01 
 6.41471088e-02  7.67774216e-01 
 6.41871088e-02  7.67774216e-01 
 6.42271088e-02  7.67774216e-01 
 6.42671088e-02  7.67774216e-01 
 6.43071088e-02  7.67774216e-01 
 6.43471088e-02  7.67774216e-01 
 6.43871088e-02  7.67774216e-01 
 6.43999992e-02  7.67774216e-01 
 6.43999993e-02  7.67774216e-01 
 6.43999994e-02  7.67774216e-01 
 6.43999998e-02  7.67774216e-01 
 6.44000000e-02  7.67774245e-01 
 6.44000001e-02  7.67774260e-01 
 6.44000002e-02  7.67774291e-01 
 6.44000004e-02  7.67774353e-01 
 6.44000010e-02  7.67774476e-01 
 6.44000020e-02  7.67774722e-01 
 6.44000040e-02  7.67775214e-01 
 6.44000081e-02  7.67776198e-01 
 6.44000163e-02  7.67778164e-01 
 6.44000327e-02  7.67782095e-01 
 6.44000655e-02  7.67789944e-01 
 6.44001310e-02  7.67805594e-01 
 6.44002621e-02  7.67836703e-01 
 6.44005242e-02  7.67898162e-01 
 6.44010485e-02  7.68018108e-01 
 6.44020971e-02  7.68246583e-01 
 6.44041942e-02  7.68661375e-01 
 6.44083885e-02  7.69346758e-01 
 6.44167772e-02  7.70290466e-01 
 6.44335544e-02  7.71204101e-01 
 6.44671088e-02  7.71628422e-01 
 6.45071088e-02  7.71617501e-01 
 6.45471088e-02  7.71618715e-01 
 6.45871088e-02  7.71618580e-01 
 6.46271088e-02  7.71618595e-01 
 6.46671088e-02  7.71618593e-01 
 6.47071088e-02  7.71618593e-01 
 6.47471088e-02  7.71618593e-01 
 6.47871088e-02  7.71618593e-01 
 6.47999992e-02  7.71618593e-01 
 6.47999993e-02  7.71618593e-01 
 6.47999994e-02  7.71618593e-01 
 6.47999998e-02  7.71618593e-01 
 6.48000000e-02  7.71618593e-01 
 6.48000001e-02  7.71618593e-01 
 6.48000002e-02  7.71618593e-01 
 6.48000004e-02  7.71618593e-01 
 6.48000010e-02  7.71618593e-01 
 6.48000020e-02  7.71618593e-01 
 6.48000040e-02  7.71618593e-01 
 6.48000081e-02  7.71618593e-01 
 6.48000163e-02  7.71618593e-01 
 6.48000327e-02  7.71618593e-01 
 6.48000655e-02  7.71618593e-01 
 6.48001310e-02  7.71618593e-01 
 6.48002621e-02  7.71618593e-01 
 6.48005242e-02  7.71618593e-01 
 6.48010485e-02  7.71618593e-01 
 6.48020971e-02  7.71618593e-01 
 6.48041942e-02  7.71618593e-01 
 6.48083885e-02  7.71618593e-01 
 6.48167772e-02  7.71618593e-01 
 6.48335544e-02  7.71618593e-01 
 6.48671088e-02  7.71618593e-01 
 6.49071088e-02  7.71618593e-01 
 6.49471088e-02  7.71618593e-01 
 6.49871088e-02  7.71618593e-01 
 6.50271088e-02  7.71618593e-01 
 6.50671088e-02  7.71618593e-01 
 6.51071088e-02  7.71618593e-01 
 6.51471088e-02  7.71618593e-01 
 6.51871088e-02  7.71618593e-01 
 6.51999992e-02  7.71618593e-01 
 6.51999993e-02  7.71618593e-01 
 6.51999994e-02  7.71618593e-01 
 6.51999998e-02  7.71618593e-01 
 6.52000000e-02  7.71618622e-01 
 6.52000001e-02  7.71618637e-01 
 6.52000002e-02  7.71618668e-01 
 6.52000004e-02  7.71618729e-01 
 6.52000010e-02  7.71618850e-01 
 6.52000020e-02  7.71619094e-01 
 6.52000040e-02  7.71619581e-01 
 6.52000081e-02  7.71620554e-01 
 6.52000163e-02  7.71622501e-01 
 6.52000327e-02  7.71626390e-01 
 6.52000655e-02  7.71634158e-01 
 6.52001310e-02  7.71649645e-01 
 6.52002621e-02  7.71680431e-01 
 6.52005242e-02  7.71741251e-01 
 6.52010485e-02  7.71859951e-01 
 6.52020971e-02  7.72086052e-01 
 6.52041942e-02  7.72496535e-01 
 6.52083885e-02  7.73174797e-01 
 6.52167772e-02  7.74108701e-01 
 6.52335544e-02  7.75012844e-01 
 6.52671088e-02  7.75432756e-01 
 6.53071088e-02  7.75421949e-01 
 6.53471088e-02  7.75423150e-01 
 6.53871088e-02  7.75423017e-01 
 6.54271088e-02  7.75423031e-01 
 6.54671088e-02  7.75423030e-01 
 6.55071088e-02  7.75423030e-01 
 6.55471088e-02  7.75423030e-01 
 6.55871088e-02  7.75423030e-01 
 6.55999992e-02  7.75423030e-01 
 6.55999993e-02  7.75423030e-01 
 6.55999994e-02  7.75423030e-01 
 6.55999998e-02  7.75423030e-01 
 6.56000000e-02  7.75423030e-01 
 6.56000001e-02  7.75423030e-01 
 6.56000002e-02  7.75423030e-01 
 6.56000004e-02  7.75423030e-01 
 6.56000010e-02  7.75423030e-01 
 6.56000020e-02  7.75423030e-01 
 6.56000040e-02  7.75423030e-01 
 6.56000081e-02  7.75423030e-01 
 6.56000163e-02  7.75423030e-01 
 6.56000327e-02  7.75423030e-01 
 6.56000655e-02  7.75423030e-01 
 6.56001310e-02  7.75423030e-01 
 6.56002621e-02  7.75423030e-01 
 6.56005242e-02  7.75423030e-01 
 6.56010485e-02  7.75423030e-01 
 6.56020971e-02  7.75423030e-01 
 6.56041942e-02  7.75423030e-01 
 6.56083885e-02  7.75423030e-01 
 6.56167772e-02  7.75423030e-01 
 6.56335544e-02  7.75423030e-01 
 6.56671088e-02  7.75423030e-01 
 6.57071088e-02  7.75423030e-01 
 6.57471088e-02  7.75423030e-01 
 6.57871088e-02  7.75423030e-01 
 6.58271088e-02  7.75423030e-01 
 6.58671088e-02  7.75423030e-01 
 6.59071088e-02  7.75423030e-01 
 6.59471088e-02  7.75423030e-01 
 6.59871088e-02  7.75423030e-01 
 6.59999992e-02  7.75423030e-01 
 6.59999993e-02  7.75423030e-01 
 6.59999994e-02  7.75423030e-01 
 6.59999998e-02  7.75423030e-01 
 6.60000000e-02  7.75423058e-01 
 6.60000001e-02  7.75423073e-01 
 6.60000002e-02  7.75423103e-01 
 6.60000004e-02  7.75423164e-01 
 6.60000010e-02  7.75423284e-01 
 6.60000020e-02  7.75423525e-01 
 6.60000040e-02  7.75424007e-01 
 6.60000081e-02  7.75424970e-01 
 6.60000163e-02  7.75426897e-01 
 6.60000327e-02  7.75430747e-01 
 6.60000655e-02  7.75438435e-01 
 6.60001310e-02  7.75453763e-01 
 6.60002621e-02  7.75484233e-01 
 6.60005242e-02  7.75544429e-01 
 6.60010485e-02  7.75661911e-01 
 6.60020971e-02  7.75885692e-01 
 6.60041942e-02  7.76291963e-01 
 6.60083885e-02  7.76963266e-01 
 6.60167772e-02  7.77887587e-01 
 6.60335544e-02  7.78782453e-01 
 6.60671088e-02  7.79198057e-01 
 6.61071088e-02  7.79187361e-01 
 6.61471088e-02  7.79188549e-01 
 6.61871088e-02  7.79188417e-01 
 6.62271088e-02  7.79188432e-01 
 6.62671088e-02  7.79188430e-01 
 6.63071088e-02  7.79188430e-01 
 6.63471088e-02  7.79188430e-01 
 6.63871088e-02  7.79188430e-01 
 6.63999992e-02  7.79188430e-01 
 6.63999993e-02  7.79188430e-01 
 6.63999994e-02  7.79188430e-01 
 6.63999998e-02  7.79188430e-01 
 6.64000000e-02  7.79188430e-01 
 6.64000001e-02  7.79188430e-01 
 6.64000002e-02  7.79188430e-01 
 6.64000004e-02  7.79188430e-01 
 6.64000010e-02  7.79188430e-01 
 6.64000020e-02  7.79188430e-01 
 6.64000040e-02  7.79188430e-01 
 6.64000081e-02  7.79188430e-01 
 6.64000163e-02  7.79188430e-01 
 6.64000327e-02  7.79188430e-01 
 6.64000655e-02  7.79188430e-01 
 6.64001310e-02  7.79188430e-01 
 6.64002621e-02  7.79188430e-01 
 6.64005242e-02  7.79188430e-01 
 6.64010485e-02  7.79188430e-01 
 6.64020971e-02  7.79188430e-01 
 6.64041942e-02  7.79188430e-01 
 6.64083885e-02  7.79188430e-01 
 6.64167772e-02  7.79188430e-01 
 6.64335544e-02  7.79188430e-01 
 6.64671088e-02  7.79188430e-01 
 6.65071088e-02  7.79188430e-01 
 6.65471088e-02  7.79188430e-01 
 6.65871088e-02  7.79188430e-01 
 6.66271088e-02  7.79188430e-01 
 6.66671088e-02  7.79188430e-01 
 6.67071088e-02  7.79188430e-01 
 6.67471088e-02  7.79188430e-01 
 6.67871088e-02  7.79188430e-01 
 6.67999992e-02  7.79188430e-01 
 6.67999993e-02  7.79188430e-01 
 6.67999994e-02  7.79188430e-01 
 6.67999998e-02  7.79188430e-01 
 6.68000000e-02  7.79188458e-01 
 6.68000001e-02  7.79188473e-01 
 6.68000002e-02  7.79188503e-01 
 6.68000004e-02  7.79188563e-01 
 6.68000010e-02  7.79188682e-01 
 6.68000020e-02  7.79188920e-01 
 6.68000040e-02  7.79189397e-01 
 6.68000081e-02  7.79190351e-01 
 6.68000163e-02  7.79192258e-01 
 6.68000327e-02  7.79196069e-01 
 6.68000655e-02  7.79203679e-01 
 6.68001310e-02  7.79218852e-01 
 6.68002621e-02  7.79249013e-01 
 6.68005242e-02  7.79308599e-01 
 6.68010485e-02  7.79424891e-01 
 6.68020971e-02  7.79646404e-01 
 6.68041942e-02  7.80048558e-01 
 6.68083885e-02  7.80713057e-01 
 6.68167772e-02  7.81628012e-01 
 6.68335544e-02  7.82513809e-01 
 6.68671088e-02  7.82925201e-01 
 6.69071088e-02  7.82914613e-01 
 6.69471088e-02  7.82915790e-01 
 6.69871088e-02  7.82915659e-01 
 6.70271088e-02  7.82915674e-01 
 6.70671088e-02  7.82915672e-01 
 6.71071088e-02  7.82915672e-01 
 6.71471088e-02  7.82915672e-01 
 6.71871088e-02  7.82915672e-01 
 6.71999992e-02  7.82915672e-01 
 6.71999993e-02  7.82915672e-01 
 6.71999994e-02  7.82915672e-01 
 6.71999998e-02  7.82915672e-01 
 6.72000000e-02  7.82915672e-01 
 6.72000001e-02  7.82915672e-01 
 6.72000002e-02  7.82915672e-01 
 6.72000004e-02  7.82915672e-01 
 6.72000010e-02  7.82915672e-01 
 6.72000020e-02  7.82915672e-01 
 6.72000040e-02  7.82915672e-01 
 6.72000081e-02  7.82915672e-01 
 6.72000163e-02  7.82915672e-01 
 6.72000327e-02  7.82915672e-01 
 6.72000655e-02  7.82915672e-01 
 6.72001310e-02  7.82915672e-01 
 6.72002621e-02  7.82915672e-01 
 6.72005242e-02  7.82915672e-01 
 6.72010485e-02  7.82915672e-01 
 6.72020971e-02  7.82915672e-01 
 6.72041942e-02  7.82915672e-01 
 6.72083885e-02  7.82915672e-01 
 6.72167772e-02  7.82915672e-01 
 6.72335544e-02  7.82915672e-01 
 6.72671088e-02  7.82915672e-01 
 6.73071088e-02  7.82915672e-01 
 6.73471088e-02  7.82915672e-01 
 6.73871088e-02  7.82915672e-01 
 6.74271088e-02  7.82915672e-01 
 6.74671088e-02  7.82915672e-01 
 6.75071088e-02  7.82915672e-01 
 6.75471088e-02  7.82915672e-01 
 6.75871088e-02  7.82915672e-01 
 6.75999992e-02  7.82915672e-01 
 6.75999993e-02  7.82915672e-01 
 6.75999994e-02  7.82915672e-01 
 6.75999998e-02  7.82915672e-01 
 6.76000000e-02  7.82915700e-01 
 6.76000001e-02  7.82915715e-01 
 6.76000002e-02  7.82915744e-01 
 6.76000004e-02  7.82915803e-01 
 6.76000010e-02  7.82915921e-01 
 6.76000020e-02  7.82916157e-01 
 6.76000040e-02  7.82916630e-01 
 6.76000081e-02  7.82917574e-01 
 6.76000163e-02  7.82919462e-01 
 6.76000327e-02  7.82923234e-01 
 6.76000655e-02  7.82930768e-01 
 6.76001310e-02  7.82945789e-01 
 6.76002621e-02  7.82975648e-01 
 6.76005242e-02  7.83034638e-01 
 6.76010485e-02  7.83149766e-01 
 6.76020971e-02  7.83369062e-01 
 6.76041942e-02  7.83767190e-01 
 6.76083885e-02  7.84425039e-01 
 6.76167772e-02  7.85330835e-01 
 6.76335544e-02  7.86207766e-01 
 6.76671088e-02  7.86615041e-01 
 6.77071088e-02  7.86604559e-01 
 6.77471088e-02  7.86605723e-01 
 6.77871088e-02  7.86605594e-01 
 6.78271088e-02  7.86605608e-01 
 6.78671088e-02  7.86605607e-01 
 6.79071088e-02  7.86605607e-01 
 6.79471088e-02  7.86605607e-01 
 6.79871088e-02  7.86605607e-01 
 6.79999992e-02  7.86605607e-01 
 6.79999993e-02  7.86605607e-01 
 6.79999994e-02  7.86605607e-01 
 6.79999998e-02  7.86605607e-01 
 6.80000000e-02  7.86605607e-01 
 6.80000001e-02  7.86605607e-01 
 6.80000002e-02  7.86605607e-01 
 6.80000004e-02  7.86605607e-01 
 6.80000010e-02  7.86605607e-01 
 6.80000020e-02  7.86605607e-01 
 6.80000040e-02  7.86605607e-01 
 6.80000081e-02  7.86605607e-01 
 6.80000163e-02  7.86605607e-01 
 6.80000327e-02  7.86605607e-01 
 6.80000655e-02  7.86605607e-01 
 6.80001310e-02  7.86605607e-01 
 6.80002621e-02  7.86605607e-01 
 6.80005242e-02  7.86605607e-01 
 6.80010485e-02  7.86605607e-01 
 6.80020971e-02  7.86605607e-01 
 6.80041942e-02  7.86605607e-01 
 6.80083885e-02  7.86605607e-01 
 6.80167772e-02  7.86605607e-01 
 6.80335544e-02  7.86605607e-01 
 6.80671088e-02  7.86605607e-01 
 6.81071088e-02  7.86605607e-01 
 6.81471088e-02  7.86605607e-01 
 6.81871088e-02  7.86605607e-01 
 6.82271088e-02  7.86605607e-01 
 6.82671088e-02  7.86605607e-01 
 6.83071088e-02  7.86605607e-01 
 6.83471088e-02  7.86605607e-01 
 6.83871088e-02  7.86605607e-01 
 6.83999992e-02  7.86605607e-01 
 6.83999993e-02  7.86605607e-01 
 6.83999994e-02  7.86605607e-01 
 6.83999998e-02  7.86605607e-01 
 6.84000000e-02  7.86605634e-01 
 6.84000001e-02  7.86605649e-01 
 6.84000002e-02  7.86605678e-01 
 6.84000004e-02  7.86605737e-01 
 6.84000010e-02  7.86605854e-01 
 6.84000020e-02  7.86606087e-01 
 6.84000040e-02  7.86606555e-01 
 6.84000081e-02  7.86607490e-01 
 6.84000163e-02  7.86609359e-01 
 6.84000327e-02  7.86613094e-01 
 6.84000655e-02  7.86620554e-01 
 6.84001310e-02  7.86635427e-01 
 6.84002621e-02  7.86664990e-01 
 6.84005242e-02  7.86723397e-01 
 6.84010485e-02  7.86837386e-01 
 6.84020971e-02  7.87054514e-01 
 6.84041942e-02  7.87448707e-01 
 6.84083885e-02  7.88100051e-01 
 6.84167772e-02  7.88996893e-01 
 6.84335544e-02  7.89865153e-01 
 6.84671088e-02  7.90268401e-01 
 6.85071088e-02  7.90258023e-01 
 6.85471088e-02  7.90259176e-01 
 6.85871088e-02  7.90259048e-01 
 6.86271088e-02  7.90259062e-01 
 6.86671088e-02  7.90259061e-01 
 6.87071088e-02  7.90259061e-01 
 6.87471088e-02  7.90259061e-01 
 6.87871088e-02  7.90259061e-01 
 6.87999992e-02  7.90259061e-01 
 6.87999993e-02  7.90259061e-01 
 6.87999994e-02  7.90259061e-01 
 6.87999998e-02  7.90259061e-01 
 6.88000000e-02  7.90259061e-01 
 6.88000001e-02  7.90259061e-01 
 6.88000002e-02  7.90259061e-01 
 6.88000004e-02  7.90259061e-01 
 6.88000010e-02  7.90259061e-01 
 6.88000020e-02  7.90259061e-01 
 6.88000040e-02  7.90259061e-01 
 6.88000081e-02  7.90259061e-01 
 6.88000163e-02  7.90259061e-01 
 6.88000327e-02  7.90259061e-01 
 6.88000655e-02  7.90259061e-01 
 6.88001310e-02  7.90259061e-01 
 6.88002621e-02  7.90259061e-01 
 6.88005242e-02  7.90259061e-01 
 6.88010485e-02  7.90259061e-01 
 6.88020971e-02  7.90259061e-01 
 6.88041942e-02  7.90259061e-01 
 6.88083885e-02  7.90259061e-01 
 6.88167772e-02  7.90259061e-01 
 6.88335544e-02  7.90259061e-01 
 6.88671088e-02  7.90259061e-01 
 6.89071088e-02  7.90259061e-01 
 6.89471088e-02  7.90259061e-01 
 6.89871088e-02  7.90259061e-01 
 6.90271088e-02  7.90259061e-01 
 6.90671088e-02  7.90259061e-01 
 6.91071088e-02  7.90259061e-01 
 6.91471088e-02  7.90259061e-01 
 6.91871088e-02  7.90259061e-01 
 6.91999992e-02  7.90259061e-01 
 6.91999993e-02  7.90259061e-01 
 6.91999994e-02  7.90259061e-01 
 6.91999998e-02  7.90259061e-01 
 6.92000000e-02  7.90259088e-01 
 6.92000001e-02  7.90259103e-01 
 6.92000002e-02  7.90259132e-01 
 6.92000004e-02  7.90259189e-01 
 6.92000010e-02  7.90259305e-01 
 6.92000020e-02  7.90259537e-01 
 6.92000040e-02  7.90260000e-01 
 6.92000081e-02  7.90260926e-01 
 6.92000163e-02  7.90262776e-01 
 6.92000327e-02  7.90266475e-01 
 6.92000655e-02  7.90273862e-01 
 6.92001310e-02  7.90288589e-01 
 6.92002621e-02  7.90317864e-01 
 6.92005242e-02  7.90375701e-01 
 6.92010485e-02  7.90488577e-01 
 6.92020971e-02  7.90703584e-01 
 6.92041942e-02  7.91093927e-01 
 6.92083885e-02  7.91738911e-01 
 6.92167772e-02  7.92626994e-01 
 6.92335544e-02  7.93486776e-01 
 6.92671088e-02  7.93886086e-01 
 6.93071088e-02  7.93875809e-01 
 6.93471088e-02  7.93876951e-01 
 6.93871088e-02  7.93876824e-01 
 6.94271088e-02  7.93876838e-01 
 6.94671088e-02  7.93876836e-01 
 6.95071088e-02  7.93876836e-01 
 6.95471088e-02  7.93876836e-01 
 6.95871088e-02  7.93876836e-01 
 6.95999992e-02  7.93876836e-01 
 6.95999993e-02  7.93876836e-01 
 6.95999994e-02  7.93876836e-01 
 6.95999998e-02  7.93876836e-01 
 6.96000000e-02  7.93876836e-01 
 6.96000001e-02  7.93876836e-01 
 6.96000002e-02  7.93876836e-01 
 6.96000004e-02  7.93876836e-01 
 6.96000010e-02  7.93876836e-01 
 6.96000020e-02  7.93876836e-01 
 6.96000040e-02  7.93876836e-01 
 6.96000081e-02  7.93876836e-01 
 6.96000163e-02  7.93876836e-01 
 6.96000327e-02  7.93876836e-01 
 6.96000655e-02  7.93876836e-01 
 6.96001310e-02  7.93876836e-01 
 6.96002621e-02  7.93876836e-01 
 6.96005242e-02  7.93876836e-01 
 6.96010485e-02  7.93876836e-01 
 6.96020971e-02  7.93876836e-01 
 6.96041942e-02  7.93876836e-01 
 6.96083885e-02  7.93876836e-01 
 6.96167772e-02  7.93876836e-01 
 6.96335544e-02  7.93876836e-01 
 6.96671088e-02  7.93876836e-01 
 6.97071088e-02  7.93876836e-01 
 6.97471088e-02  7.93876836e-01 
 6.97871088e-02  7.93876836e-01 
 6.98271088e-02  7.93876836e-01 
 6.98671088e-02  7.93876836e-01 
 6.99071088e-02  7.93876836e-01 
 6.99471088e-02  7.93876836e-01 
 6.99871088e-02  7.93876836e-01 
 6.99999992e-02  7.93876836e-01 
 6.99999993e-02  7.93876836e-01 
 6.99999994e-02  7.93876836e-01 
 6.99999998e-02  7.93876836e-01 
 7.00000000e-02  7.93876863e-01 
 7.00000001e-02  7.93876878e-01 
 7.00000002e-02  7.93876906e-01 
 7.00000004e-02  7.93876964e-01 
 7.00000010e-02  7.93877078e-01 
 7.00000020e-02  7.93877308e-01 
 7.00000040e-02  7.93877766e-01 
 7.00000081e-02  7.93878683e-01 
 7.00000163e-02  7.93880516e-01 
 7.00000327e-02  7.93884179e-01 
 7.00000655e-02  7.93891494e-01 
 7.00001310e-02  7.93906080e-01 
 7.00002621e-02  7.93935073e-01 
 7.00005242e-02  7.93992351e-01 
 7.00010485e-02  7.94104138e-01 
 7.00020971e-02  7.94317071e-01 
 7.00041942e-02  7.94703649e-01 
 7.00083885e-02  7.95342411e-01 
 7.00167772e-02  7.96221926e-01 
 7.00335544e-02  7.97073414e-01 
 7.00671088e-02  7.97468872e-01 
 7.01071088e-02  7.97458694e-01 
 7.01471088e-02  7.97459825e-01 
 7.01871088e-02  7.97459699e-01 
 7.02271088e-02  7.97459713e-01 
 7.02671088e-02  7.97459712e-01 
 7.03071088e-02  7.97459712e-01 
 7.03471088e-02  7.97459712e-01 
 7.03871088e-02  7.97459712e-01 
 7.03999992e-02  7.97459712e-01 
 7.03999993e-02  7.97459712e-01 
 7.03999994e-02  7.97459712e-01 
 7.03999998e-02  7.97459712e-01 
 7.04000000e-02  7.97459712e-01 
 7.04000001e-02  7.97459712e-01 
 7.04000002e-02  7.97459712e-01 
 7.04000004e-02  7.97459712e-01 
 7.04000010e-02  7.97459712e-01 
 7.04000020e-02  7.97459712e-01 
 7.04000040e-02  7.97459712e-01 
 7.04000081e-02  7.97459712e-01 
 7.04000163e-02  7.97459712e-01 
 7.04000327e-02  7.97459712e-01 
 7.04000655e-02  7.97459712e-01 
 7.04001310e-02  7.97459712e-01 
 7.04002621e-02  7.97459712e-01 
 7.04005242e-02  7.97459712e-01 
 7.04010485e-02  7.97459712e-01 
 7.04020971e-02  7.97459712e-01 
 7.04041942e-02  7.97459712e-01 
 7.04083885e-02  7.97459712e-01 
 7.04167772e-02  7.97459712e-01 
 7.04335544e-02  7.97459712e-01 
 7.04671088e-02  7.97459712e-01 
 7.05071088e-02  7.97459712e-01 
 7.05471088e-02  7.97459712e-01 
 7.05871088e-02  7.97459712e-01 
 7.06271088e-02  7.97459712e-01 
 7.06671088e-02  7.97459712e-01 
 7.07071088e-02  7.97459712e-01 
 7.07471088e-02  7.97459712e-01 
 7.07871088e-02  7.97459712e-01 
 7.07999992e-02  7.97459712e-01 
 7.07999993e-02  7.97459712e-01 
 7.07999994e-02  7.97459712e-01 
 7.07999998e-02  7.97459712e-01 
 7.08000000e-02  7.97459739e-01 
 7.08000001e-02  7.97459753e-01 
 7.08000002e-02  7.97459781e-01 
 7.08000004e-02  7.97459838e-01 
 7.08000010e-02  7.97459952e-01 
 7.08000020e-02  7.97460179e-01 
 7.08000040e-02  7.97460633e-01 
 7.08000081e-02  7.97461541e-01 
 7.08000163e-02  7.97463356e-01 
 7.08000327e-02  7.97466985e-01 
 7.08000655e-02  7.97474230e-01 
 7.08001310e-02  7.97488677e-01 
 7.08002621e-02  7.97517393e-01 
 7.08005242e-02  7.97574126e-01 
 7.08010485e-02  7.97684847e-01 
 7.08020971e-02  7.97895752e-01 
 7.08041942e-02  7.98278645e-01 
 7.08083885e-02  7.98911320e-01 
 7.08167772e-02  7.99782454e-01 
 7.08335544e-02  8.00625827e-01 
 7.08671088e-02  8.01017517e-01 
 7.09071088e-02  8.01007436e-01 
 7.09471088e-02  8.01008556e-01 
 7.09871088e-02  8.01008432e-01 
 7.10271088e-02  8.01008446e-01 
 7.10671088e-02  8.01008444e-01 
 7.11071088e-02  8.01008444e-01 
 7.11471088e-02  8.01008444e-01 
 7.11871088e-02  8.01008444e-01 
 7.11999992e-02  8.01008444e-01 
 7.11999993e-02  8.01008444e-01 
 7.11999994e-02  8.01008444e-01 
 7.11999998e-02  8.01008444e-01 
 7.12000000e-02  8.01008444e-01 
 7.12000001e-02  8.01008444e-01 
 7.12000002e-02  8.01008444e-01 
 7.12000004e-02  8.01008444e-01 
 7.12000010e-02  8.01008444e-01 
 7.12000020e-02  8.01008444e-01 
 7.12000040e-02  8.01008444e-01 
 7.12000081e-02  8.01008444e-01 
 7.12000163e-02  8.01008444e-01 
 7.12000327e-02  8.01008444e-01 
 7.12000655e-02  8.01008444e-01 
 7.12001310e-02  8.01008444e-01 
 7.12002621e-02  8.01008444e-01 
 7.12005242e-02  8.01008444e-01 
 7.12010485e-02  8.01008444e-01 
 7.12020971e-02  8.01008444e-01 
 7.12041942e-02  8.01008444e-01 
 7.12083885e-02  8.01008444e-01 
 7.12167772e-02  8.01008444e-01 
 7.12335544e-02  8.01008444e-01 
 7.12671088e-02  8.01008444e-01 
 7.13071088e-02  8.01008444e-01 
 7.13471088e-02  8.01008444e-01 
 7.13871088e-02  8.01008444e-01 
 7.14271088e-02  8.01008444e-01 
 7.14671088e-02  8.01008444e-01 
 7.15071088e-02  8.01008444e-01 
 7.15471088e-02  8.01008444e-01 
 7.15871088e-02  8.01008444e-01 
 7.15999992e-02  8.01008444e-01 
 7.15999993e-02  8.01008444e-01 
 7.15999994e-02  8.01008444e-01 
 7.15999998e-02  8.01008444e-01 
 7.16000000e-02  8.01008471e-01 
 7.16000001e-02  8.01008485e-01 
 7.16000002e-02  8.01008513e-01 
 7.16000004e-02  8.01008569e-01 
 7.16000010e-02  8.01008681e-01 
 7.16000020e-02  8.01008906e-01 
 7.16000040e-02  8.01009356e-01 
 7.16000081e-02  8.01010256e-01 
 7.16000163e-02  8.01012054e-01 
 7.16000327e-02  8.01015648e-01 
 7.16000655e-02  8.01022826e-01 
 7.16001310e-02  8.01037136e-01 
 7.16002621e-02  8.01065582e-01 
 7.16005242e-02  8.01121781e-01 
 7.16010485e-02  8.01231460e-01 
 7.16020971e-02  8.01440379e-01 
 7.16041942e-02  8.01819668e-01 
 7.16083885e-02  8.02446386e-01 
 7.16167772e-02  8.03309319e-01 
 7.16335544e-02  8.04144753e-01 
 7.16671088e-02  8.04532755e-01 
 7.17071088e-02  8.04522769e-01 
 7.17471088e-02  8.04523879e-01 
 7.17871088e-02  8.04523755e-01 
 7.18271088e-02  8.04523769e-01 
 7.18671088e-02  8.04523767e-01 
 7.19071088e-02  8.04523768e-01 
 7.19471088e-02  8.04523768e-01 
 7.19871088e-02  8.04523768e-01 
 7.19999992e-02  8.04523768e-01 
 7.19999993e-02  8.04523768e-01 
 7.19999994e-02  8.04523768e-01 
 7.19999998e-02  8.04523768e-01 
 7.20000000e-02  8.04523768e-01 
 7.20000001e-02  8.04523768e-01 
 7.20000002e-02  8.04523768e-01 
 7.20000004e-02  8.04523768e-01 
 7.20000010e-02  8.04523768e-01 
 7.20000020e-02  8.04523768e-01 
 7.20000040e-02  8.04523768e-01 
 7.20000081e-02  8.04523768e-01 
 7.20000163e-02  8.04523768e-01 
 7.20000327e-02  8.04523768e-01 
 7.20000655e-02  8.04523768e-01 
 7.20001310e-02  8.04523768e-01 
 7.20002621e-02  8.04523768e-01 
 7.20005242e-02  8.04523768e-01 
 7.20010485e-02  8.04523768e-01 
 7.20020971e-02  8.04523768e-01 
 7.20041942e-02  8.04523768e-01 
 7.20083885e-02  8.04523768e-01 
 7.20167772e-02  8.04523768e-01 
 7.20335544e-02  8.04523768e-01 
 7.20671088e-02  8.04523768e-01 
 7.21071088e-02  8.04523768e-01 
 7.21471088e-02  8.04523768e-01 
 7.21871088e-02  8.04523768e-01 
 7.22271088e-02  8.04523768e-01 
 7.22671088e-02  8.04523768e-01 
 7.23071088e-02  8.04523768e-01 
 7.23471088e-02  8.04523768e-01 
 7.23871088e-02  8.04523768e-01 
 7.23999992e-02  8.04523768e-01 
 7.23999993e-02  8.04523768e-01 
 7.23999994e-02  8.04523768e-01 
 7.23999998e-02  8.04523768e-01 
 7.24000000e-02  8.04523794e-01 
 7.24000001e-02  8.04523808e-01 
 7.24000002e-02  8.04523835e-01 
 7.24000004e-02  8.04523891e-01 
 7.24000010e-02  8.04524003e-01 
 7.24000020e-02  8.04524225e-01 
 7.24000040e-02  8.04524671e-01 
 7.24000081e-02  8.04525562e-01 
 7.24000163e-02  8.04527344e-01 
 7.24000327e-02  8.04530905e-01 
 7.24000655e-02  8.04538015e-01 
 7.24001310e-02  8.04552193e-01 
 7.24002621e-02  8.04580374e-01 
 7.24005242e-02  8.04636050e-01 
 7.24010485e-02  8.04744709e-01 
 7.24020971e-02  8.04951685e-01 
 7.24041942e-02  8.05327446e-01 
 7.24083885e-02  8.05948336e-01 
 7.24167772e-02  8.06803243e-01 
 7.24335544e-02  8.07630907e-01 
 7.24671088e-02  8.08015300e-01 
 7.25071088e-02  8.08005407e-01 
 7.25471088e-02  8.08006506e-01 
 7.25871088e-02  8.08006384e-01 
 7.26271088e-02  8.08006398e-01 
 7.26671088e-02  8.08006396e-01 
 7.27071088e-02  8.08006396e-01 
 7.27471088e-02  8.08006396e-01 
 7.27871088e-02  8.08006396e-01 
 7.27999992e-02  8.08006396e-01 
 7.27999993e-02  8.08006396e-01 
 7.27999994e-02  8.08006396e-01 
 7.27999998e-02  8.08006396e-01 
 7.28000000e-02  8.08006396e-01 
 7.28000001e-02  8.08006396e-01 
 7.28000002e-02  8.08006396e-01 
 7.28000004e-02  8.08006396e-01 
 7.28000010e-02  8.08006396e-01 
 7.28000020e-02  8.08006396e-01 
 7.28000040e-02  8.08006396e-01 
 7.28000081e-02  8.08006396e-01 
 7.28000163e-02  8.08006396e-01 
 7.28000327e-02  8.08006396e-01 
 7.28000655e-02  8.08006396e-01 
 7.28001310e-02  8.08006396e-01 
 7.28002621e-02  8.08006396e-01 
 7.28005242e-02  8.08006396e-01 
 7.28010485e-02  8.08006396e-01 
 7.28020971e-02  8.08006396e-01 
 7.28041942e-02  8.08006396e-01 
 7.28083885e-02  8.08006396e-01 
 7.28167772e-02  8.08006396e-01 
 7.28335544e-02  8.08006396e-01 
 7.28671088e-02  8.08006396e-01 
 7.29071088e-02  8.08006396e-01 
 7.29471088e-02  8.08006396e-01 
 7.29871088e-02  8.08006396e-01 
 7.30271088e-02  8.08006396e-01 
 7.30671088e-02  8.08006396e-01 
 7.31071088e-02  8.08006396e-01 
 7.31471088e-02  8.08006396e-01 
 7.31871088e-02  8.08006396e-01 
 7.31999992e-02  8.08006396e-01 
 7.31999993e-02  8.08006396e-01 
 7.31999994e-02  8.08006396e-01 
 7.31999998e-02  8.08006396e-01 
 7.32000000e-02  8.08006422e-01 
 7.32000001e-02  8.08006436e-01 
 7.32000002e-02  8.08006463e-01 
 7.32000004e-02  8.08006519e-01 
 7.32000010e-02  8.08006629e-01 
 7.32000020e-02  8.08006850e-01 
 7.32000040e-02  8.08007292e-01 
 7.32000081e-02  8.08008175e-01 
 7.32000163e-02  8.08009940e-01 
 7.32000327e-02  8.08013468e-01 
 7.32000655e-02  8.08020513e-01 
 7.32001310e-02  8.08034560e-01 
 7.32002621e-02  8.08062483e-01 
 7.32005242e-02  8.08117647e-01 
 7.32010485e-02  8.08225308e-01 
 7.32020971e-02  8.08430382e-01 
 7.32041942e-02  8.08802690e-01 
 7.32083885e-02  8.09417874e-01 
 7.32167772e-02  8.10264926e-01 
 7.32335544e-02  8.11084985e-01 
 7.32671088e-02  8.11465846e-01 
 7.33071088e-02  8.11456044e-01 
 7.33471088e-02  8.11457133e-01 
 7.33871088e-02  8.11457012e-01 
 7.34271088e-02  8.11457025e-01 
 7.34671088e-02  8.11457024e-01 
 7.35071088e-02  8.11457024e-01 
 7.35471088e-02  8.11457024e-01 
 7.35871088e-02  8.11457024e-01 
 7.35999992e-02  8.11457024e-01 
 7.35999993e-02  8.11457024e-01 
 7.35999994e-02  8.11457024e-01 
 7.35999998e-02  8.11457024e-01 
 7.36000000e-02  8.11457024e-01 
 7.36000001e-02  8.11457024e-01 
 7.36000002e-02  8.11457024e-01 
 7.36000004e-02  8.11457024e-01 
 7.36000010e-02  8.11457024e-01 
 7.36000020e-02  8.11457024e-01 
 7.36000040e-02  8.11457024e-01 
 7.36000081e-02  8.11457024e-01 
 7.36000163e-02  8.11457024e-01 
 7.36000327e-02  8.11457024e-01 
 7.36000655e-02  8.11457024e-01 
 7.36001310e-02  8.11457024e-01 
 7.36002621e-02  8.11457024e-01 
 7.36005242e-02  8.11457024e-01 
 7.36010485e-02  8.11457024e-01 
 7.36020971e-02  8.11457024e-01 
 7.36041942e-02  8.11457024e-01 
 7.36083885e-02  8.11457024e-01 
 7.36167772e-02  8.11457024e-01 
 7.36335544e-02  8.11457024e-01 
 7.36671088e-02  8.11457024e-01 
 7.37071088e-02  8.11457024e-01 
 7.37471088e-02  8.11457024e-01 
 7.37871088e-02  8.11457024e-01 
 7.38271088e-02  8.11457024e-01 
 7.38671088e-02  8.11457024e-01 
 7.39071088e-02  8.11457024e-01 
 7.39471088e-02  8.11457024e-01 
 7.39871088e-02  8.11457024e-01 
 7.39999992e-02  8.11457024e-01 
 7.39999993e-02  8.11457024e-01 
 7.39999994e-02  8.11457024e-01 
 7.39999998e-02  8.11457024e-01 
 7.40000000e-02  8.11457050e-01 
 7.40000001e-02  8.11457063e-01 
 7.40000002e-02  8.11457091e-01 
 7.40000004e-02  8.11457145e-01 
 7.40000010e-02  8.11457255e-01 
 7.40000020e-02  8.11457474e-01 
 7.40000040e-02  8.11457911e-01 
 7.40000081e-02  8.11458786e-01 
 7.40000163e-02  8.11460535e-01 
 7.40000327e-02  8.11464031e-01 
 7.40000655e-02  8.11471013e-01 
 7.40001310e-02  8.11484932e-01 
 7.40002621e-02  8.11512601e-01 
 7.40005242e-02  8.11567265e-01 
 7.40010485e-02  8.11673948e-01 
 7.40020971e-02  8.11877160e-01 
 7.40041942e-02  8.12246089e-01 
 7.40083885e-02  8.12855688e-01 
 7.40167772e-02  8.13695050e-01 
 7.40335544e-02  8.14507663e-01 
 7.40671088e-02  8.14885067e-01 
 7.41071088e-02  8.14875354e-01 
 7.41471088e-02  8.14876433e-01 
 7.41871088e-02  8.14876313e-01 
 7.42271088e-02  8.14876327e-01 
 7.42671088e-02  8.14876325e-01 
 7.43071088e-02  8.14876325e-01 
 7.43471088e-02  8.14876325e-01 
 7.43871088e-02  8.14876325e-01 
 7.43999992e-02  8.14876325e-01 
 7.43999993e-02  8.14876325e-01 
 7.43999994e-02  8.14876325e-01 
 7.43999998e-02  8.14876325e-01 
 7.44000000e-02  8.14876325e-01 
 7.44000001e-02  8.14876325e-01 
 7.44000002e-02  8.14876325e-01 
 7.44000004e-02  8.14876325e-01 
 7.44000010e-02  8.14876325e-01 
 7.44000020e-02  8.14876325e-01 
 7.44000040e-02  8.14876325e-01 
 7.44000081e-02  8.14876325e-01 
 7.44000163e-02  8.14876325e-01 
 7.44000327e-02  8.14876325e-01 
 7.44000655e-02  8.14876325e-01 
 7.44001310e-02  8.14876325e-01 
 7.44002621e-02  8.14876325e-01 
 7.44005242e-02  8.14876325e-01 
 7.44010485e-02  8.14876325e-01 
 7.44020971e-02  8.14876325e-01 
 7.44041942e-02  8.14876325e-01 
 7.44083885e-02  8.14876325e-01 
 7.44167772e-02  8.14876325e-01 
 7.44335544e-02  8.14876325e-01 
 7.44671088e-02  8.14876325e-01 
 7.45071088e-02  8.14876325e-01 
 7.45471088e-02  8.14876325e-01 
 7.45871088e-02  8.14876325e-01 
 7.46271088e-02  8.14876325e-01 
 7.46671088e-02  8.14876325e-01 
 7.47071088e-02  8.14876325e-01 
 7.47471088e-02  8.14876325e-01 
 7.47871088e-02  8.14876325e-01 
 7.47999992e-02  8.14876325e-01 
 7.47999993e-02  8.14876325e-01 
 7.47999994e-02  8.14876325e-01 
 7.47999998e-02  8.14876325e-01 
 7.48000000e-02  8.14876351e-01 
 7.48000001e-02  8.14876364e-01 
 7.48000002e-02  8.14876391e-01 
 7.48000004e-02  8.14876446e-01 
 7.48000010e-02  8.14876554e-01 
 7.48000020e-02  8.14876771e-01 
 7.48000040e-02  8.14877205e-01 
 7.48000081e-02  8.14878072e-01 
 7.48000163e-02  8.14879805e-01 
 7.48000327e-02  8.14883270e-01 
 7.48000655e-02  8.14890189e-01 
 7.48001310e-02  8.14903983e-01 
 7.48002621e-02  8.14931404e-01 
 7.48005242e-02  8.14985577e-01 
 7.48010485e-02  8.15091304e-01 
 7.48020971e-02  8.15292693e-01 
 7.48041942e-02  8.15658312e-01 
 7.48083885e-02  8.16262444e-01 
 7.48167772e-02  8.17094277e-01 
 7.48335544e-02  8.17899601e-01 
 7.48671088e-02  8.18273619e-01 
 7.49071088e-02  8.18263994e-01 
 7.49471088e-02  8.18265063e-01 
 7.49871088e-02  8.18264944e-01 
 7.50271088e-02  8.18264957e-01 
 7.50671088e-02  8.18264956e-01 
 7.51071088e-02  8.18264956e-01 
 7.51471088e-02  8.18264956e-01 
 7.51871088e-02  8.18264956e-01 
 7.51999992e-02  8.18264956e-01 
 7.51999993e-02  8.18264956e-01 
 7.51999994e-02  8.18264956e-01 
 7.51999998e-02  8.18264956e-01 
 7.52000000e-02  8.18264956e-01 
 7.52000001e-02  8.18264956e-01 
 7.52000002e-02  8.18264956e-01 
 7.52000004e-02  8.18264956e-01 
 7.52000010e-02  8.18264956e-01 
 7.52000020e-02  8.18264956e-01 
 7.52000040e-02  8.18264956e-01 
 7.52000081e-02  8.18264956e-01 
 7.52000163e-02  8.18264956e-01 
 7.52000327e-02  8.18264956e-01 
 7.52000655e-02  8.18264956e-01 
 7.52001310e-02  8.18264956e-01 
 7.52002621e-02  8.18264956e-01 
 7.52005242e-02  8.18264956e-01 
 7.52010485e-02  8.18264956e-01 
 7.52020971e-02  8.18264956e-01 
 7.52041942e-02  8.18264956e-01 
 7.52083885e-02  8.18264956e-01 
 7.52167772e-02  8.18264956e-01 
 7.52335544e-02  8.18264956e-01 
 7.52671088e-02  8.18264956e-01 
 7.53071088e-02  8.18264956e-01 
 7.53471088e-02  8.18264956e-01 
 7.53871088e-02  8.18264956e-01 
 7.54271088e-02  8.18264956e-01 
 7.54671088e-02  8.18264956e-01 
 7.55071088e-02  8.18264956e-01 
 7.55471088e-02  8.18264956e-01 
 7.55871088e-02  8.18264956e-01 
 7.55999992e-02  8.18264956e-01 
 7.55999993e-02  8.18264956e-01 
 7.55999994e-02  8.18264956e-01 
 7.55999998e-02  8.18264956e-01 
 7.56000000e-02  8.18264981e-01 
 7.56000001e-02  8.18264995e-01 
 7.56000002e-02  8.18265022e-01 
 7.56000004e-02  8.18265075e-01 
 7.56000010e-02  8.18265183e-01 
 7.56000020e-02  8.18265398e-01 
 7.56000040e-02  8.18265828e-01 
 7.56000081e-02  8.18266687e-01 
 7.56000163e-02  8.18268405e-01 
 7.56000327e-02  8.18271839e-01 
 7.56000655e-02  8.18278697e-01 
 7.56001310e-02  8.18292369e-01 
 7.56002621e-02  8.18319547e-01 
 7.56005242e-02  8.18373240e-01 
 7.56010485e-02  8.18478029e-01 
 7.56020971e-02  8.18677634e-01 
 7.56041942e-02  8.19040013e-01 
 7.56083885e-02  8.19638790e-01 
 7.56167772e-02  8.20463250e-01 
 7.56335544e-02  8.21261437e-01 
 7.56671088e-02  8.21632141e-01 
 7.57071088e-02  8.21622600e-01 
 7.57471088e-02  8.21623660e-01 
 7.57871088e-02  8.21623543e-01 
 7.58271088e-02  8.21623556e-01 
 7.58671088e-02  8.21623554e-01 
 7.59071088e-02  8.21623554e-01 
 7.59471088e-02  8.21623554e-01 
 7.59871088e-02  8.21623554e-01 
 7.59999992e-02  8.21623554e-01 
 7.59999993e-02  8.21623554e-01 
 7.59999994e-02  8.21623554e-01 
 7.59999998e-02  8.21623554e-01 
 7.60000000e-02  8.21623554e-01 
 7.60000001e-02  8.21623554e-01 
 7.60000002e-02  8.21623554e-01 
 7.60000004e-02  8.21623554e-01 
 7.60000010e-02  8.21623554e-01 
 7.60000020e-02  8.21623554e-01 
 7.60000040e-02  8.21623554e-01 
 7.60000081e-02  8.21623554e-01 
 7.60000163e-02  8.21623554e-01 
 7.60000327e-02  8.21623554e-01 
 7.60000655e-02  8.21623554e-01 
 7.60001310e-02  8.21623554e-01 
 7.60002621e-02  8.21623554e-01 
 7.60005242e-02  8.21623554e-01 
 7.60010485e-02  8.21623554e-01 
 7.60020971e-02  8.21623554e-01 
 7.60041942e-02  8.21623554e-01 
 7.60083885e-02  8.21623554e-01 
 7.60167772e-02  8.21623554e-01 
 7.60335544e-02  8.21623554e-01 
 7.60671088e-02  8.21623554e-01 
 7.61071088e-02  8.21623554e-01 
 7.61471088e-02  8.21623554e-01 
 7.61871088e-02  8.21623554e-01 
 7.62271088e-02  8.21623554e-01 
 7.62671088e-02  8.21623554e-01 
 7.63071088e-02  8.21623554e-01 
 7.63471088e-02  8.21623554e-01 
 7.63871088e-02  8.21623554e-01 
 7.63999992e-02  8.21623554e-01 
 7.63999993e-02  8.21623554e-01 
 7.63999994e-02  8.21623554e-01 
 7.63999998e-02  8.21623554e-01 
 7.64000000e-02  8.21623579e-01 
 7.64000001e-02  8.21623593e-01 
 7.64000002e-02  8.21623619e-01 
 7.64000004e-02  8.21623672e-01 
 7.64000010e-02  8.21623779e-01 
 7.64000020e-02  8.21623992e-01 
 7.64000040e-02  8.21624418e-01 
 7.64000081e-02  8.21625270e-01 
 7.64000163e-02  8.21626973e-01 
 7.64000327e-02  8.21630377e-01 
 7.64000655e-02  8.21637174e-01 
 7.64001310e-02  8.21650727e-01 
 7.64002621e-02  8.21677667e-01 
 7.64005242e-02  8.21730890e-01 
 7.64010485e-02  8.21834761e-01 
 7.64020971e-02  8.22032618e-01 
 7.64041942e-02  8.22391823e-01 
 7.64083885e-02  8.22985357e-01 
 7.64167772e-02  8.23802597e-01 
 7.64335544e-02  8.24593794e-01 
 7.64671088e-02  8.24961252e-01 
 7.65071088e-02  8.24951795e-01 
 7.65471088e-02  8.24952845e-01 
 7.65871088e-02  8.24952729e-01 
 7.66271088e-02  8.24952742e-01 
 7.66671088e-02  8.24952740e-01 
 7.67071088e-02  8.24952740e-01 
 7.67471088e-02  8.24952740e-01 
 7.67871088e-02  8.24952740e-01 
 7.67999992e-02  8.24952740e-01 
 7.67999993e-02  8.24952740e-01 
 7.67999994e-02  8.24952740e-01 
 7.67999998e-02  8.24952740e-01 
 7.68000000e-02  8.24952740e-01 
 7.68000001e-02  8.24952740e-01 
 7.68000002e-02  8.24952740e-01 
 7.68000004e-02  8.24952740e-01 
 7.68000010e-02  8.24952740e-01 
 7.68000020e-02  8.24952740e-01 
 7.68000040e-02  8.24952740e-01 
 7.68000081e-02  8.24952740e-01 
 7.68000163e-02  8.24952740e-01 
 7.68000327e-02  8.24952740e-01 
 7.68000655e-02  8.24952740e-01 
 7.68001310e-02  8.24952740e-01 
 7.68002621e-02  8.24952740e-01 
 7.68005242e-02  8.24952740e-01 
 7.68010485e-02  8.24952740e-01 
 7.68020971e-02  8.24952740e-01 
 7.68041942e-02  8.24952740e-01 
 7.68083885e-02  8.24952740e-01 
 7.68167772e-02  8.24952740e-01 
 7.68335544e-02  8.24952740e-01 
 7.68671088e-02  8.24952740e-01 
 7.69071088e-02  8.24952740e-01 
 7.69471088e-02  8.24952740e-01 
 7.69871088e-02  8.24952740e-01 
 7.70271088e-02  8.24952740e-01 
 7.70671088e-02  8.24952740e-01 
 7.71071088e-02  8.24952740e-01 
 7.71471088e-02  8.24952740e-01 
 7.71871088e-02  8.24952740e-01 
 7.71999992e-02  8.24952740e-01 
 7.71999993e-02  8.24952740e-01 
 7.71999994e-02  8.24952740e-01 
 7.71999998e-02  8.24952740e-01 
 7.72000000e-02  8.24952765e-01 
 7.72000001e-02  8.24952778e-01 
 7.72000002e-02  8.24952805e-01 
 7.72000004e-02  8.24952857e-01 
 7.72000010e-02  8.24952963e-01 
 7.72000020e-02  8.24953174e-01 
 7.72000040e-02  8.24953597e-01 
 7.72000081e-02  8.24954441e-01 
 7.72000163e-02  8.24956130e-01 
 7.72000327e-02  8.24959504e-01 
 7.72000655e-02  8.24966242e-01 
 7.72001310e-02  8.24979678e-01 
 7.72002621e-02  8.25006385e-01 
 7.72005242e-02  8.25059147e-01 
 7.72010485e-02  8.25162120e-01 
 7.72020971e-02  8.25358264e-01 
 7.72041942e-02  8.25714361e-01 
 7.72083885e-02  8.26302759e-01 
 7.72167772e-02  8.27112927e-01 
 7.72335544e-02  8.27897278e-01 
 7.72671088e-02  8.28261555e-01 
 7.73071088e-02  8.28252180e-01 
 7.73471088e-02  8.28253222e-01 
 7.73871088e-02  8.28253106e-01 
 7.74271088e-02  8.28253119e-01 
 7.74671088e-02  8.28253117e-01 
 7.75071088e-02  8.28253118e-01 
 7.75471088e-02  8.28253118e-01 
 7.75871088e-02  8.28253118e-01 
 7.75999992e-02  8.28253118e-01 
 7.75999993e-02  8.28253118e-01 
 7.75999994e-02  8.28253118e-01 
 7.75999998e-02  8.28253118e-01 
 7.76000000e-02  8.28253118e-01 
 7.76000001e-02  8.28253118e-01 
 7.76000002e-02  8.28253118e-01 
 7.76000004e-02  8.28253118e-01 
 7.76000010e-02  8.28253118e-01 
 7.76000020e-02  8.28253118e-01 
 7.76000040e-02  8.28253118e-01 
 7.76000081e-02  8.28253118e-01 
 7.76000163e-02  8.28253118e-01 
 7.76000327e-02  8.28253118e-01 
 7.76000655e-02  8.28253118e-01 
 7.76001310e-02  8.28253118e-01 
 7.76002621e-02  8.28253118e-01 
 7.76005242e-02  8.28253118e-01 
 7.76010485e-02  8.28253118e-01 
 7.76020971e-02  8.28253118e-01 
 7.76041942e-02  8.28253118e-01 
 7.76083885e-02  8.28253118e-01 
 7.76167772e-02  8.28253118e-01 
 7.76335544e-02  8.28253118e-01 
 7.76671088e-02  8.28253118e-01 
 7.77071088e-02  8.28253118e-01 
 7.77471088e-02  8.28253118e-01 
 7.77871088e-02  8.28253118e-01 
 7.78271088e-02  8.28253118e-01 
 7.78671088e-02  8.28253118e-01 
 7.79071088e-02  8.28253118e-01 
 7.79471088e-02  8.28253118e-01 
 7.79871088e-02  8.28253118e-01 
 7.79999992e-02  8.28253118e-01 
 7.79999993e-02  8.28253118e-01 
 7.79999994e-02  8.28253118e-01 
 7.79999998e-02  8.28253118e-01 
 7.80000000e-02  8.28253142e-01 
 7.80000001e-02  8.28253155e-01 
 7.80000002e-02  8.28253181e-01 
 7.80000004e-02  8.28253234e-01 
 7.80000010e-02  8.28253338e-01 
 7.80000020e-02  8.28253548e-01 
 7.80000040e-02  8.28253967e-01 
 7.80000081e-02  8.28254804e-01 
 7.80000163e-02  8.28256478e-01 
 7.80000327e-02  8.28259824e-01 
 7.80000655e-02  8.28266504e-01 
 7.80001310e-02  8.28279825e-01 
 7.80002621e-02  8.28306303e-01 
 7.80005242e-02  8.28358614e-01 
 7.80010485e-02  8.28460707e-01 
 7.80020971e-02  8.28655174e-01 
 7.80041942e-02  8.29008226e-01 
 7.80083885e-02  8.29591592e-01 
 7.80167772e-02  8.30394833e-01 
 7.80335544e-02  8.31172477e-01 
 7.80671088e-02  8.31533640e-01 
 7.81071088e-02  8.31524344e-01 
 7.81471088e-02  8.31525377e-01 
 7.81871088e-02  8.31525263e-01 
 7.82271088e-02  8.31525275e-01 
 7.82671088e-02  8.31525274e-01 
 7.83071088e-02  8.31525274e-01 
 7.83471088e-02  8.31525274e-01 
 7.83871088e-02  8.31525274e-01 
 7.83999992e-02  8.31525274e-01 
 7.83999993e-02  8.31525274e-01 
 7.83999994e-02  8.31525274e-01 
 7.83999998e-02  8.31525274e-01 
 7.84000000e-02  8.31525274e-01 
 7.84000001e-02  8.31525274e-01 
 7.84000002e-02  8.31525274e-01 
 7.84000004e-02  8.31525274e-01 
 7.84000010e-02  8.31525274e-01 
 7.84000020e-02  8.31525274e-01 
 7.84000040e-02  8.31525274e-01 
 7.84000081e-02  8.31525274e-01 
 7.84000163e-02  8.31525274e-01 
 7.84000327e-02  8.31525274e-01 
 7.84000655e-02  8.31525274e-01 
 7.84001310e-02  8.31525274e-01 
 7.84002621e-02  8.31525274e-01 
 7.84005242e-02  8.31525274e-01 
 7.84010485e-02  8.31525274e-01 
 7.84020971e-02  8.31525274e-01 
 7.84041942e-02  8.31525274e-01 
 7.84083885e-02  8.31525274e-01 
 7.84167772e-02  8.31525274e-01 
 7.84335544e-02  8.31525274e-01 
 7.84671088e-02  8.31525274e-01 
 7.85071088e-02  8.31525274e-01 
 7.85471088e-02  8.31525274e-01 
 7.85871088e-02  8.31525274e-01 
 7.86271088e-02  8.31525274e-01 
 7.86671088e-02  8.31525274e-01 
 7.87071088e-02  8.31525274e-01 
 7.87471088e-02  8.31525274e-01 
 7.87871088e-02  8.31525274e-01 
 7.87999992e-02  8.31525274e-01 
 7.87999993e-02  8.31525274e-01 
 7.87999994e-02  8.31525274e-01 
 7.87999998e-02  8.31525274e-01 
 7.88000000e-02  8.31525298e-01 
 7.88000001e-02  8.31525311e-01 
 7.88000002e-02  8.31525337e-01 
 7.88000004e-02  8.31525389e-01 
 7.88000010e-02  8.31525493e-01 
 7.88000020e-02  8.31525701e-01 
 7.88000040e-02  8.31526116e-01 
 7.88000081e-02  8.31526946e-01 
 7.88000163e-02  8.31528606e-01 
 7.88000327e-02  8.31531923e-01 
 7.88000655e-02  8.31538548e-01 
 7.88001310e-02  8.31551756e-01 
 7.88002621e-02  8.31578010e-01 
 7.88005242e-02  8.31629879e-01 
 7.88010485e-02  8.31731109e-01 
 7.88020971e-02  8.31923933e-01 
 7.88041942e-02  8.32274002e-01 
 7.88083885e-02  8.32852439e-01 
 7.88167772e-02  8.33648893e-01 
 7.88335544e-02  8.34419965e-01 
 7.88671088e-02  8.34778076e-01 
 7.89071088e-02  8.34768859e-01 
 7.89471088e-02  8.34769884e-01 
 7.89871088e-02  8.34769770e-01 
 7.90271088e-02  8.34769782e-01 
 7.90671088e-02  8.34769781e-01 
 7.91071088e-02  8.34769781e-01 
 7.91471088e-02  8.34769781e-01 
 7.91871088e-02  8.34769781e-01 
 7.91999992e-02  8.34769781e-01 
 7.91999993e-02  8.34769781e-01 
 7.91999994e-02  8.34769781e-01 
 7.91999998e-02  8.34769781e-01 
 7.92000000e-02  8.34769781e-01 
 7.92000001e-02  8.34769781e-01 
 7.92000002e-02  8.34769781e-01 
 7.92000004e-02  8.34769781e-01 
 7.92000010e-02  8.34769781e-01 
 7.92000020e-02  8.34769781e-01 
 7.92000040e-02  8.34769781e-01 
 7.92000081e-02  8.34769781e-01 
 7.92000163e-02  8.34769781e-01 
 7.92000327e-02  8.34769781e-01 
 7.92000655e-02  8.34769781e-01 
 7.92001310e-02  8.34769781e-01 
 7.92002621e-02  8.34769781e-01 
 7.92005242e-02  8.34769781e-01 
 7.92010485e-02  8.34769781e-01 
 7.92020971e-02  8.34769781e-01 
 7.92041942e-02  8.34769781e-01 
 7.92083885e-02  8.34769781e-01 
 7.92167772e-02  8.34769781e-01 
 7.92335544e-02  8.34769781e-01 
 7.92671088e-02  8.34769781e-01 
 7.93071088e-02  8.34769781e-01 
 7.93471088e-02  8.34769781e-01 
 7.93871088e-02  8.34769781e-01 
 7.94271088e-02  8.34769781e-01 
 7.94671088e-02  8.34769781e-01 
 7.95071088e-02  8.34769781e-01 
 7.95471088e-02  8.34769781e-01 
 7.95871088e-02  8.34769781e-01 
 7.95999992e-02  8.34769781e-01 
 7.95999993e-02  8.34769781e-01 
 7.95999994e-02  8.34769781e-01 
 7.95999998e-02  8.34769781e-01 
 7.96000000e-02  8.34769805e-01 
 7.96000001e-02  8.34769818e-01 
 7.96000002e-02  8.34769844e-01 
 7.96000004e-02  8.34769895e-01 
 7.96000010e-02  8.34769998e-01 
 7.96000020e-02  8.34770204e-01 
 7.96000040e-02  8.34770616e-01 
 7.96000081e-02  8.34771439e-01 
 7.96000163e-02  8.34773085e-01 
 7.96000327e-02  8.34776375e-01 
 7.96000655e-02  8.34782944e-01 
 7.96001310e-02  8.34796042e-01 
 7.96002621e-02  8.34822077e-01 
 7.96005242e-02  8.34873513e-01 
 7.96010485e-02  8.34973897e-01 
 7.96020971e-02  8.35165111e-01 
 7.96041942e-02  8.35512257e-01 
 7.96083885e-02  8.36085864e-01 
 7.96167772e-02  8.36875667e-01 
 7.96335544e-02  8.37640301e-01 
 7.96671088e-02  8.37995421e-01 
 7.97071088e-02  8.37986282e-01 
 7.97471088e-02  8.37987297e-01 
 7.97871088e-02  8.37987185e-01 
 7.98271088e-02  8.37987197e-01 
 7.98671088e-02  8.37987196e-01 
 7.99071088e-02  8.37987196e-01 
 7.99471088e-02  8.37987196e-01 
 7.99871088e-02  8.37987196e-01 
 7.99999992e-02  8.37987196e-01 
 7.99999993e-02  8.37987196e-01 
 7.99999994e-02  8.37987196e-01 
 7.99999998e-02  8.37987196e-01 
 8.00000000e-02  8.37987196e-01 
 8.00000001e-02  8.37987196e-01 
 8.00000002e-02  8.37987196e-01 
 8.00000004e-02  8.37987196e-01 
 8.00000010e-02  8.37987196e-01 
 8.00000020e-02  8.37987196e-01 
 8.00000040e-02  8.37987196e-01 
 8.00000081e-02  8.37987196e-01 
 8.00000163e-02  8.37987196e-01 
 8.00000327e-02  8.37987196e-01 
 8.00000655e-02  8.37987196e-01 
 8.00001310e-02  8.37987196e-01 
 8.00002621e-02  8.37987196e-01 
 8.00005242e-02  8.37987196e-01 
 8.00010485e-02  8.37987196e-01 
 8.00020971e-02  8.37987196e-01 
 8.00041942e-02  8.37987196e-01 
 8.00083885e-02  8.37987196e-01 
 8.00167772e-02  8.37987196e-01 
 8.00335544e-02  8.37987196e-01 
 8.00671088e-02  8.37987196e-01 
 8.01071088e-02  8.37987196e-01 
 8.01471088e-02  8.37987196e-01 
 8.01871088e-02  8.37987196e-01 
 8.02271088e-02  8.37987196e-01 
 8.02671088e-02  8.37987196e-01 
 8.03071088e-02  8.37987196e-01 
 8.03471088e-02  8.37987196e-01 
 8.03871088e-02  8.37987196e-01 
 8.03999992e-02  8.37987196e-01 
 8.03999993e-02  8.37987196e-01 
 8.03999994e-02  8.37987196e-01 
 8.03999998e-02  8.37987196e-01 
 8.04000000e-02  8.37987220e-01 
 8.04000001e-02  8.37987233e-01 
 8.04000002e-02  8.37987258e-01 
 8.04000004e-02  8.37987309e-01 
 8.04000010e-02  8.37987411e-01 
 8.04000020e-02  8.37987615e-01 
 8.04000040e-02  8.37988024e-01 
 8.04000081e-02  8.37988840e-01 
 8.04000163e-02  8.37990473e-01 
 8.04000327e-02  8.37993735e-01 
 8.04000655e-02  8.38000250e-01 
 8.04001310e-02  8.38013240e-01 
 8.04002621e-02  8.38039060e-01 
 8.04005242e-02  8.38090072e-01 
 8.04010485e-02  8.38189628e-01 
 8.04020971e-02  8.38379264e-01 
 8.04041942e-02  8.38723545e-01 
 8.04083885e-02  8.39292418e-01 
 8.04167772e-02  8.40075704e-01 
 8.04335544e-02  8.40834028e-01 
 8.04671088e-02  8.41186218e-01 
 8.05071088e-02  8.41177154e-01 
 8.05471088e-02  8.41178161e-01 
 8.05871088e-02  8.41178049e-01 
 8.06271088e-02  8.41178062e-01 
 8.06671088e-02  8.41178060e-01 
 8.07071088e-02  8.41178060e-01 
 8.07471088e-02  8.41178060e-01 
 8.07871088e-02  8.41178060e-01 
 8.07999992e-02  8.41178060e-01 
 8.07999993e-02  8.41178060e-01 
 8.07999994e-02  8.41178060e-01 
 8.07999998e-02  8.41178060e-01 
 8.08000000e-02  8.41178060e-01 
 8.08000001e-02  8.41178060e-01 
 8.08000002e-02  8.41178060e-01 
 8.08000004e-02  8.41178060e-01 
 8.08000010e-02  8.41178060e-01 
 8.08000020e-02  8.41178060e-01 
 8.08000040e-02  8.41178060e-01 
 8.08000081e-02  8.41178060e-01 
 8.08000163e-02  8.41178060e-01 
 8.08000327e-02  8.41178060e-01 
 8.08000655e-02  8.41178060e-01 
 8.08001310e-02  8.41178060e-01 
 8.08002621e-02  8.41178060e-01 
 8.08005242e-02  8.41178060e-01 
 8.08010485e-02  8.41178060e-01 
 8.08020971e-02  8.41178060e-01 
 8.08041942e-02  8.41178060e-01 
 8.08083885e-02  8.41178060e-01 
 8.08167772e-02  8.41178060e-01 
 8.08335544e-02  8.41178060e-01 
 8.08671088e-02  8.41178060e-01 
 8.09071088e-02  8.41178060e-01 
 8.09471088e-02  8.41178060e-01 
 8.09871088e-02  8.41178060e-01 
 8.10271088e-02  8.41178060e-01 
 8.10671088e-02  8.41178060e-01 
 8.11071088e-02  8.41178060e-01 
 8.11471088e-02  8.41178060e-01 
 8.11871088e-02  8.41178060e-01 
 8.11999992e-02  8.41178060e-01 
 8.11999993e-02  8.41178060e-01 
 8.11999994e-02  8.41178060e-01 
 8.11999998e-02  8.41178060e-01 
 8.12000000e-02  8.41178084e-01 
 8.12000001e-02  8.41178097e-01 
 8.12000002e-02  8.41178122e-01 
 8.12000004e-02  8.41178173e-01 
 8.12000010e-02  8.41178274e-01 
 8.12000020e-02  8.41178476e-01 
 8.12000040e-02  8.41178881e-01 
 8.12000081e-02  8.41179691e-01 
 8.12000163e-02  8.41181310e-01 
 8.12000327e-02  8.41184546e-01 
 8.12000655e-02  8.41191008e-01 
 8.12001310e-02  8.41203892e-01 
 8.12002621e-02  8.41229502e-01 
 8.12005242e-02  8.41280097e-01 
 8.12010485e-02  8.41378841e-01 
 8.12020971e-02  8.41566931e-01 
 8.12041942e-02  8.41908404e-01 
 8.12083885e-02  8.42472638e-01 
 8.12167772e-02  8.43249536e-01 
 8.12335544e-02  8.44001676e-01 
 8.12671088e-02  8.44350994e-01 
 8.13071088e-02  8.44342003e-01 
 8.13471088e-02  8.44343002e-01 
 8.13871088e-02  8.44342891e-01 
 8.14271088e-02  8.44342904e-01 
 8.14671088e-02  8.44342902e-01 
 8.15071088e-02  8.44342902e-01 
 8.15471088e-02  8.44342902e-01 
 8.15871088e-02  8.44342902e-01 
 8.15999992e-02  8.44342902e-01 
 8.15999993e-02  8.44342902e-01 
 8.15999994e-02  8.44342902e-01 
 8.15999998e-02  8.44342902e-01 
 8.16000000e-02  8.44342902e-01 
 8.16000001e-02  8.44342902e-01 
 8.16000002e-02  8.44342902e-01 
 8.16000004e-02  8.44342902e-01 
 8.16000010e-02  8.44342902e-01 
 8.16000020e-02  8.44342902e-01 
 8.16000040e-02  8.44342902e-01 
 8.16000081e-02  8.44342902e-01 
 8.16000163e-02  8.44342902e-01 
 8.16000327e-02  8.44342902e-01 
 8.16000655e-02  8.44342902e-01 
 8.16001310e-02  8.44342902e-01 
 8.16002621e-02  8.44342902e-01 
 8.16005242e-02  8.44342902e-01 
 8.16010485e-02  8.44342902e-01 
 8.16020971e-02  8.44342902e-01 
 8.16041942e-02  8.44342902e-01 
 8.16083885e-02  8.44342902e-01 
 8.16167772e-02  8.44342902e-01 
 8.16335544e-02  8.44342902e-01 
 8.16671088e-02  8.44342902e-01 
 8.17071088e-02  8.44342902e-01 
 8.17471088e-02  8.44342902e-01 
 8.17871088e-02  8.44342902e-01 
 8.18271088e-02  8.44342902e-01 
 8.18671088e-02  8.44342902e-01 
 8.19071088e-02  8.44342902e-01 
 8.19471088e-02  8.44342902e-01 
 8.19871088e-02  8.44342902e-01 
 8.19999992e-02  8.44342902e-01 
 8.19999993e-02  8.44342902e-01 
 8.19999994e-02  8.44342902e-01 
 8.19999998e-02  8.44342902e-01 
 8.20000000e-02  8.44342926e-01 
 8.20000001e-02  8.44342939e-01 
 8.20000002e-02  8.44342964e-01 
 8.20000004e-02  8.44343014e-01 
 8.20000010e-02  8.44343114e-01 
 8.20000020e-02  8.44343315e-01 
 8.20000040e-02  8.44343717e-01 
 8.20000081e-02  8.44344520e-01 
 8.20000163e-02  8.44346126e-01 
 8.20000327e-02  8.44349336e-01 
 8.20000655e-02  8.44355746e-01 
 8.20001310e-02  8.44368526e-01 
 8.20002621e-02  8.44393929e-01 
 8.20005242e-02  8.44444117e-01 
 8.20010485e-02  8.44542065e-01 
 8.20020971e-02  8.44728639e-01 
 8.20041942e-02  8.45067360e-01 
 8.20083885e-02  8.45627046e-01 
 8.20167772e-02  8.46397682e-01 
 8.20335544e-02  8.47143760e-01 
 8.20671088e-02  8.47490263e-01 
 8.21071088e-02  8.47481345e-01 
 8.21471088e-02  8.47482336e-01 
 8.21871088e-02  8.47482226e-01 
 8.22271088e-02  8.47482238e-01 
 8.22671088e-02  8.47482236e-01 
 8.23071088e-02  8.47482237e-01 
 8.23471088e-02  8.47482237e-01 
 8.23871088e-02  8.47482237e-01 
 8.23999992e-02  8.47482237e-01 
 8.23999993e-02  8.47482237e-01 
 8.23999994e-02  8.47482237e-01 
 8.23999998e-02  8.47482237e-01 
 8.24000000e-02  8.47482237e-01 
 8.24000001e-02  8.47482237e-01 
 8.24000002e-02  8.47482237e-01 
 8.24000004e-02  8.47482237e-01 
 8.24000010e-02  8.47482237e-01 
 8.24000020e-02  8.47482237e-01 
 8.24000040e-02  8.47482237e-01 
 8.24000081e-02  8.47482237e-01 
 8.24000163e-02  8.47482237e-01 
 8.24000327e-02  8.47482237e-01 
 8.24000655e-02  8.47482237e-01 
 8.24001310e-02  8.47482237e-01 
 8.24002621e-02  8.47482237e-01 
 8.24005242e-02  8.47482237e-01 
 8.24010485e-02  8.47482237e-01 
 8.24020971e-02  8.47482237e-01 
 8.24041942e-02  8.47482237e-01 
 8.24083885e-02  8.47482237e-01 
 8.24167772e-02  8.47482237e-01 
 8.24335544e-02  8.47482237e-01 
 8.24671088e-02  8.47482237e-01 
 8.25071088e-02  8.47482237e-01 
 8.25471088e-02  8.47482237e-01 
 8.25871088e-02  8.47482237e-01 
 8.26271088e-02  8.47482237e-01 
 8.26671088e-02  8.47482237e-01 
 8.27071088e-02  8.47482237e-01 
 8.27471088e-02  8.47482237e-01 
 8.27871088e-02  8.47482237e-01 
 8.27999992e-02  8.47482237e-01 
 8.27999993e-02  8.47482237e-01 
 8.27999994e-02  8.47482237e-01 
 8.27999998e-02  8.47482237e-01 
 8.28000000e-02  8.47482260e-01 
 8.28000001e-02  8.47482272e-01 
 8.28000002e-02  8.47482297e-01 
 8.28000004e-02  8.47482347e-01 
 8.28000010e-02  8.47482447e-01 
 8.28000020e-02  8.47482646e-01 
 8.28000040e-02  8.47483045e-01 
 8.28000081e-02  8.47483842e-01 
 8.28000163e-02  8.47485435e-01 
 8.28000327e-02  8.47488619e-01 
 8.28000655e-02  8.47494978e-01 
 8.28001310e-02  8.47507656e-01 
 8.28002621e-02  8.47532857e-01 
 8.28005242e-02  8.47582645e-01 
 8.28010485e-02  8.47679813e-01 
 8.28020971e-02  8.47864900e-01 
 8.28041942e-02  8.48200923e-01 
 8.28083885e-02  8.48756151e-01 
 8.28167772e-02  8.49520649e-01 
 8.28335544e-02  8.50260784e-01 
 8.28671088e-02  8.50604526e-01 
 8.29071088e-02  8.50595679e-01 
 8.29471088e-02  8.50596662e-01 
 8.29871088e-02  8.50596553e-01 
 8.30271088e-02  8.50596565e-01 
 8.30671088e-02  8.50596564e-01 
 8.31071088e-02  8.50596564e-01 
 8.31471088e-02  8.50596564e-01 
 8.31871088e-02  8.50596564e-01 
 8.31999992e-02  8.50596564e-01 
 8.31999993e-02  8.50596564e-01 
 8.31999994e-02  8.50596564e-01 
 8.31999998e-02  8.50596564e-01 
 8.32000000e-02  8.50596564e-01 
 8.32000001e-02  8.50596564e-01 
 8.32000002e-02  8.50596564e-01 
 8.32000004e-02  8.50596564e-01 
 8.32000010e-02  8.50596564e-01 
 8.32000020e-02  8.50596564e-01 
 8.32000040e-02  8.50596564e-01 
 8.32000081e-02  8.50596564e-01 
 8.32000163e-02  8.50596564e-01 
 8.32000327e-02  8.50596564e-01 
 8.32000655e-02  8.50596564e-01 
 8.32001310e-02  8.50596564e-01 
 8.32002621e-02  8.50596564e-01 
 8.32005242e-02  8.50596564e-01 
 8.32010485e-02  8.50596564e-01 
 8.32020971e-02  8.50596564e-01 
 8.32041942e-02  8.50596564e-01 
 8.32083885e-02  8.50596564e-01 
 8.32167772e-02  8.50596564e-01 
 8.32335544e-02  8.50596564e-01 
 8.32671088e-02  8.50596564e-01 
 8.33071088e-02  8.50596564e-01 
 8.33471088e-02  8.50596564e-01 
 8.33871088e-02  8.50596564e-01 
 8.34271088e-02  8.50596564e-01 
 8.34671088e-02  8.50596564e-01 
 8.35071088e-02  8.50596564e-01 
 8.35471088e-02  8.50596564e-01 
 8.35871088e-02  8.50596564e-01 
 8.35999992e-02  8.50596564e-01 
 8.35999993e-02  8.50596564e-01 
 8.35999994e-02  8.50596564e-01 
 8.35999998e-02  8.50596564e-01 
 8.36000000e-02  8.50596587e-01 
 8.36000001e-02  8.50596600e-01 
 8.36000002e-02  8.50596624e-01 
 8.36000004e-02  8.50596674e-01 
 8.36000010e-02  8.50596773e-01 
 8.36000020e-02  8.50596970e-01 
 8.36000040e-02  8.50597366e-01 
 8.36000081e-02  8.50598157e-01 
 8.36000163e-02  8.50599737e-01 
 8.36000327e-02  8.50602896e-01 
 8.36000655e-02  8.50609205e-01 
 8.36001310e-02  8.50621783e-01 
 8.36002621e-02  8.50646786e-01 
 8.36005242e-02  8.50696182e-01 
 8.36010485e-02  8.50792585e-01 
 8.36020971e-02  8.50976215e-01 
 8.36041942e-02  8.51309593e-01 
 8.36083885e-02  8.51860450e-01 
 8.36167772e-02  8.52618929e-01 
 8.36335544e-02  8.53353237e-01 
 8.36671088e-02  8.53694273e-01 
 8.37071088e-02  8.53685496e-01 
 8.37471088e-02  8.53686471e-01 
 8.37871088e-02  8.53686363e-01 
 8.38271088e-02  8.53686375e-01 
 8.38671088e-02  8.53686373e-01 
 8.39071088e-02  8.53686373e-01 
 8.39471088e-02  8.53686373e-01 
 8.39871088e-02  8.53686373e-01 
 8.39999992e-02  8.53686373e-01 
 8.39999993e-02  8.53686373e-01 
 8.39999994e-02  8.53686373e-01 
 8.39999998e-02  8.53686373e-01 
 8.40000000e-02  8.53686373e-01 
 8.40000001e-02  8.53686373e-01 
 8.40000002e-02  8.53686373e-01 
 8.40000004e-02  8.53686373e-01 
 8.40000010e-02  8.53686373e-01 
 8.40000020e-02  8.53686373e-01 
 8.40000040e-02  8.53686373e-01 
 8.40000081e-02  8.53686373e-01 
 8.40000163e-02  8.53686373e-01 
 8.40000327e-02  8.53686373e-01 
 8.40000655e-02  8.53686373e-01 
 8.40001310e-02  8.53686373e-01 
 8.40002621e-02  8.53686373e-01 
 8.40005242e-02  8.53686373e-01 
 8.40010485e-02  8.53686373e-01 
 8.40020971e-02  8.53686373e-01 
 8.40041942e-02  8.53686373e-01 
 8.40083885e-02  8.53686373e-01 
 8.40167772e-02  8.53686373e-01 
 8.40335544e-02  8.53686373e-01 
 8.40671088e-02  8.53686373e-01 
 8.41071088e-02  8.53686373e-01 
 8.41471088e-02  8.53686373e-01 
 8.41871088e-02  8.53686373e-01 
 8.42271088e-02  8.53686373e-01 
 8.42671088e-02  8.53686373e-01 
 8.43071088e-02  8.53686373e-01 
 8.43471088e-02  8.53686373e-01 
 8.43871088e-02  8.53686373e-01 
 8.43999992e-02  8.53686373e-01 
 8.43999993e-02  8.53686373e-01 
 8.43999994e-02  8.53686373e-01 
 8.43999998e-02  8.53686373e-01 
 8.44000000e-02  8.53686396e-01 
 8.44000001e-02  8.53686409e-01 
 8.44000002e-02  8.53686433e-01 
 8.44000004e-02  8.53686482e-01 
 8.44000010e-02  8.53686580e-01 
 8.44000020e-02  8.53686776e-01 
 8.44000040e-02  8.53687169e-01 
 8.44000081e-02  8.53687953e-01 
 8.44000163e-02  8.53689522e-01 
 8.44000327e-02  8.53692656e-01 
 8.44000655e-02  8.53698916e-01 
 8.44001310e-02  8.53711396e-01 
 8.44002621e-02  8.53736204e-01 
 8.44005242e-02  8.53785216e-01 
 8.44010485e-02  8.53880869e-01 
 8.44020971e-02  8.54063070e-01 
 8.44041942e-02  8.54393854e-01 
 8.44083885e-02  8.54940424e-01 
 8.44167772e-02  8.55693002e-01 
 8.44335544e-02  8.56421596e-01 
 8.44671088e-02  8.56759978e-01 
 8.45071088e-02  8.56751270e-01 
 8.45471088e-02  8.56752237e-01 
 8.45871088e-02  8.56752130e-01 
 8.46271088e-02  8.56752142e-01 
 8.46671088e-02  8.56752140e-01 
 8.47071088e-02  8.56752140e-01 
 8.47471088e-02  8.56752140e-01 
 8.47871088e-02  8.56752140e-01 
 8.47999992e-02  8.56752140e-01 
 8.47999993e-02  8.56752140e-01 
 8.47999994e-02  8.56752140e-01 
 8.47999998e-02  8.56752140e-01 
 8.48000000e-02  8.56752140e-01 
 8.48000001e-02  8.56752140e-01 
 8.48000002e-02  8.56752140e-01 
 8.48000004e-02  8.56752140e-01 
 8.48000010e-02  8.56752140e-01 
 8.48000020e-02  8.56752140e-01 
 8.48000040e-02  8.56752140e-01 
 8.48000081e-02  8.56752140e-01 
 8.48000163e-02  8.56752140e-01 
 8.48000327e-02  8.56752140e-01 
 8.48000655e-02  8.56752140e-01 
 8.48001310e-02  8.56752140e-01 
 8.48002621e-02  8.56752140e-01 
 8.48005242e-02  8.56752140e-01 
 8.48010485e-02  8.56752140e-01 
 8.48020971e-02  8.56752140e-01 
 8.48041942e-02  8.56752140e-01 
 8.48083885e-02  8.56752140e-01 
 8.48167772e-02  8.56752140e-01 
 8.48335544e-02  8.56752140e-01 
 8.48671088e-02  8.56752140e-01 
 8.49071088e-02  8.56752140e-01 
 8.49471088e-02  8.56752140e-01 
 8.49871088e-02  8.56752140e-01 
 8.50271088e-02  8.56752140e-01 
 8.50671088e-02  8.56752140e-01 
 8.51071088e-02  8.56752140e-01 
 8.51471088e-02  8.56752140e-01 
 8.51871088e-02  8.56752140e-01 
 8.51999992e-02  8.56752140e-01 
 8.51999993e-02  8.56752140e-01 
 8.51999994e-02  8.56752140e-01 
 8.51999998e-02  8.56752140e-01 
 8.52000000e-02  8.56752163e-01 
 8.52000001e-02  8.56752175e-01 
 8.52000002e-02  8.56752200e-01 
 8.52000004e-02  8.56752248e-01 
 8.52000010e-02  8.56752346e-01 
 8.52000020e-02  8.56752540e-01 
 8.52000040e-02  8.56752930e-01 
 8.52000081e-02  8.56753708e-01 
 8.52000163e-02  8.56755265e-01 
 8.52000327e-02  8.56758375e-01 
 8.52000655e-02  8.56764586e-01 
 8.52001310e-02  8.56776971e-01 
 8.52002621e-02  8.56801588e-01 
 8.52005242e-02  8.56850223e-01 
 8.52010485e-02  8.56945140e-01 
 8.52020971e-02  8.57125940e-01 
 8.52041942e-02  8.57454180e-01 
 8.52083885e-02  8.57996547e-01 
 8.52167772e-02  8.58743336e-01 
 8.52335544e-02  8.59466327e-01 
 8.52671088e-02  8.59802107e-01 
 8.53071088e-02  8.59793465e-01 
 8.53471088e-02  8.59794425e-01 
 8.53871088e-02  8.59794319e-01 
 8.54271088e-02  8.59794330e-01 
 8.54671088e-02  8.59794329e-01 
 8.55071088e-02  8.59794329e-01 
 8.55471088e-02  8.59794329e-01 
 8.55871088e-02  8.59794329e-01 
 8.55999992e-02  8.59794329e-01 
 8.55999993e-02  8.59794329e-01 
 8.55999994e-02  8.59794329e-01 
 8.55999998e-02  8.59794329e-01 
 8.56000000e-02  8.59794329e-01 
 8.56000001e-02  8.59794329e-01 
 8.56000002e-02  8.59794329e-01 
 8.56000004e-02  8.59794329e-01 
 8.56000010e-02  8.59794329e-01 
 8.56000020e-02  8.59794329e-01 
 8.56000040e-02  8.59794329e-01 
 8.56000081e-02  8.59794329e-01 
 8.56000163e-02  8.59794329e-01 
 8.56000327e-02  8.59794329e-01 
 8.56000655e-02  8.59794329e-01 
 8.56001310e-02  8.59794329e-01 
 8.56002621e-02  8.59794329e-01 
 8.56005242e-02  8.59794329e-01 
 8.56010485e-02  8.59794329e-01 
 8.56020971e-02  8.59794329e-01 
 8.56041942e-02  8.59794329e-01 
 8.56083885e-02  8.59794329e-01 
 8.56167772e-02  8.59794329e-01 
 8.56335544e-02  8.59794329e-01 
 8.56671088e-02  8.59794329e-01 
 8.57071088e-02  8.59794329e-01 
 8.57471088e-02  8.59794329e-01 
 8.57871088e-02  8.59794329e-01 
 8.58271088e-02  8.59794329e-01 
 8.58671088e-02  8.59794329e-01 
 8.59071088e-02  8.59794329e-01 
 8.59471088e-02  8.59794329e-01 
 8.59871088e-02  8.59794329e-01 
 8.59999992e-02  8.59794329e-01 
 8.59999993e-02  8.59794329e-01 
 8.59999994e-02  8.59794329e-01 
 8.59999998e-02  8.59794329e-01 
 8.60000000e-02  8.59794352e-01 
 8.60000001e-02  8.59794364e-01 
 8.60000002e-02  8.59794388e-01 
 8.60000004e-02  8.59794436e-01 
 8.60000010e-02  8.59794533e-01 
 8.60000020e-02  8.59794726e-01 
 8.60000040e-02  8.59795113e-01 
 8.60000081e-02  8.59795885e-01 
 8.60000163e-02  8.59797430e-01 
 8.60000327e-02  8.59800517e-01 
 8.60000655e-02  8.59806681e-01 
 8.60001310e-02  8.59818971e-01 
 8.60002621e-02  8.59843401e-01 
 8.60005242e-02  8.59891666e-01 
 8.60010485e-02  8.59985862e-01 
 8.60020971e-02  8.60165288e-01 
 8.60041942e-02  8.60491032e-01 
 8.60083885e-02  8.61029276e-01 
 8.60167772e-02  8.61770389e-01 
 8.60335544e-02  8.62487884e-01 
 8.60671088e-02  8.62821111e-01 
 8.61071088e-02  8.62812535e-01 
 8.61471088e-02  8.62813488e-01 
 8.61871088e-02  8.62813382e-01 
 8.62271088e-02  8.62813394e-01 
 8.62671088e-02  8.62813393e-01 
 8.63071088e-02  8.62813393e-01 
 8.63471088e-02  8.62813393e-01 
 8.63871088e-02  8.62813393e-01 
 8.63999992e-02  8.62813393e-01 
 8.63999993e-02  8.62813393e-01 
 8.63999994e-02  8.62813393e-01 
 8.63999998e-02  8.62813393e-01 
 8.64000000e-02  8.62813393e-01 
 8.64000001e-02  8.62813393e-01 
 8.64000002e-02  8.62813393e-01 
 8.64000004e-02  8.62813393e-01 
 8.64000010e-02  8.62813393e-01 
 8.64000020e-02  8.62813393e-01 
 8.64000040e-02  8.62813393e-01 
 8.64000081e-02  8.62813393e-01 
 8.64000163e-02  8.62813393e-01 
 8.64000327e-02  8.62813393e-01 
 8.64000655e-02  8.62813393e-01 
 8.64001310e-02  8.62813393e-01 
 8.64002621e-02  8.62813393e-01 
 8.64005242e-02  8.62813393e-01 
 8.64010485e-02  8.62813393e-01 
 8.64020971e-02  8.62813393e-01 
 8.64041942e-02  8.62813393e-01 
 8.64083885e-02  8.62813393e-01 
 8.64167772e-02  8.62813393e-01 
 8.64335544e-02  8.62813393e-01 
 8.64671088e-02  8.62813393e-01 
 8.65071088e-02  8.62813393e-01 
 8.65471088e-02  8.62813393e-01 
 8.65871088e-02  8.62813393e-01 
 8.66271088e-02  8.62813393e-01 
 8.66671088e-02  8.62813393e-01 
 8.67071088e-02  8.62813393e-01 
 8.67471088e-02  8.62813393e-01 
 8.67871088e-02  8.62813393e-01 
 8.67999992e-02  8.62813393e-01 
 8.67999993e-02  8.62813393e-01 
 8.67999994e-02  8.62813393e-01 
 8.67999998e-02  8.62813393e-01 
 8.68000000e-02  8.62813415e-01 
 8.68000001e-02  8.62813427e-01 
 8.68000002e-02  8.62813451e-01 
 8.68000004e-02  8.62813499e-01 
 8.68000010e-02  8.62813595e-01 
 8.68000020e-02  8.62813787e-01 
 8.68000040e-02  8.62814170e-01 
 8.68000081e-02  8.62814937e-01 
 8.68000163e-02  8.62816470e-01 
 8.68000327e-02  8.62819533e-01 
 8.68000655e-02  8.62825651e-01 
 8.68001310e-02  8.62837849e-01 
 8.68002621e-02  8.62862096e-01 
 8.68005242e-02  8.62909998e-01 
 8.68010485e-02  8.63003486e-01 
 8.68020971e-02  8.63181564e-01 
 8.68041942e-02  8.63504861e-01 
 8.68083885e-02  8.64039061e-01 
 8.68167772e-02  8.64774605e-01 
 8.68335544e-02  8.65486709e-01 
 8.68671088e-02  8.65817432e-01 
 8.69071088e-02  8.65808921e-01 
 8.69471088e-02  8.65809867e-01 
 8.69871088e-02  8.65809761e-01 
 8.70271088e-02  8.65809773e-01 
 8.70671088e-02  8.65809772e-01 
 8.71071088e-02  8.65809772e-01 
 8.71471088e-02  8.65809772e-01 
 8.71871088e-02  8.65809772e-01 
 8.71999992e-02  8.65809772e-01 
 8.71999993e-02  8.65809772e-01 
 8.71999994e-02  8.65809772e-01 
 8.71999998e-02  8.65809772e-01 
 8.72000000e-02  8.65809772e-01 
 8.72000001e-02  8.65809772e-01 
 8.72000002e-02  8.65809772e-01 
 8.72000004e-02  8.65809772e-01 
 8.72000010e-02  8.65809772e-01 
 8.72000020e-02  8.65809772e-01 
 8.72000040e-02  8.65809772e-01 
 8.72000081e-02  8.65809772e-01 
 8.72000163e-02  8.65809772e-01 
 8.72000327e-02  8.65809772e-01 
 8.72000655e-02  8.65809772e-01 
 8.72001310e-02  8.65809772e-01 
 8.72002621e-02  8.65809772e-01 
 8.72005242e-02  8.65809772e-01 
 8.72010485e-02  8.65809772e-01 
 8.72020971e-02  8.65809772e-01 
 8.72041942e-02  8.65809772e-01 
 8.72083885e-02  8.65809772e-01 
 8.72167772e-02  8.65809772e-01 
 8.72335544e-02  8.65809772e-01 
 8.72671088e-02  8.65809772e-01 
 8.73071088e-02  8.65809772e-01 
 8.73471088e-02  8.65809772e-01 
 8.73871088e-02  8.65809772e-01 
 8.74271088e-02  8.65809772e-01 
 8.74671088e-02  8.65809772e-01 
 8.75071088e-02  8.65809772e-01 
 8.75471088e-02  8.65809772e-01 
 8.75871088e-02  8.65809772e-01 
 8.75999992e-02  8.65809772e-01 
 8.75999993e-02  8.65809772e-01 
 8.75999994e-02  8.65809772e-01 
 8.75999998e-02  8.65809772e-01 
 8.76000000e-02  8.65809794e-01 
 8.76000001e-02  8.65809806e-01 
 8.76000002e-02  8.65809830e-01 
 8.76000004e-02  8.65809878e-01 
 8.76000010e-02  8.65809973e-01 
 8.76000020e-02  8.65810163e-01 
 8.76000040e-02  8.65810544e-01 
 8.76000081e-02  8.65811305e-01 
 8.76000163e-02  8.65812826e-01 
 8.76000327e-02  8.65815867e-01 
 8.76000655e-02  8.65821939e-01 
 8.76001310e-02  8.65834047e-01 
 8.76002621e-02  8.65858113e-01 
 8.76005242e-02  8.65905660e-01 
 8.76010485e-02  8.65998454e-01 
 8.76020971e-02  8.66175209e-01 
 8.76041942e-02  8.66496105e-01 
 8.76083885e-02  8.67026337e-01 
 8.76167772e-02  8.67756419e-01 
 8.76335544e-02  8.68463234e-01 
 8.76671088e-02  8.68791501e-01 
 8.77071088e-02  8.68783053e-01 
 8.77471088e-02  8.68783991e-01 
 8.77871088e-02  8.68783887e-01 
 8.78271088e-02  8.68783899e-01 
 8.78671088e-02  8.68783897e-01 
 8.79071088e-02  8.68783898e-01 
 8.79471088e-02  8.68783898e-01 
 8.79871088e-02  8.68783898e-01 
 8.79999992e-02  8.68783898e-01 
 8.79999993e-02  8.68783898e-01 
 8.79999994e-02  8.68783898e-01 
 8.79999998e-02  8.68783898e-01 
 8.80000000e-02  8.68783898e-01 
 8.80000001e-02  8.68783898e-01 
 8.80000002e-02  8.68783898e-01 
 8.80000004e-02  8.68783898e-01 
 8.80000010e-02  8.68783898e-01 
 8.80000020e-02  8.68783898e-01 
 8.80000040e-02  8.68783898e-01 
 8.80000081e-02  8.68783898e-01 
 8.80000163e-02  8.68783898e-01 
 8.80000327e-02  8.68783898e-01 
 8.80000655e-02  8.68783898e-01 
 8.80001310e-02  8.68783898e-01 
 8.80002621e-02  8.68783898e-01 
 8.80005242e-02  8.68783898e-01 
 8.80010485e-02  8.68783898e-01 
 8.80020971e-02  8.68783898e-01 
 8.80041942e-02  8.68783898e-01 
 8.80083885e-02  8.68783898e-01 
 8.80167772e-02  8.68783898e-01 
 8.80335544e-02  8.68783898e-01 
 8.80671088e-02  8.68783898e-01 
 8.81071088e-02  8.68783898e-01 
 8.81471088e-02  8.68783898e-01 
 8.81871088e-02  8.68783898e-01 
 8.82271088e-02  8.68783898e-01 
 8.82671088e-02  8.68783898e-01 
 8.83071088e-02  8.68783898e-01 
 8.83471088e-02  8.68783898e-01 
 8.83871088e-02  8.68783898e-01 
 8.83999992e-02  8.68783898e-01 
 8.83999993e-02  8.68783898e-01 
 8.83999994e-02  8.68783898e-01 
 8.83999998e-02  8.68783898e-01 
 8.84000000e-02  8.68783920e-01 
 8.84000001e-02  8.68783932e-01 
 8.84000002e-02  8.68783955e-01 
 8.84000004e-02  8.68784002e-01 
 8.84000010e-02  8.68784097e-01 
 8.84000020e-02  8.68784286e-01 
 8.84000040e-02  8.68784664e-01 
 8.84000081e-02  8.68785419e-01 
 8.84000163e-02  8.68786930e-01 
 8.84000327e-02  8.68789948e-01 
 8.84000655e-02  8.68795976e-01 
 8.84001310e-02  8.68807994e-01 
 8.84002621e-02  8.68831884e-01 
 8.84005242e-02  8.68879082e-01 
 8.84010485e-02  8.68971194e-01 
 8.84020971e-02  8.69146652e-01 
 8.84041942e-02  8.69465192e-01 
 8.84083885e-02  8.69991532e-01 
 8.84167772e-02  8.70716253e-01 
 8.84335544e-02  8.71417880e-01 
 8.84671088e-02  8.71743737e-01 
 8.85071088e-02  8.71735351e-01 
 8.85471088e-02  8.71736283e-01 
 8.85871088e-02  8.71736179e-01 
 8.86271088e-02  8.71736191e-01 
 8.86671088e-02  8.71736189e-01 
 8.87071088e-02  8.71736190e-01 
 8.87471088e-02  8.71736190e-01 
 8.87871088e-02  8.71736190e-01 
 8.87999992e-02  8.71736190e-01 
 8.87999993e-02  8.71736190e-01 
 8.87999994e-02  8.71736190e-01 
 8.87999998e-02  8.71736190e-01 
 8.88000000e-02  8.71736190e-01 
 8.88000001e-02  8.71736190e-01 
 8.88000002e-02  8.71736190e-01 
 8.88000004e-02  8.71736190e-01 
 8.88000010e-02  8.71736190e-01 
 8.88000020e-02  8.71736190e-01 
 8.88000040e-02  8.71736190e-01 
 8.88000081e-02  8.71736190e-01 
 8.88000163e-02  8.71736190e-01 
 8.88000327e-02  8.71736190e-01 
 8.88000655e-02  8.71736190e-01 
 8.88001310e-02  8.71736190e-01 
 8.88002621e-02  8.71736190e-01 
 8.88005242e-02  8.71736190e-01 
 8.88010485e-02  8.71736190e-01 
 8.88020971e-02  8.71736190e-01 
 8.88041942e-02  8.71736190e-01 
 8.88083885e-02  8.71736190e-01 
 8.88167772e-02  8.71736190e-01 
 8.88335544e-02  8.71736190e-01 
 8.88671088e-02  8.71736190e-01 
 8.89071088e-02  8.71736190e-01 
 8.89471088e-02  8.71736190e-01 
 8.89871088e-02  8.71736190e-01 
 8.90271088e-02  8.71736190e-01 
 8.90671088e-02  8.71736190e-01 
 8.91071088e-02  8.71736190e-01 
 8.91471088e-02  8.71736190e-01 
 8.91871088e-02  8.71736190e-01 
 8.91999992e-02  8.71736190e-01 
 8.91999993e-02  8.71736190e-01 
 8.91999994e-02  8.71736190e-01 
 8.91999998e-02  8.71736190e-01 
 8.92000000e-02  8.71736212e-01 
 8.92000001e-02  8.71736223e-01 
 8.92000002e-02  8.71736247e-01 
 8.92000004e-02  8.71736294e-01 
 8.92000010e-02  8.71736387e-01 
 8.92000020e-02  8.71736575e-01 
 8.92000040e-02  8.71736950e-01 
 8.92000081e-02  8.71737700e-01 
 8.92000163e-02  8.71739200e-01 
 8.92000327e-02  8.71742196e-01 
 8.92000655e-02  8.71748180e-01 
 8.92001310e-02  8.71760111e-01 
 8.92002621e-02  8.71783828e-01 
 8.92005242e-02  8.71830683e-01 
 8.92010485e-02  8.71922127e-01 
 8.92020971e-02  8.72096311e-01 
 8.92041942e-02  8.72412540e-01 
 8.92083885e-02  8.72935060e-01 
 8.92167772e-02  8.73654523e-01 
 8.92335544e-02  8.74351058e-01 
 8.92671088e-02  8.74674551e-01 
 8.93071088e-02  8.74666225e-01 
 8.93471088e-02  8.74667150e-01 
 8.93871088e-02  8.74667048e-01 
 8.94271088e-02  8.74667059e-01 
 8.94671088e-02  8.74667058e-01 
 8.95071088e-02  8.74667058e-01 
 8.95471088e-02  8.74667058e-01 
 8.95871088e-02  8.74667058e-01 
 8.95999992e-02  8.74667058e-01 
 8.95999993e-02  8.74667058e-01 
 8.95999994e-02  8.74667058e-01 
 8.95999998e-02  8.74667058e-01 
 8.96000000e-02  8.74667058e-01 
 8.96000001e-02  8.74667058e-01 
 8.96000002e-02  8.74667058e-01 
 8.96000004e-02  8.74667058e-01 
 8.96000010e-02  8.74667058e-01 
 8.96000020e-02  8.74667058e-01 
 8.96000040e-02  8.74667058e-01 
 8.96000081e-02  8.74667058e-01 
 8.96000163e-02  8.74667058e-01 
 8.96000327e-02  8.74667058e-01 
 8.96000655e-02  8.74667058e-01 
 8.96001310e-02  8.74667058e-01 
 8.96002621e-02  8.74667058e-01 
 8.96005242e-02  8.74667058e-01 
 8.96010485e-02  8.74667058e-01 
 8.96020971e-02  8.74667058e-01 
 8.96041942e-02  8.74667058e-01 
 8.96083885e-02  8.74667058e-01 
 8.96167772e-02  8.74667058e-01 
 8.96335544e-02  8.74667058e-01 
 8.96671088e-02  8.74667058e-01 
 8.97071088e-02  8.74667058e-01 
 8.97471088e-02  8.74667058e-01 
 8.97871088e-02  8.74667058e-01 
 8.98271088e-02  8.74667058e-01 
 8.98671088e-02  8.74667058e-01 
 8.99071088e-02  8.74667058e-01 
 8.99471088e-02  8.74667058e-01 
 8.99871088e-02  8.74667058e-01 
 8.99999992e-02  8.74667058e-01 
 8.99999993e-02  8.74667058e-01 
 8.99999994e-02  8.74667058e-01 
 8.99999998e-02  8.74667058e-01 
 9.00000000e-02  8.74667080e-01 
 9.00000001e-02  8.74667091e-01 
 9.00000002e-02  8.74667115e-01 
 9.00000004e-02  8.74667161e-01 
 9.00000010e-02  8.74667254e-01 
 9.00000020e-02  8.74667440e-01 
 9.00000040e-02  8.74667813e-01 
 9.00000081e-02  8.74668557e-01 
 9.00000163e-02  8.74670046e-01 
 9.00000327e-02  8.74673021e-01 
 9.00000655e-02  8.74678962e-01 
 9.00001310e-02  8.74690808e-01 
 9.00002621e-02  8.74714354e-01 
 9.00005242e-02  8.74760873e-01 
 9.00010485e-02  8.74851662e-01 
 9.00020971e-02  8.75024596e-01 
 9.00041942e-02  8.75338556e-01 
 9.00083885e-02  8.75857329e-01 
 9.00167772e-02  8.76571631e-01 
 9.00335544e-02  8.77263169e-01 
 9.00671088e-02  8.77584342e-01 
 9.01071088e-02  8.77576076e-01 
 9.01471088e-02  8.77576994e-01 
 9.01871088e-02  8.77576892e-01 
 9.02271088e-02  8.77576903e-01 
 9.02671088e-02  8.77576902e-01 
 9.03071088e-02  8.77576902e-01 
 9.03471088e-02  8.77576902e-01 
 9.03871088e-02  8.77576902e-01 
 9.03999992e-02  8.77576902e-01 
 9.03999993e-02  8.77576902e-01 
 9.03999994e-02  8.77576902e-01 
 9.03999998e-02  8.77576902e-01 
 9.04000000e-02  8.77576902e-01 
 9.04000001e-02  8.77576902e-01 
 9.04000002e-02  8.77576902e-01 
 9.04000004e-02  8.77576902e-01 
 9.04000010e-02  8.77576902e-01 
 9.04000020e-02  8.77576902e-01 
 9.04000040e-02  8.77576902e-01 
 9.04000081e-02  8.77576902e-01 
 9.04000163e-02  8.77576902e-01 
 9.04000327e-02  8.77576902e-01 
 9.04000655e-02  8.77576902e-01 
 9.04001310e-02  8.77576902e-01 
 9.04002621e-02  8.77576902e-01 
 9.04005242e-02  8.77576902e-01 
 9.04010485e-02  8.77576902e-01 
 9.04020971e-02  8.77576902e-01 
 9.04041942e-02  8.77576902e-01 
 9.04083885e-02  8.77576902e-01 
 9.04167772e-02  8.77576902e-01 
 9.04335544e-02  8.77576902e-01 
 9.04671088e-02  8.77576902e-01 
 9.05071088e-02  8.77576902e-01 
 9.05471088e-02  8.77576902e-01 
 9.05871088e-02  8.77576902e-01 
 9.06271088e-02  8.77576902e-01 
 9.06671088e-02  8.77576902e-01 
 9.07071088e-02  8.77576902e-01 
 9.07471088e-02  8.77576902e-01 
 9.07871088e-02  8.77576902e-01 
 9.07999992e-02  8.77576902e-01 
 9.07999993e-02  8.77576902e-01 
 9.07999994e-02  8.77576902e-01 
 9.07999998e-02  8.77576902e-01 
 9.08000000e-02  8.77576924e-01 
 9.08000001e-02  8.77576936e-01 
 9.08000002e-02  8.77576959e-01 
 9.08000004e-02  8.77577005e-01 
 9.08000010e-02  8.77577097e-01 
 9.08000020e-02  8.77577282e-01 
 9.08000040e-02  8.77577652e-01 
 9.08000081e-02  8.77578391e-01 
 9.08000163e-02  8.77579869e-01 
 9.08000327e-02  8.77582823e-01 
 9.08000655e-02  8.77588722e-01 
 9.08001310e-02  8.77600484e-01 
 9.08002621e-02  8.77623864e-01 
 9.08005242e-02  8.77670053e-01 
 9.08010485e-02  8.77760197e-01 
 9.08020971e-02  8.77931905e-01 
 9.08041942e-02  8.78243639e-01 
 9.08083885e-02  8.78758733e-01 
 9.08167772e-02  8.79467970e-01 
 9.08335544e-02  8.80154605e-01 
 9.08671088e-02  8.80473500e-01 
 9.09071088e-02  8.80465293e-01 
 9.09471088e-02  8.80466205e-01 
 9.09871088e-02  8.80466103e-01 
 9.10271088e-02  8.80466114e-01 
 9.10671088e-02  8.80466113e-01 
 9.11071088e-02  8.80466113e-01 
 9.11471088e-02  8.80466113e-01 
 9.11871088e-02  8.80466113e-01 
 9.11999992e-02  8.80466113e-01 
 9.11999993e-02  8.80466113e-01 
 9.11999994e-02  8.80466113e-01 
 9.11999998e-02  8.80466113e-01 
 9.12000000e-02  8.80466113e-01 
 9.12000001e-02  8.80466113e-01 
 9.12000002e-02  8.80466113e-01 
 9.12000004e-02  8.80466113e-01 
 9.12000010e-02  8.80466113e-01 
 9.12000020e-02  8.80466113e-01 
 9.12000040e-02  8.80466113e-01 
 9.12000081e-02  8.80466113e-01 
 9.12000163e-02  8.80466113e-01 
 9.12000327e-02  8.80466113e-01 
 9.12000655e-02  8.80466113e-01 
 9.12001310e-02  8.80466113e-01 
 9.12002621e-02  8.80466113e-01 
 9.12005242e-02  8.80466113e-01 
 9.12010485e-02  8.80466113e-01 
 9.12020971e-02  8.80466113e-01 
 9.12041942e-02  8.80466113e-01 
 9.12083885e-02  8.80466113e-01 
 9.12167772e-02  8.80466113e-01 
 9.12335544e-02  8.80466113e-01 
 9.12671088e-02  8.80466113e-01 
 9.13071088e-02  8.80466113e-01 
 9.13471088e-02  8.80466113e-01 
 9.13871088e-02  8.80466113e-01 
 9.14271088e-02  8.80466113e-01 
 9.14671088e-02  8.80466113e-01 
 9.15071088e-02  8.80466113e-01 
 9.15471088e-02  8.80466113e-01 
 9.15871088e-02  8.80466113e-01 
 9.15999992e-02  8.80466113e-01 
 9.15999993e-02  8.80466113e-01 
 9.15999994e-02  8.80466113e-01 
 9.15999998e-02  8.80466113e-01 
 9.16000000e-02  8.80466135e-01 
 9.16000001e-02  8.80466146e-01 
 9.16000002e-02  8.80466169e-01 
 9.16000004e-02  8.80466215e-01 
 9.16000010e-02  8.80466307e-01 
 9.16000020e-02  8.80466491e-01 
 9.16000040e-02  8.80466858e-01 
 9.16000081e-02  8.80467592e-01 
 9.16000163e-02  8.80469060e-01 
 9.16000327e-02  8.80471993e-01 
 9.16000655e-02  8.80477851e-01 
 9.16001310e-02  8.80489530e-01 
 9.16002621e-02  8.80512745e-01 
 9.16005242e-02  8.80558611e-01 
 9.16010485e-02  8.80648123e-01 
 9.16020971e-02  8.80818628e-01 
 9.16041942e-02  8.81128177e-01 
 9.16083885e-02  8.81639660e-01 
 9.16167772e-02  8.82343925e-01 
 9.16335544e-02  8.83025747e-01 
 9.16671088e-02  8.83342407e-01 
 9.17071088e-02  8.83334257e-01 
 9.17471088e-02  8.83335163e-01 
 9.17871088e-02  8.83335062e-01 
 9.18271088e-02  8.83335073e-01 
 9.18671088e-02  8.83335072e-01 
 9.19071088e-02  8.83335072e-01 
 9.19471088e-02  8.83335072e-01 
 9.19871088e-02  8.83335072e-01 
 9.19999992e-02  8.83335072e-01 
 9.19999993e-02  8.83335072e-01 
 9.19999994e-02  8.83335072e-01 
 9.19999998e-02  8.83335072e-01 
 9.20000000e-02  8.83335072e-01 
 9.20000001e-02  8.83335072e-01 
 9.20000002e-02  8.83335072e-01 
 9.20000004e-02  8.83335072e-01 
 9.20000010e-02  8.83335072e-01 
 9.20000020e-02  8.83335072e-01 
 9.20000040e-02  8.83335072e-01 
 9.20000081e-02  8.83335072e-01 
 9.20000163e-02  8.83335072e-01 
 9.20000327e-02  8.83335072e-01 
 9.20000655e-02  8.83335072e-01 
 9.20001310e-02  8.83335072e-01 
 9.20002621e-02  8.83335072e-01 
 9.20005242e-02  8.83335072e-01 
 9.20010485e-02  8.83335072e-01 
 9.20020971e-02  8.83335072e-01 
 9.20041942e-02  8.83335072e-01 
 9.20083885e-02  8.83335072e-01 
 9.20167772e-02  8.83335072e-01 
 9.20335544e-02  8.83335072e-01 
 9.20671088e-02  8.83335072e-01 
 9.21071088e-02  8.83335072e-01 
 9.21471088e-02  8.83335072e-01 
 9.21871088e-02  8.83335072e-01 
 9.22271088e-02  8.83335072e-01 
 9.22671088e-02  8.83335072e-01 
 9.23071088e-02  8.83335072e-01 
 9.23471088e-02  8.83335072e-01 
 9.23871088e-02  8.83335072e-01 
 9.23999992e-02  8.83335072e-01 
 9.23999993e-02  8.83335072e-01 
 9.23999994e-02  8.83335072e-01 
 9.23999998e-02  8.83335072e-01 
 9.24000000e-02  8.83335094e-01 
 9.24000001e-02  8.83335105e-01 
 9.24000002e-02  8.83335128e-01 
 9.24000004e-02  8.83335173e-01 
 9.24000010e-02  8.83335264e-01 
 9.24000020e-02  8.83335447e-01 
 9.24000040e-02  8.83335811e-01 
 9.24000081e-02  8.83336540e-01 
 9.24000163e-02  8.83337998e-01 
 9.24000327e-02  8.83340911e-01 
 9.24000655e-02  8.83346728e-01 
 9.24001310e-02  8.83358326e-01 
 9.24002621e-02  8.83381381e-01 
 9.24005242e-02  8.83426929e-01 
 9.24010485e-02  8.83515821e-01 
 9.24020971e-02  8.83685144e-01 
 9.24041942e-02  8.83992548e-01 
 9.24083885e-02  8.84500487e-01 
 9.24167772e-02  8.85199872e-01 
 9.24335544e-02  8.85876969e-01 
 9.24671088e-02  8.86191435e-01 
 9.25071088e-02  8.86183342e-01 
 9.25471088e-02  8.86184241e-01 
 9.25871088e-02  8.86184141e-01 
 9.26271088e-02  8.86184152e-01 
 9.26671088e-02  8.86184151e-01 
 9.27071088e-02  8.86184151e-01 
 9.27471088e-02  8.86184151e-01 
 9.27871088e-02  8.86184151e-01 
 9.27999992e-02  8.86184151e-01 
 9.27999993e-02  8.86184151e-01 
 9.27999994e-02  8.86184151e-01 
 9.27999998e-02  8.86184151e-01 
 9.28000000e-02  8.86184151e-01 
 9.28000001e-02  8.86184151e-01 
 9.28000002e-02  8.86184151e-01 
 9.28000004e-02  8.86184151e-01 
 9.28000010e-02  8.86184151e-01 
 9.28000020e-02  8.86184151e-01 
 9.28000040e-02  8.86184151e-01 
 9.28000081e-02  8.86184151e-01 
 9.28000163e-02  8.86184151e-01 
 9.28000327e-02  8.86184151e-01 
 9.28000655e-02  8.86184151e-01 
 9.28001310e-02  8.86184151e-01 
 9.28002621e-02  8.86184151e-01 
 9.28005242e-02  8.86184151e-01 
 9.28010485e-02  8.86184151e-01 
 9.28020971e-02  8.86184151e-01 
 9.28041942e-02  8.86184151e-01 
 9.28083885e-02  8.86184151e-01 
 9.28167772e-02  8.86184151e-01 
 9.28335544e-02  8.86184151e-01 
 9.28671088e-02  8.86184151e-01 
 9.29071088e-02  8.86184151e-01 
 9.29471088e-02  8.86184151e-01 
 9.29871088e-02  8.86184151e-01 
 9.30271088e-02  8.86184151e-01 
 9.30671088e-02  8.86184151e-01 
 9.31071088e-02  8.86184151e-01 
 9.31471088e-02  8.86184151e-01 
 9.31871088e-02  8.86184151e-01 
 9.31999992e-02  8.86184151e-01 
 9.31999993e-02  8.86184151e-01 
 9.31999994e-02  8.86184151e-01 
 9.31999998e-02  8.86184151e-01 
 9.32000000e-02  8.86184172e-01 
 9.32000001e-02  8.86184183e-01 
 9.32000002e-02  8.86184206e-01 
 9.32000004e-02  8.86184251e-01 
 9.32000010e-02  8.86184342e-01 
 9.32000020e-02  8.86184523e-01 
 9.32000040e-02  8.86184885e-01 
 9.32000081e-02  8.86185609e-01 
 9.32000163e-02  8.86187057e-01 
 9.32000327e-02  8.86189950e-01 
 9.32000655e-02  8.86195727e-01 
 9.32001310e-02  8.86207246e-01 
 9.32002621e-02  8.86230143e-01 
 9.32005242e-02  8.86275378e-01 
 9.32010485e-02  8.86363661e-01 
 9.32020971e-02  8.86531825e-01 
 9.32041942e-02  8.86837123e-01 
 9.32083885e-02  8.87341582e-01 
 9.32167772e-02  8.88036177e-01 
 9.32335544e-02  8.88708636e-01 
 9.32671088e-02  8.89020947e-01 
 9.33071088e-02  8.89012909e-01 
 9.33471088e-02  8.89013802e-01 
 9.33871088e-02  8.89013703e-01 
 9.34271088e-02  8.89013714e-01 
 9.34671088e-02  8.89013713e-01 
 9.35071088e-02  8.89013713e-01 
 9.35471088e-02  8.89013713e-01 
 9.35871088e-02  8.89013713e-01 
 9.35999992e-02  8.89013713e-01 
 9.35999993e-02  8.89013713e-01 
 9.35999994e-02  8.89013713e-01 
 9.35999998e-02  8.89013713e-01 
 9.36000000e-02  8.89013713e-01 
 9.36000001e-02  8.89013713e-01 
 9.36000002e-02  8.89013713e-01 
 9.36000004e-02  8.89013713e-01 
 9.36000010e-02  8.89013713e-01 
 9.36000020e-02  8.89013713e-01 
 9.36000040e-02  8.89013713e-01 
 9.36000081e-02  8.89013713e-01 
 9.36000163e-02  8.89013713e-01 
 9.36000327e-02  8.89013713e-01 
 9.36000655e-02  8.89013713e-01 
 9.36001310e-02  8.89013713e-01 
 9.36002621e-02  8.89013713e-01 
 9.36005242e-02  8.89013713e-01 
 9.36010485e-02  8.89013713e-01 
 9.36020971e-02  8.89013713e-01 
 9.36041942e-02  8.89013713e-01 
 9.36083885e-02  8.89013713e-01 
 9.36167772e-02  8.89013713e-01 
 9.36335544e-02  8.89013713e-01 
 9.36671088e-02  8.89013713e-01 
 9.37071088e-02  8.89013713e-01 
 9.37471088e-02  8.89013713e-01 
 9.37871088e-02  8.89013713e-01 
 9.38271088e-02  8.89013713e-01 
 9.38671088e-02  8.89013713e-01 
 9.39071088e-02  8.89013713e-01 
 9.39471088e-02  8.89013713e-01 
 9.39871088e-02  8.89013713e-01 
 9.39999992e-02  8.89013713e-01 
 9.39999993e-02  8.89013713e-01 
 9.39999994e-02  8.89013713e-01 
 9.39999998e-02  8.89013713e-01 
 9.40000000e-02  8.89013734e-01 
 9.40000001e-02  8.89013745e-01 
 9.40000002e-02  8.89013768e-01 
 9.40000004e-02  8.89013813e-01 
 9.40000010e-02  8.89013903e-01 
 9.40000020e-02  8.89014083e-01 
 9.40000040e-02  8.89014442e-01 
 9.40000081e-02  8.89015161e-01 
 9.40000163e-02  8.89016599e-01 
 9.40000327e-02  8.89019473e-01 
 9.40000655e-02  8.89025211e-01 
 9.40001310e-02  8.89036652e-01 
 9.40002621e-02  8.89059393e-01 
 9.40005242e-02  8.89104322e-01 
 9.40010485e-02  8.89192008e-01 
 9.40020971e-02  8.89359033e-01 
 9.40041942e-02  8.89662263e-01 
 9.40083885e-02  8.90163306e-01 
 9.40167772e-02  8.90853197e-01 
 9.40335544e-02  8.91521102e-01 
 9.40671088e-02  8.91831299e-01 
 9.41071088e-02  8.91823315e-01 
 9.41471088e-02  8.91824202e-01 
 9.41871088e-02  8.91824104e-01 
 9.42271088e-02  8.91824115e-01 
 9.42671088e-02  8.91824113e-01 
 9.43071088e-02  8.91824114e-01 
 9.43471088e-02  8.91824114e-01 
 9.43871088e-02  8.91824114e-01 
 9.43999992e-02  8.91824114e-01 
 9.43999993e-02  8.91824114e-01 
 9.43999994e-02  8.91824114e-01 
 9.43999998e-02  8.91824114e-01 
 9.44000000e-02  8.91824114e-01 
 9.44000001e-02  8.91824114e-01 
 9.44000002e-02  8.91824114e-01 
 9.44000004e-02  8.91824114e-01 
 9.44000010e-02  8.91824114e-01 
 9.44000020e-02  8.91824114e-01 
 9.44000040e-02  8.91824114e-01 
 9.44000081e-02  8.91824114e-01 
 9.44000163e-02  8.91824114e-01 
 9.44000327e-02  8.91824114e-01 
 9.44000655e-02  8.91824114e-01 
 9.44001310e-02  8.91824114e-01 
 9.44002621e-02  8.91824114e-01 
 9.44005242e-02  8.91824114e-01 
 9.44010485e-02  8.91824114e-01 
 9.44020971e-02  8.91824114e-01 
 9.44041942e-02  8.91824114e-01 
 9.44083885e-02  8.91824114e-01 
 9.44167772e-02  8.91824114e-01 
 9.44335544e-02  8.91824114e-01 
 9.44671088e-02  8.91824114e-01 
 9.45071088e-02  8.91824114e-01 
 9.45471088e-02  8.91824114e-01 
 9.45871088e-02  8.91824114e-01 
 9.46271088e-02  8.91824114e-01 
 9.46671088e-02  8.91824114e-01 
 9.47071088e-02  8.91824114e-01 
 9.47471088e-02  8.91824114e-01 
 9.47871088e-02  8.91824114e-01 
 9.47999992e-02  8.91824114e-01 
 9.47999993e-02  8.91824114e-01 
 9.47999994e-02  8.91824114e-01 
 9.47999998e-02  8.91824114e-01 
 9.48000000e-02  8.91824135e-01 
 9.48000001e-02  8.91824146e-01 
 9.48000002e-02  8.91824168e-01 
 9.48000004e-02  8.91824213e-01 
 9.48000010e-02  8.91824302e-01 
 9.48000020e-02  8.91824481e-01 
 9.48000040e-02  8.91824838e-01 
 9.48000081e-02  8.91825552e-01 
 9.48000163e-02  8.91826980e-01 
 9.48000327e-02  8.91829835e-01 
 9.48000655e-02  8.91835534e-01 
 9.48001310e-02  8.91846899e-01 
 9.48002621e-02  8.91869488e-01 
 9.48005242e-02  8.91914116e-01 
 9.48010485e-02  8.92001215e-01 
 9.48020971e-02  8.92167121e-01 
 9.48041942e-02  8.92468322e-01 
 9.48083885e-02  8.92966011e-01 
 9.48167772e-02  8.93651283e-01 
 9.48335544e-02  8.94314717e-01 
 9.48671088e-02  8.94622836e-01 
 9.49071088e-02  8.94614906e-01 
 9.49471088e-02  8.94615787e-01 
 9.49871088e-02  8.94615690e-01 
 9.50271088e-02  8.94615700e-01 
 9.50671088e-02  8.94615699e-01 
 9.51071088e-02  8.94615699e-01 
 9.51471088e-02  8.94615699e-01 
 9.51871088e-02  8.94615699e-01 
 9.51999992e-02  8.94615699e-01 
 9.51999993e-02  8.94615699e-01 
 9.51999994e-02  8.94615699e-01 
 9.51999998e-02  8.94615699e-01 
 9.52000000e-02  8.94615699e-01 
 9.52000001e-02  8.94615699e-01 
 9.52000002e-02  8.94615699e-01 
 9.52000004e-02  8.94615699e-01 
 9.52000010e-02  8.94615699e-01 
 9.52000020e-02  8.94615699e-01 
 9.52000040e-02  8.94615699e-01 
 9.52000081e-02  8.94615699e-01 
 9.52000163e-02  8.94615699e-01 
 9.52000327e-02  8.94615699e-01 
 9.52000655e-02  8.94615699e-01 
 9.52001310e-02  8.94615699e-01 
 9.52002621e-02  8.94615699e-01 
 9.52005242e-02  8.94615699e-01 
 9.52010485e-02  8.94615699e-01 
 9.52020971e-02  8.94615699e-01 
 9.52041942e-02  8.94615699e-01 
 9.52083885e-02  8.94615699e-01 
 9.52167772e-02  8.94615699e-01 
 9.52335544e-02  8.94615699e-01 
 9.52671088e-02  8.94615699e-01 
 9.53071088e-02  8.94615699e-01 
 9.53471088e-02  8.94615699e-01 
 9.53871088e-02  8.94615699e-01 
 9.54271088e-02  8.94615699e-01 
 9.54671088e-02  8.94615699e-01 
 9.55071088e-02  8.94615699e-01 
 9.55471088e-02  8.94615699e-01 
 9.55871088e-02  8.94615699e-01 
 9.55999992e-02  8.94615699e-01 
 9.55999993e-02  8.94615699e-01 
 9.55999994e-02  8.94615699e-01 
 9.55999998e-02  8.94615699e-01 
 9.56000000e-02  8.94615720e-01 
 9.56000001e-02  8.94615731e-01 
 9.56000002e-02  8.94615753e-01 
 9.56000004e-02  8.94615798e-01 
 9.56000010e-02  8.94615887e-01 
 9.56000020e-02  8.94616064e-01 
 9.56000040e-02  8.94616419e-01 
 9.56000081e-02  8.94617129e-01 
 9.56000163e-02  8.94618547e-01 
 9.56000327e-02  8.94621383e-01 
 9.56000655e-02  8.94627044e-01 
 9.56001310e-02  8.94638334e-01 
 9.56002621e-02  8.94660773e-01 
 9.56005242e-02  8.94705106e-01 
 9.56010485e-02  8.94791628e-01 
 9.56020971e-02  8.94956437e-01 
 9.56041942e-02  8.95255644e-01 
 9.56083885e-02  8.95750039e-01 
 9.56167772e-02  8.96430775e-01 
 9.56335544e-02  8.97089818e-01 
 9.56671088e-02  8.97395899e-01 
 9.57071088e-02  8.97388021e-01 
 9.57471088e-02  8.97388897e-01 
 9.57871088e-02  8.97388799e-01 
 9.58271088e-02  8.97388810e-01 
 9.58671088e-02  8.97388809e-01 
 9.59071088e-02  8.97388809e-01 
 9.59471088e-02  8.97388809e-01 
 9.59871088e-02  8.97388809e-01 
 9.59999992e-02  8.97388809e-01 
 9.59999993e-02  8.97388809e-01 
 9.59999994e-02  8.97388809e-01 
 9.59999998e-02  8.97388809e-01 
 9.60000000e-02  8.97388809e-01 
 9.60000001e-02  8.97388809e-01 
 9.60000002e-02  8.97388809e-01 
 9.60000004e-02  8.97388809e-01 
 9.60000010e-02  8.97388809e-01 
 9.60000020e-02  8.97388809e-01 
 9.60000040e-02  8.97388809e-01 
 9.60000081e-02  8.97388809e-01 
 9.60000163e-02  8.97388809e-01 
 9.60000327e-02  8.97388809e-01 
 9.60000655e-02  8.97388809e-01 
 9.60001310e-02  8.97388809e-01 
 9.60002621e-02  8.97388809e-01 
 9.60005242e-02  8.97388809e-01 
 9.60010485e-02  8.97388809e-01 
 9.60020971e-02  8.97388809e-01 
 9.60041942e-02  8.97388809e-01 
 9.60083885e-02  8.97388809e-01 
 9.60167772e-02  8.97388809e-01 
 9.60335544e-02  8.97388809e-01 
 9.60671088e-02  8.97388809e-01 
 9.61071088e-02  8.97388809e-01 
 9.61471088e-02  8.97388809e-01 
 9.61871088e-02  8.97388809e-01 
 9.62271088e-02  8.97388809e-01 
 9.62671088e-02  8.97388809e-01 
 9.63071088e-02  8.97388809e-01 
 9.63471088e-02  8.97388809e-01 
 9.63871088e-02  8.97388809e-01 
 9.63999992e-02  8.97388809e-01 
 9.63999993e-02  8.97388809e-01 
 9.63999994e-02  8.97388809e-01 
 9.63999998e-02  8.97388809e-01 
 9.64000000e-02  8.97388830e-01 
 9.64000001e-02  8.97388841e-01 
 9.64000002e-02  8.97388863e-01 
 9.64000004e-02  8.97388907e-01 
 9.64000010e-02  8.97388995e-01 
 9.64000020e-02  8.97389171e-01 
 9.64000040e-02  8.97389524e-01 
 9.64000081e-02  8.97390229e-01 
 9.64000163e-02  8.97391638e-01 
 9.64000327e-02  8.97394455e-01 
 9.64000655e-02  8.97400080e-01 
 9.64001310e-02  8.97411295e-01 
 9.64002621e-02  8.97433588e-01 
 9.64005242e-02  8.97477631e-01 
 9.64010485e-02  8.97563587e-01 
 9.64020971e-02  8.97727317e-01 
 9.64041942e-02  8.98024566e-01 
 9.64083885e-02  8.98515727e-01 
 9.64167772e-02  8.99192009e-01 
 9.64335544e-02  8.99846739e-01 
 9.64671088e-02  9.00150817e-01 
 9.65071088e-02  9.00142991e-01 
 9.65471088e-02  9.00143861e-01 
 9.65871088e-02  9.00143764e-01 
 9.66271088e-02  9.00143775e-01 
 9.66671088e-02  9.00143774e-01 
 9.67071088e-02  9.00143774e-01 
 9.67471088e-02  9.00143774e-01 
 9.67871088e-02  9.00143774e-01 
 9.67999992e-02  9.00143774e-01 
 9.67999993e-02  9.00143774e-01 
 9.67999994e-02  9.00143774e-01 
 9.67999998e-02  9.00143774e-01 
 9.68000000e-02  9.00143774e-01 
 9.68000001e-02  9.00143774e-01 
 9.68000002e-02  9.00143774e-01 
 9.68000004e-02  9.00143774e-01 
 9.68000010e-02  9.00143774e-01 
 9.68000020e-02  9.00143774e-01 
 9.68000040e-02  9.00143774e-01 
 9.68000081e-02  9.00143774e-01 
 9.68000163e-02  9.00143774e-01 
 9.68000327e-02  9.00143774e-01 
 9.68000655e-02  9.00143774e-01 
 9.68001310e-02  9.00143774e-01 
 9.68002621e-02  9.00143774e-01 
 9.68005242e-02  9.00143774e-01 
 9.68010485e-02  9.00143774e-01 
 9.68020971e-02  9.00143774e-01 
 9.68041942e-02  9.00143774e-01 
 9.68083885e-02  9.00143774e-01 
 9.68167772e-02  9.00143774e-01 
 9.68335544e-02  9.00143774e-01 
 9.68671088e-02  9.00143774e-01 
 9.69071088e-02  9.00143774e-01 
 9.69471088e-02  9.00143774e-01 
 9.69871088e-02  9.00143774e-01 
 9.70271088e-02  9.00143774e-01 
 9.70671088e-02  9.00143774e-01 
 9.71071088e-02  9.00143774e-01 
 9.71471088e-02  9.00143774e-01 
 9.71871088e-02  9.00143774e-01 
 9.71999992e-02  9.00143774e-01 
 9.71999993e-02  9.00143774e-01 
 9.71999994e-02  9.00143774e-01 
 9.71999998e-02  9.00143774e-01 
 9.72000000e-02  9.00143794e-01 
 9.72000001e-02  9.00143805e-01 
 9.72000002e-02  9.00143827e-01 
 9.72000004e-02  9.00143871e-01 
 9.72000010e-02  9.00143959e-01 
 9.72000020e-02  9.00144134e-01 
 9.72000040e-02  9.00144484e-01 
 9.72000081e-02  9.00145185e-01 
 9.72000163e-02  9.00146585e-01 
 9.72000327e-02  9.00149383e-01 
 9.72000655e-02  9.00154972e-01 
 9.72001310e-02  9.00166115e-01 
 9.72002621e-02  9.00188263e-01 
 9.72005242e-02  9.00232021e-01 
 9.72010485e-02  9.00317421e-01 
 9.72020971e-02  9.00480092e-01 
 9.72041942e-02  9.00775419e-01 
 9.72083885e-02  9.01263402e-01 
 9.72167772e-02  9.01935309e-01 
 9.72335544e-02  9.02585805e-01 
 9.72671088e-02  9.02887915e-01 
 9.73071088e-02  9.02880140e-01 
 9.73471088e-02  9.02881004e-01 
 9.73871088e-02  9.02880908e-01 
 9.74271088e-02  9.02880919e-01 
 9.74671088e-02  9.02880917e-01 
 9.75071088e-02  9.02880918e-01 
 9.75471088e-02  9.02880918e-01 
 9.75871088e-02  9.02880918e-01 
 9.75999992e-02  9.02880918e-01 
 9.75999993e-02  9.02880918e-01 
 9.75999994e-02  9.02880918e-01 
 9.75999998e-02  9.02880918e-01 
 9.76000000e-02  9.02880918e-01 
 9.76000001e-02  9.02880918e-01 
 9.76000002e-02  9.02880918e-01 
 9.76000004e-02  9.02880918e-01 
 9.76000010e-02  9.02880918e-01 
 9.76000020e-02  9.02880918e-01 
 9.76000040e-02  9.02880918e-01 
 9.76000081e-02  9.02880918e-01 
 9.76000163e-02  9.02880918e-01 
 9.76000327e-02  9.02880918e-01 
 9.76000655e-02  9.02880918e-01 
 9.76001310e-02  9.02880918e-01 
 9.76002621e-02  9.02880918e-01 
 9.76005242e-02  9.02880918e-01 
 9.76010485e-02  9.02880918e-01 
 9.76020971e-02  9.02880918e-01 
 9.76041942e-02  9.02880918e-01 
 9.76083885e-02  9.02880918e-01 
 9.76167772e-02  9.02880918e-01 
 9.76335544e-02  9.02880918e-01 
 9.76671088e-02  9.02880918e-01 
 9.77071088e-02  9.02880918e-01 
 9.77471088e-02  9.02880918e-01 
 9.77871088e-02  9.02880918e-01 
 9.78271088e-02  9.02880918e-01 
 9.78671088e-02  9.02880918e-01 
 9.79071088e-02  9.02880918e-01 
 9.79471088e-02  9.02880918e-01 
 9.79871088e-02  9.02880918e-01 
 9.79999992e-02  9.02880918e-01 
 9.79999993e-02  9.02880918e-01 
 9.79999994e-02  9.02880918e-01 
 9.79999998e-02  9.02880918e-01 
 9.80000000e-02  9.02880938e-01 
 9.80000001e-02  9.02880949e-01 
 9.80000002e-02  9.02880971e-01 
 9.80000004e-02  9.02881014e-01 
 9.80000010e-02  9.02881101e-01 
 9.80000020e-02  9.02881275e-01 
 9.80000040e-02  9.02881623e-01 
 9.80000081e-02  9.02882319e-01 
 9.80000163e-02  9.02883711e-01 
 9.80000327e-02  9.02886491e-01 
 9.80000655e-02  9.02892044e-01 
 9.80001310e-02  9.02903115e-01 
 9.80002621e-02  9.02925123e-01 
 9.80005242e-02  9.02968601e-01 
 9.80010485e-02  9.03053454e-01 
 9.80020971e-02  9.03215085e-01 
 9.80041942e-02  9.03508523e-01 
 9.80083885e-02  9.03993385e-01 
 9.80167772e-02  9.04660995e-01 
 9.80335544e-02  9.05307330e-01 
 9.80671088e-02  9.05607509e-01 
 9.81071088e-02  9.05599784e-01 
 9.81471088e-02  9.05600642e-01 
 9.81871088e-02  9.05600547e-01 
 9.82271088e-02  9.05600557e-01 
 9.82671088e-02  9.05600556e-01 
 9.83071088e-02  9.05600556e-01 
 9.83471088e-02  9.05600556e-01 
 9.83871088e-02  9.05600556e-01 
 9.83999992e-02  9.05600556e-01 
 9.83999993e-02  9.05600556e-01 
 9.83999994e-02  9.05600556e-01 
 9.83999998e-02  9.05600556e-01 
 9.84000000e-02  9.05600556e-01 
 9.84000001e-02  9.05600556e-01 
 9.84000002e-02  9.05600556e-01 
 9.84000004e-02  9.05600556e-01 
 9.84000010e-02  9.05600556e-01 
 9.84000020e-02  9.05600556e-01 
 9.84000040e-02  9.05600556e-01 
 9.84000081e-02  9.05600556e-01 
 9.84000163e-02  9.05600556e-01 
 9.84000327e-02  9.05600556e-01 
 9.84000655e-02  9.05600556e-01 
 9.84001310e-02  9.05600556e-01 
 9.84002621e-02  9.05600556e-01 
 9.84005242e-02  9.05600556e-01 
 9.84010485e-02  9.05600556e-01 
 9.84020971e-02  9.05600556e-01 
 9.84041942e-02  9.05600556e-01 
 9.84083885e-02  9.05600556e-01 
 9.84167772e-02  9.05600556e-01 
 9.84335544e-02  9.05600556e-01 
 9.84671088e-02  9.05600556e-01 
 9.85071088e-02  9.05600556e-01 
 9.85471088e-02  9.05600556e-01 
 9.85871088e-02  9.05600556e-01 
 9.86271088e-02  9.05600556e-01 
 9.86671088e-02  9.05600556e-01 
 9.87071088e-02  9.05600556e-01 
 9.87471088e-02  9.05600556e-01 
 9.87871088e-02  9.05600556e-01 
 9.87999992e-02  9.05600556e-01 
 9.87999993e-02  9.05600556e-01 
 9.87999994e-02  9.05600556e-01 
 9.87999998e-02  9.05600556e-01 
 9.88000000e-02  9.05600576e-01 
 9.88000001e-02  9.05600587e-01 
 9.88000002e-02  9.05600609e-01 
 9.88000004e-02  9.05600652e-01 
 9.88000010e-02  9.05600739e-01 
 9.88000020e-02  9.05600911e-01 
 9.88000040e-02  9.05601257e-01 
 9.88000081e-02  9.05601949e-01 
 9.88000163e-02  9.05603331e-01 
 9.88000327e-02  9.05606095e-01 
 9.88000655e-02  9.05611612e-01 
 9.88001310e-02  9.05622614e-01 
 9.88002621e-02  9.05644482e-01 
 9.88005242e-02  9.05687685e-01 
 9.88010485e-02  9.05772002e-01 
 9.88020971e-02  9.05932611e-01 
 9.88041942e-02  9.06224193e-01 
 9.88083885e-02  9.06705990e-01 
 9.88167772e-02  9.07369379e-01 
 9.88335544e-02  9.08011627e-01 
 9.88671088e-02  9.08309908e-01 
 9.89071088e-02  9.08302231e-01 
 9.89471088e-02  9.08303084e-01 
 9.89871088e-02  9.08302990e-01 
 9.90271088e-02  9.08303000e-01 
 9.90671088e-02  9.08302999e-01 
 9.91071088e-02  9.08302999e-01 
 9.91471088e-02  9.08302999e-01 
 9.91871088e-02  9.08302999e-01 
 9.91999992e-02  9.08302999e-01 
 9.91999993e-02  9.08302999e-01 
 9.91999994e-02  9.08302999e-01 
 9.91999998e-02  9.08302999e-01 
 9.92000000e-02  9.08302999e-01 
 9.92000001e-02  9.08302999e-01 
 9.92000002e-02  9.08302999e-01 
 9.92000004e-02  9.08302999e-01 
 9.92000010e-02  9.08302999e-01 
 9.92000020e-02  9.08302999e-01 
 9.92000040e-02  9.08302999e-01 
 9.92000081e-02  9.08302999e-01 
 9.92000163e-02  9.08302999e-01 
 9.92000327e-02  9.08302999e-01 
 9.92000655e-02  9.08302999e-01 
 9.92001310e-02  9.08302999e-01 
 9.92002621e-02  9.08302999e-01 
 9.92005242e-02  9.08302999e-01 
 9.92010485e-02  9.08302999e-01 
 9.92020971e-02  9.08302999e-01 
 9.92041942e-02  9.08302999e-01 
 9.92083885e-02  9.08302999e-01 
 9.92167772e-02  9.08302999e-01 
 9.92335544e-02  9.08302999e-01 
 9.92671088e-02  9.08302999e-01 
 9.93071088e-02  9.08302999e-01 
 9.93471088e-02  9.08302999e-01 
 9.93871088e-02  9.08302999e-01 
 9.94271088e-02  9.08302999e-01 
 9.94671088e-02  9.08302999e-01 
 9.95071088e-02  9.08302999e-01 
 9.95471088e-02  9.08302999e-01 
 9.95871088e-02  9.08302999e-01 
 9.95999992e-02  9.08302999e-01 
 9.95999993e-02  9.08302999e-01 
 9.95999994e-02  9.08302999e-01 
 9.95999998e-02  9.08302999e-01 
 9.96000000e-02  9.08303019e-01 
 9.96000001e-02  9.08303030e-01 
 9.96000002e-02  9.08303051e-01 
 9.96000004e-02  9.08303094e-01 
 9.96000010e-02  9.08303180e-01 
 9.96000020e-02  9.08303352e-01 
 9.96000040e-02  9.08303696e-01 
 9.96000081e-02  9.08304383e-01 
 9.96000163e-02  9.08305757e-01 
 9.96000327e-02  9.08308503e-01 
 9.96000655e-02  9.08313986e-01 
 9.96001310e-02  9.08324919e-01 
 9.96002621e-02  9.08346650e-01 
 9.96005242e-02  9.08389583e-01 
 9.96010485e-02  9.08473373e-01 
 9.96020971e-02  9.08632978e-01 
 9.96041942e-02  9.08922738e-01 
 9.96083885e-02  9.09401522e-01 
 9.96167772e-02  9.10060765e-01 
 9.96335544e-02  9.10698998e-01 
 9.96671088e-02  9.10995414e-01 
 9.97071088e-02  9.10987786e-01 
 9.97471088e-02  9.10988633e-01 
 9.97871088e-02  9.10988539e-01 
 9.98271088e-02  9.10988550e-01 
 9.98671088e-02  9.10988549e-01 
 9.99071088e-02  9.10988549e-01 
 9.99471088e-02  9.10988549e-01 
 9.99871088e-02  9.10988549e-01 
 9.99999992e-02  9.10988549e-01 
 9.99999993e-02  9.10988549e-01 
 9.99999994e-02  9.10988549e-01 
 9.99999998e-02  9.10988549e-01 
 1.00000000e-01  9.10988549e-01 
 1.00000000e-01  9.10988549e-01 
 1.00000000e-01  9.10988549e-01 
 1.00000000e-01  9.10988549e-01 
 1.00000001e-01  9.10988549e-01 
 1.00000002e-01  9.10988549e-01 
 1.00000004e-01  9.10988549e-01 
 1.00000008e-01  9.10988549e-01 
 1.00000016e-01  9.10988549e-01 
 1.00000033e-01  9.10988549e-01 
 1.00000065e-01  9.10988549e-01 
 1.00000131e-01  9.10988549e-01 
 1.00000262e-01  9.10988549e-01 
 1.00000524e-01  9.10988549e-01 
 1.00001049e-01  9.10988549e-01 
 1.00002097e-01  9.10988549e-01 
 1.00004194e-01  9.10988549e-01 
 1.00008389e-01  9.10988549e-01 
 1.00016777e-01  9.10988549e-01 
 1.00033554e-01  9.10988549e-01 
 1.00067109e-01  9.10988549e-01 
 1.00107109e-01  9.10988549e-01 
 1.00147109e-01  9.10988549e-01 
 1.00187109e-01  9.10988549e-01 
 1.00227109e-01  9.10988549e-01 
 1.00267109e-01  9.10988549e-01 
 1.00307109e-01  9.10988549e-01 
 1.00347109e-01  9.10988549e-01 
 1.00387109e-01  9.10988549e-01 
 1.00399999e-01  9.10988549e-01 
 1.00399999e-01  9.10988549e-01 
 1.00399999e-01  9.10988549e-01 
 1.00400000e-01  9.10988549e-01 
 1.00400000e-01  9.10988569e-01 
 1.00400000e-01  9.10988579e-01 
 1.00400000e-01  9.10988601e-01 
 1.00400000e-01  9.10988643e-01 
 1.00400001e-01  9.10988729e-01 
 1.00400002e-01  9.10988900e-01 
 1.00400004e-01  9.10989241e-01 
 1.00400008e-01  9.10989924e-01 
 1.00400016e-01  9.10991290e-01 
 1.00400033e-01  9.10994018e-01 
 1.00400065e-01  9.10999468e-01 
 1.00400131e-01  9.11010333e-01 
 1.00400262e-01  9.11031930e-01 
 1.00400524e-01  9.11074598e-01 
 1.00401049e-01  9.11157870e-01 
 1.00402097e-01  9.11316488e-01 
 1.00404194e-01  9.11604457e-01 
 1.00408389e-01  9.12080283e-01 
 1.00416777e-01  9.12735451e-01 
 1.00433554e-01  9.13369740e-01 
 1.00467109e-01  9.13664324e-01 
 1.00507109e-01  9.13656742e-01 
 1.00547109e-01  9.13657585e-01 
 1.00587109e-01  9.13657491e-01 
 1.00627109e-01  9.13657502e-01 
 1.00667109e-01  9.13657500e-01 
 1.00707109e-01  9.13657501e-01 
 1.00747109e-01  9.13657501e-01 
 1.00787109e-01  9.13657501e-01 
 1.00799999e-01  9.13657501e-01 
 1.00799999e-01  9.13657501e-01 
 1.00799999e-01  9.13657501e-01 
 1.00800000e-01  9.13657501e-01 
 1.00800000e-01  9.13657501e-01 
 1.00800000e-01  9.13657501e-01 
 1.00800000e-01  9.13657501e-01 
 1.00800000e-01  9.13657501e-01 
 1.00800001e-01  9.13657501e-01 
 1.00800002e-01  9.13657501e-01 
 1.00800004e-01  9.13657501e-01 
 1.00800008e-01  9.13657501e-01 
 1.00800016e-01  9.13657501e-01 
 1.00800033e-01  9.13657501e-01 
 1.00800065e-01  9.13657501e-01 
 1.00800131e-01  9.13657501e-01 
 1.00800262e-01  9.13657501e-01 
 1.00800524e-01  9.13657501e-01 
 1.00801049e-01  9.13657501e-01 
 1.00802097e-01  9.13657501e-01 
 1.00804194e-01  9.13657501e-01 
 1.00808389e-01  9.13657501e-01 
 1.00816777e-01  9.13657501e-01 
 1.00833554e-01  9.13657501e-01 
 1.00867109e-01  9.13657501e-01 
 1.00907109e-01  9.13657501e-01 
 1.00947109e-01  9.13657501e-01 
 1.00987109e-01  9.13657501e-01 
 1.01027109e-01  9.13657501e-01 
 1.01067109e-01  9.13657501e-01 
 1.01107109e-01  9.13657501e-01 
 1.01147109e-01  9.13657501e-01 
 1.01187109e-01  9.13657501e-01 
 1.01199999e-01  9.13657501e-01 
 1.01199999e-01  9.13657501e-01 
 1.01199999e-01  9.13657501e-01 
 1.01200000e-01  9.13657501e-01 
 1.01200000e-01  9.13657520e-01 
 1.01200000e-01  9.13657531e-01 
 1.01200000e-01  9.13657552e-01 
 1.01200000e-01  9.13657595e-01 
 1.01200001e-01  9.13657680e-01 
 1.01200002e-01  9.13657849e-01 
 1.01200004e-01  9.13658189e-01 
 1.01200008e-01  9.13658868e-01 
 1.01200016e-01  9.13660225e-01 
 1.01200033e-01  9.13662937e-01 
 1.01200065e-01  9.13668353e-01 
 1.01200131e-01  9.13679151e-01 
 1.01200262e-01  9.13700617e-01 
 1.01200524e-01  9.13743024e-01 
 1.01201049e-01  9.13825787e-01 
 1.01202097e-01  9.13983436e-01 
 1.01204194e-01  9.14269645e-01 
 1.01208389e-01  9.14742563e-01 
 1.01216777e-01  9.15393728e-01 
 1.01233554e-01  9.16024142e-01 
 1.01267109e-01  9.16316926e-01 
 1.01307109e-01  9.16309390e-01 
 1.01347109e-01  9.16310228e-01 
 1.01387109e-01  9.16310135e-01 
 1.01427109e-01  9.16310145e-01 
 1.01467109e-01  9.16310144e-01 
 1.01507109e-01  9.16310144e-01 
 1.01547109e-01  9.16310144e-01 
 1.01587109e-01  9.16310144e-01 
 1.01599999e-01  9.16310144e-01 
 1.01599999e-01  9.16310144e-01 
 1.01599999e-01  9.16310144e-01 
 1.01600000e-01  9.16310144e-01 
 1.01600000e-01  9.16310144e-01 
 1.01600000e-01  9.16310144e-01 
 1.01600000e-01  9.16310144e-01 
 1.01600000e-01  9.16310144e-01 
 1.01600001e-01  9.16310144e-01 
 1.01600002e-01  9.16310144e-01 
 1.01600004e-01  9.16310144e-01 
 1.01600008e-01  9.16310144e-01 
 1.01600016e-01  9.16310144e-01 
 1.01600033e-01  9.16310144e-01 
 1.01600065e-01  9.16310144e-01 
 1.01600131e-01  9.16310144e-01 
 1.01600262e-01  9.16310144e-01 
 1.01600524e-01  9.16310144e-01 
 1.01601049e-01  9.16310144e-01 
 1.01602097e-01  9.16310144e-01 
 1.01604194e-01  9.16310144e-01 
 1.01608389e-01  9.16310144e-01 
 1.01616777e-01  9.16310144e-01 
 1.01633554e-01  9.16310144e-01 
 1.01667109e-01  9.16310144e-01 
 1.01707109e-01  9.16310144e-01 
 1.01747109e-01  9.16310144e-01 
 1.01787109e-01  9.16310144e-01 
 1.01827109e-01  9.16310144e-01 
 1.01867109e-01  9.16310144e-01 
 1.01907109e-01  9.16310144e-01 
 1.01947109e-01  9.16310144e-01 
 1.01987109e-01  9.16310144e-01 
 1.01999999e-01  9.16310144e-01 
 1.01999999e-01  9.16310144e-01 
 1.01999999e-01  9.16310144e-01 
 1.02000000e-01  9.16310144e-01 
 1.02000000e-01  9.16310164e-01 
 1.02000000e-01  9.16310174e-01 
 1.02000000e-01  9.16310195e-01 
 1.02000000e-01  9.16310238e-01 
 1.02000001e-01  9.16310322e-01 
 1.02000002e-01  9.16310491e-01 
 1.02000004e-01  9.16310828e-01 
 1.02000008e-01  9.16311503e-01 
 1.02000016e-01  9.16312852e-01 
 1.02000033e-01  9.16315547e-01 
 1.02000065e-01  9.16320931e-01 
 1.02000131e-01  9.16331664e-01 
 1.02000262e-01  9.16353000e-01 
 1.02000524e-01  9.16395150e-01 
 1.02001049e-01  9.16477414e-01 
 1.02002097e-01  9.16634110e-01 
 1.02004194e-01  9.16918591e-01 
 1.02008389e-01  9.17388652e-01 
 1.02016777e-01  9.18035882e-01 
 1.02033554e-01  9.18662487e-01 
 1.02067109e-01  9.18953503e-01 
 1.02107109e-01  9.18946013e-01 
 1.02147109e-01  9.18946845e-01 
 1.02187109e-01  9.18946753e-01 
 1.02227109e-01  9.18946763e-01 
 1.02267109e-01  9.18946762e-01 
 1.02307109e-01  9.18946762e-01 
 1.02347109e-01  9.18946762e-01 
 1.02387109e-01  9.18946762e-01 
 1.02399999e-01  9.18946762e-01 
 1.02399999e-01  9.18946762e-01 
 1.02399999e-01  9.18946762e-01 
 1.02400000e-01  9.18946762e-01 
 1.02400000e-01  9.18946762e-01 
 1.02400000e-01  9.18946762e-01 
 1.02400000e-01  9.18946762e-01 
 1.02400000e-01  9.18946762e-01 
 1.02400001e-01  9.18946762e-01 
 1.02400002e-01  9.18946762e-01 
 1.02400004e-01  9.18946762e-01 
 1.02400008e-01  9.18946762e-01 
 1.02400016e-01  9.18946762e-01 
 1.02400033e-01  9.18946762e-01 
 1.02400065e-01  9.18946762e-01 
 1.02400131e-01  9.18946762e-01 
 1.02400262e-01  9.18946762e-01 
 1.02400524e-01  9.18946762e-01 
 1.02401049e-01  9.18946762e-01 
 1.02402097e-01  9.18946762e-01 
 1.02404194e-01  9.18946762e-01 
 1.02408389e-01  9.18946762e-01 
 1.02416777e-01  9.18946762e-01 
 1.02433554e-01  9.18946762e-01 
 1.02467109e-01  9.18946762e-01 
 1.02507109e-01  9.18946762e-01 
 1.02547109e-01  9.18946762e-01 
 1.02587109e-01  9.18946762e-01 
 1.02627109e-01  9.18946762e-01 
 1.02667109e-01  9.18946762e-01 
 1.02707109e-01  9.18946762e-01 
 1.02747109e-01  9.18946762e-01 
 1.02787109e-01  9.18946762e-01 
 1.02799999e-01  9.18946762e-01 
 1.02799999e-01  9.18946762e-01 
 1.02799999e-01  9.18946762e-01 
 1.02800000e-01  9.18946762e-01 
 1.02800000e-01  9.18946782e-01 
 1.02800000e-01  9.18946792e-01 
 1.02800000e-01  9.18946813e-01 
 1.02800000e-01  9.18946855e-01 
 1.02800001e-01  9.18946939e-01 
 1.02800002e-01  9.18947107e-01 
 1.02800004e-01  9.18947442e-01 
 1.02800008e-01  9.18948113e-01 
 1.02800016e-01  9.18949453e-01 
 1.02800033e-01  9.18952133e-01 
 1.02800065e-01  9.18957484e-01 
 1.02800131e-01  9.18968153e-01 
 1.02800262e-01  9.18989362e-01 
 1.02800524e-01  9.19031261e-01 
 1.02801049e-01  9.19113033e-01 
 1.02802097e-01  9.19268793e-01 
 1.02804194e-01  9.19551574e-01 
 1.02808389e-01  9.20018828e-01 
 1.02816777e-01  9.20662192e-01 
 1.02833554e-01  9.21285054e-01 
 1.02867109e-01  9.21574331e-01 
 1.02907109e-01  9.21566886e-01 
 1.02947109e-01  9.21567714e-01 
 1.02987109e-01  9.21567622e-01 
 1.03027109e-01  9.21567632e-01 
 1.03067109e-01  9.21567631e-01 
 1.03107109e-01  9.21567631e-01 
 1.03147109e-01  9.21567631e-01 
 1.03187109e-01  9.21567631e-01 
 1.03199999e-01  9.21567631e-01 
 1.03199999e-01  9.21567631e-01 
 1.03199999e-01  9.21567631e-01 
 1.03200000e-01  9.21567631e-01 
 1.03200000e-01  9.21567631e-01 
 1.03200000e-01  9.21567631e-01 
 1.03200000e-01  9.21567631e-01 
 1.03200000e-01  9.21567631e-01 
 1.03200001e-01  9.21567631e-01 
 1.03200002e-01  9.21567631e-01 
 1.03200004e-01  9.21567631e-01 
 1.03200008e-01  9.21567631e-01 
 1.03200016e-01  9.21567631e-01 
 1.03200033e-01  9.21567631e-01 
 1.03200065e-01  9.21567631e-01 
 1.03200131e-01  9.21567631e-01 
 1.03200262e-01  9.21567631e-01 
 1.03200524e-01  9.21567631e-01 
 1.03201049e-01  9.21567631e-01 
 1.03202097e-01  9.21567631e-01 
 1.03204194e-01  9.21567631e-01 
 1.03208389e-01  9.21567631e-01 
 1.03216777e-01  9.21567631e-01 
 1.03233554e-01  9.21567631e-01 
 1.03267109e-01  9.21567631e-01 
 1.03307109e-01  9.21567631e-01 
 1.03347109e-01  9.21567631e-01 
 1.03387109e-01  9.21567631e-01 
 1.03427109e-01  9.21567631e-01 
 1.03467109e-01  9.21567631e-01 
 1.03507109e-01  9.21567631e-01 
 1.03547109e-01  9.21567631e-01 
 1.03587109e-01  9.21567631e-01 
 1.03599999e-01  9.21567631e-01 
 1.03599999e-01  9.21567631e-01 
 1.03599999e-01  9.21567631e-01 
 1.03600000e-01  9.21567631e-01 
 1.03600000e-01  9.21567651e-01 
 1.03600000e-01  9.21567661e-01 
 1.03600000e-01  9.21567682e-01 
 1.03600000e-01  9.21567723e-01 
 1.03600001e-01  9.21567807e-01 
 1.03600002e-01  9.21567974e-01 
 1.03600004e-01  9.21568307e-01 
 1.03600008e-01  9.21568974e-01 
 1.03600016e-01  9.21570307e-01 
 1.03600033e-01  9.21572970e-01 
 1.03600065e-01  9.21578290e-01 
 1.03600131e-01  9.21588896e-01 
 1.03600262e-01  9.21609979e-01 
 1.03600524e-01  9.21651631e-01 
 1.03601049e-01  9.21732920e-01 
 1.03602097e-01  9.21887761e-01 
 1.03604194e-01  9.22168871e-01 
 1.03608389e-01  9.22633365e-01 
 1.03616777e-01  9.23272931e-01 
 1.03633554e-01  9.23892114e-01 
 1.03667109e-01  9.24179683e-01 
 1.03707109e-01  9.24172282e-01 
 1.03747109e-01  9.24173104e-01 
 1.03787109e-01  9.24173013e-01 
 1.03827109e-01  9.24173023e-01 
 1.03867109e-01  9.24173022e-01 
 1.03907109e-01  9.24173022e-01 
 1.03947109e-01  9.24173022e-01 
 1.03987109e-01  9.24173022e-01 
 1.03999999e-01  9.24173022e-01 
 1.03999999e-01  9.24173022e-01 
 1.03999999e-01  9.24173022e-01 
 1.04000000e-01  9.24173022e-01 
 1.04000000e-01  9.24173022e-01 
 1.04000000e-01  9.24173022e-01 
 1.04000000e-01  9.24173022e-01 
 1.04000000e-01  9.24173022e-01 
 1.04000001e-01  9.24173022e-01 
 1.04000002e-01  9.24173022e-01 
 1.04000004e-01  9.24173022e-01 
 1.04000008e-01  9.24173022e-01 
 1.04000016e-01  9.24173022e-01 
 1.04000033e-01  9.24173022e-01 
 1.04000065e-01  9.24173022e-01 
 1.04000131e-01  9.24173022e-01 
 1.04000262e-01  9.24173022e-01 
 1.04000524e-01  9.24173022e-01 
 1.04001049e-01  9.24173022e-01 
 1.04002097e-01  9.24173022e-01 
 1.04004194e-01  9.24173022e-01 
 1.04008389e-01  9.24173022e-01 
 1.04016777e-01  9.24173022e-01 
 1.04033554e-01  9.24173022e-01 
 1.04067109e-01  9.24173022e-01 
 1.04107109e-01  9.24173022e-01 
 1.04147109e-01  9.24173022e-01 
 1.04187109e-01  9.24173022e-01 
 1.04227109e-01  9.24173022e-01 
 1.04267109e-01  9.24173022e-01 
 1.04307109e-01  9.24173022e-01 
 1.04347109e-01  9.24173022e-01 
 1.04387109e-01  9.24173022e-01 
 1.04399999e-01  9.24173022e-01 
 1.04399999e-01  9.24173022e-01 
 1.04399999e-01  9.24173022e-01 
 1.04400000e-01  9.24173022e-01 
 1.04400000e-01  9.24173041e-01 
 1.04400000e-01  9.24173052e-01 
 1.04400000e-01  9.24173073e-01 
 1.04400000e-01  9.24173114e-01 
 1.04400001e-01  9.24173197e-01 
 1.04400002e-01  9.24173363e-01 
 1.04400004e-01  9.24173694e-01 
 1.04400008e-01  9.24174357e-01 
 1.04400016e-01  9.24175682e-01 
 1.04400033e-01  9.24178330e-01 
 1.04400065e-01  9.24183619e-01 
 1.04400131e-01  9.24194163e-01 
 1.04400262e-01  9.24215123e-01 
 1.04400524e-01  9.24256531e-01 
 1.04401049e-01  9.24337346e-01 
 1.04402097e-01  9.24491282e-01 
 1.04404194e-01  9.24770752e-01 
 1.04408389e-01  9.25232534e-01 
 1.04416777e-01  9.25868364e-01 
 1.04433554e-01  9.26483933e-01 
 1.04467109e-01  9.26769822e-01 
 1.04507109e-01  9.26762464e-01 
 1.04547109e-01  9.26763282e-01 
 1.04587109e-01  9.26763191e-01 
 1.04627109e-01  9.26763201e-01 
 1.04667109e-01  9.26763200e-01 
 1.04707109e-01  9.26763200e-01 
 1.04747109e-01  9.26763200e-01 
 1.04787109e-01  9.26763200e-01 
 1.04799999e-01  9.26763200e-01 
 1.04799999e-01  9.26763200e-01 
 1.04799999e-01  9.26763200e-01 
 1.04800000e-01  9.26763200e-01 
 1.04800000e-01  9.26763200e-01 
 1.04800000e-01  9.26763200e-01 
 1.04800000e-01  9.26763200e-01 
 1.04800000e-01  9.26763200e-01 
 1.04800001e-01  9.26763200e-01 
 1.04800002e-01  9.26763200e-01 
 1.04800004e-01  9.26763200e-01 
 1.04800008e-01  9.26763200e-01 
 1.04800016e-01  9.26763200e-01 
 1.04800033e-01  9.26763200e-01 
 1.04800065e-01  9.26763200e-01 
 1.04800131e-01  9.26763200e-01 
 1.04800262e-01  9.26763200e-01 
 1.04800524e-01  9.26763200e-01 
 1.04801049e-01  9.26763200e-01 
 1.04802097e-01  9.26763200e-01 
 1.04804194e-01  9.26763200e-01 
 1.04808389e-01  9.26763200e-01 
 1.04816777e-01  9.26763200e-01 
 1.04833554e-01  9.26763200e-01 
 1.04867109e-01  9.26763200e-01 
 1.04907109e-01  9.26763200e-01 
 1.04947109e-01  9.26763200e-01 
 1.04987109e-01  9.26763200e-01 
 1.05027109e-01  9.26763200e-01 
 1.05067109e-01  9.26763200e-01 
 1.05107109e-01  9.26763200e-01 
 1.05147109e-01  9.26763200e-01 
 1.05187109e-01  9.26763200e-01 
 1.05199999e-01  9.26763200e-01 
 1.05199999e-01  9.26763200e-01 
 1.05199999e-01  9.26763200e-01 
 1.05200000e-01  9.26763200e-01 
 1.05200000e-01  9.26763219e-01 
 1.05200000e-01  9.26763230e-01 
 1.05200000e-01  9.26763250e-01 
 1.05200000e-01  9.26763292e-01 
 1.05200001e-01  9.26763374e-01 
 1.05200002e-01  9.26763539e-01 
 1.05200004e-01  9.26763868e-01 
 1.05200008e-01  9.26764527e-01 
 1.05200016e-01  9.26765845e-01 
 1.05200033e-01  9.26768478e-01 
 1.05200065e-01  9.26773736e-01 
 1.05200131e-01  9.26784219e-01 
 1.05200262e-01  9.26805058e-01 
 1.05200524e-01  9.26846227e-01 
 1.05201049e-01  9.26926575e-01 
 1.05202097e-01  9.27079623e-01 
 1.05204194e-01  9.27357479e-01 
 1.05208389e-01  9.27816595e-01 
 1.05216777e-01  9.28448755e-01 
 1.05233554e-01  9.29060769e-01 
 1.05267109e-01  9.29345008e-01 
 1.05307109e-01  9.29337693e-01 
 1.05347109e-01  9.29338506e-01 
 1.05387109e-01  9.29338416e-01 
 1.05427109e-01  9.29338426e-01 
 1.05467109e-01  9.29338424e-01 
 1.05507109e-01  9.29338425e-01 
 1.05547109e-01  9.29338425e-01 
 1.05587109e-01  9.29338425e-01 
 1.05599999e-01  9.29338425e-01 
 1.05599999e-01  9.29338425e-01 
 1.05599999e-01  9.29338425e-01 
 1.05600000e-01  9.29338425e-01 
 1.05600000e-01  9.29338425e-01 
 1.05600000e-01  9.29338425e-01 
 1.05600000e-01  9.29338425e-01 
 1.05600000e-01  9.29338425e-01 
 1.05600001e-01  9.29338425e-01 
 1.05600002e-01  9.29338425e-01 
 1.05600004e-01  9.29338425e-01 
 1.05600008e-01  9.29338425e-01 
 1.05600016e-01  9.29338425e-01 
 1.05600033e-01  9.29338425e-01 
 1.05600065e-01  9.29338425e-01 
 1.05600131e-01  9.29338425e-01 
 1.05600262e-01  9.29338425e-01 
 1.05600524e-01  9.29338425e-01 
 1.05601049e-01  9.29338425e-01 
 1.05602097e-01  9.29338425e-01 
 1.05604194e-01  9.29338425e-01 
 1.05608389e-01  9.29338425e-01 
 1.05616777e-01  9.29338425e-01 
 1.05633554e-01  9.29338425e-01 
 1.05667109e-01  9.29338425e-01 
 1.05707109e-01  9.29338425e-01 
 1.05747109e-01  9.29338425e-01 
 1.05787109e-01  9.29338425e-01 
 1.05827109e-01  9.29338425e-01 
 1.05867109e-01  9.29338425e-01 
 1.05907109e-01  9.29338425e-01 
 1.05947109e-01  9.29338425e-01 
 1.05987109e-01  9.29338425e-01 
 1.05999999e-01  9.29338425e-01 
 1.05999999e-01  9.29338425e-01 
 1.05999999e-01  9.29338425e-01 
 1.06000000e-01  9.29338425e-01 
 1.06000000e-01  9.29338444e-01 
 1.06000000e-01  9.29338454e-01 
 1.06000000e-01  9.29338474e-01 
 1.06000000e-01  9.29338515e-01 
 1.06000001e-01  9.29338597e-01 
 1.06000002e-01  9.29338761e-01 
 1.06000004e-01  9.29339089e-01 
 1.06000008e-01  9.29339744e-01 
 1.06000016e-01  9.29341054e-01 
 1.06000033e-01  9.29343672e-01 
 1.06000065e-01  9.29348900e-01 
 1.06000131e-01  9.29359324e-01 
 1.06000262e-01  9.29380043e-01 
 1.06000524e-01  9.29420978e-01 
 1.06001049e-01  9.29500867e-01 
 1.06002097e-01  9.29653041e-01 
 1.06004194e-01  9.29929311e-01 
 1.06008389e-01  9.30385806e-01 
 1.06016777e-01  9.31014358e-01 
 1.06033554e-01  9.31622879e-01 
 1.06067109e-01  9.31905495e-01 
 1.06107109e-01  9.31898222e-01 
 1.06147109e-01  9.31899030e-01 
 1.06187109e-01  9.31898940e-01 
 1.06227109e-01  9.31898950e-01 
 1.06267109e-01  9.31898949e-01 
 1.06307109e-01  9.31898949e-01 
 1.06347109e-01  9.31898949e-01 
 1.06387109e-01  9.31898949e-01 
 1.06399999e-01  9.31898949e-01 
 1.06399999e-01  9.31898949e-01 
 1.06399999e-01  9.31898949e-01 
 1.06400000e-01  9.31898949e-01 
 1.06400000e-01  9.31898949e-01 
 1.06400000e-01  9.31898949e-01 
 1.06400000e-01  9.31898949e-01 
 1.06400000e-01  9.31898949e-01 
 1.06400001e-01  9.31898949e-01 
 1.06400002e-01  9.31898949e-01 
 1.06400004e-01  9.31898949e-01 
 1.06400008e-01  9.31898949e-01 
 1.06400016e-01  9.31898949e-01 
 1.06400033e-01  9.31898949e-01 
 1.06400065e-01  9.31898949e-01 
 1.06400131e-01  9.31898949e-01 
 1.06400262e-01  9.31898949e-01 
 1.06400524e-01  9.31898949e-01 
 1.06401049e-01  9.31898949e-01 
 1.06402097e-01  9.31898949e-01 
 1.06404194e-01  9.31898949e-01 
 1.06408389e-01  9.31898949e-01 
 1.06416777e-01  9.31898949e-01 
 1.06433554e-01  9.31898949e-01 
 1.06467109e-01  9.31898949e-01 
 1.06507109e-01  9.31898949e-01 
 1.06547109e-01  9.31898949e-01 
 1.06587109e-01  9.31898949e-01 
 1.06627109e-01  9.31898949e-01 
 1.06667109e-01  9.31898949e-01 
 1.06707109e-01  9.31898949e-01 
 1.06747109e-01  9.31898949e-01 
 1.06787109e-01  9.31898949e-01 
 1.06799999e-01  9.31898949e-01 
 1.06799999e-01  9.31898949e-01 
 1.06799999e-01  9.31898949e-01 
 1.06800000e-01  9.31898949e-01 
 1.06800000e-01  9.31898968e-01 
 1.06800000e-01  9.31898978e-01 
 1.06800000e-01  9.31898999e-01 
 1.06800000e-01  9.31899040e-01 
 1.06800001e-01  9.31899121e-01 
 1.06800002e-01  9.31899284e-01 
 1.06800004e-01  9.31899610e-01 
 1.06800008e-01  9.31900261e-01 
 1.06800016e-01  9.31901564e-01 
 1.06800033e-01  9.31904167e-01 
 1.06800065e-01  9.31909365e-01 
 1.06800131e-01  9.31919730e-01 
 1.06800262e-01  9.31940333e-01 
 1.06800524e-01  9.31981036e-01 
 1.06801049e-01  9.32060475e-01 
 1.06802097e-01  9.32211790e-01 
 1.06804194e-01  9.32486501e-01 
 1.06808389e-01  9.32940420e-01 
 1.06816777e-01  9.33565424e-01 
 1.06833554e-01  9.34170510e-01 
 1.06867109e-01  9.34451532e-01 
 1.06907109e-01  9.34444299e-01 
 1.06947109e-01  9.34445103e-01 
 1.06987109e-01  9.34445014e-01 
 1.07027109e-01  9.34445024e-01 
 1.07067109e-01  9.34445022e-01 
 1.07107109e-01  9.34445023e-01 
 1.07147109e-01  9.34445023e-01 
 1.07187109e-01  9.34445023e-01 
 1.07199999e-01  9.34445023e-01 
 1.07199999e-01  9.34445023e-01 
 1.07199999e-01  9.34445023e-01 
 1.07200000e-01  9.34445023e-01 
 1.07200000e-01  9.34445023e-01 
 1.07200000e-01  9.34445023e-01 
 1.07200000e-01  9.34445023e-01 
 1.07200000e-01  9.34445023e-01 
 1.07200001e-01  9.34445023e-01 
 1.07200002e-01  9.34445023e-01 
 1.07200004e-01  9.34445023e-01 
 1.07200008e-01  9.34445023e-01 
 1.07200016e-01  9.34445023e-01 
 1.07200033e-01  9.34445023e-01 
 1.07200065e-01  9.34445023e-01 
 1.07200131e-01  9.34445023e-01 
 1.07200262e-01  9.34445023e-01 
 1.07200524e-01  9.34445023e-01 
 1.07201049e-01  9.34445023e-01 
 1.07202097e-01  9.34445023e-01 
 1.07204194e-01  9.34445023e-01 
 1.07208389e-01  9.34445023e-01 
 1.07216777e-01  9.34445023e-01 
 1.07233554e-01  9.34445023e-01 
 1.07267109e-01  9.34445023e-01 
 1.07307109e-01  9.34445023e-01 
 1.07347109e-01  9.34445023e-01 
 1.07387109e-01  9.34445023e-01 
 1.07427109e-01  9.34445023e-01 
 1.07467109e-01  9.34445023e-01 
 1.07507109e-01  9.34445023e-01 
 1.07547109e-01  9.34445023e-01 
 1.07587109e-01  9.34445023e-01 
 1.07599999e-01  9.34445023e-01 
 1.07599999e-01  9.34445023e-01 
 1.07599999e-01  9.34445023e-01 
 1.07600000e-01  9.34445023e-01 
 1.07600000e-01  9.34445042e-01 
 1.07600000e-01  9.34445052e-01 
 1.07600000e-01  9.34445072e-01 
 1.07600000e-01  9.34445112e-01 
 1.07600001e-01  9.34445193e-01 
 1.07600002e-01  9.34445355e-01 
 1.07600004e-01  9.34445679e-01 
 1.07600008e-01  9.34446327e-01 
 1.07600016e-01  9.34447623e-01 
 1.07600033e-01  9.34450211e-01 
 1.07600065e-01  9.34455381e-01 
 1.07600131e-01  9.34465688e-01 
 1.07600262e-01  9.34486176e-01 
 1.07600524e-01  9.34526652e-01 
 1.07601049e-01  9.34605647e-01 
 1.07602097e-01  9.34756118e-01 
 1.07604194e-01  9.35029296e-01 
 1.07608389e-01  9.35480681e-01 
 1.07616777e-01  9.36102198e-01 
 1.07633554e-01  9.36703908e-01 
 1.07667109e-01  9.36983361e-01 
 1.07707109e-01  9.36976169e-01 
 1.07747109e-01  9.36976968e-01 
 1.07787109e-01  9.36976879e-01 
 1.07827109e-01  9.36976889e-01 
 1.07867109e-01  9.36976888e-01 
 1.07907109e-01  9.36976888e-01 
 1.07947109e-01  9.36976888e-01 
 1.07987109e-01  9.36976888e-01 
 1.07999999e-01  9.36976888e-01 
 1.07999999e-01  9.36976888e-01 
 1.07999999e-01  9.36976888e-01 
 1.08000000e-01  9.36976888e-01 
 1.08000000e-01  9.36976888e-01 
 1.08000000e-01  9.36976888e-01 
 1.08000000e-01  9.36976888e-01 
 1.08000000e-01  9.36976888e-01 
 1.08000001e-01  9.36976888e-01 
 1.08000002e-01  9.36976888e-01 
 1.08000004e-01  9.36976888e-01 
 1.08000008e-01  9.36976888e-01 
 1.08000016e-01  9.36976888e-01 
 1.08000033e-01  9.36976888e-01 
 1.08000065e-01  9.36976888e-01 
 1.08000131e-01  9.36976888e-01 
 1.08000262e-01  9.36976888e-01 
 1.08000524e-01  9.36976888e-01 
 1.08001049e-01  9.36976888e-01 
 1.08002097e-01  9.36976888e-01 
 1.08004194e-01  9.36976888e-01 
 1.08008389e-01  9.36976888e-01 
 1.08016777e-01  9.36976888e-01 
 1.08033554e-01  9.36976888e-01 
 1.08067109e-01  9.36976888e-01 
 1.08107109e-01  9.36976888e-01 
 1.08147109e-01  9.36976888e-01 
 1.08187109e-01  9.36976888e-01 
 1.08227109e-01  9.36976888e-01 
 1.08267109e-01  9.36976888e-01 
 1.08307109e-01  9.36976888e-01 
 1.08347109e-01  9.36976888e-01 
 1.08387109e-01  9.36976888e-01 
 1.08399999e-01  9.36976888e-01 
 1.08399999e-01  9.36976888e-01 
 1.08399999e-01  9.36976888e-01 
 1.08400000e-01  9.36976888e-01 
 1.08400000e-01  9.36976907e-01 
 1.08400000e-01  9.36976917e-01 
 1.08400000e-01  9.36976937e-01 
 1.08400000e-01  9.36976977e-01 
 1.08400001e-01  9.36977058e-01 
 1.08400002e-01  9.36977219e-01 
 1.08400004e-01  9.36977541e-01 
 1.08400008e-01  9.36978186e-01 
 1.08400016e-01  9.36979474e-01 
 1.08400033e-01  9.36982048e-01 
 1.08400065e-01  9.36987189e-01 
 1.08400131e-01  9.36997439e-01 
 1.08400262e-01  9.37017814e-01 
 1.08400524e-01  9.37058067e-01 
 1.08401049e-01  9.37136626e-01 
 1.08402097e-01  9.37286267e-01 
 1.08404194e-01  9.37557937e-01 
 1.08408389e-01  9.38006833e-01 
 1.08416777e-01  9.38624920e-01 
 1.08433554e-01  9.39223310e-01 
 1.08467109e-01  9.39501221e-01 
 1.08507109e-01  9.39494069e-01 
 1.08547109e-01  9.39494863e-01 
 1.08587109e-01  9.39494775e-01 
 1.08627109e-01  9.39494785e-01 
 1.08667109e-01  9.39494784e-01 
 1.08707109e-01  9.39494784e-01 
 1.08747109e-01  9.39494784e-01 
 1.08787109e-01  9.39494784e-01 
 1.08799999e-01  9.39494784e-01 
 1.08799999e-01  9.39494784e-01 
 1.08799999e-01  9.39494784e-01 
 1.08800000e-01  9.39494784e-01 
 1.08800000e-01  9.39494784e-01 
 1.08800000e-01  9.39494784e-01 
 1.08800000e-01  9.39494784e-01 
 1.08800000e-01  9.39494784e-01 
 1.08800001e-01  9.39494784e-01 
 1.08800002e-01  9.39494784e-01 
 1.08800004e-01  9.39494784e-01 
 1.08800008e-01  9.39494784e-01 
 1.08800016e-01  9.39494784e-01 
 1.08800033e-01  9.39494784e-01 
 1.08800065e-01  9.39494784e-01 
 1.08800131e-01  9.39494784e-01 
 1.08800262e-01  9.39494784e-01 
 1.08800524e-01  9.39494784e-01 
 1.08801049e-01  9.39494784e-01 
 1.08802097e-01  9.39494784e-01 
 1.08804194e-01  9.39494784e-01 
 1.08808389e-01  9.39494784e-01 
 1.08816777e-01  9.39494784e-01 
 1.08833554e-01  9.39494784e-01 
 1.08867109e-01  9.39494784e-01 
 1.08907109e-01  9.39494784e-01 
 1.08947109e-01  9.39494784e-01 
 1.08987109e-01  9.39494784e-01 
 1.09027109e-01  9.39494784e-01 
 1.09067109e-01  9.39494784e-01 
 1.09107109e-01  9.39494784e-01 
 1.09147109e-01  9.39494784e-01 
 1.09187109e-01  9.39494784e-01 
 1.09199999e-01  9.39494784e-01 
 1.09199999e-01  9.39494784e-01 
 1.09199999e-01  9.39494784e-01 
 1.09200000e-01  9.39494784e-01 
 1.09200000e-01  9.39494803e-01 
 1.09200000e-01  9.39494813e-01 
 1.09200000e-01  9.39494833e-01 
 1.09200000e-01  9.39494873e-01 
 1.09200001e-01  9.39494953e-01 
 1.09200002e-01  9.39495113e-01 
 1.09200004e-01  9.39495434e-01 
 1.09200008e-01  9.39496074e-01 
 1.09200016e-01  9.39497356e-01 
 1.09200033e-01  9.39499916e-01 
 1.09200065e-01  9.39505029e-01 
 1.09200131e-01  9.39515223e-01 
 1.09200262e-01  9.39535486e-01 
 1.09200524e-01  9.39575520e-01 
 1.09201049e-01  9.39653650e-01 
 1.09202097e-01  9.39802475e-01 
 1.09204194e-01  9.40072663e-01 
 1.09208389e-01  9.40519110e-01 
 1.09216777e-01  9.41133825e-01 
 1.09233554e-01  9.41728950e-01 
 1.09267109e-01  9.42005346e-01 
 1.09307109e-01  9.41998232e-01 
 1.09347109e-01  9.41999022e-01 
 1.09387109e-01  9.41998935e-01 
 1.09427109e-01  9.41998944e-01 
 1.09467109e-01  9.41998943e-01 
 1.09507109e-01  9.41998943e-01 
 1.09547109e-01  9.41998943e-01 
 1.09587109e-01  9.41998943e-01 
 1.09599999e-01  9.41998943e-01 
 1.09599999e-01  9.41998943e-01 
 1.09599999e-01  9.41998943e-01 
 1.09600000e-01  9.41998943e-01 
 1.09600000e-01  9.41998943e-01 
 1.09600000e-01  9.41998943e-01 
 1.09600000e-01  9.41998943e-01 
 1.09600000e-01  9.41998943e-01 
 1.09600001e-01  9.41998943e-01 
 1.09600002e-01  9.41998943e-01 
 1.09600004e-01  9.41998943e-01 
 1.09600008e-01  9.41998943e-01 
 1.09600016e-01  9.41998943e-01 
 1.09600033e-01  9.41998943e-01 
 1.09600065e-01  9.41998943e-01 
 1.09600131e-01  9.41998943e-01 
 1.09600262e-01  9.41998943e-01 
 1.09600524e-01  9.41998943e-01 
 1.09601049e-01  9.41998943e-01 
 1.09602097e-01  9.41998943e-01 
 1.09604194e-01  9.41998943e-01 
 1.09608389e-01  9.41998943e-01 
 1.09616777e-01  9.41998943e-01 
 1.09633554e-01  9.41998943e-01 
 1.09667109e-01  9.41998943e-01 
 1.09707109e-01  9.41998943e-01 
 1.09747109e-01  9.41998943e-01 
 1.09787109e-01  9.41998943e-01 
 1.09827109e-01  9.41998943e-01 
 1.09867109e-01  9.41998943e-01 
 1.09907109e-01  9.41998943e-01 
 1.09947109e-01  9.41998943e-01 
 1.09987109e-01  9.41998943e-01 
 1.09999999e-01  9.41998943e-01 
 1.09999999e-01  9.41998943e-01 
 1.09999999e-01  9.41998943e-01 
 1.10000000e-01  9.41998943e-01 
 1.10000000e-01  9.41998962e-01 
 1.10000000e-01  9.41998972e-01 
 1.10000000e-01  9.41998992e-01 
 1.10000000e-01  9.41999032e-01 
 1.10000001e-01  9.41999112e-01 
 1.10000002e-01  9.41999271e-01 
 1.10000004e-01  9.41999590e-01 
 1.10000008e-01  9.42000227e-01 
 1.10000016e-01  9.42001501e-01 
 1.10000033e-01  9.42004048e-01 
 1.10000065e-01  9.42009133e-01 
 1.10000131e-01  9.42019272e-01 
 1.10000262e-01  9.42039426e-01 
 1.10000524e-01  9.42079244e-01 
 1.10001049e-01  9.42156953e-01 
 1.10002097e-01  9.42304975e-01 
 1.10004194e-01  9.42573706e-01 
 1.10008389e-01  9.43017744e-01 
 1.10016777e-01  9.43629143e-01 
 1.10033554e-01  9.44221058e-01 
 1.10067109e-01  9.44495963e-01 
 1.10107109e-01  9.44488888e-01 
 1.10147109e-01  9.44489674e-01 
 1.10187109e-01  9.44489586e-01 
 1.10227109e-01  9.44489596e-01 
 1.10267109e-01  9.44489595e-01 
 1.10307109e-01  9.44489595e-01 
 1.10347109e-01  9.44489595e-01 
 1.10387109e-01  9.44489595e-01 
 1.10399999e-01  9.44489595e-01 
 1.10399999e-01  9.44489595e-01 
 1.10399999e-01  9.44489595e-01 
 1.10400000e-01  9.44489595e-01 
 1.10400000e-01  9.44489595e-01 
 1.10400000e-01  9.44489595e-01 
 1.10400000e-01  9.44489595e-01 
 1.10400000e-01  9.44489595e-01 
 1.10400001e-01  9.44489595e-01 
 1.10400002e-01  9.44489595e-01 
 1.10400004e-01  9.44489595e-01 
 1.10400008e-01  9.44489595e-01 
 1.10400016e-01  9.44489595e-01 
 1.10400033e-01  9.44489595e-01 
 1.10400065e-01  9.44489595e-01 
 1.10400131e-01  9.44489595e-01 
 1.10400262e-01  9.44489595e-01 
 1.10400524e-01  9.44489595e-01 
 1.10401049e-01  9.44489595e-01 
 1.10402097e-01  9.44489595e-01 
 1.10404194e-01  9.44489595e-01 
 1.10408389e-01  9.44489595e-01 
 1.10416777e-01  9.44489595e-01 
 1.10433554e-01  9.44489595e-01 
 1.10467109e-01  9.44489595e-01 
 1.10507109e-01  9.44489595e-01 
 1.10547109e-01  9.44489595e-01 
 1.10587109e-01  9.44489595e-01 
 1.10627109e-01  9.44489595e-01 
 1.10667109e-01  9.44489595e-01 
 1.10707109e-01  9.44489595e-01 
 1.10747109e-01  9.44489595e-01 
 1.10787109e-01  9.44489595e-01 
 1.10799999e-01  9.44489595e-01 
 1.10799999e-01  9.44489595e-01 
 1.10799999e-01  9.44489595e-01 
 1.10800000e-01  9.44489595e-01 
 1.10800000e-01  9.44489614e-01 
 1.10800000e-01  9.44489624e-01 
 1.10800000e-01  9.44489644e-01 
 1.10800000e-01  9.44489683e-01 
 1.10800001e-01  9.44489762e-01 
 1.10800002e-01  9.44489921e-01 
 1.10800004e-01  9.44490238e-01 
 1.10800008e-01  9.44490872e-01 
 1.10800016e-01  9.44492139e-01 
 1.10800033e-01  9.44494672e-01 
 1.10800065e-01  9.44499730e-01 
 1.10800131e-01  9.44509816e-01 
 1.10800262e-01  9.44529862e-01 
 1.10800524e-01  9.44569467e-01 
 1.10801049e-01  9.44646762e-01 
 1.10802097e-01  9.44793994e-01 
 1.10804194e-01  9.45061292e-01 
 1.10808389e-01  9.45502962e-01 
 1.10816777e-01  9.46111100e-01 
 1.10833554e-01  9.46699859e-01 
 1.10867109e-01  9.46973297e-01 
 1.10907109e-01  9.46966259e-01 
 1.10947109e-01  9.46967041e-01 
 1.10987109e-01  9.46966955e-01 
 1.11027109e-01  9.46966964e-01 
 1.11067109e-01  9.46966963e-01 
 1.11107109e-01  9.46966963e-01 
 1.11147109e-01  9.46966963e-01 
 1.11187109e-01  9.46966963e-01 
 1.11199999e-01  9.46966963e-01 
 1.11199999e-01  9.46966963e-01 
 1.11199999e-01  9.46966963e-01 
 1.11200000e-01  9.46966963e-01 
 1.11200000e-01  9.46966963e-01 
 1.11200000e-01  9.46966963e-01 
 1.11200000e-01  9.46966963e-01 
 1.11200000e-01  9.46966963e-01 
 1.11200001e-01  9.46966963e-01 
 1.11200002e-01  9.46966963e-01 
 1.11200004e-01  9.46966963e-01 
 1.11200008e-01  9.46966963e-01 
 1.11200016e-01  9.46966963e-01 
 1.11200033e-01  9.46966963e-01 
 1.11200065e-01  9.46966963e-01 
 1.11200131e-01  9.46966963e-01 
 1.11200262e-01  9.46966963e-01 
 1.11200524e-01  9.46966963e-01 
 1.11201049e-01  9.46966963e-01 
 1.11202097e-01  9.46966963e-01 
 1.11204194e-01  9.46966963e-01 
 1.11208389e-01  9.46966963e-01 
 1.11216777e-01  9.46966963e-01 
 1.11233554e-01  9.46966963e-01 
 1.11267109e-01  9.46966963e-01 
 1.11307109e-01  9.46966963e-01 
 1.11347109e-01  9.46966963e-01 
 1.11387109e-01  9.46966963e-01 
 1.11427109e-01  9.46966963e-01 
 1.11467109e-01  9.46966963e-01 
 1.11507109e-01  9.46966963e-01 
 1.11547109e-01  9.46966963e-01 
 1.11587109e-01  9.46966963e-01 
 1.11599999e-01  9.46966963e-01 
 1.11599999e-01  9.46966963e-01 
 1.11599999e-01  9.46966963e-01 
 1.11600000e-01  9.46966963e-01 
 1.11600000e-01  9.46966982e-01 
 1.11600000e-01  9.46966992e-01 
 1.11600000e-01  9.46967011e-01 
 1.11600000e-01  9.46967051e-01 
 1.11600001e-01  9.46967130e-01 
 1.11600002e-01  9.46967287e-01 
 1.11600004e-01  9.46967603e-01 
 1.11600008e-01  9.46968233e-01 
 1.11600016e-01  9.46969494e-01 
 1.11600033e-01  9.46972014e-01 
 1.11600065e-01  9.46977045e-01 
 1.11600131e-01  9.46987077e-01 
 1.11600262e-01  9.47007018e-01 
 1.11600524e-01  9.47046414e-01 
 1.11601049e-01  9.47123301e-01 
 1.11602097e-01  9.47269757e-01 
 1.11604194e-01  9.47535645e-01 
 1.11608389e-01  9.47974986e-01 
 1.11616777e-01  9.48579917e-01 
 1.11633554e-01  9.49165571e-01 
 1.11667109e-01  9.49437567e-01 
 1.11707109e-01  9.49430567e-01 
 1.11747109e-01  9.49431344e-01 
 1.11787109e-01  9.49431258e-01 
 1.11827109e-01  9.49431268e-01 
 1.11867109e-01  9.49431267e-01 
 1.11907109e-01  9.49431267e-01 
 1.11947109e-01  9.49431267e-01 
 1.11987109e-01  9.49431267e-01 
 1.11999999e-01  9.49431267e-01 
 1.11999999e-01  9.49431267e-01 
 1.11999999e-01  9.49431267e-01 
 1.12000000e-01  9.49431267e-01 
 1.12000000e-01  9.49431267e-01 
 1.12000000e-01  9.49431267e-01 
 1.12000000e-01  9.49431267e-01 
 1.12000000e-01  9.49431267e-01 
 1.12000001e-01  9.49431267e-01 
 1.12000002e-01  9.49431267e-01 
 1.12000004e-01  9.49431267e-01 
 1.12000008e-01  9.49431267e-01 
 1.12000016e-01  9.49431267e-01 
 1.12000033e-01  9.49431267e-01 
 1.12000065e-01  9.49431267e-01 
 1.12000131e-01  9.49431267e-01 
 1.12000262e-01  9.49431267e-01 
 1.12000524e-01  9.49431267e-01 
 1.12001049e-01  9.49431267e-01 
 1.12002097e-01  9.49431267e-01 
 1.12004194e-01  9.49431267e-01 
 1.12008389e-01  9.49431267e-01 
 1.12016777e-01  9.49431267e-01 
 1.12033554e-01  9.49431267e-01 
 1.12067109e-01  9.49431267e-01 
 1.12107109e-01  9.49431267e-01 
 1.12147109e-01  9.49431267e-01 
 1.12187109e-01  9.49431267e-01 
 1.12227109e-01  9.49431267e-01 
 1.12267109e-01  9.49431267e-01 
 1.12307109e-01  9.49431267e-01 
 1.12347109e-01  9.49431267e-01 
 1.12387109e-01  9.49431267e-01 
 1.12399999e-01  9.49431267e-01 
 1.12399999e-01  9.49431267e-01 
 1.12399999e-01  9.49431267e-01 
 1.12400000e-01  9.49431267e-01 
 1.12400000e-01  9.49431285e-01 
 1.12400000e-01  9.49431295e-01 
 1.12400000e-01  9.49431314e-01 
 1.12400000e-01  9.49431354e-01 
 1.12400001e-01  9.49431432e-01 
 1.12400002e-01  9.49431589e-01 
 1.12400004e-01  9.49431903e-01 
 1.12400008e-01  9.49432530e-01 
 1.12400016e-01  9.49433784e-01 
 1.12400033e-01  9.49436291e-01 
 1.12400065e-01  9.49441296e-01 
 1.12400131e-01  9.49451275e-01 
 1.12400262e-01  9.49471113e-01 
 1.12400524e-01  9.49510303e-01 
 1.12401049e-01  9.49586790e-01 
 1.12402097e-01  9.49732482e-01 
 1.12404194e-01  9.49996983e-01 
 1.12408389e-01  9.50434033e-01 
 1.12416777e-01  9.51035810e-01 
 1.12433554e-01  9.51618410e-01 
 1.12467109e-01  9.51888988e-01 
 1.12507109e-01  9.51882024e-01 
 1.12547109e-01  9.51882798e-01 
 1.12587109e-01  9.51882712e-01 
 1.12627109e-01  9.51882722e-01 
 1.12667109e-01  9.51882720e-01 
 1.12707109e-01  9.51882721e-01 
 1.12747109e-01  9.51882721e-01 
 1.12787109e-01  9.51882721e-01 
 1.12799999e-01  9.51882721e-01 
 1.12799999e-01  9.51882721e-01 
 1.12799999e-01  9.51882721e-01 
 1.12800000e-01  9.51882721e-01 
 1.12800000e-01  9.51882721e-01 
 1.12800000e-01  9.51882721e-01 
 1.12800000e-01  9.51882721e-01 
 1.12800000e-01  9.51882721e-01 
 1.12800001e-01  9.51882721e-01 
 1.12800002e-01  9.51882721e-01 
 1.12800004e-01  9.51882721e-01 
 1.12800008e-01  9.51882721e-01 
 1.12800016e-01  9.51882721e-01 
 1.12800033e-01  9.51882721e-01 
 1.12800065e-01  9.51882721e-01 
 1.12800131e-01  9.51882721e-01 
 1.12800262e-01  9.51882721e-01 
 1.12800524e-01  9.51882721e-01 
 1.12801049e-01  9.51882721e-01 
 1.12802097e-01  9.51882721e-01 
 1.12804194e-01  9.51882721e-01 
 1.12808389e-01  9.51882721e-01 
 1.12816777e-01  9.51882721e-01 
 1.12833554e-01  9.51882721e-01 
 1.12867109e-01  9.51882721e-01 
 1.12907109e-01  9.51882721e-01 
 1.12947109e-01  9.51882721e-01 
 1.12987109e-01  9.51882721e-01 
 1.13027109e-01  9.51882721e-01 
 1.13067109e-01  9.51882721e-01 
 1.13107109e-01  9.51882721e-01 
 1.13147109e-01  9.51882721e-01 
 1.13187109e-01  9.51882721e-01 
 1.13199999e-01  9.51882721e-01 
 1.13199999e-01  9.51882721e-01 
 1.13199999e-01  9.51882721e-01 
 1.13200000e-01  9.51882721e-01 
 1.13200000e-01  9.51882739e-01 
 1.13200000e-01  9.51882749e-01 
 1.13200000e-01  9.51882768e-01 
 1.13200000e-01  9.51882807e-01 
 1.13200001e-01  9.51882885e-01 
 1.13200002e-01  9.51883041e-01 
 1.13200004e-01  9.51883353e-01 
 1.13200008e-01  9.51883977e-01 
 1.13200016e-01  9.51885225e-01 
 1.13200033e-01  9.51887719e-01 
 1.13200065e-01  9.51892698e-01 
 1.13200131e-01  9.51902626e-01 
 1.13200262e-01  9.51922361e-01 
 1.13200524e-01  9.51961350e-01 
 1.13201049e-01  9.52037442e-01 
 1.13202097e-01  9.52182383e-01 
 1.13204194e-01  9.52445521e-01 
 1.13208389e-01  9.52880317e-01 
 1.13216777e-01  9.53478992e-01 
 1.13233554e-01  9.54058588e-01 
 1.13267109e-01  9.54327771e-01 
 1.13307109e-01  9.54320843e-01 
 1.13347109e-01  9.54321612e-01 
 1.13387109e-01  9.54321527e-01 
 1.13427109e-01  9.54321536e-01 
 1.13467109e-01  9.54321535e-01 
 1.13507109e-01  9.54321536e-01 
 1.13547109e-01  9.54321535e-01 
 1.13587109e-01  9.54321536e-01 
 1.13599999e-01  9.54321536e-01 
 1.13599999e-01  9.54321536e-01 
 1.13599999e-01  9.54321536e-01 
 1.13600000e-01  9.54321536e-01 
 1.13600000e-01  9.54321536e-01 
 1.13600000e-01  9.54321536e-01 
 1.13600000e-01  9.54321536e-01 
 1.13600000e-01  9.54321536e-01 
 1.13600001e-01  9.54321536e-01 
 1.13600002e-01  9.54321536e-01 
 1.13600004e-01  9.54321536e-01 
 1.13600008e-01  9.54321536e-01 
 1.13600016e-01  9.54321536e-01 
 1.13600033e-01  9.54321536e-01 
 1.13600065e-01  9.54321536e-01 
 1.13600131e-01  9.54321536e-01 
 1.13600262e-01  9.54321536e-01 
 1.13600524e-01  9.54321536e-01 
 1.13601049e-01  9.54321536e-01 
 1.13602097e-01  9.54321536e-01 
 1.13604194e-01  9.54321536e-01 
 1.13608389e-01  9.54321536e-01 
 1.13616777e-01  9.54321536e-01 
 1.13633554e-01  9.54321536e-01 
 1.13667109e-01  9.54321536e-01 
 1.13707109e-01  9.54321536e-01 
 1.13747109e-01  9.54321536e-01 
 1.13787109e-01  9.54321536e-01 
 1.13827109e-01  9.54321536e-01 
 1.13867109e-01  9.54321536e-01 
 1.13907109e-01  9.54321536e-01 
 1.13947109e-01  9.54321536e-01 
 1.13987109e-01  9.54321536e-01 
 1.13999999e-01  9.54321536e-01 
 1.13999999e-01  9.54321536e-01 
 1.13999999e-01  9.54321536e-01 
 1.14000000e-01  9.54321536e-01 
 1.14000000e-01  9.54321554e-01 
 1.14000000e-01  9.54321563e-01 
 1.14000000e-01  9.54321583e-01 
 1.14000000e-01  9.54321622e-01 
 1.14000001e-01  9.54321699e-01 
 1.14000002e-01  9.54321855e-01 
 1.14000004e-01  9.54322165e-01 
 1.14000008e-01  9.54322786e-01 
 1.14000016e-01  9.54324027e-01 
 1.14000033e-01  9.54326508e-01 
 1.14000065e-01  9.54331462e-01 
 1.14000131e-01  9.54341340e-01 
 1.14000262e-01  9.54360974e-01 
 1.14000524e-01  9.54399764e-01 
 1.14001049e-01  9.54475468e-01 
 1.14002097e-01  9.54619670e-01 
 1.14004194e-01  9.54881466e-01 
 1.14008389e-01  9.55314046e-01 
 1.14016777e-01  9.55909669e-01 
 1.14033554e-01  9.56486310e-01 
 1.14067109e-01  9.56754121e-01 
 1.14107109e-01  9.56747229e-01 
 1.14147109e-01  9.56747994e-01 
 1.14187109e-01  9.56747909e-01 
 1.14227109e-01  9.56747919e-01 
 1.14267109e-01  9.56747918e-01 
 1.14307109e-01  9.56747918e-01 
 1.14347109e-01  9.56747918e-01 
 1.14387109e-01  9.56747918e-01 
 1.14399999e-01  9.56747918e-01 
 1.14399999e-01  9.56747918e-01 
 1.14399999e-01  9.56747918e-01 
 1.14400000e-01  9.56747918e-01 
 1.14400000e-01  9.56747918e-01 
 1.14400000e-01  9.56747918e-01 
 1.14400000e-01  9.56747918e-01 
 1.14400000e-01  9.56747918e-01 
 1.14400001e-01  9.56747918e-01 
 1.14400002e-01  9.56747918e-01 
 1.14400004e-01  9.56747918e-01 
 1.14400008e-01  9.56747918e-01 
 1.14400016e-01  9.56747918e-01 
 1.14400033e-01  9.56747918e-01 
 1.14400065e-01  9.56747918e-01 
 1.14400131e-01  9.56747918e-01 
 1.14400262e-01  9.56747918e-01 
 1.14400524e-01  9.56747918e-01 
 1.14401049e-01  9.56747918e-01 
 1.14402097e-01  9.56747918e-01 
 1.14404194e-01  9.56747918e-01 
 1.14408389e-01  9.56747918e-01 
 1.14416777e-01  9.56747918e-01 
 1.14433554e-01  9.56747918e-01 
 1.14467109e-01  9.56747918e-01 
 1.14507109e-01  9.56747918e-01 
 1.14547109e-01  9.56747918e-01 
 1.14587109e-01  9.56747918e-01 
 1.14627109e-01  9.56747918e-01 
 1.14667109e-01  9.56747918e-01 
 1.14707109e-01  9.56747918e-01 
 1.14747109e-01  9.56747918e-01 
 1.14787109e-01  9.56747918e-01 
 1.14799999e-01  9.56747918e-01 
 1.14799999e-01  9.56747918e-01 
 1.14799999e-01  9.56747918e-01 
 1.14800000e-01  9.56747918e-01 
 1.14800000e-01  9.56747936e-01 
 1.14800000e-01  9.56747946e-01 
 1.14800000e-01  9.56747965e-01 
 1.14800000e-01  9.56748004e-01 
 1.14800001e-01  9.56748081e-01 
 1.14800002e-01  9.56748235e-01 
 1.14800004e-01  9.56748544e-01 
 1.14800008e-01  9.56749162e-01 
 1.14800016e-01  9.56750397e-01 
 1.14800033e-01  9.56752865e-01 
 1.14800065e-01  9.56757794e-01 
 1.14800131e-01  9.56767622e-01 
 1.14800262e-01  9.56787157e-01 
 1.14800524e-01  9.56825752e-01 
 1.14801049e-01  9.56901074e-01 
 1.14802097e-01  9.57044549e-01 
 1.14804194e-01  9.57305026e-01 
 1.14808389e-01  9.57735426e-01 
 1.14816777e-01  9.58328046e-01 
 1.14833554e-01  9.58901781e-01 
 1.14867109e-01  9.59168242e-01 
 1.14907109e-01  9.59161384e-01 
 1.14947109e-01  9.59162146e-01 
 1.14987109e-01  9.59162061e-01 
 1.15027109e-01  9.59162071e-01 
 1.15067109e-01  9.59162070e-01 
 1.15107109e-01  9.59162070e-01 
 1.15147109e-01  9.59162070e-01 
 1.15187109e-01  9.59162070e-01 
 1.15199999e-01  9.59162070e-01 
 1.15199999e-01  9.59162070e-01 
 1.15199999e-01  9.59162070e-01 
 1.15200000e-01  9.59162070e-01 
 1.15200000e-01  9.59162070e-01 
 1.15200000e-01  9.59162070e-01 
 1.15200000e-01  9.59162070e-01 
 1.15200000e-01  9.59162070e-01 
 1.15200001e-01  9.59162070e-01 
 1.15200002e-01  9.59162070e-01 
 1.15200004e-01  9.59162070e-01 
 1.15200008e-01  9.59162070e-01 
 1.15200016e-01  9.59162070e-01 
 1.15200033e-01  9.59162070e-01 
 1.15200065e-01  9.59162070e-01 
 1.15200131e-01  9.59162070e-01 
 1.15200262e-01  9.59162070e-01 
 1.15200524e-01  9.59162070e-01 
 1.15201049e-01  9.59162070e-01 
 1.15202097e-01  9.59162070e-01 
 1.15204194e-01  9.59162070e-01 
 1.15208389e-01  9.59162070e-01 
 1.15216777e-01  9.59162070e-01 
 1.15233554e-01  9.59162070e-01 
 1.15267109e-01  9.59162070e-01 
 1.15307109e-01  9.59162070e-01 
 1.15347109e-01  9.59162070e-01 
 1.15387109e-01  9.59162070e-01 
 1.15427109e-01  9.59162070e-01 
 1.15467109e-01  9.59162070e-01 
 1.15507109e-01  9.59162070e-01 
 1.15547109e-01  9.59162070e-01 
 1.15587109e-01  9.59162070e-01 
 1.15599999e-01  9.59162070e-01 
 1.15599999e-01  9.59162070e-01 
 1.15599999e-01  9.59162070e-01 
 1.15600000e-01  9.59162070e-01 
 1.15600000e-01  9.59162088e-01 
 1.15600000e-01  9.59162097e-01 
 1.15600000e-01  9.59162117e-01 
 1.15600000e-01  9.59162155e-01 
 1.15600001e-01  9.59162232e-01 
 1.15600002e-01  9.59162386e-01 
 1.15600004e-01  9.59162693e-01 
 1.15600008e-01  9.59163308e-01 
 1.15600016e-01  9.59164537e-01 
 1.15600033e-01  9.59166993e-01 
 1.15600065e-01  9.59171897e-01 
 1.15600131e-01  9.59181676e-01 
 1.15600262e-01  9.59201114e-01 
 1.15600524e-01  9.59239516e-01 
 1.15601049e-01  9.59314463e-01 
 1.15602097e-01  9.59457223e-01 
 1.15604194e-01  9.59716402e-01 
 1.15608389e-01  9.60144656e-01 
 1.15616777e-01  9.60734323e-01 
 1.15633554e-01  9.61305198e-01 
 1.15667109e-01  9.61570331e-01 
 1.15707109e-01  9.61563507e-01 
 1.15747109e-01  9.61564266e-01 
 1.15787109e-01  9.61564181e-01 
 1.15827109e-01  9.61564191e-01 
 1.15867109e-01  9.61564190e-01 
 1.15907109e-01  9.61564190e-01 
 1.15947109e-01  9.61564190e-01 
 1.15987109e-01  9.61564190e-01 
 1.15999999e-01  9.61564190e-01 
 1.15999999e-01  9.61564190e-01 
 1.15999999e-01  9.61564190e-01 
 1.16000000e-01  9.61564190e-01 
 1.16000000e-01  9.61564190e-01 
 1.16000000e-01  9.61564190e-01 
 1.16000000e-01  9.61564190e-01 
 1.16000000e-01  9.61564190e-01 
 1.16000001e-01  9.61564190e-01 
 1.16000002e-01  9.61564190e-01 
 1.16000004e-01  9.61564190e-01 
 1.16000008e-01  9.61564190e-01 
 1.16000016e-01  9.61564190e-01 
 1.16000033e-01  9.61564190e-01 
 1.16000065e-01  9.61564190e-01 
 1.16000131e-01  9.61564190e-01 
 1.16000262e-01  9.61564190e-01 
 1.16000524e-01  9.61564190e-01 
 1.16001049e-01  9.61564190e-01 
 1.16002097e-01  9.61564190e-01 
 1.16004194e-01  9.61564190e-01 
 1.16008389e-01  9.61564190e-01 
 1.16016777e-01  9.61564190e-01 
 1.16033554e-01  9.61564190e-01 
 1.16067109e-01  9.61564190e-01 
 1.16107109e-01  9.61564190e-01 
 1.16147109e-01  9.61564190e-01 
 1.16187109e-01  9.61564190e-01 
 1.16227109e-01  9.61564190e-01 
 1.16267109e-01  9.61564190e-01 
 1.16307109e-01  9.61564190e-01 
 1.16347109e-01  9.61564190e-01 
 1.16387109e-01  9.61564190e-01 
 1.16399999e-01  9.61564190e-01 
 1.16399999e-01  9.61564190e-01 
 1.16399999e-01  9.61564190e-01 
 1.16400000e-01  9.61564190e-01 
 1.16400000e-01  9.61564208e-01 
 1.16400000e-01  9.61564217e-01 
 1.16400000e-01  9.61564236e-01 
 1.16400000e-01  9.61564275e-01 
 1.16400001e-01  9.61564351e-01 
 1.16400002e-01  9.61564504e-01 
 1.16400004e-01  9.61564810e-01 
 1.16400008e-01  9.61565422e-01 
 1.16400016e-01  9.61566645e-01 
 1.16400033e-01  9.61569088e-01 
 1.16400065e-01  9.61573969e-01 
 1.16400131e-01  9.61583699e-01 
 1.16400262e-01  9.61603041e-01 
 1.16400524e-01  9.61641254e-01 
 1.16401049e-01  9.61715832e-01 
 1.16402097e-01  9.61857889e-01 
 1.16404194e-01  9.62115790e-01 
 1.16408389e-01  9.62541934e-01 
 1.16416777e-01  9.63128695e-01 
 1.16433554e-01  9.63696757e-01 
 1.16467109e-01  9.63960583e-01 
 1.16507109e-01  9.63953793e-01 
 1.16547109e-01  9.63954548e-01 
 1.16587109e-01  9.63954464e-01 
 1.16627109e-01  9.63954473e-01 
 1.16667109e-01  9.63954472e-01 
 1.16707109e-01  9.63954472e-01 
 1.16747109e-01  9.63954472e-01 
 1.16787109e-01  9.63954472e-01 
 1.16799999e-01  9.63954472e-01 
 1.16799999e-01  9.63954472e-01 
 1.16799999e-01  9.63954472e-01 
 1.16800000e-01  9.63954472e-01 
 1.16800000e-01  9.63954472e-01 
 1.16800000e-01  9.63954472e-01 
 1.16800000e-01  9.63954472e-01 
 1.16800000e-01  9.63954472e-01 
 1.16800001e-01  9.63954472e-01 
 1.16800002e-01  9.63954472e-01 
 1.16800004e-01  9.63954472e-01 
 1.16800008e-01  9.63954472e-01 
 1.16800016e-01  9.63954472e-01 
 1.16800033e-01  9.63954472e-01 
 1.16800065e-01  9.63954472e-01 
 1.16800131e-01  9.63954472e-01 
 1.16800262e-01  9.63954472e-01 
 1.16800524e-01  9.63954472e-01 
 1.16801049e-01  9.63954472e-01 
 1.16802097e-01  9.63954472e-01 
 1.16804194e-01  9.63954472e-01 
 1.16808389e-01  9.63954472e-01 
 1.16816777e-01  9.63954472e-01 
 1.16833554e-01  9.63954472e-01 
 1.16867109e-01  9.63954472e-01 
 1.16907109e-01  9.63954472e-01 
 1.16947109e-01  9.63954472e-01 
 1.16987109e-01  9.63954472e-01 
 1.17027109e-01  9.63954472e-01 
 1.17067109e-01  9.63954472e-01 
 1.17107109e-01  9.63954472e-01 
 1.17147109e-01  9.63954472e-01 
 1.17187109e-01  9.63954472e-01 
 1.17199999e-01  9.63954472e-01 
 1.17199999e-01  9.63954472e-01 
 1.17199999e-01  9.63954472e-01 
 1.17200000e-01  9.63954472e-01 
 1.17200000e-01  9.63954490e-01 
 1.17200000e-01  9.63954500e-01 
 1.17200000e-01  9.63954519e-01 
 1.17200000e-01  9.63954557e-01 
 1.17200001e-01  9.63954633e-01 
 1.17200002e-01  9.63954785e-01 
 1.17200004e-01  9.63955089e-01 
 1.17200008e-01  9.63955698e-01 
 1.17200016e-01  9.63956915e-01 
 1.17200033e-01  9.63959347e-01 
 1.17200065e-01  9.63964203e-01 
 1.17200131e-01  9.63973887e-01 
 1.17200262e-01  9.63993135e-01 
 1.17200524e-01  9.64031161e-01 
 1.17201049e-01  9.64105375e-01 
 1.17202097e-01  9.64246740e-01 
 1.17204194e-01  9.64503385e-01 
 1.17208389e-01  9.64927452e-01 
 1.17216777e-01  9.65511354e-01 
 1.17233554e-01  9.66076648e-01 
 1.17267109e-01  9.66339189e-01 
 1.17307109e-01  9.66332432e-01 
 1.17347109e-01  9.66333183e-01 
 1.17387109e-01  9.66333099e-01 
 1.17427109e-01  9.66333108e-01 
 1.17467109e-01  9.66333107e-01 
 1.17507109e-01  9.66333108e-01 
 1.17547109e-01  9.66333108e-01 
 1.17587109e-01  9.66333108e-01 
 1.17599999e-01  9.66333108e-01 
 1.17599999e-01  9.66333108e-01 
 1.17599999e-01  9.66333108e-01 
 1.17600000e-01  9.66333108e-01 
 1.17600000e-01  9.66333108e-01 
 1.17600000e-01  9.66333108e-01 
 1.17600000e-01  9.66333108e-01 
 1.17600000e-01  9.66333108e-01 
 1.17600001e-01  9.66333108e-01 
 1.17600002e-01  9.66333108e-01 
 1.17600004e-01  9.66333108e-01 
 1.17600008e-01  9.66333108e-01 
 1.17600016e-01  9.66333108e-01 
 1.17600033e-01  9.66333108e-01 
 1.17600065e-01  9.66333108e-01 
 1.17600131e-01  9.66333108e-01 
 1.17600262e-01  9.66333108e-01 
 1.17600524e-01  9.66333108e-01 
 1.17601049e-01  9.66333108e-01 
 1.17602097e-01  9.66333108e-01 
 1.17604194e-01  9.66333108e-01 
 1.17608389e-01  9.66333108e-01 
 1.17616777e-01  9.66333108e-01 
 1.17633554e-01  9.66333108e-01 
 1.17667109e-01  9.66333108e-01 
 1.17707109e-01  9.66333108e-01 
 1.17747109e-01  9.66333108e-01 
 1.17787109e-01  9.66333108e-01 
 1.17827109e-01  9.66333108e-01 
 1.17867109e-01  9.66333108e-01 
 1.17907109e-01  9.66333108e-01 
 1.17947109e-01  9.66333108e-01 
 1.17987109e-01  9.66333108e-01 
 1.17999999e-01  9.66333108e-01 
 1.17999999e-01  9.66333108e-01 
 1.17999999e-01  9.66333108e-01 
 1.18000000e-01  9.66333108e-01 
 1.18000000e-01  9.66333125e-01 
 1.18000000e-01  9.66333135e-01 
 1.18000000e-01  9.66333154e-01 
 1.18000000e-01  9.66333192e-01 
 1.18000001e-01  9.66333267e-01 
 1.18000002e-01  9.66333419e-01 
 1.18000004e-01  9.66333722e-01 
 1.18000008e-01  9.66334328e-01 
 1.18000016e-01  9.66335539e-01 
 1.18000033e-01  9.66337959e-01 
 1.18000065e-01  9.66342792e-01 
 1.18000131e-01  9.66352428e-01 
 1.18000262e-01  9.66371584e-01 
 1.18000524e-01  9.66409427e-01 
 1.18001049e-01  9.66483284e-01 
 1.18002097e-01  9.66623967e-01 
 1.18004194e-01  9.66879375e-01 
 1.18008389e-01  9.67301400e-01 
 1.18016777e-01  9.67882488e-01 
 1.18033554e-01  9.68445059e-01 
 1.18067109e-01  9.68706335e-01 
 1.18107109e-01  9.68699610e-01 
 1.18147109e-01  9.68700358e-01 
 1.18187109e-01  9.68700275e-01 
 1.18227109e-01  9.68700284e-01 
 1.18267109e-01  9.68700283e-01 
 1.18307109e-01  9.68700283e-01 
 1.18347109e-01  9.68700283e-01 
 1.18387109e-01  9.68700283e-01 
 1.18399999e-01  9.68700283e-01 
 1.18399999e-01  9.68700283e-01 
 1.18399999e-01  9.68700283e-01 
 1.18400000e-01  9.68700283e-01 
 1.18400000e-01  9.68700283e-01 
 1.18400000e-01  9.68700283e-01 
 1.18400000e-01  9.68700283e-01 
 1.18400000e-01  9.68700283e-01 
 1.18400001e-01  9.68700283e-01 
 1.18400002e-01  9.68700283e-01 
 1.18400004e-01  9.68700283e-01 
 1.18400008e-01  9.68700283e-01 
 1.18400016e-01  9.68700283e-01 
 1.18400033e-01  9.68700283e-01 
 1.18400065e-01  9.68700283e-01 
 1.18400131e-01  9.68700283e-01 
 1.18400262e-01  9.68700283e-01 
 1.18400524e-01  9.68700283e-01 
 1.18401049e-01  9.68700283e-01 
 1.18402097e-01  9.68700283e-01 
 1.18404194e-01  9.68700283e-01 
 1.18408389e-01  9.68700283e-01 
 1.18416777e-01  9.68700283e-01 
 1.18433554e-01  9.68700283e-01 
 1.18467109e-01  9.68700283e-01 
 1.18507109e-01  9.68700283e-01 
 1.18547109e-01  9.68700283e-01 
 1.18587109e-01  9.68700283e-01 
 1.18627109e-01  9.68700283e-01 
 1.18667109e-01  9.68700283e-01 
 1.18707109e-01  9.68700283e-01 
 1.18747109e-01  9.68700283e-01 
 1.18787109e-01  9.68700283e-01 
 1.18799999e-01  9.68700283e-01 
 1.18799999e-01  9.68700283e-01 
 1.18799999e-01  9.68700283e-01 
 1.18800000e-01  9.68700283e-01 
 1.18800000e-01  9.68700300e-01 
 1.18800000e-01  9.68700310e-01 
 1.18800000e-01  9.68700329e-01 
 1.18800000e-01  9.68700366e-01 
 1.18800001e-01  9.68700442e-01 
 1.18800002e-01  9.68700593e-01 
 1.18800004e-01  9.68700894e-01 
 1.18800008e-01  9.68701497e-01 
 1.18800016e-01  9.68702702e-01 
 1.18800033e-01  9.68705111e-01 
 1.18800065e-01  9.68709921e-01 
 1.18800131e-01  9.68719512e-01 
 1.18800262e-01  9.68738576e-01 
 1.18800524e-01  9.68776239e-01 
 1.18801049e-01  9.68849744e-01 
 1.18802097e-01  9.68989757e-01 
 1.18804194e-01  9.69243948e-01 
 1.18808389e-01  9.69663962e-01 
 1.18816777e-01  9.70242283e-01 
 1.18833554e-01  9.70802173e-01 
 1.18867109e-01  9.71062204e-01 
 1.18907109e-01  9.71055512e-01 
 1.18947109e-01  9.71056256e-01 
 1.18987109e-01  9.71056173e-01 
 1.19027109e-01  9.71056182e-01 
 1.19067109e-01  9.71056181e-01 
 1.19107109e-01  9.71056181e-01 
 1.19147109e-01  9.71056181e-01 
 1.19187109e-01  9.71056181e-01 
 1.19199999e-01  9.71056181e-01 
 1.19199999e-01  9.71056181e-01 
 1.19199999e-01  9.71056181e-01 
 1.19200000e-01  9.71056181e-01 
 1.19200000e-01  9.71056181e-01 
 1.19200000e-01  9.71056181e-01 
 1.19200000e-01  9.71056181e-01 
 1.19200000e-01  9.71056181e-01 
 1.19200001e-01  9.71056181e-01 
 1.19200002e-01  9.71056181e-01 
 1.19200004e-01  9.71056181e-01 
 1.19200008e-01  9.71056181e-01 
 1.19200016e-01  9.71056181e-01 
 1.19200033e-01  9.71056181e-01 
 1.19200065e-01  9.71056181e-01 
 1.19200131e-01  9.71056181e-01 
 1.19200262e-01  9.71056181e-01 
 1.19200524e-01  9.71056181e-01 
 1.19201049e-01  9.71056181e-01 
 1.19202097e-01  9.71056181e-01 
 1.19204194e-01  9.71056181e-01 
 1.19208389e-01  9.71056181e-01 
 1.19216777e-01  9.71056181e-01 
 1.19233554e-01  9.71056181e-01 
 1.19267109e-01  9.71056181e-01 
 1.19307109e-01  9.71056181e-01 
 1.19347109e-01  9.71056181e-01 
 1.19387109e-01  9.71056181e-01 
 1.19427109e-01  9.71056181e-01 
 1.19467109e-01  9.71056181e-01 
 1.19507109e-01  9.71056181e-01 
 1.19547109e-01  9.71056181e-01 
 1.19587109e-01  9.71056181e-01 
 1.19599999e-01  9.71056181e-01 
 1.19599999e-01  9.71056181e-01 
 1.19599999e-01  9.71056181e-01 
 1.19600000e-01  9.71056181e-01 
 1.19600000e-01  9.71056199e-01 
 1.19600000e-01  9.71056208e-01 
 1.19600000e-01  9.71056227e-01 
 1.19600000e-01  9.71056264e-01 
 1.19600001e-01  9.71056339e-01 
 1.19600002e-01  9.71056490e-01 
 1.19600004e-01  9.71056790e-01 
 1.19600008e-01  9.71057390e-01 
 1.19600016e-01  9.71058589e-01 
 1.19600033e-01  9.71060987e-01 
 1.19600065e-01  9.71065774e-01 
 1.19600131e-01  9.71075320e-01 
 1.19600262e-01  9.71094294e-01 
 1.19600524e-01  9.71131779e-01 
 1.19601049e-01  9.71204938e-01 
 1.19602097e-01  9.71344292e-01 
 1.19604194e-01  9.71597286e-01 
 1.19608389e-01  9.72015321e-01 
 1.19616777e-01  9.72590918e-01 
 1.19633554e-01  9.73148171e-01 
 1.19667109e-01  9.73406977e-01 
 1.19707109e-01  9.73400316e-01 
 1.19747109e-01  9.73401057e-01 
 1.19787109e-01  9.73400974e-01 
 1.19827109e-01  9.73400983e-01 
 1.19867109e-01  9.73400982e-01 
 1.19907109e-01  9.73400983e-01 
 1.19947109e-01  9.73400983e-01 
 1.19987109e-01  9.73400983e-01 
 1.19999999e-01  9.73400983e-01 
 1.19999999e-01  9.73400983e-01 
 1.19999999e-01  9.73400983e-01 
 1.20000000e-01  9.73400983e-01 
 1.20000000e-01  9.73400983e-01 
 1.20000000e-01  9.73400983e-01 
 1.20000000e-01  9.73400983e-01 
 1.20000000e-01  9.73400983e-01 
 1.20000001e-01  9.73400983e-01 
 1.20000002e-01  9.73400983e-01 
 1.20000004e-01  9.73400983e-01 
 1.20000008e-01  9.73400983e-01 
 1.20000016e-01  9.73400983e-01 
 1.20000033e-01  9.73400983e-01 
 1.20000065e-01  9.73400983e-01 
 1.20000131e-01  9.73400983e-01 
 1.20000262e-01  9.73400983e-01 
 1.20000524e-01  9.73400983e-01 
 1.20001049e-01  9.73400983e-01 
 1.20002097e-01  9.73400983e-01 
 1.20004194e-01  9.73400983e-01 
 1.20008389e-01  9.73400983e-01 
 1.20016777e-01  9.73400983e-01 
 1.20033554e-01  9.73400983e-01 
 1.20067109e-01  9.73400983e-01 
 1.20107109e-01  9.73400983e-01 
 1.20147109e-01  9.73400983e-01 
 1.20187109e-01  9.73400983e-01 
 1.20227109e-01  9.73400983e-01 
 1.20267109e-01  9.73400983e-01 
 1.20307109e-01  9.73400983e-01 
 1.20347109e-01  9.73400983e-01 
 1.20387109e-01  9.73400983e-01 
 1.20399999e-01  9.73400983e-01 
 1.20399999e-01  9.73400983e-01 
 1.20399999e-01  9.73400983e-01 
 1.20400000e-01  9.73400983e-01 
 1.20400000e-01  9.73401000e-01 
 1.20400000e-01  9.73401009e-01 
 1.20400000e-01  9.73401028e-01 
 1.20400000e-01  9.73401065e-01 
 1.20400001e-01  9.73401140e-01 
 1.20400002e-01  9.73401289e-01 
 1.20400004e-01  9.73401588e-01 
 1.20400008e-01  9.73402185e-01 
 1.20400016e-01  9.73403379e-01 
 1.20400033e-01  9.73405766e-01 
 1.20400065e-01  9.73410531e-01 
 1.20400131e-01  9.73420032e-01 
 1.20400262e-01  9.73438917e-01 
 1.20400524e-01  9.73476229e-01 
 1.20401049e-01  9.73549046e-01 
 1.20402097e-01  9.73687751e-01 
 1.20404194e-01  9.73939567e-01 
 1.20408389e-01  9.74355656e-01 
 1.20416777e-01  9.74928571e-01 
 1.20433554e-01  9.75483229e-01 
 1.20467109e-01  9.75740830e-01 
 1.20507109e-01  9.75734200e-01 
 1.20547109e-01  9.75734937e-01 
 1.20587109e-01  9.75734855e-01 
 1.20627109e-01  9.75734864e-01 
 1.20667109e-01  9.75734863e-01 
 1.20707109e-01  9.75734863e-01 
 1.20747109e-01  9.75734863e-01 
 1.20787109e-01  9.75734863e-01 
 1.20799999e-01  9.75734863e-01 
 1.20799999e-01  9.75734863e-01 
 1.20799999e-01  9.75734863e-01 
 1.20800000e-01  9.75734863e-01 
 1.20800000e-01  9.75734863e-01 
 1.20800000e-01  9.75734863e-01 
 1.20800000e-01  9.75734863e-01 
 1.20800000e-01  9.75734863e-01 
 1.20800001e-01  9.75734863e-01 
 1.20800002e-01  9.75734863e-01 
 1.20800004e-01  9.75734863e-01 
 1.20800008e-01  9.75734863e-01 
 1.20800016e-01  9.75734863e-01 
 1.20800033e-01  9.75734863e-01 
 1.20800065e-01  9.75734863e-01 
 1.20800131e-01  9.75734863e-01 
 1.20800262e-01  9.75734863e-01 
 1.20800524e-01  9.75734863e-01 
 1.20801049e-01  9.75734863e-01 
 1.20802097e-01  9.75734863e-01 
 1.20804194e-01  9.75734863e-01 
 1.20808389e-01  9.75734863e-01 
 1.20816777e-01  9.75734863e-01 
 1.20833554e-01  9.75734863e-01 
 1.20867109e-01  9.75734863e-01 
 1.20907109e-01  9.75734863e-01 
 1.20947109e-01  9.75734863e-01 
 1.20987109e-01  9.75734863e-01 
 1.21027109e-01  9.75734863e-01 
 1.21067109e-01  9.75734863e-01 
 1.21107109e-01  9.75734863e-01 
 1.21147109e-01  9.75734863e-01 
 1.21187109e-01  9.75734863e-01 
 1.21199999e-01  9.75734863e-01 
 1.21199999e-01  9.75734863e-01 
 1.21199999e-01  9.75734863e-01 
 1.21200000e-01  9.75734863e-01 
 1.21200000e-01  9.75734881e-01 
 1.21200000e-01  9.75734890e-01 
 1.21200000e-01  9.75734908e-01 
 1.21200000e-01  9.75734946e-01 
 1.21200001e-01  9.75735020e-01 
 1.21200002e-01  9.75735169e-01 
 1.21200004e-01  9.75735466e-01 
 1.21200008e-01  9.75736060e-01 
 1.21200016e-01  9.75737249e-01 
 1.21200033e-01  9.75739624e-01 
 1.21200065e-01  9.75744367e-01 
 1.21200131e-01  9.75753825e-01 
 1.21200262e-01  9.75772623e-01 
 1.21200524e-01  9.75809763e-01 
 1.21201049e-01  9.75882245e-01 
 1.21202097e-01  9.76020311e-01 
 1.21204194e-01  9.76270967e-01 
 1.21208389e-01  9.76685140e-01 
 1.21216777e-01  9.77255417e-01 
 1.21233554e-01  9.77807521e-01 
 1.21267109e-01  9.78063935e-01 
 1.21307109e-01  9.78057336e-01 
 1.21347109e-01  9.78058069e-01 
 1.21387109e-01  9.78057988e-01 
 1.21427109e-01  9.78057997e-01 
 1.21467109e-01  9.78057996e-01 
 1.21507109e-01  9.78057996e-01 
 1.21547109e-01  9.78057996e-01 
 1.21587109e-01  9.78057996e-01 
 1.21599999e-01  9.78057996e-01 
 1.21599999e-01  9.78057996e-01 
 1.21599999e-01  9.78057996e-01 
 1.21600000e-01  9.78057996e-01 
 1.21600000e-01  9.78057996e-01 
 1.21600000e-01  9.78057996e-01 
 1.21600000e-01  9.78057996e-01 
 1.21600000e-01  9.78057996e-01 
 1.21600001e-01  9.78057996e-01 
 1.21600002e-01  9.78057996e-01 
 1.21600004e-01  9.78057996e-01 
 1.21600008e-01  9.78057996e-01 
 1.21600016e-01  9.78057996e-01 
 1.21600033e-01  9.78057996e-01 
 1.21600065e-01  9.78057996e-01 
 1.21600131e-01  9.78057996e-01 
 1.21600262e-01  9.78057996e-01 
 1.21600524e-01  9.78057996e-01 
 1.21601049e-01  9.78057996e-01 
 1.21602097e-01  9.78057996e-01 
 1.21604194e-01  9.78057996e-01 
 1.21608389e-01  9.78057996e-01 
 1.21616777e-01  9.78057996e-01 
 1.21633554e-01  9.78057996e-01 
 1.21667109e-01  9.78057996e-01 
 1.21707109e-01  9.78057996e-01 
 1.21747109e-01  9.78057996e-01 
 1.21787109e-01  9.78057996e-01 
 1.21827109e-01  9.78057996e-01 
 1.21867109e-01  9.78057996e-01 
 1.21907109e-01  9.78057996e-01 
 1.21947109e-01  9.78057996e-01 
 1.21987109e-01  9.78057996e-01 
 1.21999999e-01  9.78057996e-01 
 1.21999999e-01  9.78057996e-01 
 1.21999999e-01  9.78057996e-01 
 1.22000000e-01  9.78057996e-01 
 1.22000000e-01  9.78058013e-01 
 1.22000000e-01  9.78058022e-01 
 1.22000000e-01  9.78058041e-01 
 1.22000000e-01  9.78058078e-01 
 1.22000001e-01  9.78058152e-01 
 1.22000002e-01  9.78058300e-01 
 1.22000004e-01  9.78058596e-01 
 1.22000008e-01  9.78059188e-01 
 1.22000016e-01  9.78060371e-01 
 1.22000033e-01  9.78062735e-01 
 1.22000065e-01  9.78067457e-01 
 1.22000131e-01  9.78076871e-01 
 1.22000262e-01  9.78095584e-01 
 1.22000524e-01  9.78132554e-01 
 1.22001049e-01  9.78204707e-01 
 1.22002097e-01  9.78342144e-01 
 1.22004194e-01  9.78591659e-01 
 1.22008389e-01  9.79003946e-01 
 1.22016777e-01  9.79571626e-01 
 1.22033554e-01  9.80121216e-01 
 1.22067109e-01  9.80376463e-01 
 1.22107109e-01  9.80369894e-01 
 1.22147109e-01  9.80370623e-01 
 1.22187109e-01  9.80370542e-01 
 1.22227109e-01  9.80370551e-01 
 1.22267109e-01  9.80370550e-01 
 1.22307109e-01  9.80370550e-01 
 1.22347109e-01  9.80370550e-01 
 1.22387109e-01  9.80370550e-01 
 1.22399999e-01  9.80370550e-01 
 1.22399999e-01  9.80370550e-01 
 1.22399999e-01  9.80370550e-01 
 1.22400000e-01  9.80370550e-01 
 1.22400000e-01  9.80370550e-01 
 1.22400000e-01  9.80370550e-01 
 1.22400000e-01  9.80370550e-01 
 1.22400000e-01  9.80370550e-01 
 1.22400001e-01  9.80370550e-01 
 1.22400002e-01  9.80370550e-01 
 1.22400004e-01  9.80370550e-01 
 1.22400008e-01  9.80370550e-01 
 1.22400016e-01  9.80370550e-01 
 1.22400033e-01  9.80370550e-01 
 1.22400065e-01  9.80370550e-01 
 1.22400131e-01  9.80370550e-01 
 1.22400262e-01  9.80370550e-01 
 1.22400524e-01  9.80370550e-01 
 1.22401049e-01  9.80370550e-01 
 1.22402097e-01  9.80370550e-01 
 1.22404194e-01  9.80370550e-01 
 1.22408389e-01  9.80370550e-01 
 1.22416777e-01  9.80370550e-01 
 1.22433554e-01  9.80370550e-01 
 1.22467109e-01  9.80370550e-01 
 1.22507109e-01  9.80370550e-01 
 1.22547109e-01  9.80370550e-01 
 1.22587109e-01  9.80370550e-01 
 1.22627109e-01  9.80370550e-01 
 1.22667109e-01  9.80370550e-01 
 1.22707109e-01  9.80370550e-01 
 1.22747109e-01  9.80370550e-01 
 1.22787109e-01  9.80370550e-01 
 1.22799999e-01  9.80370550e-01 
 1.22799999e-01  9.80370550e-01 
 1.22799999e-01  9.80370550e-01 
 1.22800000e-01  9.80370550e-01 
 1.22800000e-01  9.80370568e-01 
 1.22800000e-01  9.80370577e-01 
 1.22800000e-01  9.80370595e-01 
 1.22800000e-01  9.80370632e-01 
 1.22800001e-01  9.80370706e-01 
 1.22800002e-01  9.80370853e-01 
 1.22800004e-01  9.80371148e-01 
 1.22800008e-01  9.80371737e-01 
 1.22800016e-01  9.80372915e-01 
 1.22800033e-01  9.80375268e-01 
 1.22800065e-01  9.80379969e-01 
 1.22800131e-01  9.80389341e-01 
 1.22800262e-01  9.80407970e-01 
 1.22800524e-01  9.80444773e-01 
 1.22801049e-01  9.80516601e-01 
 1.22802097e-01  9.80653419e-01 
 1.22804194e-01  9.80901811e-01 
 1.22808389e-01  9.81312241e-01 
 1.22816777e-01  9.81877366e-01 
 1.22833554e-01  9.82424481e-01 
 1.22867109e-01  9.82678579e-01 
 1.22907109e-01  9.82672039e-01 
 1.22947109e-01  9.82672766e-01 
 1.22987109e-01  9.82672685e-01 
 1.23027109e-01  9.82672694e-01 
 1.23067109e-01  9.82672693e-01 
 1.23107109e-01  9.82672693e-01 
 1.23147109e-01  9.82672693e-01 
 1.23187109e-01  9.82672693e-01 
 1.23199999e-01  9.82672693e-01 
 1.23199999e-01  9.82672693e-01 
 1.23199999e-01  9.82672693e-01 
 1.23200000e-01  9.82672693e-01 
 1.23200000e-01  9.82672693e-01 
 1.23200000e-01  9.82672693e-01 
 1.23200000e-01  9.82672693e-01 
 1.23200000e-01  9.82672693e-01 
 1.23200001e-01  9.82672693e-01 
 1.23200002e-01  9.82672693e-01 
 1.23200004e-01  9.82672693e-01 
 1.23200008e-01  9.82672693e-01 
 1.23200016e-01  9.82672693e-01 
 1.23200033e-01  9.82672693e-01 
 1.23200065e-01  9.82672693e-01 
 1.23200131e-01  9.82672693e-01 
 1.23200262e-01  9.82672693e-01 
 1.23200524e-01  9.82672693e-01 
 1.23201049e-01  9.82672693e-01 
 1.23202097e-01  9.82672693e-01 
 1.23204194e-01  9.82672693e-01 
 1.23208389e-01  9.82672693e-01 
 1.23216777e-01  9.82672693e-01 
 1.23233554e-01  9.82672693e-01 
 1.23267109e-01  9.82672693e-01 
 1.23307109e-01  9.82672693e-01 
 1.23347109e-01  9.82672693e-01 
 1.23387109e-01  9.82672693e-01 
 1.23427109e-01  9.82672693e-01 
 1.23467109e-01  9.82672693e-01 
 1.23507109e-01  9.82672693e-01 
 1.23547109e-01  9.82672693e-01 
 1.23587109e-01  9.82672693e-01 
 1.23599999e-01  9.82672693e-01 
 1.23599999e-01  9.82672693e-01 
 1.23599999e-01  9.82672693e-01 
 1.23600000e-01  9.82672693e-01 
 1.23600000e-01  9.82672711e-01 
 1.23600000e-01  9.82672720e-01 
 1.23600000e-01  9.82672738e-01 
 1.23600000e-01  9.82672775e-01 
 1.23600001e-01  9.82672848e-01 
 1.23600002e-01  9.82672995e-01 
 1.23600004e-01  9.82673288e-01 
 1.23600008e-01  9.82673875e-01 
 1.23600016e-01  9.82675047e-01 
 1.23600033e-01  9.82677390e-01 
 1.23600065e-01  9.82682070e-01 
 1.23600131e-01  9.82691400e-01 
 1.23600262e-01  9.82709946e-01 
 1.23600524e-01  9.82746586e-01 
 1.23601049e-01  9.82818094e-01 
 1.23602097e-01  9.82954303e-01 
 1.23604194e-01  9.83201589e-01 
 1.23608389e-01  9.83610192e-01 
 1.23616777e-01  9.84172801e-01 
 1.23633554e-01  9.84717481e-01 
 1.23667109e-01  9.84970448e-01 
 1.23707109e-01  9.84963937e-01 
 1.23747109e-01  9.84964660e-01 
 1.23787109e-01  9.84964580e-01 
 1.23827109e-01  9.84964589e-01 
 1.23867109e-01  9.84964588e-01 
 1.23907109e-01  9.84964588e-01 
 1.23947109e-01  9.84964588e-01 
 1.23987109e-01  9.84964588e-01 
 1.23999999e-01  9.84964588e-01 
 1.23999999e-01  9.84964588e-01 
 1.23999999e-01  9.84964588e-01 
 1.24000000e-01  9.84964588e-01 
 1.24000000e-01  9.84964588e-01 
 1.24000000e-01  9.84964588e-01 
 1.24000000e-01  9.84964588e-01 
 1.24000000e-01  9.84964588e-01 
 1.24000001e-01  9.84964588e-01 
 1.24000002e-01  9.84964588e-01 
 1.24000004e-01  9.84964588e-01 
 1.24000008e-01  9.84964588e-01 
 1.24000016e-01  9.84964588e-01 
 1.24000033e-01  9.84964588e-01 
 1.24000065e-01  9.84964588e-01 
 1.24000131e-01  9.84964588e-01 
 1.24000262e-01  9.84964588e-01 
 1.24000524e-01  9.84964588e-01 
 1.24001049e-01  9.84964588e-01 
 1.24002097e-01  9.84964588e-01 
 1.24004194e-01  9.84964588e-01 
 1.24008389e-01  9.84964588e-01 
 1.24016777e-01  9.84964588e-01 
 1.24033554e-01  9.84964588e-01 
 1.24067109e-01  9.84964588e-01 
 1.24107109e-01  9.84964588e-01 
 1.24147109e-01  9.84964588e-01 
 1.24187109e-01  9.84964588e-01 
 1.24227109e-01  9.84964588e-01 
 1.24267109e-01  9.84964588e-01 
 1.24307109e-01  9.84964588e-01 
 1.24347109e-01  9.84964588e-01 
 1.24387109e-01  9.84964588e-01 
 1.24399999e-01  9.84964588e-01 
 1.24399999e-01  9.84964588e-01 
 1.24399999e-01  9.84964588e-01 
 1.24400000e-01  9.84964588e-01 
 1.24400000e-01  9.84964605e-01 
 1.24400000e-01  9.84964614e-01 
 1.24400000e-01  9.84964633e-01 
 1.24400000e-01  9.84964669e-01 
 1.24400001e-01  9.84964742e-01 
 1.24400002e-01  9.84964888e-01 
 1.24400004e-01  9.84965180e-01 
 1.24400008e-01  9.84965764e-01 
 1.24400016e-01  9.84966931e-01 
 1.24400033e-01  9.84969264e-01 
 1.24400065e-01  9.84973923e-01 
 1.24400131e-01  9.84983212e-01 
 1.24400262e-01  9.85001677e-01 
 1.24400524e-01  9.85038155e-01 
 1.24401049e-01  9.85109348e-01 
 1.24402097e-01  9.85244958e-01 
 1.24404194e-01  9.85491156e-01 
 1.24408389e-01  9.85897960e-01 
 1.24416777e-01  9.86458093e-01 
 1.24433554e-01  9.87000375e-01 
 1.24467109e-01  9.87252228e-01 
 1.24507109e-01  9.87245747e-01 
 1.24547109e-01  9.87246467e-01 
 1.24587109e-01  9.87246387e-01 
 1.24627109e-01  9.87246396e-01 
 1.24667109e-01  9.87246395e-01 
 1.24707109e-01  9.87246395e-01 
 1.24747109e-01  9.87246395e-01 
 1.24787109e-01  9.87246395e-01 
 1.24799999e-01  9.87246395e-01 
 1.24799999e-01  9.87246395e-01 
 1.24799999e-01  9.87246395e-01 
 1.24800000e-01  9.87246395e-01 
 1.24800000e-01  9.87246395e-01 
 1.24800000e-01  9.87246395e-01 
 1.24800000e-01  9.87246395e-01 
 1.24800000e-01  9.87246395e-01 
 1.24800001e-01  9.87246395e-01 
 1.24800002e-01  9.87246395e-01 
 1.24800004e-01  9.87246395e-01 
 1.24800008e-01  9.87246395e-01 
 1.24800016e-01  9.87246395e-01 
 1.24800033e-01  9.87246395e-01 
 1.24800065e-01  9.87246395e-01 
 1.24800131e-01  9.87246395e-01 
 1.24800262e-01  9.87246395e-01 
 1.24800524e-01  9.87246395e-01 
 1.24801049e-01  9.87246395e-01 
 1.24802097e-01  9.87246395e-01 
 1.24804194e-01  9.87246395e-01 
 1.24808389e-01  9.87246395e-01 
 1.24816777e-01  9.87246395e-01 
 1.24833554e-01  9.87246395e-01 
 1.24867109e-01  9.87246395e-01 
 1.24907109e-01  9.87246395e-01 
 1.24947109e-01  9.87246395e-01 
 1.24987109e-01  9.87246395e-01 
 1.25027109e-01  9.87246395e-01 
 1.25067109e-01  9.87246395e-01 
 1.25107109e-01  9.87246395e-01 
 1.25147109e-01  9.87246395e-01 
 1.25187109e-01  9.87246395e-01 
 1.25199999e-01  9.87246395e-01 
 1.25199999e-01  9.87246395e-01 
 1.25199999e-01  9.87246395e-01 
 1.25200000e-01  9.87246395e-01 
 1.25200000e-01  9.87246412e-01 
 1.25200000e-01  9.87246421e-01 
 1.25200000e-01  9.87246439e-01 
 1.25200000e-01  9.87246476e-01 
 1.25200001e-01  9.87246548e-01 
 1.25200002e-01  9.87246694e-01 
 1.25200004e-01  9.87246984e-01 
 1.25200008e-01  9.87247566e-01 
 1.25200016e-01  9.87248728e-01 
 1.25200033e-01  9.87251051e-01 
 1.25200065e-01  9.87255689e-01 
 1.25200131e-01  9.87264938e-01 
 1.25200262e-01  9.87283322e-01 
 1.25200524e-01  9.87319642e-01 
 1.25201049e-01  9.87390525e-01 
 1.25202097e-01  9.87525545e-01 
 1.25204194e-01  9.87770671e-01 
 1.25208389e-01  9.88175705e-01 
 1.25216777e-01  9.88733400e-01 
 1.25233554e-01  9.89273322e-01 
 1.25267109e-01  9.89524079e-01 
 1.25307109e-01  9.89517626e-01 
 1.25347109e-01  9.89518343e-01 
 1.25387109e-01  9.89518263e-01 
 1.25427109e-01  9.89518272e-01 
 1.25467109e-01  9.89518271e-01 
 1.25507109e-01  9.89518271e-01 
 1.25547109e-01  9.89518271e-01 
 1.25587109e-01  9.89518271e-01 
 1.25599999e-01  9.89518271e-01 
 1.25599999e-01  9.89518271e-01 
 1.25599999e-01  9.89518271e-01 
 1.25600000e-01  9.89518271e-01 
 1.25600000e-01  9.89518271e-01 
 1.25600000e-01  9.89518271e-01 
 1.25600000e-01  9.89518271e-01 
 1.25600000e-01  9.89518271e-01 
 1.25600001e-01  9.89518271e-01 
 1.25600002e-01  9.89518271e-01 
 1.25600004e-01  9.89518271e-01 
 1.25600008e-01  9.89518271e-01 
 1.25600016e-01  9.89518271e-01 
 1.25600033e-01  9.89518271e-01 
 1.25600065e-01  9.89518271e-01 
 1.25600131e-01  9.89518271e-01 
 1.25600262e-01  9.89518271e-01 
 1.25600524e-01  9.89518271e-01 
 1.25601049e-01  9.89518271e-01 
 1.25602097e-01  9.89518271e-01 
 1.25604194e-01  9.89518271e-01 
 1.25608389e-01  9.89518271e-01 
 1.25616777e-01  9.89518271e-01 
 1.25633554e-01  9.89518271e-01 
 1.25667109e-01  9.89518271e-01 
 1.25707109e-01  9.89518271e-01 
 1.25747109e-01  9.89518271e-01 
 1.25787109e-01  9.89518271e-01 
 1.25827109e-01  9.89518271e-01 
 1.25867109e-01  9.89518271e-01 
 1.25907109e-01  9.89518271e-01 
 1.25947109e-01  9.89518271e-01 
 1.25987109e-01  9.89518271e-01 
 1.25999999e-01  9.89518271e-01 
 1.25999999e-01  9.89518271e-01 
 1.25999999e-01  9.89518271e-01 
 1.26000000e-01  9.89518271e-01 
 1.26000000e-01  9.89518288e-01 
 1.26000000e-01  9.89518297e-01 
 1.26000000e-01  9.89518315e-01 
 1.26000000e-01  9.89518351e-01 
 1.26000001e-01  9.89518424e-01 
 1.26000002e-01  9.89518568e-01 
 1.26000004e-01  9.89518858e-01 
 1.26000008e-01  9.89519437e-01 
 1.26000016e-01  9.89520594e-01 
 1.26000033e-01  9.89522907e-01 
 1.26000065e-01  9.89527525e-01 
 1.26000131e-01  9.89536734e-01 
 1.26000262e-01  9.89555039e-01 
 1.26000524e-01  9.89591203e-01 
 1.26001049e-01  9.89661781e-01 
 1.26002097e-01  9.89796220e-01 
 1.26004194e-01  9.90040291e-01 
 1.26008389e-01  9.90443582e-01 
 1.26016777e-01  9.90998877e-01 
 1.26033554e-01  9.91536476e-01 
 1.26067109e-01  9.91786154e-01 
 1.26107109e-01  9.91779728e-01 
 1.26147109e-01  9.91780442e-01 
 1.26187109e-01  9.91780363e-01 
 1.26227109e-01  9.91780372e-01 
 1.26267109e-01  9.91780371e-01 
 1.26307109e-01  9.91780371e-01 
 1.26347109e-01  9.91780371e-01 
 1.26387109e-01  9.91780371e-01 
 1.26399999e-01  9.91780371e-01 
 1.26399999e-01  9.91780371e-01 
 1.26399999e-01  9.91780371e-01 
 1.26400000e-01  9.91780371e-01 
 1.26400000e-01  9.91780371e-01 
 1.26400000e-01  9.91780371e-01 
 1.26400000e-01  9.91780371e-01 
 1.26400000e-01  9.91780371e-01 
 1.26400001e-01  9.91780371e-01 
 1.26400002e-01  9.91780371e-01 
 1.26400004e-01  9.91780371e-01 
 1.26400008e-01  9.91780371e-01 
 1.26400016e-01  9.91780371e-01 
 1.26400033e-01  9.91780371e-01 
 1.26400065e-01  9.91780371e-01 
 1.26400131e-01  9.91780371e-01 
 1.26400262e-01  9.91780371e-01 
 1.26400524e-01  9.91780371e-01 
 1.26401049e-01  9.91780371e-01 
 1.26402097e-01  9.91780371e-01 
 1.26404194e-01  9.91780371e-01 
 1.26408389e-01  9.91780371e-01 
 1.26416777e-01  9.91780371e-01 
 1.26433554e-01  9.91780371e-01 
 1.26467109e-01  9.91780371e-01 
 1.26507109e-01  9.91780371e-01 
 1.26547109e-01  9.91780371e-01 
 1.26587109e-01  9.91780371e-01 
 1.26627109e-01  9.91780371e-01 
 1.26667109e-01  9.91780371e-01 
 1.26707109e-01  9.91780371e-01 
 1.26747109e-01  9.91780371e-01 
 1.26787109e-01  9.91780371e-01 
 1.26799999e-01  9.91780371e-01 
 1.26799999e-01  9.91780371e-01 
 1.26799999e-01  9.91780371e-01 
 1.26800000e-01  9.91780371e-01 
 1.26800000e-01  9.91780388e-01 
 1.26800000e-01  9.91780397e-01 
 1.26800000e-01  9.91780415e-01 
 1.26800000e-01  9.91780451e-01 
 1.26800001e-01  9.91780523e-01 
 1.26800002e-01  9.91780667e-01 
 1.26800004e-01  9.91780955e-01 
 1.26800008e-01  9.91781532e-01 
 1.26800016e-01  9.91782684e-01 
 1.26800033e-01  9.91784987e-01 
 1.26800065e-01  9.91789586e-01 
 1.26800131e-01  9.91798756e-01 
 1.26800262e-01  9.91816983e-01 
 1.26800524e-01  9.91852992e-01 
 1.26801049e-01  9.91923270e-01 
 1.26802097e-01  9.92057137e-01 
 1.26804194e-01  9.92300170e-01 
 1.26808389e-01  9.92701745e-01 
 1.26816777e-01  9.93254678e-01 
 1.26833554e-01  9.93789989e-01 
 1.26867109e-01  9.94038605e-01 
 1.26907109e-01  9.94032206e-01 
 1.26947109e-01  9.94032917e-01 
 1.26987109e-01  9.94032838e-01 
 1.27027109e-01  9.94032847e-01 
 1.27067109e-01  9.94032846e-01 
 1.27107109e-01  9.94032846e-01 
 1.27147109e-01  9.94032846e-01 
 1.27187109e-01  9.94032846e-01 
 1.27199999e-01  9.94032846e-01 
 1.27199999e-01  9.94032846e-01 
 1.27199999e-01  9.94032846e-01 
 1.27200000e-01  9.94032846e-01 
 1.27200000e-01  9.94032846e-01 
 1.27200000e-01  9.94032846e-01 
 1.27200000e-01  9.94032846e-01 
 1.27200000e-01  9.94032846e-01 
 1.27200001e-01  9.94032846e-01 
 1.27200002e-01  9.94032846e-01 
 1.27200004e-01  9.94032846e-01 
 1.27200008e-01  9.94032846e-01 
 1.27200016e-01  9.94032846e-01 
 1.27200033e-01  9.94032846e-01 
 1.27200065e-01  9.94032846e-01 
 1.27200131e-01  9.94032846e-01 
 1.27200262e-01  9.94032846e-01 
 1.27200524e-01  9.94032846e-01 
 1.27201049e-01  9.94032846e-01 
 1.27202097e-01  9.94032846e-01 
 1.27204194e-01  9.94032846e-01 
 1.27208389e-01  9.94032846e-01 
 1.27216777e-01  9.94032846e-01 
 1.27233554e-01  9.94032846e-01 
 1.27267109e-01  9.94032846e-01 
 1.27307109e-01  9.94032846e-01 
 1.27347109e-01  9.94032846e-01 
 1.27387109e-01  9.94032846e-01 
 1.27427109e-01  9.94032846e-01 
 1.27467109e-01  9.94032846e-01 
 1.27507109e-01  9.94032846e-01 
 1.27547109e-01  9.94032846e-01 
 1.27587109e-01  9.94032846e-01 
 1.27599999e-01  9.94032846e-01 
 1.27599999e-01  9.94032846e-01 
 1.27599999e-01  9.94032846e-01 
 1.27600000e-01  9.94032846e-01 
 1.27600000e-01  9.94032863e-01 
 1.27600000e-01  9.94032872e-01 
 1.27600000e-01  9.94032890e-01 
 1.27600000e-01  9.94032926e-01 
 1.27600001e-01  9.94032998e-01 
 1.27600002e-01  9.94033141e-01 
 1.27600004e-01  9.94033428e-01 
 1.27600008e-01  9.94034002e-01 
 1.27600016e-01  9.94035150e-01 
 1.27600033e-01  9.94037443e-01 
 1.27600065e-01  9.94042023e-01 
 1.27600131e-01  9.94051154e-01 
 1.27600262e-01  9.94069304e-01 
 1.27600524e-01  9.94105162e-01 
 1.27601049e-01  9.94175144e-01 
 1.27602097e-01  9.94308448e-01 
 1.27604194e-01  9.94550458e-01 
 1.27608389e-01  9.94950344e-01 
 1.27616777e-01  9.95500951e-01 
 1.27633554e-01  9.96034010e-01 
 1.27667109e-01  9.96281580e-01 
 1.27707109e-01  9.96275209e-01 
 1.27747109e-01  9.96275916e-01 
 1.27787109e-01  9.96275838e-01 
 1.27827109e-01  9.96275847e-01 
 1.27867109e-01  9.96275846e-01 
 1.27907109e-01  9.96275846e-01 
 1.27947109e-01  9.96275846e-01 
 1.27987109e-01  9.96275846e-01 
 1.27999999e-01  9.96275846e-01 
 1.27999999e-01  9.96275846e-01 
 1.27999999e-01  9.96275846e-01 
 1.28000000e-01  9.96275846e-01 
 1.28000000e-01  9.96275846e-01 
 1.28000000e-01  9.96275846e-01 
 1.28000000e-01  9.96275846e-01 
 1.28000000e-01  9.96275846e-01 
 1.28000001e-01  9.96275846e-01 
 1.28000002e-01  9.96275846e-01 
 1.28000004e-01  9.96275846e-01 
 1.28000008e-01  9.96275846e-01 
 1.28000016e-01  9.96275846e-01 
 1.28000033e-01  9.96275846e-01 
 1.28000065e-01  9.96275846e-01 
 1.28000131e-01  9.96275846e-01 
 1.28000262e-01  9.96275846e-01 
 1.28000524e-01  9.96275846e-01 
 1.28001049e-01  9.96275846e-01 
 1.28002097e-01  9.96275846e-01 
 1.28004194e-01  9.96275846e-01 
 1.28008389e-01  9.96275846e-01 
 1.28016777e-01  9.96275846e-01 
 1.28033554e-01  9.96275846e-01 
 1.28067109e-01  9.96275846e-01 
 1.28107109e-01  9.96275846e-01 
 1.28147109e-01  9.96275846e-01 
 1.28187109e-01  9.96275846e-01 
 1.28227109e-01  9.96275846e-01 
 1.28267109e-01  9.96275846e-01 
 1.28307109e-01  9.96275846e-01 
 1.28347109e-01  9.96275846e-01 
 1.28387109e-01  9.96275846e-01 
 1.28399999e-01  9.96275846e-01 
 1.28399999e-01  9.96275846e-01 
 1.28399999e-01  9.96275846e-01 
 1.28400000e-01  9.96275846e-01 
 1.28400000e-01  9.96275862e-01 
 1.28400000e-01  9.96275871e-01 
 1.28400000e-01  9.96275889e-01 
 1.28400000e-01  9.96275925e-01 
 1.28400001e-01  9.96275996e-01 
 1.28400002e-01  9.96276139e-01 
 1.28400004e-01  9.96276425e-01 
 1.28400008e-01  9.96276997e-01 
 1.28400016e-01  9.96278140e-01 
 1.28400033e-01  9.96280423e-01 
 1.28400065e-01  9.96284984e-01 
 1.28400131e-01  9.96294077e-01 
 1.28400262e-01  9.96312152e-01 
 1.28400524e-01  9.96347861e-01 
 1.28401049e-01  9.96417552e-01 
 1.28402097e-01  9.96550301e-01 
 1.28404194e-01  9.96791305e-01 
 1.28408389e-01  9.97189528e-01 
 1.28416777e-01  9.97737844e-01 
 1.28433554e-01  9.98268686e-01 
 1.28467109e-01  9.98515226e-01 
 1.28507109e-01  9.98508881e-01 
 1.28547109e-01  9.98509586e-01 
 1.28587109e-01  9.98509508e-01 
 1.28627109e-01  9.98509516e-01 
 1.28667109e-01  9.98509515e-01 
 1.28707109e-01  9.98509516e-01 
 1.28747109e-01  9.98509516e-01 
 1.28787109e-01  9.98509516e-01 
 1.28799999e-01  9.98509516e-01 
 1.28799999e-01  9.98509516e-01 
 1.28799999e-01  9.98509516e-01 
 1.28800000e-01  9.98509516e-01 
 1.28800000e-01  9.98509516e-01 
 1.28800000e-01  9.98509516e-01 
 1.28800000e-01  9.98509516e-01 
 1.28800000e-01  9.98509516e-01 
 1.28800001e-01  9.98509516e-01 
 1.28800002e-01  9.98509516e-01 
 1.28800004e-01  9.98509516e-01 
 1.28800008e-01  9.98509516e-01 
 1.28800016e-01  9.98509516e-01 
 1.28800033e-01  9.98509516e-01 
 1.28800065e-01  9.98509516e-01 
 1.28800131e-01  9.98509516e-01 
 1.28800262e-01  9.98509516e-01 
 1.28800524e-01  9.98509516e-01 
 1.28801049e-01  9.98509516e-01 
 1.28802097e-01  9.98509516e-01 
 1.28804194e-01  9.98509516e-01 
 1.28808389e-01  9.98509516e-01 
 1.28816777e-01  9.98509516e-01 
 1.28833554e-01  9.98509516e-01 
 1.28867109e-01  9.98509516e-01 
 1.28907109e-01  9.98509516e-01 
 1.28947109e-01  9.98509516e-01 
 1.28987109e-01  9.98509516e-01 
 1.29027109e-01  9.98509516e-01 
 1.29067109e-01  9.98509516e-01 
 1.29107109e-01  9.98509516e-01 
 1.29147109e-01  9.98509516e-01 
 1.29187109e-01  9.98509516e-01 
 1.29199999e-01  9.98509516e-01 
 1.29199999e-01  9.98509516e-01 
 1.29199999e-01  9.98509516e-01 
 1.29200000e-01  9.98509516e-01 
 1.29200000e-01  9.98509532e-01 
 1.29200000e-01  9.98509541e-01 
 1.29200000e-01  9.98509559e-01 
 1.29200000e-01  9.98509594e-01 
 1.29200001e-01  9.98509666e-01 
 1.29200002e-01  9.98509808e-01 
 1.29200004e-01  9.98510093e-01 
 1.29200008e-01  9.98510662e-01 
 1.29200016e-01  9.98511800e-01 
 1.29200033e-01  9.98514074e-01 
 1.29200065e-01  9.98518616e-01 
 1.29200131e-01  9.98527672e-01 
 1.29200262e-01  9.98545672e-01 
 1.29200524e-01  9.98581235e-01 
 1.29201049e-01  9.98650639e-01 
 1.29202097e-01  9.98782842e-01 
 1.29204194e-01  9.99022855e-01 
 1.29208389e-01  9.99419440e-01 
 1.29216777e-01  9.99965501e-01 
 1.29233554e-01  1.00049416e+00 
 1.29267109e-01  1.00073969e+00 
 1.29307109e-01  1.00073337e+00 
 1.29347109e-01  1.00073407e+00 
 1.29387109e-01  1.00073399e+00 
 1.29427109e-01  1.00073400e+00 
 1.29467109e-01  1.00073400e+00 
 1.29507109e-01  1.00073400e+00 
 1.29547109e-01  1.00073400e+00 
 1.29587109e-01  1.00073400e+00 
 1.29599999e-01  1.00073400e+00 
 1.29599999e-01  1.00073400e+00 
 1.29599999e-01  1.00073400e+00 
 1.29600000e-01  1.00073400e+00 
 1.29600000e-01  1.00073400e+00 
 1.29600000e-01  1.00073400e+00 
 1.29600000e-01  1.00073400e+00 
 1.29600000e-01  1.00073400e+00 
 1.29600001e-01  1.00073400e+00 
 1.29600002e-01  1.00073400e+00 
 1.29600004e-01  1.00073400e+00 
 1.29600008e-01  1.00073400e+00 
 1.29600016e-01  1.00073400e+00 
 1.29600033e-01  1.00073400e+00 
 1.29600065e-01  1.00073400e+00 
 1.29600131e-01  1.00073400e+00 
 1.29600262e-01  1.00073400e+00 
 1.29600524e-01  1.00073400e+00 
 1.29601049e-01  1.00073400e+00 
 1.29602097e-01  1.00073400e+00 
 1.29604194e-01  1.00073400e+00 
 1.29608389e-01  1.00073400e+00 
 1.29616777e-01  1.00073400e+00 
 1.29633554e-01  1.00073400e+00 
 1.29667109e-01  1.00073400e+00 
 1.29707109e-01  1.00073400e+00 
 1.29747109e-01  1.00073400e+00 
 1.29787109e-01  1.00073400e+00 
 1.29827109e-01  1.00073400e+00 
 1.29867109e-01  1.00073400e+00 
 1.29907109e-01  1.00073400e+00 
 1.29947109e-01  1.00073400e+00 
 1.29987109e-01  1.00073400e+00 
 1.29999999e-01  1.00073400e+00 
 1.29999999e-01  1.00073400e+00 
 1.29999999e-01  1.00073400e+00 
 1.30000000e-01  1.00073400e+00 
 1.30000000e-01  1.00073402e+00 
 1.30000000e-01  1.00073402e+00 
 1.30000000e-01  1.00073404e+00 
 1.30000000e-01  1.00073408e+00 
 1.30000001e-01  1.00073415e+00 
 1.30000002e-01  1.00073429e+00 
 1.30000004e-01  1.00073457e+00 
 1.30000008e-01  1.00073514e+00 
 1.30000016e-01  1.00073627e+00 
 1.30000033e-01  1.00073854e+00 
 1.30000065e-01  1.00074306e+00 
 1.30000131e-01  1.00075208e+00 
 1.30000262e-01  1.00077001e+00 
 1.30000524e-01  1.00080543e+00 
 1.30001049e-01  1.00087455e+00 
 1.30002097e-01  1.00100621e+00 
 1.30004194e-01  1.00124525e+00 
 1.30008389e-01  1.00164022e+00 
 1.30016777e-01  1.00218406e+00 
 1.30033554e-01  1.00271057e+00 
 1.30067109e-01  1.00295510e+00 
 1.30107109e-01  1.00294881e+00 
 1.30147109e-01  1.00294951e+00 
 1.30187109e-01  1.00294943e+00 
 1.30227109e-01  1.00294944e+00 
 1.30267109e-01  1.00294944e+00 
 1.30307109e-01  1.00294944e+00 
 1.30347109e-01  1.00294944e+00 
 1.30387109e-01  1.00294944e+00 
 1.30399999e-01  1.00294944e+00 
 1.30399999e-01  1.00294944e+00 
 1.30399999e-01  1.00294944e+00 
 1.30400000e-01  1.00294944e+00 
 1.30400000e-01  1.00294944e+00 
 1.30400000e-01  1.00294944e+00 
 1.30400000e-01  1.00294944e+00 
 1.30400000e-01  1.00294944e+00 
 1.30400001e-01  1.00294944e+00 
 1.30400002e-01  1.00294944e+00 
 1.30400004e-01  1.00294944e+00 
 1.30400008e-01  1.00294944e+00 
 1.30400016e-01  1.00294944e+00 
 1.30400033e-01  1.00294944e+00 
 1.30400065e-01  1.00294944e+00 
 1.30400131e-01  1.00294944e+00 
 1.30400262e-01  1.00294944e+00 
 1.30400524e-01  1.00294944e+00 
 1.30401049e-01  1.00294944e+00 
 1.30402097e-01  1.00294944e+00 
 1.30404194e-01  1.00294944e+00 
 1.30408389e-01  1.00294944e+00 
 1.30416777e-01  1.00294944e+00 
 1.30433554e-01  1.00294944e+00 
 1.30467109e-01  1.00294944e+00 
 1.30507109e-01  1.00294944e+00 
 1.30547109e-01  1.00294944e+00 
 1.30587109e-01  1.00294944e+00 
 1.30627109e-01  1.00294944e+00 
 1.30667109e-01  1.00294944e+00 
 1.30707109e-01  1.00294944e+00 
 1.30747109e-01  1.00294944e+00 
 1.30787109e-01  1.00294944e+00 
 1.30799999e-01  1.00294944e+00 
 1.30799999e-01  1.00294944e+00 
 1.30799999e-01  1.00294944e+00 
 1.30800000e-01  1.00294944e+00 
 1.30800000e-01  1.00294945e+00 
 1.30800000e-01  1.00294946e+00 
 1.30800000e-01  1.00294948e+00 
 1.30800000e-01  1.00294952e+00 
 1.30800001e-01  1.00294959e+00 
 1.30800002e-01  1.00294973e+00 
 1.30800004e-01  1.00295001e+00 
 1.30800008e-01  1.00295057e+00 
 1.30800016e-01  1.00295170e+00 
 1.30800033e-01  1.00295396e+00 
 1.30800065e-01  1.00295846e+00 
 1.30800131e-01  1.00296745e+00 
 1.30800262e-01  1.00298530e+00 
 1.30800524e-01  1.00302058e+00 
 1.30801049e-01  1.00308942e+00 
 1.30802097e-01  1.00322056e+00 
 1.30804194e-01  1.00345863e+00 
 1.30808389e-01  1.00385202e+00 
 1.30816777e-01  1.00439367e+00 
 1.30833554e-01  1.00491806e+00 
 1.30867109e-01  1.00516161e+00 
 1.30907109e-01  1.00515534e+00 
 1.30947109e-01  1.00515604e+00 
 1.30987109e-01  1.00515596e+00 
 1.31027109e-01  1.00515597e+00 
 1.31067109e-01  1.00515597e+00 
 1.31107109e-01  1.00515597e+00 
 1.31147109e-01  1.00515597e+00 
 1.31187109e-01  1.00515597e+00 
 1.31199999e-01  1.00515597e+00 
 1.31199999e-01  1.00515597e+00 
 1.31199999e-01  1.00515597e+00 
 1.31200000e-01  1.00515597e+00 
 1.31200000e-01  1.00515597e+00 
 1.31200000e-01  1.00515597e+00 
 1.31200000e-01  1.00515597e+00 
 1.31200000e-01  1.00515597e+00 
 1.31200001e-01  1.00515597e+00 
 1.31200002e-01  1.00515597e+00 
 1.31200004e-01  1.00515597e+00 
 1.31200008e-01  1.00515597e+00 
 1.31200016e-01  1.00515597e+00 
 1.31200033e-01  1.00515597e+00 
 1.31200065e-01  1.00515597e+00 
 1.31200131e-01  1.00515597e+00 
 1.31200262e-01  1.00515597e+00 
 1.31200524e-01  1.00515597e+00 
 1.31201049e-01  1.00515597e+00 
 1.31202097e-01  1.00515597e+00 
 1.31204194e-01  1.00515597e+00 
 1.31208389e-01  1.00515597e+00 
 1.31216777e-01  1.00515597e+00 
 1.31233554e-01  1.00515597e+00 
 1.31267109e-01  1.00515597e+00 
 1.31307109e-01  1.00515597e+00 
 1.31347109e-01  1.00515597e+00 
 1.31387109e-01  1.00515597e+00 
 1.31427109e-01  1.00515597e+00 
 1.31467109e-01  1.00515597e+00 
 1.31507109e-01  1.00515597e+00 
 1.31547109e-01  1.00515597e+00 
 1.31587109e-01  1.00515597e+00 
 1.31599999e-01  1.00515597e+00 
 1.31599999e-01  1.00515597e+00 
 1.31599999e-01  1.00515597e+00 
 1.31600000e-01  1.00515597e+00 
 1.31600000e-01  1.00515598e+00 
 1.31600000e-01  1.00515599e+00 
 1.31600000e-01  1.00515601e+00 
 1.31600000e-01  1.00515605e+00 
 1.31600001e-01  1.00515612e+00 
 1.31600002e-01  1.00515626e+00 
 1.31600004e-01  1.00515654e+00 
 1.31600008e-01  1.00515710e+00 
 1.31600016e-01  1.00515823e+00 
 1.31600033e-01  1.00516047e+00 
 1.31600065e-01  1.00516496e+00 
 1.31600131e-01  1.00517391e+00 
 1.31600262e-01  1.00519169e+00 
 1.31600524e-01  1.00522683e+00 
 1.31601049e-01  1.00529540e+00 
 1.31602097e-01  1.00542601e+00 
 1.31604194e-01  1.00566314e+00 
 1.31608389e-01  1.00605496e+00 
 1.31616777e-01  1.00659446e+00 
 1.31633554e-01  1.00711677e+00 
 1.31667109e-01  1.00735935e+00 
 1.31707109e-01  1.00735310e+00 
 1.31747109e-01  1.00735380e+00 
 1.31787109e-01  1.00735372e+00 
 1.31827109e-01  1.00735373e+00 
 1.31867109e-01  1.00735373e+00 
 1.31907109e-01  1.00735373e+00 
 1.31947109e-01  1.00735373e+00 
 1.31987109e-01  1.00735373e+00 
 1.31999999e-01  1.00735373e+00 
 1.31999999e-01  1.00735373e+00 
 1.31999999e-01  1.00735373e+00 
 1.32000000e-01  1.00735373e+00 
 1.32000000e-01  1.00735373e+00 
 1.32000000e-01  1.00735373e+00 
 1.32000000e-01  1.00735373e+00 
 1.32000000e-01  1.00735373e+00 
 1.32000001e-01  1.00735373e+00 
 1.32000002e-01  1.00735373e+00 
 1.32000004e-01  1.00735373e+00 
 1.32000008e-01  1.00735373e+00 
 1.32000016e-01  1.00735373e+00 
 1.32000033e-01  1.00735373e+00 
 1.32000065e-01  1.00735373e+00 
 1.32000131e-01  1.00735373e+00 
 1.32000262e-01  1.00735373e+00 
 1.32000524e-01  1.00735373e+00 
 1.32001049e-01  1.00735373e+00 
 1.32002097e-01  1.00735373e+00 
 1.32004194e-01  1.00735373e+00 
 1.32008389e-01  1.00735373e+00 
 1.32016777e-01  1.00735373e+00 
 1.32033554e-01  1.00735373e+00 
 1.32067109e-01  1.00735373e+00 
 1.32107109e-01  1.00735373e+00 
 1.32147109e-01  1.00735373e+00 
 1.32187109e-01  1.00735373e+00 
 1.32227109e-01  1.00735373e+00 
 1.32267109e-01  1.00735373e+00 
 1.32307109e-01  1.00735373e+00 
 1.32347109e-01  1.00735373e+00 
 1.32387109e-01  1.00735373e+00 
 1.32399999e-01  1.00735373e+00 
 1.32399999e-01  1.00735373e+00 
 1.32399999e-01  1.00735373e+00 
 1.32400000e-01  1.00735373e+00 
 1.32400000e-01  1.00735374e+00 
 1.32400000e-01  1.00735375e+00 
 1.32400000e-01  1.00735377e+00 
 1.32400000e-01  1.00735381e+00 
 1.32400001e-01  1.00735388e+00 
 1.32400002e-01  1.00735402e+00 
 1.32400004e-01  1.00735430e+00 
 1.32400008e-01  1.00735486e+00 
 1.32400016e-01  1.00735598e+00 
 1.32400033e-01  1.00735821e+00 
 1.32400065e-01  1.00736268e+00 
 1.32400131e-01  1.00737160e+00 
 1.32400262e-01  1.00738931e+00 
 1.32400524e-01  1.00742431e+00 
 1.32401049e-01  1.00749261e+00 
 1.32402097e-01  1.00762271e+00 
 1.32404194e-01  1.00785891e+00 
 1.32408389e-01  1.00824919e+00 
 1.32416777e-01  1.00878657e+00 
 1.32433554e-01  1.00930682e+00 
 1.32467109e-01  1.00954845e+00 
 1.32507109e-01  1.00954223e+00 
 1.32547109e-01  1.00954292e+00 
 1.32587109e-01  1.00954284e+00 
 1.32627109e-01  1.00954285e+00 
 1.32667109e-01  1.00954285e+00 
 1.32707109e-01  1.00954285e+00 
 1.32747109e-01  1.00954285e+00 
 1.32787109e-01  1.00954285e+00 
 1.32799999e-01  1.00954285e+00 
 1.32799999e-01  1.00954285e+00 
 1.32799999e-01  1.00954285e+00 
 1.32800000e-01  1.00954285e+00 
 1.32800000e-01  1.00954285e+00 
 1.32800000e-01  1.00954285e+00 
 1.32800000e-01  1.00954285e+00 
 1.32800000e-01  1.00954285e+00 
 1.32800001e-01  1.00954285e+00 
 1.32800002e-01  1.00954285e+00 
 1.32800004e-01  1.00954285e+00 
 1.32800008e-01  1.00954285e+00 
 1.32800016e-01  1.00954285e+00 
 1.32800033e-01  1.00954285e+00 
 1.32800065e-01  1.00954285e+00 
 1.32800131e-01  1.00954285e+00 
 1.32800262e-01  1.00954285e+00 
 1.32800524e-01  1.00954285e+00 
 1.32801049e-01  1.00954285e+00 
 1.32802097e-01  1.00954285e+00 
 1.32804194e-01  1.00954285e+00 
 1.32808389e-01  1.00954285e+00 
 1.32816777e-01  1.00954285e+00 
 1.32833554e-01  1.00954285e+00 
 1.32867109e-01  1.00954285e+00 
 1.32907109e-01  1.00954285e+00 
 1.32947109e-01  1.00954285e+00 
 1.32987109e-01  1.00954285e+00 
 1.33027109e-01  1.00954285e+00 
 1.33067109e-01  1.00954285e+00 
 1.33107109e-01  1.00954285e+00 
 1.33147109e-01  1.00954285e+00 
 1.33187109e-01  1.00954285e+00 
 1.33199999e-01  1.00954285e+00 
 1.33199999e-01  1.00954285e+00 
 1.33199999e-01  1.00954285e+00 
 1.33200000e-01  1.00954285e+00 
 1.33200000e-01  1.00954287e+00 
 1.33200000e-01  1.00954288e+00 
 1.33200000e-01  1.00954289e+00 
 1.33200000e-01  1.00954293e+00 
 1.33200001e-01  1.00954300e+00 
 1.33200002e-01  1.00954314e+00 
 1.33200004e-01  1.00954342e+00 
 1.33200008e-01  1.00954397e+00 
 1.33200016e-01  1.00954509e+00 
 1.33200033e-01  1.00954732e+00 
 1.33200065e-01  1.00955177e+00 
 1.33200131e-01  1.00956065e+00 
 1.33200262e-01  1.00957829e+00 
 1.33200524e-01  1.00961316e+00 
 1.33201049e-01  1.00968119e+00 
 1.33202097e-01  1.00981079e+00 
 1.33204194e-01  1.01004607e+00 
 1.33208389e-01  1.01043483e+00 
 1.33216777e-01  1.01097012e+00 
 1.33233554e-01  1.01148836e+00 
 1.33267109e-01  1.01172904e+00 
 1.33307109e-01  1.01172285e+00 
 1.33347109e-01  1.01172354e+00 
 1.33387109e-01  1.01172346e+00 
 1.33427109e-01  1.01172347e+00 
 1.33467109e-01  1.01172347e+00 
 1.33507109e-01  1.01172347e+00 
 1.33547109e-01  1.01172347e+00 
 1.33587109e-01  1.01172347e+00 
 1.33599999e-01  1.01172347e+00 
 1.33599999e-01  1.01172347e+00 
 1.33599999e-01  1.01172347e+00 
 1.33600000e-01  1.01172347e+00 
 1.33600000e-01  1.01172347e+00 
 1.33600000e-01  1.01172347e+00 
 1.33600000e-01  1.01172347e+00 
 1.33600000e-01  1.01172347e+00 
 1.33600001e-01  1.01172347e+00 
 1.33600002e-01  1.01172347e+00 
 1.33600004e-01  1.01172347e+00 
 1.33600008e-01  1.01172347e+00 
 1.33600016e-01  1.01172347e+00 
 1.33600033e-01  1.01172347e+00 
 1.33600065e-01  1.01172347e+00 
 1.33600131e-01  1.01172347e+00 
 1.33600262e-01  1.01172347e+00 
 1.33600524e-01  1.01172347e+00 
 1.33601049e-01  1.01172347e+00 
 1.33602097e-01  1.01172347e+00 
 1.33604194e-01  1.01172347e+00 
 1.33608389e-01  1.01172347e+00 
 1.33616777e-01  1.01172347e+00 
 1.33633554e-01  1.01172347e+00 
 1.33667109e-01  1.01172347e+00 
 1.33707109e-01  1.01172347e+00 
 1.33747109e-01  1.01172347e+00 
 1.33787109e-01  1.01172347e+00 
 1.33827109e-01  1.01172347e+00 
 1.33867109e-01  1.01172347e+00 
 1.33907109e-01  1.01172347e+00 
 1.33947109e-01  1.01172347e+00 
 1.33987109e-01  1.01172347e+00 
 1.33999999e-01  1.01172347e+00 
 1.33999999e-01  1.01172347e+00 
 1.33999999e-01  1.01172347e+00 
 1.34000000e-01  1.01172347e+00 
 1.34000000e-01  1.01172348e+00 
 1.34000000e-01  1.01172349e+00 
 1.34000000e-01  1.01172351e+00 
 1.34000000e-01  1.01172354e+00 
 1.34000001e-01  1.01172361e+00 
 1.34000002e-01  1.01172375e+00 
 1.34000004e-01  1.01172403e+00 
 1.34000008e-01  1.01172459e+00 
 1.34000016e-01  1.01172570e+00 
 1.34000033e-01  1.01172792e+00 
 1.34000065e-01  1.01173235e+00 
 1.34000131e-01  1.01174120e+00 
 1.34000262e-01  1.01175877e+00 
 1.34000524e-01  1.01179350e+00 
 1.34001049e-01  1.01186128e+00 
 1.34002097e-01  1.01199037e+00 
 1.34004194e-01  1.01222475e+00 
 1.34008389e-01  1.01261202e+00 
 1.34016777e-01  1.01314526e+00 
 1.34033554e-01  1.01366150e+00 
 1.34067109e-01  1.01390126e+00 
 1.34107109e-01  1.01389509e+00 
 1.34147109e-01  1.01389577e+00 
 1.34187109e-01  1.01389570e+00 
 1.34227109e-01  1.01389570e+00 
 1.34267109e-01  1.01389570e+00 
 1.34307109e-01  1.01389570e+00 
 1.34347109e-01  1.01389570e+00 
 1.34387109e-01  1.01389570e+00 
 1.34399999e-01  1.01389570e+00 
 1.34399999e-01  1.01389570e+00 
 1.34399999e-01  1.01389570e+00 
 1.34400000e-01  1.01389570e+00 
 1.34400000e-01  1.01389570e+00 
 1.34400000e-01  1.01389570e+00 
 1.34400000e-01  1.01389570e+00 
 1.34400000e-01  1.01389570e+00 
 1.34400001e-01  1.01389570e+00 
 1.34400002e-01  1.01389570e+00 
 1.34400004e-01  1.01389570e+00 
 1.34400008e-01  1.01389570e+00 
 1.34400016e-01  1.01389570e+00 
 1.34400033e-01  1.01389570e+00 
 1.34400065e-01  1.01389570e+00 
 1.34400131e-01  1.01389570e+00 
 1.34400262e-01  1.01389570e+00 
 1.34400524e-01  1.01389570e+00 
 1.34401049e-01  1.01389570e+00 
 1.34402097e-01  1.01389570e+00 
 1.34404194e-01  1.01389570e+00 
 1.34408389e-01  1.01389570e+00 
 1.34416777e-01  1.01389570e+00 
 1.34433554e-01  1.01389570e+00 
 1.34467109e-01  1.01389570e+00 
 1.34507109e-01  1.01389570e+00 
 1.34547109e-01  1.01389570e+00 
 1.34587109e-01  1.01389570e+00 
 1.34627109e-01  1.01389570e+00 
 1.34667109e-01  1.01389570e+00 
 1.34707109e-01  1.01389570e+00 
 1.34747109e-01  1.01389570e+00 
 1.34787109e-01  1.01389570e+00 
 1.34799999e-01  1.01389570e+00 
 1.34799999e-01  1.01389570e+00 
 1.34799999e-01  1.01389570e+00 
 1.34800000e-01  1.01389570e+00 
 1.34800000e-01  1.01389572e+00 
 1.34800000e-01  1.01389573e+00 
 1.34800000e-01  1.01389575e+00 
 1.34800000e-01  1.01389578e+00 
 1.34800001e-01  1.01389585e+00 
 1.34800002e-01  1.01389599e+00 
 1.34800004e-01  1.01389627e+00 
 1.34800008e-01  1.01389682e+00 
 1.34800016e-01  1.01389793e+00 
 1.34800033e-01  1.01390014e+00 
 1.34800065e-01  1.01390456e+00 
 1.34800131e-01  1.01391337e+00 
 1.34800262e-01  1.01393088e+00 
 1.34800524e-01  1.01396547e+00 
 1.34801049e-01  1.01403299e+00 
 1.34802097e-01  1.01416160e+00 
 1.34804194e-01  1.01439508e+00 
 1.34808389e-01  1.01478088e+00 
 1.34816777e-01  1.01531209e+00 
 1.34833554e-01  1.01582637e+00 
 1.34867109e-01  1.01606522e+00 
 1.34907109e-01  1.01605908e+00 
 1.34947109e-01  1.01605976e+00 
 1.34987109e-01  1.01605968e+00 
 1.35027109e-01  1.01605969e+00 
 1.35067109e-01  1.01605969e+00 
 1.35107109e-01  1.01605969e+00 
 1.35147109e-01  1.01605969e+00 
 1.35187109e-01  1.01605969e+00 
 1.35199999e-01  1.01605969e+00 
 1.35199999e-01  1.01605969e+00 
 1.35199999e-01  1.01605969e+00 
 1.35200000e-01  1.01605969e+00 
 1.35200000e-01  1.01605969e+00 
 1.35200000e-01  1.01605969e+00 
 1.35200000e-01  1.01605969e+00 
 1.35200000e-01  1.01605969e+00 
 1.35200001e-01  1.01605969e+00 
 1.35200002e-01  1.01605969e+00 
 1.35200004e-01  1.01605969e+00 
 1.35200008e-01  1.01605969e+00 
 1.35200016e-01  1.01605969e+00 
 1.35200033e-01  1.01605969e+00 
 1.35200065e-01  1.01605969e+00 
 1.35200131e-01  1.01605969e+00 
 1.35200262e-01  1.01605969e+00 
 1.35200524e-01  1.01605969e+00 
 1.35201049e-01  1.01605969e+00 
 1.35202097e-01  1.01605969e+00 
 1.35204194e-01  1.01605969e+00 
 1.35208389e-01  1.01605969e+00 
 1.35216777e-01  1.01605969e+00 
 1.35233554e-01  1.01605969e+00 
 1.35267109e-01  1.01605969e+00 
 1.35307109e-01  1.01605969e+00 
 1.35347109e-01  1.01605969e+00 
 1.35387109e-01  1.01605969e+00 
 1.35427109e-01  1.01605969e+00 
 1.35467109e-01  1.01605969e+00 
 1.35507109e-01  1.01605969e+00 
 1.35547109e-01  1.01605969e+00 
 1.35587109e-01  1.01605969e+00 
 1.35599999e-01  1.01605969e+00 
 1.35599999e-01  1.01605969e+00 
 1.35599999e-01  1.01605969e+00 
 1.35600000e-01  1.01605969e+00 
 1.35600000e-01  1.01605971e+00 
 1.35600000e-01  1.01605972e+00 
 1.35600000e-01  1.01605973e+00 
 1.35600000e-01  1.01605977e+00 
 1.35600001e-01  1.01605984e+00 
 1.35600002e-01  1.01605997e+00 
 1.35600004e-01  1.01606025e+00 
 1.35600008e-01  1.01606080e+00 
 1.35600016e-01  1.01606190e+00 
 1.35600033e-01  1.01606411e+00 
 1.35600065e-01  1.01606851e+00 
 1.35600131e-01  1.01607729e+00 
 1.35600262e-01  1.01609473e+00 
 1.35600524e-01  1.01612920e+00 
 1.35601049e-01  1.01619646e+00 
 1.35602097e-01  1.01632458e+00 
 1.35604194e-01  1.01655719e+00 
 1.35608389e-01  1.01694154e+00 
 1.35616777e-01  1.01747076e+00 
 1.35633554e-01  1.01798311e+00 
 1.35667109e-01  1.01822106e+00 
 1.35707109e-01  1.01821494e+00 
 1.35747109e-01  1.01821562e+00 
 1.35787109e-01  1.01821554e+00 
 1.35827109e-01  1.01821555e+00 
 1.35867109e-01  1.01821555e+00 
 1.35907109e-01  1.01821555e+00 
 1.35947109e-01  1.01821555e+00 
 1.35987109e-01  1.01821555e+00 
 1.35999999e-01  1.01821555e+00 
 1.35999999e-01  1.01821555e+00 
 1.35999999e-01  1.01821555e+00 
 1.36000000e-01  1.01821555e+00 
 1.36000000e-01  1.01821555e+00 
 1.36000000e-01  1.01821555e+00 
 1.36000000e-01  1.01821555e+00 
 1.36000000e-01  1.01821555e+00 
 1.36000001e-01  1.01821555e+00 
 1.36000002e-01  1.01821555e+00 
 1.36000004e-01  1.01821555e+00 
 1.36000008e-01  1.01821555e+00 
 1.36000016e-01  1.01821555e+00 
 1.36000033e-01  1.01821555e+00 
 1.36000065e-01  1.01821555e+00 
 1.36000131e-01  1.01821555e+00 
 1.36000262e-01  1.01821555e+00 
 1.36000524e-01  1.01821555e+00 
 1.36001049e-01  1.01821555e+00 
 1.36002097e-01  1.01821555e+00 
 1.36004194e-01  1.01821555e+00 
 1.36008389e-01  1.01821555e+00 
 1.36016777e-01  1.01821555e+00 
 1.36033554e-01  1.01821555e+00 
 1.36067109e-01  1.01821555e+00 
 1.36107109e-01  1.01821555e+00 
 1.36147109e-01  1.01821555e+00 
 1.36187109e-01  1.01821555e+00 
 1.36227109e-01  1.01821555e+00 
 1.36267109e-01  1.01821555e+00 
 1.36307109e-01  1.01821555e+00 
 1.36347109e-01  1.01821555e+00 
 1.36387109e-01  1.01821555e+00 
 1.36399999e-01  1.01821555e+00 
 1.36399999e-01  1.01821555e+00 
 1.36399999e-01  1.01821555e+00 
 1.36400000e-01  1.01821555e+00 
 1.36400000e-01  1.01821557e+00 
 1.36400000e-01  1.01821557e+00 
 1.36400000e-01  1.01821559e+00 
 1.36400000e-01  1.01821563e+00 
 1.36400001e-01  1.01821569e+00 
 1.36400002e-01  1.01821583e+00 
 1.36400004e-01  1.01821611e+00 
 1.36400008e-01  1.01821666e+00 
 1.36400016e-01  1.01821776e+00 
 1.36400033e-01  1.01821995e+00 
 1.36400065e-01  1.01822434e+00 
 1.36400131e-01  1.01823308e+00 
 1.36400262e-01  1.01825046e+00 
 1.36400524e-01  1.01828480e+00 
 1.36401049e-01  1.01835181e+00 
 1.36402097e-01  1.01847946e+00 
 1.36404194e-01  1.01871121e+00 
 1.36408389e-01  1.01909413e+00 
 1.36416777e-01  1.01962138e+00 
 1.36433554e-01  1.02013183e+00 
 1.36467109e-01  1.02036889e+00 
 1.36507109e-01  1.02036279e+00 
 1.36547109e-01  1.02036347e+00 
 1.36587109e-01  1.02036340e+00 
 1.36627109e-01  1.02036340e+00 
 1.36667109e-01  1.02036340e+00 
 1.36707109e-01  1.02036340e+00 
 1.36747109e-01  1.02036340e+00 
 1.36787109e-01  1.02036340e+00 
 1.36799999e-01  1.02036340e+00 
 1.36799999e-01  1.02036340e+00 
 1.36799999e-01  1.02036340e+00 
 1.36800000e-01  1.02036340e+00 
 1.36800000e-01  1.02036340e+00 
 1.36800000e-01  1.02036340e+00 
 1.36800000e-01  1.02036340e+00 
 1.36800000e-01  1.02036340e+00 
 1.36800001e-01  1.02036340e+00 
 1.36800002e-01  1.02036340e+00 
 1.36800004e-01  1.02036340e+00 
 1.36800008e-01  1.02036340e+00 
 1.36800016e-01  1.02036340e+00 
 1.36800033e-01  1.02036340e+00 
 1.36800065e-01  1.02036340e+00 
 1.36800131e-01  1.02036340e+00 
 1.36800262e-01  1.02036340e+00 
 1.36800524e-01  1.02036340e+00 
 1.36801049e-01  1.02036340e+00 
 1.36802097e-01  1.02036340e+00 
 1.36804194e-01  1.02036340e+00 
 1.36808389e-01  1.02036340e+00 
 1.36816777e-01  1.02036340e+00 
 1.36833554e-01  1.02036340e+00 
 1.36867109e-01  1.02036340e+00 
 1.36907109e-01  1.02036340e+00 
 1.36947109e-01  1.02036340e+00 
 1.36987109e-01  1.02036340e+00 
 1.37027109e-01  1.02036340e+00 
 1.37067109e-01  1.02036340e+00 
 1.37107109e-01  1.02036340e+00 
 1.37147109e-01  1.02036340e+00 
 1.37187109e-01  1.02036340e+00 
 1.37199999e-01  1.02036340e+00 
 1.37199999e-01  1.02036340e+00 
 1.37199999e-01  1.02036340e+00 
 1.37200000e-01  1.02036340e+00 
 1.37200000e-01  1.02036342e+00 
 1.37200000e-01  1.02036343e+00 
 1.37200000e-01  1.02036345e+00 
 1.37200000e-01  1.02036348e+00 
 1.37200001e-01  1.02036355e+00 
 1.37200002e-01  1.02036368e+00 
 1.37200004e-01  1.02036396e+00 
 1.37200008e-01  1.02036451e+00 
 1.37200016e-01  1.02036560e+00 
 1.37200033e-01  1.02036779e+00 
 1.37200065e-01  1.02037216e+00 
 1.37200131e-01  1.02038087e+00 
 1.37200262e-01  1.02039819e+00 
 1.37200524e-01  1.02043240e+00 
 1.37201049e-01  1.02049917e+00 
 1.37202097e-01  1.02062635e+00 
 1.37204194e-01  1.02085724e+00 
 1.37208389e-01  1.02123876e+00 
 1.37216777e-01  1.02176407e+00 
 1.37233554e-01  1.02227265e+00 
 1.37267109e-01  1.02250884e+00 
 1.37307109e-01  1.02250276e+00 
 1.37347109e-01  1.02250344e+00 
 1.37387109e-01  1.02250336e+00 
 1.37427109e-01  1.02250337e+00 
 1.37467109e-01  1.02250337e+00 
 1.37507109e-01  1.02250337e+00 
 1.37547109e-01  1.02250337e+00 
 1.37587109e-01  1.02250337e+00 
 1.37599999e-01  1.02250337e+00 
 1.37599999e-01  1.02250337e+00 
 1.37599999e-01  1.02250337e+00 
 1.37600000e-01  1.02250337e+00 
 1.37600000e-01  1.02250337e+00 
 1.37600000e-01  1.02250337e+00 
 1.37600000e-01  1.02250337e+00 
 1.37600000e-01  1.02250337e+00 
 1.37600001e-01  1.02250337e+00 
 1.37600002e-01  1.02250337e+00 
 1.37600004e-01  1.02250337e+00 
 1.37600008e-01  1.02250337e+00 
 1.37600016e-01  1.02250337e+00 
 1.37600033e-01  1.02250337e+00 
 1.37600065e-01  1.02250337e+00 
 1.37600131e-01  1.02250337e+00 
 1.37600262e-01  1.02250337e+00 
 1.37600524e-01  1.02250337e+00 
 1.37601049e-01  1.02250337e+00 
 1.37602097e-01  1.02250337e+00 
 1.37604194e-01  1.02250337e+00 
 1.37608389e-01  1.02250337e+00 
 1.37616777e-01  1.02250337e+00 
 1.37633554e-01  1.02250337e+00 
 1.37667109e-01  1.02250337e+00 
 1.37707109e-01  1.02250337e+00 
 1.37747109e-01  1.02250337e+00 
 1.37787109e-01  1.02250337e+00 
 1.37827109e-01  1.02250337e+00 
 1.37867109e-01  1.02250337e+00 
 1.37907109e-01  1.02250337e+00 
 1.37947109e-01  1.02250337e+00 
 1.37987109e-01  1.02250337e+00 
 1.37999999e-01  1.02250337e+00 
 1.37999999e-01  1.02250337e+00 
 1.37999999e-01  1.02250337e+00 
 1.38000000e-01  1.02250337e+00 
 1.38000000e-01  1.02250339e+00 
 1.38000000e-01  1.02250340e+00 
 1.38000000e-01  1.02250341e+00 
 1.38000000e-01  1.02250345e+00 
 1.38000001e-01  1.02250352e+00 
 1.38000002e-01  1.02250365e+00 
 1.38000004e-01  1.02250393e+00 
 1.38000008e-01  1.02250447e+00 
 1.38000016e-01  1.02250556e+00 
 1.38000033e-01  1.02250774e+00 
 1.38000065e-01  1.02251210e+00 
 1.38000131e-01  1.02252078e+00 
 1.38000262e-01  1.02253803e+00 
 1.38000524e-01  1.02257212e+00 
 1.38001049e-01  1.02263864e+00 
 1.38002097e-01  1.02276536e+00 
 1.38004194e-01  1.02299542e+00 
 1.38008389e-01  1.02337555e+00 
 1.38016777e-01  1.02389896e+00 
 1.38033554e-01  1.02440568e+00 
 1.38067109e-01  1.02464103e+00 
 1.38107109e-01  1.02463497e+00 
 1.38147109e-01  1.02463564e+00 
 1.38187109e-01  1.02463557e+00 
 1.38227109e-01  1.02463558e+00 
 1.38267109e-01  1.02463557e+00 
 1.38307109e-01  1.02463557e+00 
 1.38347109e-01  1.02463557e+00 
 1.38387109e-01  1.02463557e+00 
 1.38399999e-01  1.02463557e+00 
 1.38399999e-01  1.02463557e+00 
 1.38399999e-01  1.02463557e+00 
 1.38400000e-01  1.02463557e+00 
 1.38400000e-01  1.02463557e+00 
 1.38400000e-01  1.02463557e+00 
 1.38400000e-01  1.02463557e+00 
 1.38400000e-01  1.02463557e+00 
 1.38400001e-01  1.02463557e+00 
 1.38400002e-01  1.02463557e+00 
 1.38400004e-01  1.02463557e+00 
 1.38400008e-01  1.02463557e+00 
 1.38400016e-01  1.02463557e+00 
 1.38400033e-01  1.02463557e+00 
 1.38400065e-01  1.02463557e+00 
 1.38400131e-01  1.02463557e+00 
 1.38400262e-01  1.02463557e+00 
 1.38400524e-01  1.02463557e+00 
 1.38401049e-01  1.02463557e+00 
 1.38402097e-01  1.02463557e+00 
 1.38404194e-01  1.02463557e+00 
 1.38408389e-01  1.02463557e+00 
 1.38416777e-01  1.02463557e+00 
 1.38433554e-01  1.02463557e+00 
 1.38467109e-01  1.02463557e+00 
 1.38507109e-01  1.02463557e+00 
 1.38547109e-01  1.02463557e+00 
 1.38587109e-01  1.02463557e+00 
 1.38627109e-01  1.02463557e+00 
 1.38667109e-01  1.02463557e+00 
 1.38707109e-01  1.02463557e+00 
 1.38747109e-01  1.02463557e+00 
 1.38787109e-01  1.02463557e+00 
 1.38799999e-01  1.02463557e+00 
 1.38799999e-01  1.02463557e+00 
 1.38799999e-01  1.02463557e+00 
 1.38800000e-01  1.02463557e+00 
 1.38800000e-01  1.02463559e+00 
 1.38800000e-01  1.02463560e+00 
 1.38800000e-01  1.02463562e+00 
 1.38800000e-01  1.02463565e+00 
 1.38800001e-01  1.02463572e+00 
 1.38800002e-01  1.02463585e+00 
 1.38800004e-01  1.02463613e+00 
 1.38800008e-01  1.02463667e+00 
 1.38800016e-01  1.02463776e+00 
 1.38800033e-01  1.02463993e+00 
 1.38800065e-01  1.02464427e+00 
 1.38800131e-01  1.02465291e+00 
 1.38800262e-01  1.02467011e+00 
 1.38800524e-01  1.02470407e+00 
 1.38801049e-01  1.02477036e+00 
 1.38802097e-01  1.02489662e+00 
 1.38804194e-01  1.02512585e+00 
 1.38808389e-01  1.02550462e+00 
 1.38816777e-01  1.02602615e+00 
 1.38833554e-01  1.02653106e+00 
 1.38867109e-01  1.02676556e+00 
 1.38907109e-01  1.02675952e+00 
 1.38947109e-01  1.02676019e+00 
 1.38987109e-01  1.02676012e+00 
 1.39027109e-01  1.02676013e+00 
 1.39067109e-01  1.02676012e+00 
 1.39107109e-01  1.02676012e+00 
 1.39147109e-01  1.02676012e+00 
 1.39187109e-01  1.02676012e+00 
 1.39199999e-01  1.02676012e+00 
 1.39199999e-01  1.02676012e+00 
 1.39199999e-01  1.02676012e+00 
 1.39200000e-01  1.02676012e+00 
 1.39200000e-01  1.02676012e+00 
 1.39200000e-01  1.02676012e+00 
 1.39200000e-01  1.02676012e+00 
 1.39200000e-01  1.02676012e+00 
 1.39200001e-01  1.02676012e+00 
 1.39200002e-01  1.02676012e+00 
 1.39200004e-01  1.02676012e+00 
 1.39200008e-01  1.02676012e+00 
 1.39200016e-01  1.02676012e+00 
 1.39200033e-01  1.02676012e+00 
 1.39200065e-01  1.02676012e+00 
 1.39200131e-01  1.02676012e+00 
 1.39200262e-01  1.02676012e+00 
 1.39200524e-01  1.02676012e+00 
 1.39201049e-01  1.02676012e+00 
 1.39202097e-01  1.02676012e+00 
 1.39204194e-01  1.02676012e+00 
 1.39208389e-01  1.02676012e+00 
 1.39216777e-01  1.02676012e+00 
 1.39233554e-01  1.02676012e+00 
 1.39267109e-01  1.02676012e+00 
 1.39307109e-01  1.02676012e+00 
 1.39347109e-01  1.02676012e+00 
 1.39387109e-01  1.02676012e+00 
 1.39427109e-01  1.02676012e+00 
 1.39467109e-01  1.02676012e+00 
 1.39507109e-01  1.02676012e+00 
 1.39547109e-01  1.02676012e+00 
 1.39587109e-01  1.02676012e+00 
 1.39599999e-01  1.02676012e+00 
 1.39599999e-01  1.02676012e+00 
 1.39599999e-01  1.02676012e+00 
 1.39600000e-01  1.02676012e+00 
 1.39600000e-01  1.02676014e+00 
 1.39600000e-01  1.02676015e+00 
 1.39600000e-01  1.02676017e+00 
 1.39600000e-01  1.02676020e+00 
 1.39600001e-01  1.02676027e+00 
 1.39600002e-01  1.02676040e+00 
 1.39600004e-01  1.02676067e+00 
 1.39600008e-01  1.02676122e+00 
 1.39600016e-01  1.02676230e+00 
 1.39600033e-01  1.02676446e+00 
 1.39600065e-01  1.02676879e+00 
 1.39600131e-01  1.02677740e+00 
 1.39600262e-01  1.02679453e+00 
 1.39600524e-01  1.02682838e+00 
 1.39601049e-01  1.02689443e+00 
 1.39602097e-01  1.02702025e+00 
 1.39604194e-01  1.02724866e+00 
 1.39608389e-01  1.02762609e+00 
 1.39616777e-01  1.02814577e+00 
 1.39633554e-01  1.02864889e+00 
 1.39667109e-01  1.02888255e+00 
 1.39707109e-01  1.02887654e+00 
 1.39747109e-01  1.02887721e+00 
 1.39787109e-01  1.02887713e+00 
 1.39827109e-01  1.02887714e+00 
 1.39867109e-01  1.02887714e+00 
 1.39907109e-01  1.02887714e+00 
 1.39947109e-01  1.02887714e+00 
 1.39987109e-01  1.02887714e+00 
 1.39999999e-01  1.02887714e+00 
 1.39999999e-01  1.02887714e+00 
 1.39999999e-01  1.02887714e+00 
 1.40000000e-01  1.02887714e+00 
 1.40000000e-01  1.02887714e+00 
 1.40000000e-01  1.02887714e+00 
 1.40000000e-01  1.02887714e+00 
 1.40000000e-01  1.02887714e+00 
 1.40000001e-01  1.02887714e+00 
 1.40000002e-01  1.02887714e+00 
 1.40000004e-01  1.02887714e+00 
 1.40000008e-01  1.02887714e+00 
 1.40000016e-01  1.02887714e+00 
 1.40000033e-01  1.02887714e+00 
 1.40000065e-01  1.02887714e+00 
 1.40000131e-01  1.02887714e+00 
 1.40000262e-01  1.02887714e+00 
 1.40000524e-01  1.02887714e+00 
 1.40001049e-01  1.02887714e+00 
 1.40002097e-01  1.02887714e+00 
 1.40004194e-01  1.02887714e+00 
 1.40008389e-01  1.02887714e+00 
 1.40016777e-01  1.02887714e+00 
 1.40033554e-01  1.02887714e+00 
 1.40067109e-01  1.02887714e+00 
 1.40107109e-01  1.02887714e+00 
 1.40147109e-01  1.02887714e+00 
 1.40187109e-01  1.02887714e+00 
 1.40227109e-01  1.02887714e+00 
 1.40267109e-01  1.02887714e+00 
 1.40307109e-01  1.02887714e+00 
 1.40347109e-01  1.02887714e+00 
 1.40387109e-01  1.02887714e+00 
 1.40399999e-01  1.02887714e+00 
 1.40399999e-01  1.02887714e+00 
 1.40399999e-01  1.02887714e+00 
 1.40400000e-01  1.02887714e+00 
 1.40400000e-01  1.02887715e+00 
 1.40400000e-01  1.02887716e+00 
 1.40400000e-01  1.02887718e+00 
 1.40400000e-01  1.02887721e+00 
 1.40400001e-01  1.02887728e+00 
 1.40400002e-01  1.02887742e+00 
 1.40400004e-01  1.02887769e+00 
 1.40400008e-01  1.02887823e+00 
 1.40400016e-01  1.02887930e+00 
 1.40400033e-01  1.02888146e+00 
 1.40400065e-01  1.02888577e+00 
 1.40400131e-01  1.02889436e+00 
 1.40400262e-01  1.02891143e+00 
 1.40400524e-01  1.02894515e+00 
 1.40401049e-01  1.02901097e+00 
 1.40402097e-01  1.02913635e+00 
 1.40404194e-01  1.02936396e+00 
 1.40408389e-01  1.02974006e+00 
 1.40416777e-01  1.03025792e+00 
 1.40433554e-01  1.03075927e+00 
 1.40467109e-01  1.03099212e+00 
 1.40507109e-01  1.03098613e+00 
 1.40547109e-01  1.03098679e+00 
 1.40587109e-01  1.03098672e+00 
 1.40627109e-01  1.03098673e+00 
 1.40667109e-01  1.03098673e+00 
 1.40707109e-01  1.03098673e+00 
 1.40747109e-01  1.03098673e+00 
 1.40787109e-01  1.03098673e+00 
 1.40799999e-01  1.03098673e+00 
 1.40799999e-01  1.03098673e+00 
 1.40799999e-01  1.03098673e+00 
 1.40800000e-01  1.03098673e+00 
 1.40800000e-01  1.03098673e+00 
 1.40800000e-01  1.03098673e+00 
 1.40800000e-01  1.03098673e+00 
 1.40800000e-01  1.03098673e+00 
 1.40800001e-01  1.03098673e+00 
 1.40800002e-01  1.03098673e+00 
 1.40800004e-01  1.03098673e+00 
 1.40800008e-01  1.03098673e+00 
 1.40800016e-01  1.03098673e+00 
 1.40800033e-01  1.03098673e+00 
 1.40800065e-01  1.03098673e+00 
 1.40800131e-01  1.03098673e+00 
 1.40800262e-01  1.03098673e+00 
 1.40800524e-01  1.03098673e+00 
 1.40801049e-01  1.03098673e+00 
 1.40802097e-01  1.03098673e+00 
 1.40804194e-01  1.03098673e+00 
 1.40808389e-01  1.03098673e+00 
 1.40816777e-01  1.03098673e+00 
 1.40833554e-01  1.03098673e+00 
 1.40867109e-01  1.03098673e+00 
 1.40907109e-01  1.03098673e+00 
 1.40947109e-01  1.03098673e+00 
 1.40987109e-01  1.03098673e+00 
 1.41027109e-01  1.03098673e+00 
 1.41067109e-01  1.03098673e+00 
 1.41107109e-01  1.03098673e+00 
 1.41147109e-01  1.03098673e+00 
 1.41187109e-01  1.03098673e+00 
 1.41199999e-01  1.03098673e+00 
 1.41199999e-01  1.03098673e+00 
 1.41199999e-01  1.03098673e+00 
 1.41200000e-01  1.03098673e+00 
 1.41200000e-01  1.03098674e+00 
 1.41200000e-01  1.03098675e+00 
 1.41200000e-01  1.03098677e+00 
 1.41200000e-01  1.03098680e+00 
 1.41200001e-01  1.03098687e+00 
 1.41200002e-01  1.03098700e+00 
 1.41200004e-01  1.03098727e+00 
 1.41200008e-01  1.03098781e+00 
 1.41200016e-01  1.03098888e+00 
 1.41200033e-01  1.03099103e+00 
 1.41200065e-01  1.03099533e+00 
 1.41200131e-01  1.03100388e+00 
 1.41200262e-01  1.03102090e+00 
 1.41200524e-01  1.03105450e+00 
 1.41201049e-01  1.03112010e+00 
 1.41202097e-01  1.03124504e+00 
 1.41204194e-01  1.03147186e+00 
 1.41208389e-01  1.03184666e+00 
 1.41216777e-01  1.03236272e+00 
 1.41233554e-01  1.03286234e+00 
 1.41267109e-01  1.03309437e+00 
 1.41307109e-01  1.03308840e+00 
 1.41347109e-01  1.03308906e+00 
 1.41387109e-01  1.03308899e+00 
 1.41427109e-01  1.03308900e+00 
 1.41467109e-01  1.03308900e+00 
 1.41507109e-01  1.03308900e+00 
 1.41547109e-01  1.03308900e+00 
 1.41587109e-01  1.03308900e+00 
 1.41599999e-01  1.03308900e+00 
 1.41599999e-01  1.03308900e+00 
 1.41599999e-01  1.03308900e+00 
 1.41600000e-01  1.03308900e+00 
 1.41600000e-01  1.03308900e+00 
 1.41600000e-01  1.03308900e+00 
 1.41600000e-01  1.03308900e+00 
 1.41600000e-01  1.03308900e+00 
 1.41600001e-01  1.03308900e+00 
 1.41600002e-01  1.03308900e+00 
 1.41600004e-01  1.03308900e+00 
 1.41600008e-01  1.03308900e+00 
 1.41600016e-01  1.03308900e+00 
 1.41600033e-01  1.03308900e+00 
 1.41600065e-01  1.03308900e+00 
 1.41600131e-01  1.03308900e+00 
 1.41600262e-01  1.03308900e+00 
 1.41600524e-01  1.03308900e+00 
 1.41601049e-01  1.03308900e+00 
 1.41602097e-01  1.03308900e+00 
 1.41604194e-01  1.03308900e+00 
 1.41608389e-01  1.03308900e+00 
 1.41616777e-01  1.03308900e+00 
 1.41633554e-01  1.03308900e+00 
 1.41667109e-01  1.03308900e+00 
 1.41707109e-01  1.03308900e+00 
 1.41747109e-01  1.03308900e+00 
 1.41787109e-01  1.03308900e+00 
 1.41827109e-01  1.03308900e+00 
 1.41867109e-01  1.03308900e+00 
 1.41907109e-01  1.03308900e+00 
 1.41947109e-01  1.03308900e+00 
 1.41987109e-01  1.03308900e+00 
 1.41999999e-01  1.03308900e+00 
 1.41999999e-01  1.03308900e+00 
 1.41999999e-01  1.03308900e+00 
 1.42000000e-01  1.03308900e+00 
 1.42000000e-01  1.03308901e+00 
 1.42000000e-01  1.03308902e+00 
 1.42000000e-01  1.03308904e+00 
 1.42000000e-01  1.03308907e+00 
 1.42000001e-01  1.03308914e+00 
 1.42000002e-01  1.03308927e+00 
 1.42000004e-01  1.03308954e+00 
 1.42000008e-01  1.03309008e+00 
 1.42000016e-01  1.03309115e+00 
 1.42000033e-01  1.03309329e+00 
 1.42000065e-01  1.03309757e+00 
 1.42000131e-01  1.03310610e+00 
 1.42000262e-01  1.03312305e+00 
 1.42000524e-01  1.03315654e+00 
 1.42001049e-01  1.03322191e+00 
 1.42002097e-01  1.03334642e+00 
 1.42004194e-01  1.03357247e+00 
 1.42008389e-01  1.03394598e+00 
 1.42016777e-01  1.03446028e+00 
 1.42033554e-01  1.03495818e+00 
 1.42067109e-01  1.03518942e+00 
 1.42107109e-01  1.03518347e+00 
 1.42147109e-01  1.03518413e+00 
 1.42187109e-01  1.03518406e+00 
 1.42227109e-01  1.03518406e+00 
 1.42267109e-01  1.03518406e+00 
 1.42307109e-01  1.03518406e+00 
 1.42347109e-01  1.03518406e+00 
 1.42387109e-01  1.03518406e+00 
 1.42399999e-01  1.03518406e+00 
 1.42399999e-01  1.03518406e+00 
 1.42399999e-01  1.03518406e+00 
 1.42400000e-01  1.03518406e+00 
 1.42400000e-01  1.03518406e+00 
 1.42400000e-01  1.03518406e+00 
 1.42400000e-01  1.03518406e+00 
 1.42400000e-01  1.03518406e+00 
 1.42400001e-01  1.03518406e+00 
 1.42400002e-01  1.03518406e+00 
 1.42400004e-01  1.03518406e+00 
 1.42400008e-01  1.03518406e+00 
 1.42400016e-01  1.03518406e+00 
 1.42400033e-01  1.03518406e+00 
 1.42400065e-01  1.03518406e+00 
 1.42400131e-01  1.03518406e+00 
 1.42400262e-01  1.03518406e+00 
 1.42400524e-01  1.03518406e+00 
 1.42401049e-01  1.03518406e+00 
 1.42402097e-01  1.03518406e+00 
 1.42404194e-01  1.03518406e+00 
 1.42408389e-01  1.03518406e+00 
 1.42416777e-01  1.03518406e+00 
 1.42433554e-01  1.03518406e+00 
 1.42467109e-01  1.03518406e+00 
 1.42507109e-01  1.03518406e+00 
 1.42547109e-01  1.03518406e+00 
 1.42587109e-01  1.03518406e+00 
 1.42627109e-01  1.03518406e+00 
 1.42667109e-01  1.03518406e+00 
 1.42707109e-01  1.03518406e+00 
 1.42747109e-01  1.03518406e+00 
 1.42787109e-01  1.03518406e+00 
 1.42799999e-01  1.03518406e+00 
 1.42799999e-01  1.03518406e+00 
 1.42799999e-01  1.03518406e+00 
 1.42800000e-01  1.03518406e+00 
 1.42800000e-01  1.03518408e+00 
 1.42800000e-01  1.03518409e+00 
 1.42800000e-01  1.03518410e+00 
 1.42800000e-01  1.03518414e+00 
 1.42800001e-01  1.03518420e+00 
 1.42800002e-01  1.03518434e+00 
 1.42800004e-01  1.03518461e+00 
 1.42800008e-01  1.03518514e+00 
 1.42800016e-01  1.03518621e+00 
 1.42800033e-01  1.03518834e+00 
 1.42800065e-01  1.03519261e+00 
 1.42800131e-01  1.03520111e+00 
 1.42800262e-01  1.03521800e+00 
 1.42800524e-01  1.03525138e+00 
 1.42801049e-01  1.03531653e+00 
 1.42802097e-01  1.03544062e+00 
 1.42804194e-01  1.03566590e+00 
 1.42808389e-01  1.03603814e+00 
 1.42816777e-01  1.03655069e+00 
 1.42833554e-01  1.03704691e+00 
 1.42867109e-01  1.03727737e+00 
 1.42907109e-01  1.03727143e+00 
 1.42947109e-01  1.03727209e+00 
 1.42987109e-01  1.03727202e+00 
 1.43027109e-01  1.03727203e+00 
 1.43067109e-01  1.03727203e+00 
 1.43107109e-01  1.03727203e+00 
 1.43147109e-01  1.03727203e+00 
 1.43187109e-01  1.03727203e+00 
 1.43199999e-01  1.03727203e+00 
 1.43199999e-01  1.03727203e+00 
 1.43199999e-01  1.03727203e+00 
 1.43200000e-01  1.03727203e+00 
 1.43200000e-01  1.03727203e+00 
 1.43200000e-01  1.03727203e+00 
 1.43200000e-01  1.03727203e+00 
 1.43200000e-01  1.03727203e+00 
 1.43200001e-01  1.03727203e+00 
 1.43200002e-01  1.03727203e+00 
 1.43200004e-01  1.03727203e+00 
 1.43200008e-01  1.03727203e+00 
 1.43200016e-01  1.03727203e+00 
 1.43200033e-01  1.03727203e+00 
 1.43200065e-01  1.03727203e+00 
 1.43200131e-01  1.03727203e+00 
 1.43200262e-01  1.03727203e+00 
 1.43200524e-01  1.03727203e+00 
 1.43201049e-01  1.03727203e+00 
 1.43202097e-01  1.03727203e+00 
 1.43204194e-01  1.03727203e+00 
 1.43208389e-01  1.03727203e+00 
 1.43216777e-01  1.03727203e+00 
 1.43233554e-01  1.03727203e+00 
 1.43267109e-01  1.03727203e+00 
 1.43307109e-01  1.03727203e+00 
 1.43347109e-01  1.03727203e+00 
 1.43387109e-01  1.03727203e+00 
 1.43427109e-01  1.03727203e+00 
 1.43467109e-01  1.03727203e+00 
 1.43507109e-01  1.03727203e+00 
 1.43547109e-01  1.03727203e+00 
 1.43587109e-01  1.03727203e+00 
 1.43599999e-01  1.03727203e+00 
 1.43599999e-01  1.03727203e+00 
 1.43599999e-01  1.03727203e+00 
 1.43600000e-01  1.03727203e+00 
 1.43600000e-01  1.03727204e+00 
 1.43600000e-01  1.03727205e+00 
 1.43600000e-01  1.03727207e+00 
 1.43600000e-01  1.03727210e+00 
 1.43600001e-01  1.03727217e+00 
 1.43600002e-01  1.03727230e+00 
 1.43600004e-01  1.03727257e+00 
 1.43600008e-01  1.03727310e+00 
 1.43600016e-01  1.03727416e+00 
 1.43600033e-01  1.03727629e+00 
 1.43600065e-01  1.03728054e+00 
 1.43600131e-01  1.03728901e+00 
 1.43600262e-01  1.03730585e+00 
 1.43600524e-01  1.03733912e+00 
 1.43601049e-01  1.03740405e+00 
 1.43602097e-01  1.03752772e+00 
 1.43604194e-01  1.03775225e+00 
 1.43608389e-01  1.03812325e+00 
 1.43616777e-01  1.03863408e+00 
 1.43633554e-01  1.03912863e+00 
 1.43667109e-01  1.03935832e+00 
 1.43707109e-01  1.03935240e+00 
 1.43747109e-01  1.03935306e+00 
 1.43787109e-01  1.03935299e+00 
 1.43827109e-01  1.03935300e+00 
 1.43867109e-01  1.03935300e+00 
 1.43907109e-01  1.03935300e+00 
 1.43947109e-01  1.03935300e+00 
 1.43987109e-01  1.03935300e+00 
 1.43999999e-01  1.03935300e+00 
 1.43999999e-01  1.03935300e+00 
 1.43999999e-01  1.03935300e+00 
 1.44000000e-01  1.03935300e+00 
 1.44000000e-01  1.03935300e+00 
 1.44000000e-01  1.03935300e+00 
 1.44000000e-01  1.03935300e+00 
 1.44000000e-01  1.03935300e+00 
 1.44000001e-01  1.03935300e+00 
 1.44000002e-01  1.03935300e+00 
 1.44000004e-01  1.03935300e+00 
 1.44000008e-01  1.03935300e+00 
 1.44000016e-01  1.03935300e+00 
 1.44000033e-01  1.03935300e+00 
 1.44000065e-01  1.03935300e+00 
 1.44000131e-01  1.03935300e+00 
 1.44000262e-01  1.03935300e+00 
 1.44000524e-01  1.03935300e+00 
 1.44001049e-01  1.03935300e+00 
 1.44002097e-01  1.03935300e+00 
 1.44004194e-01  1.03935300e+00 
 1.44008389e-01  1.03935300e+00 
 1.44016777e-01  1.03935300e+00 
 1.44033554e-01  1.03935300e+00 
 1.44067109e-01  1.03935300e+00 
 1.44107109e-01  1.03935300e+00 
 1.44147109e-01  1.03935300e+00 
 1.44187109e-01  1.03935300e+00 
 1.44227109e-01  1.03935300e+00 
 1.44267109e-01  1.03935300e+00 
 1.44307109e-01  1.03935300e+00 
 1.44347109e-01  1.03935300e+00 
 1.44387109e-01  1.03935300e+00 
 1.44399999e-01  1.03935300e+00 
 1.44399999e-01  1.03935300e+00 
 1.44399999e-01  1.03935300e+00 
 1.44400000e-01  1.03935300e+00 
 1.44400000e-01  1.03935301e+00 
 1.44400000e-01  1.03935302e+00 
 1.44400000e-01  1.03935304e+00 
 1.44400000e-01  1.03935307e+00 
 1.44400001e-01  1.03935314e+00 
 1.44400002e-01  1.03935327e+00 
 1.44400004e-01  1.03935353e+00 
 1.44400008e-01  1.03935406e+00 
 1.44400016e-01  1.03935513e+00 
 1.44400033e-01  1.03935725e+00 
 1.44400065e-01  1.03936148e+00 
 1.44400131e-01  1.03936992e+00 
 1.44400262e-01  1.03938671e+00 
 1.44400524e-01  1.03941987e+00 
 1.44401049e-01  1.03948458e+00 
 1.44402097e-01  1.03960784e+00 
 1.44404194e-01  1.03983163e+00 
 1.44408389e-01  1.04020139e+00 
 1.44416777e-01  1.04071053e+00 
 1.44433554e-01  1.04120345e+00 
 1.44467109e-01  1.04143237e+00 
 1.44507109e-01  1.04142648e+00 
 1.44547109e-01  1.04142714e+00 
 1.44587109e-01  1.04142706e+00 
 1.44627109e-01  1.04142707e+00 
 1.44667109e-01  1.04142707e+00 
 1.44707109e-01  1.04142707e+00 
 1.44747109e-01  1.04142707e+00 
 1.44787109e-01  1.04142707e+00 
 1.44799999e-01  1.04142707e+00 
 1.44799999e-01  1.04142707e+00 
 1.44799999e-01  1.04142707e+00 
 1.44800000e-01  1.04142707e+00 
 1.44800000e-01  1.04142707e+00 
 1.44800000e-01  1.04142707e+00 
 1.44800000e-01  1.04142707e+00 
 1.44800000e-01  1.04142707e+00 
 1.44800001e-01  1.04142707e+00 
 1.44800002e-01  1.04142707e+00 
 1.44800004e-01  1.04142707e+00 
 1.44800008e-01  1.04142707e+00 
 1.44800016e-01  1.04142707e+00 
 1.44800033e-01  1.04142707e+00 
 1.44800065e-01  1.04142707e+00 
 1.44800131e-01  1.04142707e+00 
 1.44800262e-01  1.04142707e+00 
 1.44800524e-01  1.04142707e+00 
 1.44801049e-01  1.04142707e+00 
 1.44802097e-01  1.04142707e+00 
 1.44804194e-01  1.04142707e+00 
 1.44808389e-01  1.04142707e+00 
 1.44816777e-01  1.04142707e+00 
 1.44833554e-01  1.04142707e+00 
 1.44867109e-01  1.04142707e+00 
 1.44907109e-01  1.04142707e+00 
 1.44947109e-01  1.04142707e+00 
 1.44987109e-01  1.04142707e+00 
 1.45027109e-01  1.04142707e+00 
 1.45067109e-01  1.04142707e+00 
 1.45107109e-01  1.04142707e+00 
 1.45147109e-01  1.04142707e+00 
 1.45187109e-01  1.04142707e+00 
 1.45199999e-01  1.04142707e+00 
 1.45199999e-01  1.04142707e+00 
 1.45199999e-01  1.04142707e+00 
 1.45200000e-01  1.04142707e+00 
 1.45200000e-01  1.04142709e+00 
 1.45200000e-01  1.04142709e+00 
 1.45200000e-01  1.04142711e+00 
 1.45200000e-01  1.04142714e+00 
 1.45200001e-01  1.04142721e+00 
 1.45200002e-01  1.04142734e+00 
 1.45200004e-01  1.04142761e+00 
 1.45200008e-01  1.04142814e+00 
 1.45200016e-01  1.04142919e+00 
 1.45200033e-01  1.04143131e+00 
 1.45200065e-01  1.04143553e+00 
 1.45200131e-01  1.04144394e+00 
 1.45200262e-01  1.04146067e+00 
 1.45200524e-01  1.04149372e+00 
 1.45201049e-01  1.04155822e+00 
 1.45202097e-01  1.04168108e+00 
 1.45204194e-01  1.04190413e+00 
 1.45208389e-01  1.04227269e+00 
 1.45216777e-01  1.04278016e+00 
 1.45233554e-01  1.04327146e+00 
 1.45267109e-01  1.04349964e+00 
 1.45307109e-01  1.04349376e+00 
 1.45347109e-01  1.04349442e+00 
 1.45387109e-01  1.04349434e+00 
 1.45427109e-01  1.04349435e+00 
 1.45467109e-01  1.04349435e+00 
 1.45507109e-01  1.04349435e+00 
 1.45547109e-01  1.04349435e+00 
 1.45587109e-01  1.04349435e+00 
 1.45599999e-01  1.04349435e+00 
 1.45599999e-01  1.04349435e+00 
 1.45599999e-01  1.04349435e+00 
 1.45600000e-01  1.04349435e+00 
 1.45600000e-01  1.04349435e+00 
 1.45600000e-01  1.04349435e+00 
 1.45600000e-01  1.04349435e+00 
 1.45600000e-01  1.04349435e+00 
 1.45600001e-01  1.04349435e+00 
 1.45600002e-01  1.04349435e+00 
 1.45600004e-01  1.04349435e+00 
 1.45600008e-01  1.04349435e+00 
 1.45600016e-01  1.04349435e+00 
 1.45600033e-01  1.04349435e+00 
 1.45600065e-01  1.04349435e+00 
 1.45600131e-01  1.04349435e+00 
 1.45600262e-01  1.04349435e+00 
 1.45600524e-01  1.04349435e+00 
 1.45601049e-01  1.04349435e+00 
 1.45602097e-01  1.04349435e+00 
 1.45604194e-01  1.04349435e+00 
 1.45608389e-01  1.04349435e+00 
 1.45616777e-01  1.04349435e+00 
 1.45633554e-01  1.04349435e+00 
 1.45667109e-01  1.04349435e+00 
 1.45707109e-01  1.04349435e+00 
 1.45747109e-01  1.04349435e+00 
 1.45787109e-01  1.04349435e+00 
 1.45827109e-01  1.04349435e+00 
 1.45867109e-01  1.04349435e+00 
 1.45907109e-01  1.04349435e+00 
 1.45947109e-01  1.04349435e+00 
 1.45987109e-01  1.04349435e+00 
 1.45999999e-01  1.04349435e+00 
 1.45999999e-01  1.04349435e+00 
 1.45999999e-01  1.04349435e+00 
 1.46000000e-01  1.04349435e+00 
 1.46000000e-01  1.04349437e+00 
 1.46000000e-01  1.04349438e+00 
 1.46000000e-01  1.04349439e+00 
 1.46000000e-01  1.04349442e+00 
 1.46000001e-01  1.04349449e+00 
 1.46000002e-01  1.04349462e+00 
 1.46000004e-01  1.04349489e+00 
 1.46000008e-01  1.04349541e+00 
 1.46000016e-01  1.04349647e+00 
 1.46000033e-01  1.04349857e+00 
 1.46000065e-01  1.04350278e+00 
 1.46000131e-01  1.04351117e+00 
 1.46000262e-01  1.04352784e+00 
 1.46000524e-01  1.04356079e+00 
 1.46001049e-01  1.04362508e+00 
 1.46002097e-01  1.04374754e+00 
 1.46004194e-01  1.04396987e+00 
 1.46008389e-01  1.04433723e+00 
 1.46016777e-01  1.04484306e+00 
 1.46033554e-01  1.04533277e+00 
 1.46067109e-01  1.04556021e+00 
 1.46107109e-01  1.04555435e+00 
 1.46147109e-01  1.04555501e+00 
 1.46187109e-01  1.04555493e+00 
 1.46227109e-01  1.04555494e+00 
 1.46267109e-01  1.04555494e+00 
 1.46307109e-01  1.04555494e+00 
 1.46347109e-01  1.04555494e+00 
 1.46387109e-01  1.04555494e+00 
 1.46399999e-01  1.04555494e+00 
 1.46399999e-01  1.04555494e+00 
 1.46399999e-01  1.04555494e+00 
 1.46400000e-01  1.04555494e+00 
 1.46400000e-01  1.04555494e+00 
 1.46400000e-01  1.04555494e+00 
 1.46400000e-01  1.04555494e+00 
 1.46400000e-01  1.04555494e+00 
 1.46400001e-01  1.04555494e+00 
 1.46400002e-01  1.04555494e+00 
 1.46400004e-01  1.04555494e+00 
 1.46400008e-01  1.04555494e+00 
 1.46400016e-01  1.04555494e+00 
 1.46400033e-01  1.04555494e+00 
 1.46400065e-01  1.04555494e+00 
 1.46400131e-01  1.04555494e+00 
 1.46400262e-01  1.04555494e+00 
 1.46400524e-01  1.04555494e+00 
 1.46401049e-01  1.04555494e+00 
 1.46402097e-01  1.04555494e+00 
 1.46404194e-01  1.04555494e+00 
 1.46408389e-01  1.04555494e+00 
 1.46416777e-01  1.04555494e+00 
 1.46433554e-01  1.04555494e+00 
 1.46467109e-01  1.04555494e+00 
 1.46507109e-01  1.04555494e+00 
 1.46547109e-01  1.04555494e+00 
 1.46587109e-01  1.04555494e+00 
 1.46627109e-01  1.04555494e+00 
 1.46667109e-01  1.04555494e+00 
 1.46707109e-01  1.04555494e+00 
 1.46747109e-01  1.04555494e+00 
 1.46787109e-01  1.04555494e+00 
 1.46799999e-01  1.04555494e+00 
 1.46799999e-01  1.04555494e+00 
 1.46799999e-01  1.04555494e+00 
 1.46800000e-01  1.04555494e+00 
 1.46800000e-01  1.04555496e+00 
 1.46800000e-01  1.04555496e+00 
 1.46800000e-01  1.04555498e+00 
 1.46800000e-01  1.04555501e+00 
 1.46800001e-01  1.04555508e+00 
 1.46800002e-01  1.04555521e+00 
 1.46800004e-01  1.04555547e+00 
 1.46800008e-01  1.04555600e+00 
 1.46800016e-01  1.04555705e+00 
 1.46800033e-01  1.04555915e+00 
 1.46800065e-01  1.04556334e+00 
 1.46800131e-01  1.04557170e+00 
 1.46800262e-01  1.04558833e+00 
 1.46800524e-01  1.04562116e+00 
 1.46801049e-01  1.04568525e+00 
 1.46802097e-01  1.04580732e+00 
 1.46804194e-01  1.04602894e+00 
 1.46808389e-01  1.04639513e+00 
 1.46816777e-01  1.04689933e+00 
 1.46833554e-01  1.04738748e+00 
 1.46867109e-01  1.04761418e+00 
 1.46907109e-01  1.04760835e+00 
 1.46947109e-01  1.04760900e+00 
 1.46987109e-01  1.04760893e+00 
 1.47027109e-01  1.04760893e+00 
 1.47067109e-01  1.04760893e+00 
 1.47107109e-01  1.04760893e+00 
 1.47147109e-01  1.04760893e+00 
 1.47187109e-01  1.04760893e+00 
 1.47199999e-01  1.04760893e+00 
 1.47199999e-01  1.04760893e+00 
 1.47199999e-01  1.04760893e+00 
 1.47200000e-01  1.04760893e+00 
 1.47200000e-01  1.04760893e+00 
 1.47200000e-01  1.04760893e+00 
 1.47200000e-01  1.04760893e+00 
 1.47200000e-01  1.04760893e+00 
 1.47200001e-01  1.04760893e+00 
 1.47200002e-01  1.04760893e+00 
 1.47200004e-01  1.04760893e+00 
 1.47200008e-01  1.04760893e+00 
 1.47200016e-01  1.04760893e+00 
 1.47200033e-01  1.04760893e+00 
 1.47200065e-01  1.04760893e+00 
 1.47200131e-01  1.04760893e+00 
 1.47200262e-01  1.04760893e+00 
 1.47200524e-01  1.04760893e+00 
 1.47201049e-01  1.04760893e+00 
 1.47202097e-01  1.04760893e+00 
 1.47204194e-01  1.04760893e+00 
 1.47208389e-01  1.04760893e+00 
 1.47216777e-01  1.04760893e+00 
 1.47233554e-01  1.04760893e+00 
 1.47267109e-01  1.04760893e+00 
 1.47307109e-01  1.04760893e+00 
 1.47347109e-01  1.04760893e+00 
 1.47387109e-01  1.04760893e+00 
 1.47427109e-01  1.04760893e+00 
 1.47467109e-01  1.04760893e+00 
 1.47507109e-01  1.04760893e+00 
 1.47547109e-01  1.04760893e+00 
 1.47587109e-01  1.04760893e+00 
 1.47599999e-01  1.04760893e+00 
 1.47599999e-01  1.04760893e+00 
 1.47599999e-01  1.04760893e+00 
 1.47600000e-01  1.04760893e+00 
 1.47600000e-01  1.04760895e+00 
 1.47600000e-01  1.04760896e+00 
 1.47600000e-01  1.04760897e+00 
 1.47600000e-01  1.04760901e+00 
 1.47600001e-01  1.04760907e+00 
 1.47600002e-01  1.04760920e+00 
 1.47600004e-01  1.04760946e+00 
 1.47600008e-01  1.04760999e+00 
 1.47600016e-01  1.04761104e+00 
 1.47600033e-01  1.04761313e+00 
 1.47600065e-01  1.04761731e+00 
 1.47600131e-01  1.04762564e+00 
 1.47600262e-01  1.04764221e+00 
 1.47600524e-01  1.04767495e+00 
 1.47601049e-01  1.04773883e+00 
 1.47602097e-01  1.04786051e+00 
 1.47604194e-01  1.04808143e+00 
 1.47608389e-01  1.04844646e+00 
 1.47616777e-01  1.04894907e+00 
 1.47633554e-01  1.04943567e+00 
 1.47667109e-01  1.04966166e+00 
 1.47707109e-01  1.04965585e+00 
 1.47747109e-01  1.04965649e+00 
 1.47787109e-01  1.04965642e+00 
 1.47827109e-01  1.04965643e+00 
 1.47867109e-01  1.04965643e+00 
 1.47907109e-01  1.04965643e+00 
 1.47947109e-01  1.04965643e+00 
 1.47987109e-01  1.04965643e+00 
 1.47999999e-01  1.04965643e+00 
 1.47999999e-01  1.04965643e+00 
 1.47999999e-01  1.04965643e+00 
 1.48000000e-01  1.04965643e+00 
 1.48000000e-01  1.04965643e+00 
 1.48000000e-01  1.04965643e+00 
 1.48000000e-01  1.04965643e+00 
 1.48000000e-01  1.04965643e+00 
 1.48000001e-01  1.04965643e+00 
 1.48000002e-01  1.04965643e+00 
 1.48000004e-01  1.04965643e+00 
 1.48000008e-01  1.04965643e+00 
 1.48000016e-01  1.04965643e+00 
 1.48000033e-01  1.04965643e+00 
 1.48000065e-01  1.04965643e+00 
 1.48000131e-01  1.04965643e+00 
 1.48000262e-01  1.04965643e+00 
 1.48000524e-01  1.04965643e+00 
 1.48001049e-01  1.04965643e+00 
 1.48002097e-01  1.04965643e+00 
 1.48004194e-01  1.04965643e+00 
 1.48008389e-01  1.04965643e+00 
 1.48016777e-01  1.04965643e+00 
 1.48033554e-01  1.04965643e+00 
 1.48067109e-01  1.04965643e+00 
 1.48107109e-01  1.04965643e+00 
 1.48147109e-01  1.04965643e+00 
 1.48187109e-01  1.04965643e+00 
 1.48227109e-01  1.04965643e+00 
 1.48267109e-01  1.04965643e+00 
 1.48307109e-01  1.04965643e+00 
 1.48347109e-01  1.04965643e+00 
 1.48387109e-01  1.04965643e+00 
 1.48399999e-01  1.04965643e+00 
 1.48399999e-01  1.04965643e+00 
 1.48399999e-01  1.04965643e+00 
 1.48400000e-01  1.04965643e+00 
 1.48400000e-01  1.04965644e+00 
 1.48400000e-01  1.04965645e+00 
 1.48400000e-01  1.04965647e+00 
 1.48400000e-01  1.04965650e+00 
 1.48400001e-01  1.04965656e+00 
 1.48400002e-01  1.04965670e+00 
 1.48400004e-01  1.04965696e+00 
 1.48400008e-01  1.04965748e+00 
 1.48400016e-01  1.04965852e+00 
 1.48400033e-01  1.04966061e+00 
 1.48400065e-01  1.04966478e+00 
 1.48400131e-01  1.04967309e+00 
 1.48400262e-01  1.04968960e+00 
 1.48400524e-01  1.04972223e+00 
 1.48401049e-01  1.04978592e+00 
 1.48402097e-01  1.04990722e+00 
 1.48404194e-01  1.05012744e+00 
 1.48408389e-01  1.05049133e+00 
 1.48416777e-01  1.05099238e+00 
 1.48433554e-01  1.05147745e+00 
 1.48467109e-01  1.05170273e+00 
 1.48507109e-01  1.05169694e+00 
 1.48547109e-01  1.05169758e+00 
 1.48587109e-01  1.05169751e+00 
 1.48627109e-01  1.05169752e+00 
 1.48667109e-01  1.05169752e+00 
 1.48707109e-01  1.05169752e+00 
 1.48747109e-01  1.05169752e+00 
 1.48787109e-01  1.05169752e+00 
 1.48799999e-01  1.05169752e+00 
 1.48799999e-01  1.05169752e+00 
 1.48799999e-01  1.05169752e+00 
 1.48800000e-01  1.05169752e+00 
 1.48800000e-01  1.05169752e+00 
 1.48800000e-01  1.05169752e+00 
 1.48800000e-01  1.05169752e+00 
 1.48800000e-01  1.05169752e+00 
 1.48800001e-01  1.05169752e+00 
 1.48800002e-01  1.05169752e+00 
 1.48800004e-01  1.05169752e+00 
 1.48800008e-01  1.05169752e+00 
 1.48800016e-01  1.05169752e+00 
 1.48800033e-01  1.05169752e+00 
 1.48800065e-01  1.05169752e+00 
 1.48800131e-01  1.05169752e+00 
 1.48800262e-01  1.05169752e+00 
 1.48800524e-01  1.05169752e+00 
 1.48801049e-01  1.05169752e+00 
 1.48802097e-01  1.05169752e+00 
 1.48804194e-01  1.05169752e+00 
 1.48808389e-01  1.05169752e+00 
 1.48816777e-01  1.05169752e+00 
 1.48833554e-01  1.05169752e+00 
 1.48867109e-01  1.05169752e+00 
 1.48907109e-01  1.05169752e+00 
 1.48947109e-01  1.05169752e+00 
 1.48987109e-01  1.05169752e+00 
 1.49027109e-01  1.05169752e+00 
 1.49067109e-01  1.05169752e+00 
 1.49107109e-01  1.05169752e+00 
 1.49147109e-01  1.05169752e+00 
 1.49187109e-01  1.05169752e+00 
 1.49199999e-01  1.05169752e+00 
 1.49199999e-01  1.05169752e+00 
 1.49199999e-01  1.05169752e+00 
 1.49200000e-01  1.05169752e+00 
 1.49200000e-01  1.05169753e+00 
 1.49200000e-01  1.05169754e+00 
 1.49200000e-01  1.05169756e+00 
 1.49200000e-01  1.05169759e+00 
 1.49200001e-01  1.05169765e+00 
 1.49200002e-01  1.05169778e+00 
 1.49200004e-01  1.05169804e+00 
 1.49200008e-01  1.05169856e+00 
 1.49200016e-01  1.05169961e+00 
 1.49200033e-01  1.05170169e+00 
 1.49200065e-01  1.05170584e+00 
 1.49200131e-01  1.05171412e+00 
 1.49200262e-01  1.05173059e+00 
 1.49200524e-01  1.05176312e+00 
 1.49201049e-01  1.05182660e+00 
 1.49202097e-01  1.05194753e+00 
 1.49204194e-01  1.05216708e+00 
 1.49208389e-01  1.05252984e+00 
 1.49216777e-01  1.05302933e+00 
 1.49233554e-01  1.05351291e+00 
 1.49267109e-01  1.05373750e+00 
 1.49307109e-01  1.05373172e+00 
 1.49347109e-01  1.05373236e+00 
 1.49387109e-01  1.05373229e+00 
 1.49427109e-01  1.05373229e+00 
 1.49467109e-01  1.05373229e+00 
 1.49507109e-01  1.05373229e+00 
 1.49547109e-01  1.05373229e+00 
 1.49587109e-01  1.05373229e+00 
 1.49599999e-01  1.05373229e+00 
 1.49599999e-01  1.05373229e+00 
 1.49599999e-01  1.05373229e+00 
 1.49600000e-01  1.05373229e+00 
 1.49600000e-01  1.05373229e+00 
 1.49600000e-01  1.05373229e+00 
 1.49600000e-01  1.05373229e+00 
 1.49600000e-01  1.05373229e+00 
 1.49600001e-01  1.05373229e+00 
 1.49600002e-01  1.05373229e+00 
 1.49600004e-01  1.05373229e+00 
 1.49600008e-01  1.05373229e+00 
 1.49600016e-01  1.05373229e+00 
 1.49600033e-01  1.05373229e+00 
 1.49600065e-01  1.05373229e+00 
 1.49600131e-01  1.05373229e+00 
 1.49600262e-01  1.05373229e+00 
 1.49600524e-01  1.05373229e+00 
 1.49601049e-01  1.05373229e+00 
 1.49602097e-01  1.05373229e+00 
 1.49604194e-01  1.05373229e+00 
 1.49608389e-01  1.05373229e+00 
 1.49616777e-01  1.05373229e+00 
 1.49633554e-01  1.05373229e+00 
 1.49667109e-01  1.05373229e+00 
 1.49707109e-01  1.05373229e+00 
 1.49747109e-01  1.05373229e+00 
 1.49787109e-01  1.05373229e+00 
 1.49827109e-01  1.05373229e+00 
 1.49867109e-01  1.05373229e+00 
 1.49907109e-01  1.05373229e+00 
 1.49947109e-01  1.05373229e+00 
 1.49987109e-01  1.05373229e+00 
 1.49999999e-01  1.05373229e+00 
 1.49999999e-01  1.05373229e+00 
 1.49999999e-01  1.05373229e+00 
 1.50000000e-01  1.05373229e+00 
 1.50000000e-01  1.05373231e+00 
 1.50000000e-01  1.05373232e+00 
 1.50000000e-01  1.05373233e+00 
 1.50000000e-01  1.05373237e+00 
 1.50000001e-01  1.05373243e+00 
 1.50000002e-01  1.05373256e+00 
 1.50000004e-01  1.05373282e+00 
 1.50000008e-01  1.05373334e+00 
 1.50000016e-01  1.05373438e+00 
 1.50000033e-01  1.05373645e+00 
 1.50000065e-01  1.05374059e+00 
 1.50000131e-01  1.05374885e+00 
 1.50000262e-01  1.05376527e+00 
 1.50000524e-01  1.05379770e+00 
 1.50001049e-01  1.05386099e+00 
 1.50002097e-01  1.05398155e+00 
 1.50004194e-01  1.05420042e+00 
 1.50008389e-01  1.05456207e+00 
 1.50016777e-01  1.05506004e+00 
 1.50033554e-01  1.05554214e+00 
 1.50067109e-01  1.05576604e+00 
 1.50107109e-01  1.05576027e+00 
 1.50147109e-01  1.05576091e+00 
 1.50187109e-01  1.05576084e+00 
 1.50227109e-01  1.05576085e+00 
 1.50267109e-01  1.05576085e+00 
 1.50307109e-01  1.05576085e+00 
 1.50347109e-01  1.05576085e+00 
 1.50387109e-01  1.05576085e+00 
 1.50399999e-01  1.05576085e+00 
 1.50399999e-01  1.05576085e+00 
 1.50399999e-01  1.05576085e+00 
 1.50400000e-01  1.05576085e+00 
 1.50400000e-01  1.05576085e+00 
 1.50400000e-01  1.05576085e+00 
 1.50400000e-01  1.05576085e+00 
 1.50400000e-01  1.05576085e+00 
 1.50400001e-01  1.05576085e+00 
 1.50400002e-01  1.05576085e+00 
 1.50400004e-01  1.05576085e+00 
 1.50400008e-01  1.05576085e+00 
 1.50400016e-01  1.05576085e+00 
 1.50400033e-01  1.05576085e+00 
 1.50400065e-01  1.05576085e+00 
 1.50400131e-01  1.05576085e+00 
 1.50400262e-01  1.05576085e+00 
 1.50400524e-01  1.05576085e+00 
 1.50401049e-01  1.05576085e+00 
 1.50402097e-01  1.05576085e+00 
 1.50404194e-01  1.05576085e+00 
 1.50408389e-01  1.05576085e+00 
 1.50416777e-01  1.05576085e+00 
 1.50433554e-01  1.05576085e+00 
 1.50467109e-01  1.05576085e+00 
 1.50507109e-01  1.05576085e+00 
 1.50547109e-01  1.05576085e+00 
 1.50587109e-01  1.05576085e+00 
 1.50627109e-01  1.05576085e+00 
 1.50667109e-01  1.05576085e+00 
 1.50707109e-01  1.05576085e+00 
 1.50747109e-01  1.05576085e+00 
 1.50787109e-01  1.05576085e+00 
 1.50799999e-01  1.05576085e+00 
 1.50799999e-01  1.05576085e+00 
 1.50799999e-01  1.05576085e+00 
 1.50800000e-01  1.05576085e+00 
 1.50800000e-01  1.05576086e+00 
 1.50800000e-01  1.05576087e+00 
 1.50800000e-01  1.05576089e+00 
 1.50800000e-01  1.05576092e+00 
 1.50800001e-01  1.05576099e+00 
 1.50800002e-01  1.05576112e+00 
 1.50800004e-01  1.05576137e+00 
 1.50800008e-01  1.05576189e+00 
 1.50800016e-01  1.05576293e+00 
 1.50800033e-01  1.05576499e+00 
 1.50800065e-01  1.05576912e+00 
 1.50800131e-01  1.05577736e+00 
 1.50800262e-01  1.05579372e+00 
 1.50800524e-01  1.05582605e+00 
 1.50801049e-01  1.05588915e+00 
 1.50802097e-01  1.05600935e+00 
 1.50804194e-01  1.05622756e+00 
 1.50808389e-01  1.05658812e+00 
 1.50816777e-01  1.05708458e+00 
 1.50833554e-01  1.05756522e+00 
 1.50867109e-01  1.05778845e+00 
 1.50907109e-01  1.05778270e+00 
 1.50947109e-01  1.05778334e+00 
 1.50987109e-01  1.05778327e+00 
 1.51027109e-01  1.05778328e+00 
 1.51067109e-01  1.05778328e+00 
 1.51107109e-01  1.05778328e+00 
 1.51147109e-01  1.05778328e+00 
 1.51187109e-01  1.05778328e+00 
 1.51199999e-01  1.05778328e+00 
 1.51199999e-01  1.05778328e+00 
 1.51199999e-01  1.05778328e+00 
 1.51200000e-01  1.05778328e+00 
 1.51200000e-01  1.05778328e+00 
 1.51200000e-01  1.05778328e+00 
 1.51200000e-01  1.05778328e+00 
 1.51200000e-01  1.05778328e+00 
 1.51200001e-01  1.05778328e+00 
 1.51200002e-01  1.05778328e+00 
 1.51200004e-01  1.05778328e+00 
 1.51200008e-01  1.05778328e+00 
 1.51200016e-01  1.05778328e+00 
 1.51200033e-01  1.05778328e+00 
 1.51200065e-01  1.05778328e+00 
 1.51200131e-01  1.05778328e+00 
 1.51200262e-01  1.05778328e+00 
 1.51200524e-01  1.05778328e+00 
 1.51201049e-01  1.05778328e+00 
 1.51202097e-01  1.05778328e+00 
 1.51204194e-01  1.05778328e+00 
 1.51208389e-01  1.05778328e+00 
 1.51216777e-01  1.05778328e+00 
 1.51233554e-01  1.05778328e+00 
 1.51267109e-01  1.05778328e+00 
 1.51307109e-01  1.05778328e+00 
 1.51347109e-01  1.05778328e+00 
 1.51387109e-01  1.05778328e+00 
 1.51427109e-01  1.05778328e+00 
 1.51467109e-01  1.05778328e+00 
 1.51507109e-01  1.05778328e+00 
 1.51547109e-01  1.05778328e+00 
 1.51587109e-01  1.05778328e+00 
 1.51599999e-01  1.05778328e+00 
 1.51599999e-01  1.05778328e+00 
 1.51599999e-01  1.05778328e+00 
 1.51600000e-01  1.05778328e+00 
 1.51600000e-01  1.05778329e+00 
 1.51600000e-01  1.05778330e+00 
 1.51600000e-01  1.05778332e+00 
 1.51600000e-01  1.05778335e+00 
 1.51600001e-01  1.05778341e+00 
 1.51600002e-01  1.05778354e+00 
 1.51600004e-01  1.05778380e+00 
 1.51600008e-01  1.05778432e+00 
 1.51600016e-01  1.05778535e+00 
 1.51600033e-01  1.05778741e+00 
 1.51600065e-01  1.05779153e+00 
 1.51600131e-01  1.05779973e+00 
 1.51600262e-01  1.05781605e+00 
 1.51600524e-01  1.05784829e+00 
 1.51601049e-01  1.05791120e+00 
 1.51602097e-01  1.05803103e+00 
 1.51604194e-01  1.05824859e+00 
 1.51608389e-01  1.05860808e+00 
 1.51616777e-01  1.05910305e+00 
 1.51633554e-01  1.05958226e+00 
 1.51667109e-01  1.05980482e+00 
 1.51707109e-01  1.05979909e+00 
 1.51747109e-01  1.05979972e+00 
 1.51787109e-01  1.05979965e+00 
 1.51827109e-01  1.05979966e+00 
 1.51867109e-01  1.05979966e+00 
 1.51907109e-01  1.05979966e+00 
 1.51947109e-01  1.05979966e+00 
 1.51987109e-01  1.05979966e+00 
 1.51999999e-01  1.05979966e+00 
 1.51999999e-01  1.05979966e+00 
 1.51999999e-01  1.05979966e+00 
 1.52000000e-01  1.05979966e+00 
 1.52000000e-01  1.05979966e+00 
 1.52000000e-01  1.05979966e+00 
 1.52000000e-01  1.05979966e+00 
 1.52000000e-01  1.05979966e+00 
 1.52000001e-01  1.05979966e+00 
 1.52000002e-01  1.05979966e+00 
 1.52000004e-01  1.05979966e+00 
 1.52000008e-01  1.05979966e+00 
 1.52000016e-01  1.05979966e+00 
 1.52000033e-01  1.05979966e+00 
 1.52000065e-01  1.05979966e+00 
 1.52000131e-01  1.05979966e+00 
 1.52000262e-01  1.05979966e+00 
 1.52000524e-01  1.05979966e+00 
 1.52001049e-01  1.05979966e+00 
 1.52002097e-01  1.05979966e+00 
 1.52004194e-01  1.05979966e+00 
 1.52008389e-01  1.05979966e+00 
 1.52016777e-01  1.05979966e+00 
 1.52033554e-01  1.05979966e+00 
 1.52067109e-01  1.05979966e+00 
 1.52107109e-01  1.05979966e+00 
 1.52147109e-01  1.05979966e+00 
 1.52187109e-01  1.05979966e+00 
 1.52227109e-01  1.05979966e+00 
 1.52267109e-01  1.05979966e+00 
 1.52307109e-01  1.05979966e+00 
 1.52347109e-01  1.05979966e+00 
 1.52387109e-01  1.05979966e+00 
 1.52399999e-01  1.05979966e+00 
 1.52399999e-01  1.05979966e+00 
 1.52399999e-01  1.05979966e+00 
 1.52400000e-01  1.05979966e+00 
 1.52400000e-01  1.05979968e+00 
 1.52400000e-01  1.05979968e+00 
 1.52400000e-01  1.05979970e+00 
 1.52400000e-01  1.05979973e+00 
 1.52400001e-01  1.05979980e+00 
 1.52400002e-01  1.05979992e+00 
 1.52400004e-01  1.05980018e+00 
 1.52400008e-01  1.05980070e+00 
 1.52400016e-01  1.05980172e+00 
 1.52400033e-01  1.05980378e+00 
 1.52400065e-01  1.05980788e+00 
 1.52400131e-01  1.05981607e+00 
 1.52400262e-01  1.05983234e+00 
 1.52400524e-01  1.05986448e+00 
 1.52401049e-01  1.05992720e+00 
 1.52402097e-01  1.06004669e+00 
 1.52404194e-01  1.06026360e+00 
 1.52408389e-01  1.06062203e+00 
 1.52416777e-01  1.06111554e+00 
 1.52433554e-01  1.06159333e+00 
 1.52467109e-01  1.06181523e+00 
 1.52507109e-01  1.06180952e+00 
 1.52547109e-01  1.06181015e+00 
 1.52587109e-01  1.06181008e+00 
 1.52627109e-01  1.06181009e+00 
 1.52667109e-01  1.06181009e+00 
 1.52707109e-01  1.06181009e+00 
 1.52747109e-01  1.06181009e+00 
 1.52787109e-01  1.06181009e+00 
 1.52799999e-01  1.06181009e+00 
 1.52799999e-01  1.06181009e+00 
 1.52799999e-01  1.06181009e+00 
 1.52800000e-01  1.06181009e+00 
 1.52800000e-01  1.06181009e+00 
 1.52800000e-01  1.06181009e+00 
 1.52800000e-01  1.06181009e+00 
 1.52800000e-01  1.06181009e+00 
 1.52800001e-01  1.06181009e+00 
 1.52800002e-01  1.06181009e+00 
 1.52800004e-01  1.06181009e+00 
 1.52800008e-01  1.06181009e+00 
 1.52800016e-01  1.06181009e+00 
 1.52800033e-01  1.06181009e+00 
 1.52800065e-01  1.06181009e+00 
 1.52800131e-01  1.06181009e+00 
 1.52800262e-01  1.06181009e+00 
 1.52800524e-01  1.06181009e+00 
 1.52801049e-01  1.06181009e+00 
 1.52802097e-01  1.06181009e+00 
 1.52804194e-01  1.06181009e+00 
 1.52808389e-01  1.06181009e+00 
 1.52816777e-01  1.06181009e+00 
 1.52833554e-01  1.06181009e+00 
 1.52867109e-01  1.06181009e+00 
 1.52907109e-01  1.06181009e+00 
 1.52947109e-01  1.06181009e+00 
 1.52987109e-01  1.06181009e+00 
 1.53027109e-01  1.06181009e+00 
 1.53067109e-01  1.06181009e+00 
 1.53107109e-01  1.06181009e+00 
 1.53147109e-01  1.06181009e+00 
 1.53187109e-01  1.06181009e+00 
 1.53199999e-01  1.06181009e+00 
 1.53199999e-01  1.06181009e+00 
 1.53199999e-01  1.06181009e+00 
 1.53200000e-01  1.06181009e+00 
 1.53200000e-01  1.06181010e+00 
 1.53200000e-01  1.06181011e+00 
 1.53200000e-01  1.06181013e+00 
 1.53200000e-01  1.06181016e+00 
 1.53200001e-01  1.06181022e+00 
 1.53200002e-01  1.06181035e+00 
 1.53200004e-01  1.06181061e+00 
 1.53200008e-01  1.06181112e+00 
 1.53200016e-01  1.06181215e+00 
 1.53200033e-01  1.06181420e+00 
 1.53200065e-01  1.06181829e+00 
 1.53200131e-01  1.06182645e+00 
 1.53200262e-01  1.06184267e+00 
 1.53200524e-01  1.06187472e+00 
 1.53201049e-01  1.06193726e+00 
 1.53202097e-01  1.06205639e+00 
 1.53204194e-01  1.06227268e+00 
 1.53208389e-01  1.06263005e+00 
 1.53216777e-01  1.06312213e+00 
 1.53233554e-01  1.06359852e+00 
 1.53267109e-01  1.06381977e+00 
 1.53307109e-01  1.06381408e+00 
 1.53347109e-01  1.06381471e+00 
 1.53387109e-01  1.06381464e+00 
 1.53427109e-01  1.06381465e+00 
 1.53467109e-01  1.06381465e+00 
 1.53507109e-01  1.06381465e+00 
 1.53547109e-01  1.06381465e+00 
 1.53587109e-01  1.06381465e+00 
 1.53599999e-01  1.06381465e+00 
 1.53599999e-01  1.06381465e+00 
 1.53599999e-01  1.06381465e+00 
 1.53600000e-01  1.06381465e+00 
 1.53600000e-01  1.06381465e+00 
 1.53600000e-01  1.06381465e+00 
 1.53600000e-01  1.06381465e+00 
 1.53600000e-01  1.06381465e+00 
 1.53600001e-01  1.06381465e+00 
 1.53600002e-01  1.06381465e+00 
 1.53600004e-01  1.06381465e+00 
 1.53600008e-01  1.06381465e+00 
 1.53600016e-01  1.06381465e+00 
 1.53600033e-01  1.06381465e+00 
 1.53600065e-01  1.06381465e+00 
 1.53600131e-01  1.06381465e+00 
 1.53600262e-01  1.06381465e+00 
 1.53600524e-01  1.06381465e+00 
 1.53601049e-01  1.06381465e+00 
 1.53602097e-01  1.06381465e+00 
 1.53604194e-01  1.06381465e+00 
 1.53608389e-01  1.06381465e+00 
 1.53616777e-01  1.06381465e+00 
 1.53633554e-01  1.06381465e+00 
 1.53667109e-01  1.06381465e+00 
 1.53707109e-01  1.06381465e+00 
 1.53747109e-01  1.06381465e+00 
 1.53787109e-01  1.06381465e+00 
 1.53827109e-01  1.06381465e+00 
 1.53867109e-01  1.06381465e+00 
 1.53907109e-01  1.06381465e+00 
 1.53947109e-01  1.06381465e+00 
 1.53987109e-01  1.06381465e+00 
 1.53999999e-01  1.06381465e+00 
 1.53999999e-01  1.06381465e+00 
 1.53999999e-01  1.06381465e+00 
 1.54000000e-01  1.06381465e+00 
 1.54000000e-01  1.06381466e+00 
 1.54000000e-01  1.06381467e+00 
 1.54000000e-01  1.06381469e+00 
 1.54000000e-01  1.06381472e+00 
 1.54000001e-01  1.06381478e+00 
 1.54000002e-01  1.06381491e+00 
 1.54000004e-01  1.06381517e+00 
 1.54000008e-01  1.06381568e+00 
 1.54000016e-01  1.06381670e+00 
 1.54000033e-01  1.06381874e+00 
 1.54000065e-01  1.06382283e+00 
 1.54000131e-01  1.06383096e+00 
 1.54000262e-01  1.06384714e+00 
 1.54000524e-01  1.06387909e+00 
 1.54001049e-01  1.06394145e+00 
 1.54002097e-01  1.06406024e+00 
 1.54004194e-01  1.06427590e+00 
 1.54008389e-01  1.06463225e+00 
 1.54016777e-01  1.06512290e+00 
 1.54033554e-01  1.06559792e+00 
 1.54067109e-01  1.06581853e+00 
 1.54107109e-01  1.06581285e+00 
 1.54147109e-01  1.06581349e+00 
 1.54187109e-01  1.06581342e+00 
 1.54227109e-01  1.06581342e+00 
 1.54267109e-01  1.06581342e+00 
 1.54307109e-01  1.06581342e+00 
 1.54347109e-01  1.06581342e+00 
 1.54387109e-01  1.06581342e+00 
 1.54399999e-01  1.06581342e+00 
 1.54399999e-01  1.06581342e+00 
 1.54399999e-01  1.06581342e+00 
 1.54400000e-01  1.06581342e+00 
 1.54400000e-01  1.06581342e+00 
 1.54400000e-01  1.06581342e+00 
 1.54400000e-01  1.06581342e+00 
 1.54400000e-01  1.06581342e+00 
 1.54400001e-01  1.06581342e+00 
 1.54400002e-01  1.06581342e+00 
 1.54400004e-01  1.06581342e+00 
 1.54400008e-01  1.06581342e+00 
 1.54400016e-01  1.06581342e+00 
 1.54400033e-01  1.06581342e+00 
 1.54400065e-01  1.06581342e+00 
 1.54400131e-01  1.06581342e+00 
 1.54400262e-01  1.06581342e+00 
 1.54400524e-01  1.06581342e+00 
 1.54401049e-01  1.06581342e+00 
 1.54402097e-01  1.06581342e+00 
 1.54404194e-01  1.06581342e+00 
 1.54408389e-01  1.06581342e+00 
 1.54416777e-01  1.06581342e+00 
 1.54433554e-01  1.06581342e+00 
 1.54467109e-01  1.06581342e+00 
 1.54507109e-01  1.06581342e+00 
 1.54547109e-01  1.06581342e+00 
 1.54587109e-01  1.06581342e+00 
 1.54627109e-01  1.06581342e+00 
 1.54667109e-01  1.06581342e+00 
 1.54707109e-01  1.06581342e+00 
 1.54747109e-01  1.06581342e+00 
 1.54787109e-01  1.06581342e+00 
 1.54799999e-01  1.06581342e+00 
 1.54799999e-01  1.06581342e+00 
 1.54799999e-01  1.06581342e+00 
 1.54800000e-01  1.06581342e+00 
 1.54800000e-01  1.06581344e+00 
 1.54800000e-01  1.06581345e+00 
 1.54800000e-01  1.06581346e+00 
 1.54800000e-01  1.06581349e+00 
 1.54800001e-01  1.06581356e+00 
 1.54800002e-01  1.06581368e+00 
 1.54800004e-01  1.06581394e+00 
 1.54800008e-01  1.06581445e+00 
 1.54800016e-01  1.06581547e+00 
 1.54800033e-01  1.06581751e+00 
 1.54800065e-01  1.06582158e+00 
 1.54800131e-01  1.06582969e+00 
 1.54800262e-01  1.06584582e+00 
 1.54800524e-01  1.06587768e+00 
 1.54801049e-01  1.06593987e+00 
 1.54802097e-01  1.06605832e+00 
 1.54804194e-01  1.06627336e+00 
 1.54808389e-01  1.06662869e+00 
 1.54816777e-01  1.06711794e+00 
 1.54833554e-01  1.06759161e+00 
 1.54867109e-01  1.06781159e+00 
 1.54907109e-01  1.06780593e+00 
 1.54947109e-01  1.06780656e+00 
 1.54987109e-01  1.06780649e+00 
 1.55027109e-01  1.06780650e+00 
 1.55067109e-01  1.06780649e+00 
 1.55107109e-01  1.06780649e+00 
 1.55147109e-01  1.06780649e+00 
 1.55187109e-01  1.06780649e+00 
 1.55199999e-01  1.06780649e+00 
 1.55199999e-01  1.06780649e+00 
 1.55199999e-01  1.06780649e+00 
 1.55200000e-01  1.06780649e+00 
 1.55200000e-01  1.06780649e+00 
 1.55200000e-01  1.06780649e+00 
 1.55200000e-01  1.06780649e+00 
 1.55200000e-01  1.06780649e+00 
 1.55200001e-01  1.06780649e+00 
 1.55200002e-01  1.06780649e+00 
 1.55200004e-01  1.06780649e+00 
 1.55200008e-01  1.06780649e+00 
 1.55200016e-01  1.06780649e+00 
 1.55200033e-01  1.06780649e+00 
 1.55200065e-01  1.06780649e+00 
 1.55200131e-01  1.06780649e+00 
 1.55200262e-01  1.06780649e+00 
 1.55200524e-01  1.06780649e+00 
 1.55201049e-01  1.06780649e+00 
 1.55202097e-01  1.06780649e+00 
 1.55204194e-01  1.06780649e+00 
 1.55208389e-01  1.06780649e+00 
 1.55216777e-01  1.06780649e+00 
 1.55233554e-01  1.06780649e+00 
 1.55267109e-01  1.06780649e+00 
 1.55307109e-01  1.06780649e+00 
 1.55347109e-01  1.06780649e+00 
 1.55387109e-01  1.06780649e+00 
 1.55427109e-01  1.06780649e+00 
 1.55467109e-01  1.06780649e+00 
 1.55507109e-01  1.06780649e+00 
 1.55547109e-01  1.06780649e+00 
 1.55587109e-01  1.06780649e+00 
 1.55599999e-01  1.06780649e+00 
 1.55599999e-01  1.06780649e+00 
 1.55599999e-01  1.06780649e+00 
 1.55600000e-01  1.06780649e+00 
 1.55600000e-01  1.06780651e+00 
 1.55600000e-01  1.06780652e+00 
 1.55600000e-01  1.06780653e+00 
 1.55600000e-01  1.06780656e+00 
 1.55600001e-01  1.06780663e+00 
 1.55600002e-01  1.06780676e+00 
 1.55600004e-01  1.06780701e+00 
 1.55600008e-01  1.06780752e+00 
 1.55600016e-01  1.06780854e+00 
 1.55600033e-01  1.06781057e+00 
 1.55600065e-01  1.06781463e+00 
 1.55600131e-01  1.06782272e+00 
 1.55600262e-01  1.06783880e+00 
 1.55600524e-01  1.06787057e+00 
 1.55601049e-01  1.06793258e+00 
 1.55602097e-01  1.06805070e+00 
 1.55604194e-01  1.06826513e+00 
 1.55608389e-01  1.06861946e+00 
 1.55616777e-01  1.06910734e+00 
 1.55633554e-01  1.06957966e+00 
 1.55667109e-01  1.06979903e+00 
 1.55707109e-01  1.06979338e+00 
 1.55747109e-01  1.06979401e+00 
 1.55787109e-01  1.06979394e+00 
 1.55827109e-01  1.06979395e+00 
 1.55867109e-01  1.06979395e+00 
 1.55907109e-01  1.06979395e+00 
 1.55947109e-01  1.06979395e+00 
 1.55987109e-01  1.06979395e+00 
 1.55999999e-01  1.06979395e+00 
 1.55999999e-01  1.06979395e+00 
 1.55999999e-01  1.06979395e+00 
 1.56000000e-01  1.06979395e+00 
 1.56000000e-01  1.06979395e+00 
 1.56000000e-01  1.06979395e+00 
 1.56000000e-01  1.06979395e+00 
 1.56000000e-01  1.06979395e+00 
 1.56000001e-01  1.06979395e+00 
 1.56000002e-01  1.06979395e+00 
 1.56000004e-01  1.06979395e+00 
 1.56000008e-01  1.06979395e+00 
 1.56000016e-01  1.06979395e+00 
 1.56000033e-01  1.06979395e+00 
 1.56000065e-01  1.06979395e+00 
 1.56000131e-01  1.06979395e+00 
 1.56000262e-01  1.06979395e+00 
 1.56000524e-01  1.06979395e+00 
 1.56001049e-01  1.06979395e+00 
 1.56002097e-01  1.06979395e+00 
 1.56004194e-01  1.06979395e+00 
 1.56008389e-01  1.06979395e+00 
 1.56016777e-01  1.06979395e+00 
 1.56033554e-01  1.06979395e+00 
 1.56067109e-01  1.06979395e+00 
 1.56107109e-01  1.06979395e+00 
 1.56147109e-01  1.06979395e+00 
 1.56187109e-01  1.06979395e+00 
 1.56227109e-01  1.06979395e+00 
 1.56267109e-01  1.06979395e+00 
 1.56307109e-01  1.06979395e+00 
 1.56347109e-01  1.06979395e+00 
 1.56387109e-01  1.06979395e+00 
 1.56399999e-01  1.06979395e+00 
 1.56399999e-01  1.06979395e+00 
 1.56399999e-01  1.06979395e+00 
 1.56400000e-01  1.06979395e+00 
 1.56400000e-01  1.06979396e+00 
 1.56400000e-01  1.06979397e+00 
 1.56400000e-01  1.06979398e+00 
 1.56400000e-01  1.06979402e+00 
 1.56400001e-01  1.06979408e+00 
 1.56400002e-01  1.06979421e+00 
 1.56400004e-01  1.06979446e+00 
 1.56400008e-01  1.06979497e+00 
 1.56400016e-01  1.06979598e+00 
 1.56400033e-01  1.06979801e+00 
 1.56400065e-01  1.06980205e+00 
 1.56400131e-01  1.06981012e+00 
 1.56400262e-01  1.06982616e+00 
 1.56400524e-01  1.06985784e+00 
 1.56401049e-01  1.06991968e+00 
 1.56402097e-01  1.07003747e+00 
 1.56404194e-01  1.07025131e+00 
 1.56408389e-01  1.07060464e+00 
 1.56416777e-01  1.07109116e+00 
 1.56433554e-01  1.07156217e+00 
 1.56467109e-01  1.07178092e+00 
 1.56507109e-01  1.07177529e+00 
 1.56547109e-01  1.07177592e+00 
 1.56587109e-01  1.07177585e+00 
 1.56627109e-01  1.07177586e+00 
 1.56667109e-01  1.07177586e+00 
 1.56707109e-01  1.07177586e+00 
 1.56747109e-01  1.07177586e+00 
 1.56787109e-01  1.07177586e+00 
 1.56799999e-01  1.07177586e+00 
 1.56799999e-01  1.07177586e+00 
 1.56799999e-01  1.07177586e+00 
 1.56800000e-01  1.07177586e+00 
 1.56800000e-01  1.07177586e+00 
 1.56800000e-01  1.07177586e+00 
 1.56800000e-01  1.07177586e+00 
 1.56800000e-01  1.07177586e+00 
 1.56800001e-01  1.07177586e+00 
 1.56800002e-01  1.07177586e+00 
 1.56800004e-01  1.07177586e+00 
 1.56800008e-01  1.07177586e+00 
 1.56800016e-01  1.07177586e+00 
 1.56800033e-01  1.07177586e+00 
 1.56800065e-01  1.07177586e+00 
 1.56800131e-01  1.07177586e+00 
 1.56800262e-01  1.07177586e+00 
 1.56800524e-01  1.07177586e+00 
 1.56801049e-01  1.07177586e+00 
 1.56802097e-01  1.07177586e+00 
 1.56804194e-01  1.07177586e+00 
 1.56808389e-01  1.07177586e+00 
 1.56816777e-01  1.07177586e+00 
 1.56833554e-01  1.07177586e+00 
 1.56867109e-01  1.07177586e+00 
 1.56907109e-01  1.07177586e+00 
 1.56947109e-01  1.07177586e+00 
 1.56987109e-01  1.07177586e+00 
 1.57027109e-01  1.07177586e+00 
 1.57067109e-01  1.07177586e+00 
 1.57107109e-01  1.07177586e+00 
 1.57147109e-01  1.07177586e+00 
 1.57187109e-01  1.07177586e+00 
 1.57199999e-01  1.07177586e+00 
 1.57199999e-01  1.07177586e+00 
 1.57199999e-01  1.07177586e+00 
 1.57200000e-01  1.07177586e+00 
 1.57200000e-01  1.07177587e+00 
 1.57200000e-01  1.07177588e+00 
 1.57200000e-01  1.07177589e+00 
 1.57200000e-01  1.07177593e+00 
 1.57200001e-01  1.07177599e+00 
 1.57200002e-01  1.07177612e+00 
 1.57200004e-01  1.07177637e+00 
 1.57200008e-01  1.07177687e+00 
 1.57200016e-01  1.07177789e+00 
 1.57200033e-01  1.07177991e+00 
 1.57200065e-01  1.07178394e+00 
 1.57200131e-01  1.07179199e+00 
 1.57200262e-01  1.07180798e+00 
 1.57200524e-01  1.07183958e+00 
 1.57201049e-01  1.07190124e+00 
 1.57202097e-01  1.07201871e+00 
 1.57204194e-01  1.07223196e+00 
 1.57208389e-01  1.07258432e+00 
 1.57216777e-01  1.07306949e+00 
 1.57233554e-01  1.07353921e+00 
 1.57267109e-01  1.07375736e+00 
 1.57307109e-01  1.07375174e+00 
 1.57347109e-01  1.07375237e+00 
 1.57387109e-01  1.07375230e+00 
 1.57427109e-01  1.07375230e+00 
 1.57467109e-01  1.07375230e+00 
 1.57507109e-01  1.07375230e+00 
 1.57547109e-01  1.07375230e+00 
 1.57587109e-01  1.07375230e+00 
 1.57599999e-01  1.07375230e+00 
 1.57599999e-01  1.07375230e+00 
 1.57599999e-01  1.07375230e+00 
 1.57600000e-01  1.07375230e+00 
 1.57600000e-01  1.07375230e+00 
 1.57600000e-01  1.07375230e+00 
 1.57600000e-01  1.07375230e+00 
 1.57600000e-01  1.07375230e+00 
 1.57600001e-01  1.07375230e+00 
 1.57600002e-01  1.07375230e+00 
 1.57600004e-01  1.07375230e+00 
 1.57600008e-01  1.07375230e+00 
 1.57600016e-01  1.07375230e+00 
 1.57600033e-01  1.07375230e+00 
 1.57600065e-01  1.07375230e+00 
 1.57600131e-01  1.07375230e+00 
 1.57600262e-01  1.07375230e+00 
 1.57600524e-01  1.07375230e+00 
 1.57601049e-01  1.07375230e+00 
 1.57602097e-01  1.07375230e+00 
 1.57604194e-01  1.07375230e+00 
 1.57608389e-01  1.07375230e+00 
 1.57616777e-01  1.07375230e+00 
 1.57633554e-01  1.07375230e+00 
 1.57667109e-01  1.07375230e+00 
 1.57707109e-01  1.07375230e+00 
 1.57747109e-01  1.07375230e+00 
 1.57787109e-01  1.07375230e+00 
 1.57827109e-01  1.07375230e+00 
 1.57867109e-01  1.07375230e+00 
 1.57907109e-01  1.07375230e+00 
 1.57947109e-01  1.07375230e+00 
 1.57987109e-01  1.07375230e+00 
 1.57999999e-01  1.07375230e+00 
 1.57999999e-01  1.07375230e+00 
 1.57999999e-01  1.07375230e+00 
 1.58000000e-01  1.07375230e+00 
 1.58000000e-01  1.07375232e+00 
 1.58000000e-01  1.07375233e+00 
 1.58000000e-01  1.07375234e+00 
 1.58000000e-01  1.07375237e+00 
 1.58000001e-01  1.07375244e+00 
 1.58000002e-01  1.07375256e+00 
 1.58000004e-01  1.07375281e+00 
 1.58000008e-01  1.07375332e+00 
 1.58000016e-01  1.07375433e+00 
 1.58000033e-01  1.07375634e+00 
 1.58000065e-01  1.07376037e+00 
 1.58000131e-01  1.07376839e+00 
 1.58000262e-01  1.07378434e+00 
 1.58000524e-01  1.07381585e+00 
 1.58001049e-01  1.07387735e+00 
 1.58002097e-01  1.07399449e+00 
 1.58004194e-01  1.07420716e+00 
 1.58008389e-01  1.07455857e+00 
 1.58016777e-01  1.07504242e+00 
 1.58033554e-01  1.07551085e+00 
 1.58067109e-01  1.07572841e+00 
 1.58107109e-01  1.07572281e+00 
 1.58147109e-01  1.07572343e+00 
 1.58187109e-01  1.07572336e+00 
 1.58227109e-01  1.07572337e+00 
 1.58267109e-01  1.07572337e+00 
 1.58307109e-01  1.07572337e+00 
 1.58347109e-01  1.07572337e+00 
 1.58387109e-01  1.07572337e+00 
 1.58399999e-01  1.07572337e+00 
 1.58399999e-01  1.07572337e+00 
 1.58399999e-01  1.07572337e+00 
 1.58400000e-01  1.07572337e+00 
 1.58400000e-01  1.07572337e+00 
 1.58400000e-01  1.07572337e+00 
 1.58400000e-01  1.07572337e+00 
 1.58400000e-01  1.07572337e+00 
 1.58400001e-01  1.07572337e+00 
 1.58400002e-01  1.07572337e+00 
 1.58400004e-01  1.07572337e+00 
 1.58400008e-01  1.07572337e+00 
 1.58400016e-01  1.07572337e+00 
 1.58400033e-01  1.07572337e+00 
 1.58400065e-01  1.07572337e+00 
 1.58400131e-01  1.07572337e+00 
 1.58400262e-01  1.07572337e+00 
 1.58400524e-01  1.07572337e+00 
 1.58401049e-01  1.07572337e+00 
 1.58402097e-01  1.07572337e+00 
 1.58404194e-01  1.07572337e+00 
 1.58408389e-01  1.07572337e+00 
 1.58416777e-01  1.07572337e+00 
 1.58433554e-01  1.07572337e+00 
 1.58467109e-01  1.07572337e+00 
 1.58507109e-01  1.07572337e+00 
 1.58547109e-01  1.07572337e+00 
 1.58587109e-01  1.07572337e+00 
 1.58627109e-01  1.07572337e+00 
 1.58667109e-01  1.07572337e+00 
 1.58707109e-01  1.07572337e+00 
 1.58747109e-01  1.07572337e+00 
 1.58787109e-01  1.07572337e+00 
 1.58799999e-01  1.07572337e+00 
 1.58799999e-01  1.07572337e+00 
 1.58799999e-01  1.07572337e+00 
 1.58800000e-01  1.07572337e+00 
 1.58800000e-01  1.07572338e+00 
 1.58800000e-01  1.07572339e+00 
 1.58800000e-01  1.07572341e+00 
 1.58800000e-01  1.07572344e+00 
 1.58800001e-01  1.07572350e+00 
 1.58800002e-01  1.07572363e+00 
 1.58800004e-01  1.07572388e+00 
 1.58800008e-01  1.07572438e+00 
 1.58800016e-01  1.07572539e+00 
 1.58800033e-01  1.07572740e+00 
 1.58800065e-01  1.07573141e+00 
 1.58800131e-01  1.07573941e+00 
 1.58800262e-01  1.07575532e+00 
 1.58800524e-01  1.07578674e+00 
 1.58801049e-01  1.07584808e+00 
 1.58802097e-01  1.07596490e+00 
 1.58804194e-01  1.07617700e+00 
 1.58808389e-01  1.07652746e+00 
 1.58816777e-01  1.07701001e+00 
 1.58833554e-01  1.07747718e+00 
 1.58867109e-01  1.07769415e+00 
 1.58907109e-01  1.07768857e+00 
 1.58947109e-01  1.07768919e+00 
 1.58987109e-01  1.07768912e+00 
 1.59027109e-01  1.07768912e+00 
 1.59067109e-01  1.07768912e+00 
 1.59107109e-01  1.07768912e+00 
 1.59147109e-01  1.07768912e+00 
 1.59187109e-01  1.07768912e+00 
 1.59199999e-01  1.07768912e+00 
 1.59199999e-01  1.07768912e+00 
 1.59199999e-01  1.07768912e+00 
 1.59200000e-01  1.07768912e+00 
 1.59200000e-01  1.07768912e+00 
 1.59200000e-01  1.07768912e+00 
 1.59200000e-01  1.07768912e+00 
 1.59200000e-01  1.07768912e+00 
 1.59200001e-01  1.07768912e+00 
 1.59200002e-01  1.07768912e+00 
 1.59200004e-01  1.07768912e+00 
 1.59200008e-01  1.07768912e+00 
 1.59200016e-01  1.07768912e+00 
 1.59200033e-01  1.07768912e+00 
 1.59200065e-01  1.07768912e+00 
 1.59200131e-01  1.07768912e+00 
 1.59200262e-01  1.07768912e+00 
 1.59200524e-01  1.07768912e+00 
 1.59201049e-01  1.07768912e+00 
 1.59202097e-01  1.07768912e+00 
 1.59204194e-01  1.07768912e+00 
 1.59208389e-01  1.07768912e+00 
 1.59216777e-01  1.07768912e+00 
 1.59233554e-01  1.07768912e+00 
 1.59267109e-01  1.07768912e+00 
 1.59307109e-01  1.07768912e+00 
 1.59347109e-01  1.07768912e+00 
 1.59387109e-01  1.07768912e+00 
 1.59427109e-01  1.07768912e+00 
 1.59467109e-01  1.07768912e+00 
 1.59507109e-01  1.07768912e+00 
 1.59547109e-01  1.07768912e+00 
 1.59587109e-01  1.07768912e+00 
 1.59599999e-01  1.07768912e+00 
 1.59599999e-01  1.07768912e+00 
 1.59599999e-01  1.07768912e+00 
 1.59600000e-01  1.07768912e+00 
 1.59600000e-01  1.07768914e+00 
 1.59600000e-01  1.07768915e+00 
 1.59600000e-01  1.07768916e+00 
 1.59600000e-01  1.07768919e+00 
 1.59600001e-01  1.07768926e+00 
 1.59600002e-01  1.07768938e+00 
 1.59600004e-01  1.07768963e+00 
 1.59600008e-01  1.07769013e+00 
 1.59600016e-01  1.07769114e+00 
 1.59600033e-01  1.07769314e+00 
 1.59600065e-01  1.07769714e+00 
 1.59600131e-01  1.07770513e+00 
 1.59600262e-01  1.07772099e+00 
 1.59600524e-01  1.07775233e+00 
 1.59601049e-01  1.07781350e+00 
 1.59602097e-01  1.07793002e+00 
 1.59604194e-01  1.07814155e+00 
 1.59608389e-01  1.07849108e+00 
 1.59616777e-01  1.07897234e+00 
 1.59633554e-01  1.07943827e+00 
 1.59667109e-01  1.07965466e+00 
 1.59707109e-01  1.07964909e+00 
 1.59747109e-01  1.07964971e+00 
 1.59787109e-01  1.07964964e+00 
 1.59827109e-01  1.07964965e+00 
 1.59867109e-01  1.07964965e+00 
 1.59907109e-01  1.07964965e+00 
 1.59947109e-01  1.07964965e+00 
 1.59987109e-01  1.07964965e+00 
 1.59999999e-01  1.07964965e+00 
 1.59999999e-01  1.07964965e+00 
 1.59999999e-01  1.07964965e+00 
 1.60000000e-01  1.07964965e+00 
 1.60000000e-01  1.07964965e+00 
 1.60000000e-01  1.07964965e+00 
 1.60000000e-01  1.07964965e+00 
 1.60000000e-01  1.07964965e+00 
 1.60000001e-01  1.07964965e+00 
 1.60000002e-01  1.07964965e+00 
 1.60000004e-01  1.07964965e+00 
 1.60000008e-01  1.07964965e+00 
 1.60000016e-01  1.07964965e+00 
 1.60000033e-01  1.07964965e+00 
 1.60000065e-01  1.07964965e+00 
 1.60000131e-01  1.07964965e+00 
 1.60000262e-01  1.07964965e+00 
 1.60000524e-01  1.07964965e+00 
 1.60001049e-01  1.07964965e+00 
 1.60002097e-01  1.07964965e+00 
 1.60004194e-01  1.07964965e+00 
 1.60008389e-01  1.07964965e+00 
 1.60016777e-01  1.07964965e+00 
 1.60033554e-01  1.07964965e+00 
 1.60067109e-01  1.07964965e+00 
 1.60107109e-01  1.07964965e+00 
 1.60147109e-01  1.07964965e+00 
 1.60187109e-01  1.07964965e+00 
 1.60227109e-01  1.07964965e+00 
 1.60267109e-01  1.07964965e+00 
 1.60307109e-01  1.07964965e+00 
 1.60347109e-01  1.07964965e+00 
 1.60387109e-01  1.07964965e+00 
 1.60399999e-01  1.07964965e+00 
 1.60399999e-01  1.07964965e+00 
 1.60399999e-01  1.07964965e+00 
 1.60400000e-01  1.07964965e+00 
 1.60400000e-01  1.07964966e+00 
 1.60400000e-01  1.07964967e+00 
 1.60400000e-01  1.07964969e+00 
 1.60400000e-01  1.07964972e+00 
 1.60400001e-01  1.07964978e+00 
 1.60400002e-01  1.07964990e+00 
 1.60400004e-01  1.07965015e+00 
 1.60400008e-01  1.07965065e+00 
 1.60400016e-01  1.07965166e+00 
 1.60400033e-01  1.07965365e+00 
 1.60400065e-01  1.07965765e+00 
 1.60400131e-01  1.07966561e+00 
 1.60400262e-01  1.07968143e+00 
 1.60400524e-01  1.07971269e+00 
 1.60401049e-01  1.07977370e+00 
 1.60402097e-01  1.07988991e+00 
 1.60404194e-01  1.08010088e+00 
 1.60408389e-01  1.08044949e+00 
 1.60416777e-01  1.08092949e+00 
 1.60433554e-01  1.08139419e+00 
 1.60467109e-01  1.08161001e+00 
 1.60507109e-01  1.08160446e+00 
 1.60547109e-01  1.08160507e+00 
 1.60587109e-01  1.08160500e+00 
 1.60627109e-01  1.08160501e+00 
 1.60667109e-01  1.08160501e+00 
 1.60707109e-01  1.08160501e+00 
 1.60747109e-01  1.08160501e+00 
 1.60787109e-01  1.08160501e+00 
 1.60799999e-01  1.08160501e+00 
 1.60799999e-01  1.08160501e+00 
 1.60799999e-01  1.08160501e+00 
 1.60800000e-01  1.08160501e+00 
 1.60800000e-01  1.08160501e+00 
 1.60800000e-01  1.08160501e+00 
 1.60800000e-01  1.08160501e+00 
 1.60800000e-01  1.08160501e+00 
 1.60800001e-01  1.08160501e+00 
 1.60800002e-01  1.08160501e+00 
 1.60800004e-01  1.08160501e+00 
 1.60800008e-01  1.08160501e+00 
 1.60800016e-01  1.08160501e+00 
 1.60800033e-01  1.08160501e+00 
 1.60800065e-01  1.08160501e+00 
 1.60800131e-01  1.08160501e+00 
 1.60800262e-01  1.08160501e+00 
 1.60800524e-01  1.08160501e+00 
 1.60801049e-01  1.08160501e+00 
 1.60802097e-01  1.08160501e+00 
 1.60804194e-01  1.08160501e+00 
 1.60808389e-01  1.08160501e+00 
 1.60816777e-01  1.08160501e+00 
 1.60833554e-01  1.08160501e+00 
 1.60867109e-01  1.08160501e+00 
 1.60907109e-01  1.08160501e+00 
 1.60947109e-01  1.08160501e+00 
 1.60987109e-01  1.08160501e+00 
 1.61027109e-01  1.08160501e+00 
 1.61067109e-01  1.08160501e+00 
 1.61107109e-01  1.08160501e+00 
 1.61147109e-01  1.08160501e+00 
 1.61187109e-01  1.08160501e+00 
 1.61199999e-01  1.08160501e+00 
 1.61199999e-01  1.08160501e+00 
 1.61199999e-01  1.08160501e+00 
 1.61200000e-01  1.08160501e+00 
 1.61200000e-01  1.08160503e+00 
 1.61200000e-01  1.08160503e+00 
 1.61200000e-01  1.08160505e+00 
 1.61200000e-01  1.08160508e+00 
 1.61200001e-01  1.08160514e+00 
 1.61200002e-01  1.08160527e+00 
 1.61200004e-01  1.08160552e+00 
 1.61200008e-01  1.08160602e+00 
 1.61200016e-01  1.08160701e+00 
 1.61200033e-01  1.08160901e+00 
 1.61200065e-01  1.08161299e+00 
 1.61200131e-01  1.08162093e+00 
 1.61200262e-01  1.08163671e+00 
 1.61200524e-01  1.08166789e+00 
 1.61201049e-01  1.08172874e+00 
 1.61202097e-01  1.08184465e+00 
 1.61204194e-01  1.08205507e+00 
 1.61208389e-01  1.08240277e+00 
 1.61216777e-01  1.08288152e+00 
 1.61233554e-01  1.08334502e+00 
 1.61267109e-01  1.08356028e+00 
 1.61307109e-01  1.08355474e+00 
 1.61347109e-01  1.08355535e+00 
 1.61387109e-01  1.08355528e+00 
 1.61427109e-01  1.08355529e+00 
 1.61467109e-01  1.08355529e+00 
 1.61507109e-01  1.08355529e+00 
 1.61547109e-01  1.08355529e+00 
 1.61587109e-01  1.08355529e+00 
 1.61599999e-01  1.08355529e+00 
 1.61599999e-01  1.08355529e+00 
 1.61599999e-01  1.08355529e+00 
 1.61600000e-01  1.08355529e+00 
 1.61600000e-01  1.08355529e+00 
 1.61600000e-01  1.08355529e+00 
 1.61600000e-01  1.08355529e+00 
 1.61600000e-01  1.08355529e+00 
 1.61600001e-01  1.08355529e+00 
 1.61600002e-01  1.08355529e+00 
 1.61600004e-01  1.08355529e+00 
 1.61600008e-01  1.08355529e+00 
 1.61600016e-01  1.08355529e+00 
 1.61600033e-01  1.08355529e+00 
 1.61600065e-01  1.08355529e+00 
 1.61600131e-01  1.08355529e+00 
 1.61600262e-01  1.08355529e+00 
 1.61600524e-01  1.08355529e+00 
 1.61601049e-01  1.08355529e+00 
 1.61602097e-01  1.08355529e+00 
 1.61604194e-01  1.08355529e+00 
 1.61608389e-01  1.08355529e+00 
 1.61616777e-01  1.08355529e+00 
 1.61633554e-01  1.08355529e+00 
 1.61667109e-01  1.08355529e+00 
 1.61707109e-01  1.08355529e+00 
 1.61747109e-01  1.08355529e+00 
 1.61787109e-01  1.08355529e+00 
 1.61827109e-01  1.08355529e+00 
 1.61867109e-01  1.08355529e+00 
 1.61907109e-01  1.08355529e+00 
 1.61947109e-01  1.08355529e+00 
 1.61987109e-01  1.08355529e+00 
 1.61999999e-01  1.08355529e+00 
 1.61999999e-01  1.08355529e+00 
 1.61999999e-01  1.08355529e+00 
 1.62000000e-01  1.08355529e+00 
 1.62000000e-01  1.08355531e+00 
 1.62000000e-01  1.08355531e+00 
 1.62000000e-01  1.08355533e+00 
 1.62000000e-01  1.08355536e+00 
 1.62000001e-01  1.08355542e+00 
 1.62000002e-01  1.08355555e+00 
 1.62000004e-01  1.08355580e+00 
 1.62000008e-01  1.08355629e+00 
 1.62000016e-01  1.08355729e+00 
 1.62000033e-01  1.08355928e+00 
 1.62000065e-01  1.08356325e+00 
 1.62000131e-01  1.08357117e+00 
 1.62000262e-01  1.08358691e+00 
 1.62000524e-01  1.08361801e+00 
 1.62001049e-01  1.08367870e+00 
 1.62002097e-01  1.08379431e+00 
 1.62004194e-01  1.08400420e+00 
 1.62008389e-01  1.08435100e+00 
 1.62016777e-01  1.08482852e+00 
 1.62033554e-01  1.08529082e+00 
 1.62067109e-01  1.08550553e+00 
 1.62107109e-01  1.08550000e+00 
 1.62147109e-01  1.08550062e+00 
 1.62187109e-01  1.08550055e+00 
 1.62227109e-01  1.08550056e+00 
 1.62267109e-01  1.08550056e+00 
 1.62307109e-01  1.08550056e+00 
 1.62347109e-01  1.08550056e+00 
 1.62387109e-01  1.08550056e+00 
 1.62399999e-01  1.08550056e+00 
 1.62399999e-01  1.08550056e+00 
 1.62399999e-01  1.08550056e+00 
 1.62400000e-01  1.08550056e+00 
 1.62400000e-01  1.08550056e+00 
 1.62400000e-01  1.08550056e+00 
 1.62400000e-01  1.08550056e+00 
 1.62400000e-01  1.08550056e+00 
 1.62400001e-01  1.08550056e+00 
 1.62400002e-01  1.08550056e+00 
 1.62400004e-01  1.08550056e+00 
 1.62400008e-01  1.08550056e+00 
 1.62400016e-01  1.08550056e+00 
 1.62400033e-01  1.08550056e+00 
 1.62400065e-01  1.08550056e+00 
 1.62400131e-01  1.08550056e+00 
 1.62400262e-01  1.08550056e+00 
 1.62400524e-01  1.08550056e+00 
 1.62401049e-01  1.08550056e+00 
 1.62402097e-01  1.08550056e+00 
 1.62404194e-01  1.08550056e+00 
 1.62408389e-01  1.08550056e+00 
 1.62416777e-01  1.08550056e+00 
 1.62433554e-01  1.08550056e+00 
 1.62467109e-01  1.08550056e+00 
 1.62507109e-01  1.08550056e+00 
 1.62547109e-01  1.08550056e+00 
 1.62587109e-01  1.08550056e+00 
 1.62627109e-01  1.08550056e+00 
 1.62667109e-01  1.08550056e+00 
 1.62707109e-01  1.08550056e+00 
 1.62747109e-01  1.08550056e+00 
 1.62787109e-01  1.08550056e+00 
 1.62799999e-01  1.08550056e+00 
 1.62799999e-01  1.08550056e+00 
 1.62799999e-01  1.08550056e+00 
 1.62800000e-01  1.08550056e+00 
 1.62800000e-01  1.08550057e+00 
 1.62800000e-01  1.08550058e+00 
 1.62800000e-01  1.08550059e+00 
 1.62800000e-01  1.08550062e+00 
 1.62800001e-01  1.08550069e+00 
 1.62800002e-01  1.08550081e+00 
 1.62800004e-01  1.08550106e+00 
 1.62800008e-01  1.08550156e+00 
 1.62800016e-01  1.08550255e+00 
 1.62800033e-01  1.08550453e+00 
 1.62800065e-01  1.08550849e+00 
 1.62800131e-01  1.08551639e+00 
 1.62800262e-01  1.08553209e+00 
 1.62800524e-01  1.08556311e+00 
 1.62801049e-01  1.08562365e+00 
 1.62802097e-01  1.08573897e+00 
 1.62804194e-01  1.08594832e+00 
 1.62808389e-01  1.08629424e+00 
 1.62816777e-01  1.08677055e+00 
 1.62833554e-01  1.08723167e+00 
 1.62867109e-01  1.08744584e+00 
 1.62907109e-01  1.08744032e+00 
 1.62947109e-01  1.08744094e+00 
 1.62987109e-01  1.08744087e+00 
 1.63027109e-01  1.08744088e+00 
 1.63067109e-01  1.08744088e+00 
 1.63107109e-01  1.08744088e+00 
 1.63147109e-01  1.08744088e+00 
 1.63187109e-01  1.08744088e+00 
 1.63199999e-01  1.08744088e+00 
 1.63199999e-01  1.08744088e+00 
 1.63199999e-01  1.08744088e+00 
 1.63200000e-01  1.08744088e+00 
 1.63200000e-01  1.08744088e+00 
 1.63200000e-01  1.08744088e+00 
 1.63200000e-01  1.08744088e+00 
 1.63200000e-01  1.08744088e+00 
 1.63200001e-01  1.08744088e+00 
 1.63200002e-01  1.08744088e+00 
 1.63200004e-01  1.08744088e+00 
 1.63200008e-01  1.08744088e+00 
 1.63200016e-01  1.08744088e+00 
 1.63200033e-01  1.08744088e+00 
 1.63200065e-01  1.08744088e+00 
 1.63200131e-01  1.08744088e+00 
 1.63200262e-01  1.08744088e+00 
 1.63200524e-01  1.08744088e+00 
 1.63201049e-01  1.08744088e+00 
 1.63202097e-01  1.08744088e+00 
 1.63204194e-01  1.08744088e+00 
 1.63208389e-01  1.08744088e+00 
 1.63216777e-01  1.08744088e+00 
 1.63233554e-01  1.08744088e+00 
 1.63267109e-01  1.08744088e+00 
 1.63307109e-01  1.08744088e+00 
 1.63347109e-01  1.08744088e+00 
 1.63387109e-01  1.08744088e+00 
 1.63427109e-01  1.08744088e+00 
 1.63467109e-01  1.08744088e+00 
 1.63507109e-01  1.08744088e+00 
 1.63547109e-01  1.08744088e+00 
 1.63587109e-01  1.08744088e+00 
 1.63599999e-01  1.08744088e+00 
 1.63599999e-01  1.08744088e+00 
 1.63599999e-01  1.08744088e+00 
 1.63600000e-01  1.08744088e+00 
 1.63600000e-01  1.08744089e+00 
 1.63600000e-01  1.08744090e+00 
 1.63600000e-01  1.08744091e+00 
 1.63600000e-01  1.08744094e+00 
 1.63600001e-01  1.08744101e+00 
 1.63600002e-01  1.08744113e+00 
 1.63600004e-01  1.08744138e+00 
 1.63600008e-01  1.08744187e+00 
 1.63600016e-01  1.08744286e+00 
 1.63600033e-01  1.08744484e+00 
 1.63600065e-01  1.08744879e+00 
 1.63600131e-01  1.08745667e+00 
 1.63600262e-01  1.08747233e+00 
 1.63600524e-01  1.08750328e+00 
 1.63601049e-01  1.08756366e+00 
 1.63602097e-01  1.08767869e+00 
 1.63604194e-01  1.08788751e+00 
 1.63608389e-01  1.08823257e+00 
 1.63616777e-01  1.08870768e+00 
 1.63633554e-01  1.08916765e+00 
 1.63667109e-01  1.08938127e+00 
 1.63707109e-01  1.08937577e+00 
 1.63747109e-01  1.08937638e+00 
 1.63787109e-01  1.08937632e+00 
 1.63827109e-01  1.08937632e+00 
 1.63867109e-01  1.08937632e+00 
 1.63907109e-01  1.08937632e+00 
 1.63947109e-01  1.08937632e+00 
 1.63987109e-01  1.08937632e+00 
 1.63999999e-01  1.08937632e+00 
 1.63999999e-01  1.08937632e+00 
 1.63999999e-01  1.08937632e+00 
 1.64000000e-01  1.08937632e+00 
 1.64000000e-01  1.08937632e+00 
 1.64000000e-01  1.08937632e+00 
 1.64000000e-01  1.08937632e+00 
 1.64000000e-01  1.08937632e+00 
 1.64000001e-01  1.08937632e+00 
 1.64000002e-01  1.08937632e+00 
 1.64000004e-01  1.08937632e+00 
 1.64000008e-01  1.08937632e+00 
 1.64000016e-01  1.08937632e+00 
 1.64000033e-01  1.08937632e+00 
 1.64000065e-01  1.08937632e+00 
 1.64000131e-01  1.08937632e+00 
 1.64000262e-01  1.08937632e+00 
 1.64000524e-01  1.08937632e+00 
 1.64001049e-01  1.08937632e+00 
 1.64002097e-01  1.08937632e+00 
 1.64004194e-01  1.08937632e+00 
 1.64008389e-01  1.08937632e+00 
 1.64016777e-01  1.08937632e+00 
 1.64033554e-01  1.08937632e+00 
 1.64067109e-01  1.08937632e+00 
 1.64107109e-01  1.08937632e+00 
 1.64147109e-01  1.08937632e+00 
 1.64187109e-01  1.08937632e+00 
 1.64227109e-01  1.08937632e+00 
 1.64267109e-01  1.08937632e+00 
 1.64307109e-01  1.08937632e+00 
 1.64347109e-01  1.08937632e+00 
 1.64387109e-01  1.08937632e+00 
 1.64399999e-01  1.08937632e+00 
 1.64399999e-01  1.08937632e+00 
 1.64399999e-01  1.08937632e+00 
 1.64400000e-01  1.08937632e+00 
 1.64400000e-01  1.08937634e+00 
 1.64400000e-01  1.08937634e+00 
 1.64400000e-01  1.08937636e+00 
 1.64400000e-01  1.08937639e+00 
 1.64400001e-01  1.08937645e+00 
 1.64400002e-01  1.08937658e+00 
 1.64400004e-01  1.08937682e+00 
 1.64400008e-01  1.08937732e+00 
 1.64400016e-01  1.08937830e+00 
 1.64400033e-01  1.08938028e+00 
 1.64400065e-01  1.08938422e+00 
 1.64400131e-01  1.08939208e+00 
 1.64400262e-01  1.08940770e+00 
 1.64400524e-01  1.08943857e+00 
 1.64401049e-01  1.08949880e+00 
 1.64402097e-01  1.08961354e+00 
 1.64404194e-01  1.08982185e+00 
 1.64408389e-01  1.09016605e+00 
 1.64416777e-01  1.09063998e+00 
 1.64433554e-01  1.09109880e+00 
 1.64467109e-01  1.09131190e+00 
 1.64507109e-01  1.09130641e+00 
 1.64547109e-01  1.09130702e+00 
 1.64587109e-01  1.09130696e+00 
 1.64627109e-01  1.09130696e+00 
 1.64667109e-01  1.09130696e+00 
 1.64707109e-01  1.09130696e+00 
 1.64747109e-01  1.09130696e+00 
 1.64787109e-01  1.09130696e+00 
 1.64799999e-01  1.09130696e+00 
 1.64799999e-01  1.09130696e+00 
 1.64799999e-01  1.09130696e+00 
 1.64800000e-01  1.09130696e+00 
 1.64800000e-01  1.09130696e+00 
 1.64800000e-01  1.09130696e+00 
 1.64800000e-01  1.09130696e+00 
 1.64800000e-01  1.09130696e+00 
 1.64800001e-01  1.09130696e+00 
 1.64800002e-01  1.09130696e+00 
 1.64800004e-01  1.09130696e+00 
 1.64800008e-01  1.09130696e+00 
 1.64800016e-01  1.09130696e+00 
 1.64800033e-01  1.09130696e+00 
 1.64800065e-01  1.09130696e+00 
 1.64800131e-01  1.09130696e+00 
 1.64800262e-01  1.09130696e+00 
 1.64800524e-01  1.09130696e+00 
 1.64801049e-01  1.09130696e+00 
 1.64802097e-01  1.09130696e+00 
 1.64804194e-01  1.09130696e+00 
 1.64808389e-01  1.09130696e+00 
 1.64816777e-01  1.09130696e+00 
 1.64833554e-01  1.09130696e+00 
 1.64867109e-01  1.09130696e+00 
 1.64907109e-01  1.09130696e+00 
 1.64947109e-01  1.09130696e+00 
 1.64987109e-01  1.09130696e+00 
 1.65027109e-01  1.09130696e+00 
 1.65067109e-01  1.09130696e+00 
 1.65107109e-01  1.09130696e+00 
 1.65147109e-01  1.09130696e+00 
 1.65187109e-01  1.09130696e+00 
 1.65199999e-01  1.09130696e+00 
 1.65199999e-01  1.09130696e+00 
 1.65199999e-01  1.09130696e+00 
 1.65200000e-01  1.09130696e+00 
 1.65200000e-01  1.09130698e+00 
 1.65200000e-01  1.09130698e+00 
 1.65200000e-01  1.09130700e+00 
 1.65200000e-01  1.09130703e+00 
 1.65200001e-01  1.09130709e+00 
 1.65200002e-01  1.09130722e+00 
 1.65200004e-01  1.09130746e+00 
 1.65200008e-01  1.09130795e+00 
 1.65200016e-01  1.09130894e+00 
 1.65200033e-01  1.09131091e+00 
 1.65200065e-01  1.09131484e+00 
 1.65200131e-01  1.09132268e+00 
 1.65200262e-01  1.09133827e+00 
 1.65200524e-01  1.09136905e+00 
 1.65201049e-01  1.09142914e+00 
 1.65202097e-01  1.09154360e+00 
 1.65204194e-01  1.09175140e+00 
 1.65208389e-01  1.09209475e+00 
 1.65216777e-01  1.09256752e+00 
 1.65233554e-01  1.09302522e+00 
 1.65267109e-01  1.09323779e+00 
 1.65307109e-01  1.09323232e+00 
 1.65347109e-01  1.09323292e+00 
 1.65387109e-01  1.09323286e+00 
 1.65427109e-01  1.09323286e+00 
 1.65467109e-01  1.09323286e+00 
 1.65507109e-01  1.09323286e+00 
 1.65547109e-01  1.09323286e+00 
 1.65587109e-01  1.09323286e+00 
 1.65599999e-01  1.09323286e+00 
 1.65599999e-01  1.09323286e+00 
 1.65599999e-01  1.09323286e+00 
 1.65600000e-01  1.09323286e+00 
 1.65600000e-01  1.09323286e+00 
 1.65600000e-01  1.09323286e+00 
 1.65600000e-01  1.09323286e+00 
 1.65600000e-01  1.09323286e+00 
 1.65600001e-01  1.09323286e+00 
 1.65600002e-01  1.09323286e+00 
 1.65600004e-01  1.09323286e+00 
 1.65600008e-01  1.09323286e+00 
 1.65600016e-01  1.09323286e+00 
 1.65600033e-01  1.09323286e+00 
 1.65600065e-01  1.09323286e+00 
 1.65600131e-01  1.09323286e+00 
 1.65600262e-01  1.09323286e+00 
 1.65600524e-01  1.09323286e+00 
 1.65601049e-01  1.09323286e+00 
 1.65602097e-01  1.09323286e+00 
 1.65604194e-01  1.09323286e+00 
 1.65608389e-01  1.09323286e+00 
 1.65616777e-01  1.09323286e+00 
 1.65633554e-01  1.09323286e+00 
 1.65667109e-01  1.09323286e+00 
 1.65707109e-01  1.09323286e+00 
 1.65747109e-01  1.09323286e+00 
 1.65787109e-01  1.09323286e+00 
 1.65827109e-01  1.09323286e+00 
 1.65867109e-01  1.09323286e+00 
 1.65907109e-01  1.09323286e+00 
 1.65947109e-01  1.09323286e+00 
 1.65987109e-01  1.09323286e+00 
 1.65999999e-01  1.09323286e+00 
 1.65999999e-01  1.09323286e+00 
 1.65999999e-01  1.09323286e+00 
 1.66000000e-01  1.09323286e+00 
 1.66000000e-01  1.09323288e+00 
 1.66000000e-01  1.09323289e+00 
 1.66000000e-01  1.09323290e+00 
 1.66000000e-01  1.09323293e+00 
 1.66000001e-01  1.09323299e+00 
 1.66000002e-01  1.09323312e+00 
 1.66000004e-01  1.09323336e+00 
 1.66000008e-01  1.09323385e+00 
 1.66000016e-01  1.09323484e+00 
 1.66000033e-01  1.09323680e+00 
 1.66000065e-01  1.09324072e+00 
 1.66000131e-01  1.09324854e+00 
 1.66000262e-01  1.09326409e+00 
 1.66000524e-01  1.09329480e+00 
 1.66001049e-01  1.09335475e+00 
 1.66002097e-01  1.09346893e+00 
 1.66004194e-01  1.09367622e+00 
 1.66008389e-01  1.09401874e+00 
 1.66016777e-01  1.09449036e+00 
 1.66033554e-01  1.09494695e+00 
 1.66067109e-01  1.09515900e+00 
 1.66107109e-01  1.09515355e+00 
 1.66147109e-01  1.09515415e+00 
 1.66187109e-01  1.09515408e+00 
 1.66227109e-01  1.09515409e+00 
 1.66267109e-01  1.09515409e+00 
 1.66307109e-01  1.09515409e+00 
 1.66347109e-01  1.09515409e+00 
 1.66387109e-01  1.09515409e+00 
 1.66399999e-01  1.09515409e+00 
 1.66399999e-01  1.09515409e+00 
 1.66399999e-01  1.09515409e+00 
 1.66400000e-01  1.09515409e+00 
 1.66400000e-01  1.09515409e+00 
 1.66400000e-01  1.09515409e+00 
 1.66400000e-01  1.09515409e+00 
 1.66400000e-01  1.09515409e+00 
 1.66400001e-01  1.09515409e+00 
 1.66400002e-01  1.09515409e+00 
 1.66400004e-01  1.09515409e+00 
 1.66400008e-01  1.09515409e+00 
 1.66400016e-01  1.09515409e+00 
 1.66400033e-01  1.09515409e+00 
 1.66400065e-01  1.09515409e+00 
 1.66400131e-01  1.09515409e+00 
 1.66400262e-01  1.09515409e+00 
 1.66400524e-01  1.09515409e+00 
 1.66401049e-01  1.09515409e+00 
 1.66402097e-01  1.09515409e+00 
 1.66404194e-01  1.09515409e+00 
 1.66408389e-01  1.09515409e+00 
 1.66416777e-01  1.09515409e+00 
 1.66433554e-01  1.09515409e+00 
 1.66467109e-01  1.09515409e+00 
 1.66507109e-01  1.09515409e+00 
 1.66547109e-01  1.09515409e+00 
 1.66587109e-01  1.09515409e+00 
 1.66627109e-01  1.09515409e+00 
 1.66667109e-01  1.09515409e+00 
 1.66707109e-01  1.09515409e+00 
 1.66747109e-01  1.09515409e+00 
 1.66787109e-01  1.09515409e+00 
 1.66799999e-01  1.09515409e+00 
 1.66799999e-01  1.09515409e+00 
 1.66799999e-01  1.09515409e+00 
 1.66800000e-01  1.09515409e+00 
 1.66800000e-01  1.09515411e+00 
 1.66800000e-01  1.09515411e+00 
 1.66800000e-01  1.09515413e+00 
 1.66800000e-01  1.09515416e+00 
 1.66800001e-01  1.09515422e+00 
 1.66800002e-01  1.09515434e+00 
 1.66800004e-01  1.09515459e+00 
 1.66800008e-01  1.09515508e+00 
 1.66800016e-01  1.09515606e+00 
 1.66800033e-01  1.09515802e+00 
 1.66800065e-01  1.09516193e+00 
 1.66800131e-01  1.09516973e+00 
 1.66800262e-01  1.09518524e+00 
 1.66800524e-01  1.09521588e+00 
 1.66801049e-01  1.09527568e+00 
 1.66802097e-01  1.09538959e+00 
 1.66804194e-01  1.09559639e+00 
 1.66808389e-01  1.09593808e+00 
 1.66816777e-01  1.09640857e+00 
 1.66833554e-01  1.09686407e+00 
 1.66867109e-01  1.09707561e+00 
 1.66907109e-01  1.09707017e+00 
 1.66947109e-01  1.09707077e+00 
 1.66987109e-01  1.09707070e+00 
 1.67027109e-01  1.09707071e+00 
 1.67067109e-01  1.09707071e+00 
 1.67107109e-01  1.09707071e+00 
 1.67147109e-01  1.09707071e+00 
 1.67187109e-01  1.09707071e+00 
 1.67199999e-01  1.09707071e+00 
 1.67199999e-01  1.09707071e+00 
 1.67199999e-01  1.09707071e+00 
 1.67200000e-01  1.09707071e+00 
 1.67200000e-01  1.09707071e+00 
 1.67200000e-01  1.09707071e+00 
 1.67200000e-01  1.09707071e+00 
 1.67200000e-01  1.09707071e+00 
 1.67200001e-01  1.09707071e+00 
 1.67200002e-01  1.09707071e+00 
 1.67200004e-01  1.09707071e+00 
 1.67200008e-01  1.09707071e+00 
 1.67200016e-01  1.09707071e+00 
 1.67200033e-01  1.09707071e+00 
 1.67200065e-01  1.09707071e+00 
 1.67200131e-01  1.09707071e+00 
 1.67200262e-01  1.09707071e+00 
 1.67200524e-01  1.09707071e+00 
 1.67201049e-01  1.09707071e+00 
 1.67202097e-01  1.09707071e+00 
 1.67204194e-01  1.09707071e+00 
 1.67208389e-01  1.09707071e+00 
 1.67216777e-01  1.09707071e+00 
 1.67233554e-01  1.09707071e+00 
 1.67267109e-01  1.09707071e+00 
 1.67307109e-01  1.09707071e+00 
 1.67347109e-01  1.09707071e+00 
 1.67387109e-01  1.09707071e+00 
 1.67427109e-01  1.09707071e+00 
 1.67467109e-01  1.09707071e+00 
 1.67507109e-01  1.09707071e+00 
 1.67547109e-01  1.09707071e+00 
 1.67587109e-01  1.09707071e+00 
 1.67599999e-01  1.09707071e+00 
 1.67599999e-01  1.09707071e+00 
 1.67599999e-01  1.09707071e+00 
 1.67600000e-01  1.09707071e+00 
 1.67600000e-01  1.09707073e+00 
 1.67600000e-01  1.09707073e+00 
 1.67600000e-01  1.09707075e+00 
 1.67600000e-01  1.09707078e+00 
 1.67600001e-01  1.09707084e+00 
 1.67600002e-01  1.09707096e+00 
 1.67600004e-01  1.09707121e+00 
 1.67600008e-01  1.09707170e+00 
 1.67600016e-01  1.09707267e+00 
 1.67600033e-01  1.09707463e+00 
 1.67600065e-01  1.09707853e+00 
 1.67600131e-01  1.09708632e+00 
 1.67600262e-01  1.09710179e+00 
 1.67600524e-01  1.09713236e+00 
 1.67601049e-01  1.09719202e+00 
 1.67602097e-01  1.09730565e+00 
 1.67604194e-01  1.09751196e+00 
 1.67608389e-01  1.09785285e+00 
 1.67616777e-01  1.09832222e+00 
 1.67633554e-01  1.09877663e+00 
 1.67667109e-01  1.09898768e+00 
 1.67707109e-01  1.09898224e+00 
 1.67747109e-01  1.09898285e+00 
 1.67787109e-01  1.09898278e+00 
 1.67827109e-01  1.09898279e+00 
 1.67867109e-01  1.09898279e+00 
 1.67907109e-01  1.09898279e+00 
 1.67947109e-01  1.09898279e+00 
 1.67987109e-01  1.09898279e+00 
 1.67999999e-01  1.09898279e+00 
 1.67999999e-01  1.09898279e+00 
 1.67999999e-01  1.09898279e+00 
 1.68000000e-01  1.09898279e+00 
 1.68000000e-01  1.09898279e+00 
 1.68000000e-01  1.09898279e+00 
 1.68000000e-01  1.09898279e+00 
 1.68000000e-01  1.09898279e+00 
 1.68000001e-01  1.09898279e+00 
 1.68000002e-01  1.09898279e+00 
 1.68000004e-01  1.09898279e+00 
 1.68000008e-01  1.09898279e+00 
 1.68000016e-01  1.09898279e+00 
 1.68000033e-01  1.09898279e+00 
 1.68000065e-01  1.09898279e+00 
 1.68000131e-01  1.09898279e+00 
 1.68000262e-01  1.09898279e+00 
 1.68000524e-01  1.09898279e+00 
 1.68001049e-01  1.09898279e+00 
 1.68002097e-01  1.09898279e+00 
 1.68004194e-01  1.09898279e+00 
 1.68008389e-01  1.09898279e+00 
 1.68016777e-01  1.09898279e+00 
 1.68033554e-01  1.09898279e+00 
 1.68067109e-01  1.09898279e+00 
 1.68107109e-01  1.09898279e+00 
 1.68147109e-01  1.09898279e+00 
 1.68187109e-01  1.09898279e+00 
 1.68227109e-01  1.09898279e+00 
 1.68267109e-01  1.09898279e+00 
 1.68307109e-01  1.09898279e+00 
 1.68347109e-01  1.09898279e+00 
 1.68387109e-01  1.09898279e+00 
 1.68399999e-01  1.09898279e+00 
 1.68399999e-01  1.09898279e+00 
 1.68399999e-01  1.09898279e+00 
 1.68400000e-01  1.09898279e+00 
 1.68400000e-01  1.09898280e+00 
 1.68400000e-01  1.09898281e+00 
 1.68400000e-01  1.09898282e+00 
 1.68400000e-01  1.09898286e+00 
 1.68400001e-01  1.09898292e+00 
 1.68400002e-01  1.09898304e+00 
 1.68400004e-01  1.09898328e+00 
 1.68400008e-01  1.09898377e+00 
 1.68400016e-01  1.09898475e+00 
 1.68400033e-01  1.09898670e+00 
 1.68400065e-01  1.09899059e+00 
 1.68400131e-01  1.09899836e+00 
 1.68400262e-01  1.09901379e+00 
 1.68400524e-01  1.09904429e+00 
 1.68401049e-01  1.09910381e+00 
 1.68402097e-01  1.09921718e+00 
 1.68404194e-01  1.09942300e+00 
 1.68408389e-01  1.09976309e+00 
 1.68416777e-01  1.10023136e+00 
 1.68433554e-01  1.10068471e+00 
 1.68467109e-01  1.10089526e+00 
 1.68507109e-01  1.10088984e+00 
 1.68547109e-01  1.10089044e+00 
 1.68587109e-01  1.10089038e+00 
 1.68627109e-01  1.10089038e+00 
 1.68667109e-01  1.10089038e+00 
 1.68707109e-01  1.10089038e+00 
 1.68747109e-01  1.10089038e+00 
 1.68787109e-01  1.10089038e+00 
 1.68799999e-01  1.10089038e+00 
 1.68799999e-01  1.10089038e+00 
 1.68799999e-01  1.10089038e+00 
 1.68800000e-01  1.10089038e+00 
 1.68800000e-01  1.10089038e+00 
 1.68800000e-01  1.10089038e+00 
 1.68800000e-01  1.10089038e+00 
 1.68800000e-01  1.10089038e+00 
 1.68800001e-01  1.10089038e+00 
 1.68800002e-01  1.10089038e+00 
 1.68800004e-01  1.10089038e+00 
 1.68800008e-01  1.10089038e+00 
 1.68800016e-01  1.10089038e+00 
 1.68800033e-01  1.10089038e+00 
 1.68800065e-01  1.10089038e+00 
 1.68800131e-01  1.10089038e+00 
 1.68800262e-01  1.10089038e+00 
 1.68800524e-01  1.10089038e+00 
 1.68801049e-01  1.10089038e+00 
 1.68802097e-01  1.10089038e+00 
 1.68804194e-01  1.10089038e+00 
 1.68808389e-01  1.10089038e+00 
 1.68816777e-01  1.10089038e+00 
 1.68833554e-01  1.10089038e+00 
 1.68867109e-01  1.10089038e+00 
 1.68907109e-01  1.10089038e+00 
 1.68947109e-01  1.10089038e+00 
 1.68987109e-01  1.10089038e+00 
 1.69027109e-01  1.10089038e+00 
 1.69067109e-01  1.10089038e+00 
 1.69107109e-01  1.10089038e+00 
 1.69147109e-01  1.10089038e+00 
 1.69187109e-01  1.10089038e+00 
 1.69199999e-01  1.10089038e+00 
 1.69199999e-01  1.10089038e+00 
 1.69199999e-01  1.10089038e+00 
 1.69200000e-01  1.10089038e+00 
 1.69200000e-01  1.10089040e+00 
 1.69200000e-01  1.10089041e+00 
 1.69200000e-01  1.10089042e+00 
 1.69200000e-01  1.10089045e+00 
 1.69200001e-01  1.10089051e+00 
 1.69200002e-01  1.10089063e+00 
 1.69200004e-01  1.10089088e+00 
 1.69200008e-01  1.10089136e+00 
 1.69200016e-01  1.10089234e+00 
 1.69200033e-01  1.10089428e+00 
 1.69200065e-01  1.10089817e+00 
 1.69200131e-01  1.10090592e+00 
 1.69200262e-01  1.10092132e+00 
 1.69200524e-01  1.10095174e+00 
 1.69201049e-01  1.10101112e+00 
 1.69202097e-01  1.10112423e+00 
 1.69204194e-01  1.10132958e+00 
 1.69208389e-01  1.10166888e+00 
 1.69216777e-01  1.10213606e+00 
 1.69233554e-01  1.10258836e+00 
 1.69267109e-01  1.10279843e+00 
 1.69307109e-01  1.10279302e+00 
 1.69347109e-01  1.10279362e+00 
 1.69387109e-01  1.10279355e+00 
 1.69427109e-01  1.10279356e+00 
 1.69467109e-01  1.10279356e+00 
 1.69507109e-01  1.10279356e+00 
 1.69547109e-01  1.10279356e+00 
 1.69587109e-01  1.10279356e+00 
 1.69599999e-01  1.10279356e+00 
 1.69599999e-01  1.10279356e+00 
 1.69599999e-01  1.10279356e+00 
 1.69600000e-01  1.10279356e+00 
 1.69600000e-01  1.10279356e+00 
 1.69600000e-01  1.10279356e+00 
 1.69600000e-01  1.10279356e+00 
 1.69600000e-01  1.10279356e+00 
 1.69600001e-01  1.10279356e+00 
 1.69600002e-01  1.10279356e+00 
 1.69600004e-01  1.10279356e+00 
 1.69600008e-01  1.10279356e+00 
 1.69600016e-01  1.10279356e+00 
 1.69600033e-01  1.10279356e+00 
 1.69600065e-01  1.10279356e+00 
 1.69600131e-01  1.10279356e+00 
 1.69600262e-01  1.10279356e+00 
 1.69600524e-01  1.10279356e+00 
 1.69601049e-01  1.10279356e+00 
 1.69602097e-01  1.10279356e+00 
 1.69604194e-01  1.10279356e+00 
 1.69608389e-01  1.10279356e+00 
 1.69616777e-01  1.10279356e+00 
 1.69633554e-01  1.10279356e+00 
 1.69667109e-01  1.10279356e+00 
 1.69707109e-01  1.10279356e+00 
 1.69747109e-01  1.10279356e+00 
 1.69787109e-01  1.10279356e+00 
 1.69827109e-01  1.10279356e+00 
 1.69867109e-01  1.10279356e+00 
 1.69907109e-01  1.10279356e+00 
 1.69947109e-01  1.10279356e+00 
 1.69987109e-01  1.10279356e+00 
 1.69999999e-01  1.10279356e+00 
 1.69999999e-01  1.10279356e+00 
 1.69999999e-01  1.10279356e+00 
 1.70000000e-01  1.10279356e+00 
 1.70000000e-01  1.10279357e+00 
 1.70000000e-01  1.10279358e+00 
 1.70000000e-01  1.10279360e+00 
 1.70000000e-01  1.10279363e+00 
 1.70000001e-01  1.10279369e+00 
 1.70000002e-01  1.10279381e+00 
 1.70000004e-01  1.10279405e+00 
 1.70000008e-01  1.10279454e+00 
 1.70000016e-01  1.10279551e+00 
 1.70000033e-01  1.10279745e+00 
 1.70000065e-01  1.10280133e+00 
 1.70000131e-01  1.10280906e+00 
 1.70000262e-01  1.10282442e+00 
 1.70000524e-01  1.10285478e+00 
 1.70001049e-01  1.10291402e+00 
 1.70002097e-01  1.10302687e+00 
 1.70004194e-01  1.10323175e+00 
 1.70008389e-01  1.10357027e+00 
 1.70016777e-01  1.10403639e+00 
 1.70033554e-01  1.10448765e+00 
 1.70067109e-01  1.10469723e+00 
 1.70107109e-01  1.10469184e+00 
 1.70147109e-01  1.10469244e+00 
 1.70187109e-01  1.10469237e+00 
 1.70227109e-01  1.10469238e+00 
 1.70267109e-01  1.10469238e+00 
 1.70307109e-01  1.10469238e+00 
 1.70347109e-01  1.10469238e+00 
 1.70387109e-01  1.10469238e+00 
 1.70399999e-01  1.10469238e+00 
 1.70399999e-01  1.10469238e+00 
 1.70399999e-01  1.10469238e+00 
 1.70400000e-01  1.10469238e+00 
 1.70400000e-01  1.10469238e+00 
 1.70400000e-01  1.10469238e+00 
 1.70400000e-01  1.10469238e+00 
 1.70400000e-01  1.10469238e+00 
 1.70400001e-01  1.10469238e+00 
 1.70400002e-01  1.10469238e+00 
 1.70400004e-01  1.10469238e+00 
 1.70400008e-01  1.10469238e+00 
 1.70400016e-01  1.10469238e+00 
 1.70400033e-01  1.10469238e+00 
 1.70400065e-01  1.10469238e+00 
 1.70400131e-01  1.10469238e+00 
 1.70400262e-01  1.10469238e+00 
 1.70400524e-01  1.10469238e+00 
 1.70401049e-01  1.10469238e+00 
 1.70402097e-01  1.10469238e+00 
 1.70404194e-01  1.10469238e+00 
 1.70408389e-01  1.10469238e+00 
 1.70416777e-01  1.10469238e+00 
 1.70433554e-01  1.10469238e+00 
 1.70467109e-01  1.10469238e+00 
 1.70507109e-01  1.10469238e+00 
 1.70547109e-01  1.10469238e+00 
 1.70587109e-01  1.10469238e+00 
 1.70627109e-01  1.10469238e+00 
 1.70667109e-01  1.10469238e+00 
 1.70707109e-01  1.10469238e+00 
 1.70747109e-01  1.10469238e+00 
 1.70787109e-01  1.10469238e+00 
 1.70799999e-01  1.10469238e+00 
 1.70799999e-01  1.10469238e+00 
 1.70799999e-01  1.10469238e+00 
 1.70800000e-01  1.10469238e+00 
 1.70800000e-01  1.10469239e+00 
 1.70800000e-01  1.10469240e+00 
 1.70800000e-01  1.10469242e+00 
 1.70800000e-01  1.10469245e+00 
 1.70800001e-01  1.10469251e+00 
 1.70800002e-01  1.10469263e+00 
 1.70800004e-01  1.10469287e+00 
 1.70800008e-01  1.10469336e+00 
 1.70800016e-01  1.10469432e+00 
 1.70800033e-01  1.10469626e+00 
 1.70800065e-01  1.10470013e+00 
 1.70800131e-01  1.10470784e+00 
 1.70800262e-01  1.10472317e+00 
 1.70800524e-01  1.10475346e+00 
 1.70801049e-01  1.10481257e+00 
 1.70802097e-01  1.10492516e+00 
 1.70804194e-01  1.10512957e+00 
 1.70808389e-01  1.10546733e+00 
 1.70816777e-01  1.10593240e+00 
 1.70833554e-01  1.10638264e+00 
 1.70867109e-01  1.10659174e+00 
 1.70907109e-01  1.10658636e+00 
 1.70947109e-01  1.10658696e+00 
 1.70987109e-01  1.10658689e+00 
 1.71027109e-01  1.10658690e+00 
 1.71067109e-01  1.10658690e+00 
 1.71107109e-01  1.10658690e+00 
 1.71147109e-01  1.10658690e+00 
 1.71187109e-01  1.10658690e+00 
 1.71199999e-01  1.10658690e+00 
 1.71199999e-01  1.10658690e+00 
 1.71199999e-01  1.10658690e+00 
 1.71200000e-01  1.10658690e+00 
 1.71200000e-01  1.10658690e+00 
 1.71200000e-01  1.10658690e+00 
 1.71200000e-01  1.10658690e+00 
 1.71200000e-01  1.10658690e+00 
 1.71200001e-01  1.10658690e+00 
 1.71200002e-01  1.10658690e+00 
 1.71200004e-01  1.10658690e+00 
 1.71200008e-01  1.10658690e+00 
 1.71200016e-01  1.10658690e+00 
 1.71200033e-01  1.10658690e+00 
 1.71200065e-01  1.10658690e+00 
 1.71200131e-01  1.10658690e+00 
 1.71200262e-01  1.10658690e+00 
 1.71200524e-01  1.10658690e+00 
 1.71201049e-01  1.10658690e+00 
 1.71202097e-01  1.10658690e+00 
 1.71204194e-01  1.10658690e+00 
 1.71208389e-01  1.10658690e+00 
 1.71216777e-01  1.10658690e+00 
 1.71233554e-01  1.10658690e+00 
 1.71267109e-01  1.10658690e+00 
 1.71307109e-01  1.10658690e+00 
 1.71347109e-01  1.10658690e+00 
 1.71387109e-01  1.10658690e+00 
 1.71427109e-01  1.10658690e+00 
 1.71467109e-01  1.10658690e+00 
 1.71507109e-01  1.10658690e+00 
 1.71547109e-01  1.10658690e+00 
 1.71587109e-01  1.10658690e+00 
 1.71599999e-01  1.10658690e+00 
 1.71599999e-01  1.10658690e+00 
 1.71599999e-01  1.10658690e+00 
 1.71600000e-01  1.10658690e+00 
 1.71600000e-01  1.10658692e+00 
 1.71600000e-01  1.10658692e+00 
 1.71600000e-01  1.10658694e+00 
 1.71600000e-01  1.10658697e+00 
 1.71600001e-01  1.10658703e+00 
 1.71600002e-01  1.10658715e+00 
 1.71600004e-01  1.10658739e+00 
 1.71600008e-01  1.10658788e+00 
 1.71600016e-01  1.10658884e+00 
 1.71600033e-01  1.10659077e+00 
 1.71600065e-01  1.10659463e+00 
 1.71600131e-01  1.10660233e+00 
 1.71600262e-01  1.10661763e+00 
 1.71600524e-01  1.10664785e+00 
 1.71601049e-01  1.10670682e+00 
 1.71602097e-01  1.10681916e+00 
 1.71604194e-01  1.10702312e+00 
 1.71608389e-01  1.10736012e+00 
 1.71616777e-01  1.10782414e+00 
 1.71633554e-01  1.10827338e+00 
 1.71667109e-01  1.10848202e+00 
 1.71707109e-01  1.10847665e+00 
 1.71747109e-01  1.10847724e+00 
 1.71787109e-01  1.10847718e+00 
 1.71827109e-01  1.10847718e+00 
 1.71867109e-01  1.10847718e+00 
 1.71907109e-01  1.10847718e+00 
 1.71947109e-01  1.10847718e+00 
 1.71987109e-01  1.10847718e+00 
 1.71999999e-01  1.10847718e+00 
 1.71999999e-01  1.10847718e+00 
 1.71999999e-01  1.10847718e+00 
 1.72000000e-01  1.10847718e+00 
 1.72000000e-01  1.10847718e+00 
 1.72000000e-01  1.10847718e+00 
 1.72000000e-01  1.10847718e+00 
 1.72000000e-01  1.10847718e+00 
 1.72000001e-01  1.10847718e+00 
 1.72000002e-01  1.10847718e+00 
 1.72000004e-01  1.10847718e+00 
 1.72000008e-01  1.10847718e+00 
 1.72000016e-01  1.10847718e+00 
 1.72000033e-01  1.10847718e+00 
 1.72000065e-01  1.10847718e+00 
 1.72000131e-01  1.10847718e+00 
 1.72000262e-01  1.10847718e+00 
 1.72000524e-01  1.10847718e+00 
 1.72001049e-01  1.10847718e+00 
 1.72002097e-01  1.10847718e+00 
 1.72004194e-01  1.10847718e+00 
 1.72008389e-01  1.10847718e+00 
 1.72016777e-01  1.10847718e+00 
 1.72033554e-01  1.10847718e+00 
 1.72067109e-01  1.10847718e+00 
 1.72107109e-01  1.10847718e+00 
 1.72147109e-01  1.10847718e+00 
 1.72187109e-01  1.10847718e+00 
 1.72227109e-01  1.10847718e+00 
 1.72267109e-01  1.10847718e+00 
 1.72307109e-01  1.10847718e+00 
 1.72347109e-01  1.10847718e+00 
 1.72387109e-01  1.10847718e+00 
 1.72399999e-01  1.10847718e+00 
 1.72399999e-01  1.10847718e+00 
 1.72399999e-01  1.10847718e+00 
 1.72400000e-01  1.10847718e+00 
 1.72400000e-01  1.10847720e+00 
 1.72400000e-01  1.10847721e+00 
 1.72400000e-01  1.10847722e+00 
 1.72400000e-01  1.10847725e+00 
 1.72400001e-01  1.10847731e+00 
 1.72400002e-01  1.10847743e+00 
 1.72400004e-01  1.10847767e+00 
 1.72400008e-01  1.10847816e+00 
 1.72400016e-01  1.10847912e+00 
 1.72400033e-01  1.10848105e+00 
 1.72400065e-01  1.10848490e+00 
 1.72400131e-01  1.10849258e+00 
 1.72400262e-01  1.10850784e+00 
 1.72400524e-01  1.10853799e+00 
 1.72401049e-01  1.10859684e+00 
 1.72402097e-01  1.10870893e+00 
 1.72404194e-01  1.10891244e+00 
 1.72408389e-01  1.10924869e+00 
 1.72416777e-01  1.10971169e+00 
 1.72433554e-01  1.11015993e+00 
 1.72467109e-01  1.11036811e+00 
 1.72507109e-01  1.11036275e+00 
 1.72547109e-01  1.11036335e+00 
 1.72587109e-01  1.11036328e+00 
 1.72627109e-01  1.11036329e+00 
 1.72667109e-01  1.11036329e+00 
 1.72707109e-01  1.11036329e+00 
 1.72747109e-01  1.11036329e+00 
 1.72787109e-01  1.11036329e+00 
 1.72799999e-01  1.11036329e+00 
 1.72799999e-01  1.11036329e+00 
 1.72799999e-01  1.11036329e+00 
 1.72800000e-01  1.11036329e+00 
 1.72800000e-01  1.11036329e+00 
 1.72800000e-01  1.11036329e+00 
 1.72800000e-01  1.11036329e+00 
 1.72800000e-01  1.11036329e+00 
 1.72800001e-01  1.11036329e+00 
 1.72800002e-01  1.11036329e+00 
 1.72800004e-01  1.11036329e+00 
 1.72800008e-01  1.11036329e+00 
 1.72800016e-01  1.11036329e+00 
 1.72800033e-01  1.11036329e+00 
 1.72800065e-01  1.11036329e+00 
 1.72800131e-01  1.11036329e+00 
 1.72800262e-01  1.11036329e+00 
 1.72800524e-01  1.11036329e+00 
 1.72801049e-01  1.11036329e+00 
 1.72802097e-01  1.11036329e+00 
 1.72804194e-01  1.11036329e+00 
 1.72808389e-01  1.11036329e+00 
 1.72816777e-01  1.11036329e+00 
 1.72833554e-01  1.11036329e+00 
 1.72867109e-01  1.11036329e+00 
 1.72907109e-01  1.11036329e+00 
 1.72947109e-01  1.11036329e+00 
 1.72987109e-01  1.11036329e+00 
 1.73027109e-01  1.11036329e+00 
 1.73067109e-01  1.11036329e+00 
 1.73107109e-01  1.11036329e+00 
 1.73147109e-01  1.11036329e+00 
 1.73187109e-01  1.11036329e+00 
 1.73199999e-01  1.11036329e+00 
 1.73199999e-01  1.11036329e+00 
 1.73199999e-01  1.11036329e+00 
 1.73200000e-01  1.11036329e+00 
 1.73200000e-01  1.11036330e+00 
 1.73200000e-01  1.11036331e+00 
 1.73200000e-01  1.11036332e+00 
 1.73200000e-01  1.11036335e+00 
 1.73200001e-01  1.11036341e+00 
 1.73200002e-01  1.11036353e+00 
 1.73200004e-01  1.11036378e+00 
 1.73200008e-01  1.11036426e+00 
 1.73200016e-01  1.11036522e+00 
 1.73200033e-01  1.11036714e+00 
 1.73200065e-01  1.11037099e+00 
 1.73200131e-01  1.11037865e+00 
 1.73200262e-01  1.11039388e+00 
 1.73200524e-01  1.11042396e+00 
 1.73201049e-01  1.11048268e+00 
 1.73202097e-01  1.11059453e+00 
 1.73204194e-01  1.11079759e+00 
 1.73208389e-01  1.11113311e+00 
 1.73216777e-01  1.11159509e+00 
 1.73233554e-01  1.11204236e+00 
 1.73267109e-01  1.11225008e+00 
 1.73307109e-01  1.11224473e+00 
 1.73347109e-01  1.11224533e+00 
 1.73387109e-01  1.11224526e+00 
 1.73427109e-01  1.11224527e+00 
 1.73467109e-01  1.11224527e+00 
 1.73507109e-01  1.11224527e+00 
 1.73547109e-01  1.11224527e+00 
 1.73587109e-01  1.11224527e+00 
 1.73599999e-01  1.11224527e+00 
 1.73599999e-01  1.11224527e+00 
 1.73599999e-01  1.11224527e+00 
 1.73600000e-01  1.11224527e+00 
 1.73600000e-01  1.11224527e+00 
 1.73600000e-01  1.11224527e+00 
 1.73600000e-01  1.11224527e+00 
 1.73600000e-01  1.11224527e+00 
 1.73600001e-01  1.11224527e+00 
 1.73600002e-01  1.11224527e+00 
 1.73600004e-01  1.11224527e+00 
 1.73600008e-01  1.11224527e+00 
 1.73600016e-01  1.11224527e+00 
 1.73600033e-01  1.11224527e+00 
 1.73600065e-01  1.11224527e+00 
 1.73600131e-01  1.11224527e+00 
 1.73600262e-01  1.11224527e+00 
 1.73600524e-01  1.11224527e+00 
 1.73601049e-01  1.11224527e+00 
 1.73602097e-01  1.11224527e+00 
 1.73604194e-01  1.11224527e+00 
 1.73608389e-01  1.11224527e+00 
 1.73616777e-01  1.11224527e+00 
 1.73633554e-01  1.11224527e+00 
 1.73667109e-01  1.11224527e+00 
 1.73707109e-01  1.11224527e+00 
 1.73747109e-01  1.11224527e+00 
 1.73787109e-01  1.11224527e+00 
 1.73827109e-01  1.11224527e+00 
 1.73867109e-01  1.11224527e+00 
 1.73907109e-01  1.11224527e+00 
 1.73947109e-01  1.11224527e+00 
 1.73987109e-01  1.11224527e+00 
 1.73999999e-01  1.11224527e+00 
 1.73999999e-01  1.11224527e+00 
 1.73999999e-01  1.11224527e+00 
 1.74000000e-01  1.11224527e+00 
 1.74000000e-01  1.11224528e+00 
 1.74000000e-01  1.11224529e+00 
 1.74000000e-01  1.11224530e+00 
 1.74000000e-01  1.11224533e+00 
 1.74000001e-01  1.11224539e+00 
 1.74000002e-01  1.11224551e+00 
 1.74000004e-01  1.11224575e+00 
 1.74000008e-01  1.11224623e+00 
 1.74000016e-01  1.11224720e+00 
 1.74000033e-01  1.11224912e+00 
 1.74000065e-01  1.11225295e+00 
 1.74000131e-01  1.11226059e+00 
 1.74000262e-01  1.11227579e+00 
 1.74000524e-01  1.11230581e+00 
 1.74001049e-01  1.11236440e+00 
 1.74002097e-01  1.11247601e+00 
 1.74004194e-01  1.11267863e+00 
 1.74008389e-01  1.11301343e+00 
 1.74016777e-01  1.11347441e+00 
 1.74033554e-01  1.11392071e+00 
 1.74067109e-01  1.11412798e+00 
 1.74107109e-01  1.11412265e+00 
 1.74147109e-01  1.11412324e+00 
 1.74187109e-01  1.11412317e+00 
 1.74227109e-01  1.11412318e+00 
 1.74267109e-01  1.11412318e+00 
 1.74307109e-01  1.11412318e+00 
 1.74347109e-01  1.11412318e+00 
 1.74387109e-01  1.11412318e+00 
 1.74399999e-01  1.11412318e+00 
 1.74399999e-01  1.11412318e+00 
 1.74399999e-01  1.11412318e+00 
 1.74400000e-01  1.11412318e+00 
 1.74400000e-01  1.11412318e+00 
 1.74400000e-01  1.11412318e+00 
 1.74400000e-01  1.11412318e+00 
 1.74400000e-01  1.11412318e+00 
 1.74400001e-01  1.11412318e+00 
 1.74400002e-01  1.11412318e+00 
 1.74400004e-01  1.11412318e+00 
 1.74400008e-01  1.11412318e+00 
 1.74400016e-01  1.11412318e+00 
 1.74400033e-01  1.11412318e+00 
 1.74400065e-01  1.11412318e+00 
 1.74400131e-01  1.11412318e+00 
 1.74400262e-01  1.11412318e+00 
 1.74400524e-01  1.11412318e+00 
 1.74401049e-01  1.11412318e+00 
 1.74402097e-01  1.11412318e+00 
 1.74404194e-01  1.11412318e+00 
 1.74408389e-01  1.11412318e+00 
 1.74416777e-01  1.11412318e+00 
 1.74433554e-01  1.11412318e+00 
 1.74467109e-01  1.11412318e+00 
 1.74507109e-01  1.11412318e+00 
 1.74547109e-01  1.11412318e+00 
 1.74587109e-01  1.11412318e+00 
 1.74627109e-01  1.11412318e+00 
 1.74667109e-01  1.11412318e+00 
 1.74707109e-01  1.11412318e+00 
 1.74747109e-01  1.11412318e+00 
 1.74787109e-01  1.11412318e+00 
 1.74799999e-01  1.11412318e+00 
 1.74799999e-01  1.11412318e+00 
 1.74799999e-01  1.11412318e+00 
 1.74800000e-01  1.11412318e+00 
 1.74800000e-01  1.11412319e+00 
 1.74800000e-01  1.11412320e+00 
 1.74800000e-01  1.11412322e+00 
 1.74800000e-01  1.11412325e+00 
 1.74800001e-01  1.11412331e+00 
 1.74800002e-01  1.11412343e+00 
 1.74800004e-01  1.11412367e+00 
 1.74800008e-01  1.11412415e+00 
 1.74800016e-01  1.11412510e+00 
 1.74800033e-01  1.11412702e+00 
 1.74800065e-01  1.11413085e+00 
 1.74800131e-01  1.11413847e+00 
 1.74800262e-01  1.11415364e+00 
 1.74800524e-01  1.11418360e+00 
 1.74801049e-01  1.11424206e+00 
 1.74802097e-01  1.11435343e+00 
 1.74804194e-01  1.11455562e+00 
 1.74808389e-01  1.11488970e+00 
 1.74816777e-01  1.11534970e+00 
 1.74833554e-01  1.11579504e+00 
 1.74867109e-01  1.11600187e+00 
 1.74907109e-01  1.11599655e+00 
 1.74947109e-01  1.11599714e+00 
 1.74987109e-01  1.11599708e+00 
 1.75027109e-01  1.11599708e+00 
 1.75067109e-01  1.11599708e+00 
 1.75107109e-01  1.11599708e+00 
 1.75147109e-01  1.11599708e+00 
 1.75187109e-01  1.11599708e+00 
 1.75199999e-01  1.11599708e+00 
 1.75199999e-01  1.11599708e+00 
 1.75199999e-01  1.11599708e+00 
 1.75200000e-01  1.11599708e+00 
 1.75200000e-01  1.11599708e+00 
 1.75200000e-01  1.11599708e+00 
 1.75200000e-01  1.11599708e+00 
 1.75200000e-01  1.11599708e+00 
 1.75200001e-01  1.11599708e+00 
 1.75200002e-01  1.11599708e+00 
 1.75200004e-01  1.11599708e+00 
 1.75200008e-01  1.11599708e+00 
 1.75200016e-01  1.11599708e+00 
 1.75200033e-01  1.11599708e+00 
 1.75200065e-01  1.11599708e+00 
 1.75200131e-01  1.11599708e+00 
 1.75200262e-01  1.11599708e+00 
 1.75200524e-01  1.11599708e+00 
 1.75201049e-01  1.11599708e+00 
 1.75202097e-01  1.11599708e+00 
 1.75204194e-01  1.11599708e+00 
 1.75208389e-01  1.11599708e+00 
 1.75216777e-01  1.11599708e+00 
 1.75233554e-01  1.11599708e+00 
 1.75267109e-01  1.11599708e+00 
 1.75307109e-01  1.11599708e+00 
 1.75347109e-01  1.11599708e+00 
 1.75387109e-01  1.11599708e+00 
 1.75427109e-01  1.11599708e+00 
 1.75467109e-01  1.11599708e+00 
 1.75507109e-01  1.11599708e+00 
 1.75547109e-01  1.11599708e+00 
 1.75587109e-01  1.11599708e+00 
 1.75599999e-01  1.11599708e+00 
 1.75599999e-01  1.11599708e+00 
 1.75599999e-01  1.11599708e+00 
 1.75600000e-01  1.11599708e+00 
 1.75600000e-01  1.11599710e+00 
 1.75600000e-01  1.11599710e+00 
 1.75600000e-01  1.11599712e+00 
 1.75600000e-01  1.11599715e+00 
 1.75600001e-01  1.11599721e+00 
 1.75600002e-01  1.11599733e+00 
 1.75600004e-01  1.11599757e+00 
 1.75600008e-01  1.11599805e+00 
 1.75600016e-01  1.11599900e+00 
 1.75600033e-01  1.11600091e+00 
 1.75600065e-01  1.11600473e+00 
 1.75600131e-01  1.11601234e+00 
 1.75600262e-01  1.11602748e+00 
 1.75600524e-01  1.11605737e+00 
 1.75601049e-01  1.11611571e+00 
 1.75602097e-01  1.11622685e+00 
 1.75604194e-01  1.11642861e+00 
 1.75608389e-01  1.11676198e+00 
 1.75616777e-01  1.11722101e+00 
 1.75633554e-01  1.11766541e+00 
 1.75667109e-01  1.11787181e+00 
 1.75707109e-01  1.11786650e+00 
 1.75747109e-01  1.11786709e+00 
 1.75787109e-01  1.11786702e+00 
 1.75827109e-01  1.11786703e+00 
 1.75867109e-01  1.11786703e+00 
 1.75907109e-01  1.11786703e+00 
 1.75947109e-01  1.11786703e+00 
 1.75987109e-01  1.11786703e+00 
 1.75999999e-01  1.11786703e+00 
 1.75999999e-01  1.11786703e+00 
 1.75999999e-01  1.11786703e+00 
 1.76000000e-01  1.11786703e+00 
 1.76000000e-01  1.11786703e+00 
 1.76000000e-01  1.11786703e+00 
 1.76000000e-01  1.11786703e+00 
 1.76000000e-01  1.11786703e+00 
 1.76000001e-01  1.11786703e+00 
 1.76000002e-01  1.11786703e+00 
 1.76000004e-01  1.11786703e+00 
 1.76000008e-01  1.11786703e+00 
 1.76000016e-01  1.11786703e+00 
 1.76000033e-01  1.11786703e+00 
 1.76000065e-01  1.11786703e+00 
 1.76000131e-01  1.11786703e+00 
 1.76000262e-01  1.11786703e+00 
 1.76000524e-01  1.11786703e+00 
 1.76001049e-01  1.11786703e+00 
 1.76002097e-01  1.11786703e+00 
 1.76004194e-01  1.11786703e+00 
 1.76008389e-01  1.11786703e+00 
 1.76016777e-01  1.11786703e+00 
 1.76033554e-01  1.11786703e+00 
 1.76067109e-01  1.11786703e+00 
 1.76107109e-01  1.11786703e+00 
 1.76147109e-01  1.11786703e+00 
 1.76187109e-01  1.11786703e+00 
 1.76227109e-01  1.11786703e+00 
 1.76267109e-01  1.11786703e+00 
 1.76307109e-01  1.11786703e+00 
 1.76347109e-01  1.11786703e+00 
 1.76387109e-01  1.11786703e+00 
 1.76399999e-01  1.11786703e+00 
 1.76399999e-01  1.11786703e+00 
 1.76399999e-01  1.11786703e+00 
 1.76400000e-01  1.11786703e+00 
 1.76400000e-01  1.11786704e+00 
 1.76400000e-01  1.11786705e+00 
 1.76400000e-01  1.11786706e+00 
 1.76400000e-01  1.11786709e+00 
 1.76400001e-01  1.11786715e+00 
 1.76400002e-01  1.11786727e+00 
 1.76400004e-01  1.11786751e+00 
 1.76400008e-01  1.11786799e+00 
 1.76400016e-01  1.11786894e+00 
 1.76400033e-01  1.11787085e+00 
 1.76400065e-01  1.11787466e+00 
 1.76400131e-01  1.11788226e+00 
 1.76400262e-01  1.11789736e+00 
 1.76400524e-01  1.11792719e+00 
 1.76401049e-01  1.11798541e+00 
 1.76402097e-01  1.11809631e+00 
 1.76404194e-01  1.11829765e+00 
 1.76408389e-01  1.11863033e+00 
 1.76416777e-01  1.11908840e+00 
 1.76433554e-01  1.11953188e+00 
 1.76467109e-01  1.11973784e+00 
 1.76507109e-01  1.11973254e+00 
 1.76547109e-01  1.11973313e+00 
 1.76587109e-01  1.11973306e+00 
 1.76627109e-01  1.11973307e+00 
 1.76667109e-01  1.11973307e+00 
 1.76707109e-01  1.11973307e+00 
 1.76747109e-01  1.11973307e+00 
 1.76787109e-01  1.11973307e+00 
 1.76799999e-01  1.11973307e+00 
 1.76799999e-01  1.11973307e+00 
 1.76799999e-01  1.11973307e+00 
 1.76800000e-01  1.11973307e+00 
 1.76800000e-01  1.11973307e+00 
 1.76800000e-01  1.11973307e+00 
 1.76800000e-01  1.11973307e+00 
 1.76800000e-01  1.11973307e+00 
 1.76800001e-01  1.11973307e+00 
 1.76800002e-01  1.11973307e+00 
 1.76800004e-01  1.11973307e+00 
 1.76800008e-01  1.11973307e+00 
 1.76800016e-01  1.11973307e+00 
 1.76800033e-01  1.11973307e+00 
 1.76800065e-01  1.11973307e+00 
 1.76800131e-01  1.11973307e+00 
 1.76800262e-01  1.11973307e+00 
 1.76800524e-01  1.11973307e+00 
 1.76801049e-01  1.11973307e+00 
 1.76802097e-01  1.11973307e+00 
 1.76804194e-01  1.11973307e+00 
 1.76808389e-01  1.11973307e+00 
 1.76816777e-01  1.11973307e+00 
 1.76833554e-01  1.11973307e+00 
 1.76867109e-01  1.11973307e+00 
 1.76907109e-01  1.11973307e+00 
 1.76947109e-01  1.11973307e+00 
 1.76987109e-01  1.11973307e+00 
 1.77027109e-01  1.11973307e+00 
 1.77067109e-01  1.11973307e+00 
 1.77107109e-01  1.11973307e+00 
 1.77147109e-01  1.11973307e+00 
 1.77187109e-01  1.11973307e+00 
 1.77199999e-01  1.11973307e+00 
 1.77199999e-01  1.11973307e+00 
 1.77199999e-01  1.11973307e+00 
 1.77200000e-01  1.11973307e+00 
 1.77200000e-01  1.11973308e+00 
 1.77200000e-01  1.11973309e+00 
 1.77200000e-01  1.11973311e+00 
 1.77200000e-01  1.11973314e+00 
 1.77200001e-01  1.11973320e+00 
 1.77200002e-01  1.11973331e+00 
 1.77200004e-01  1.11973355e+00 
 1.77200008e-01  1.11973403e+00 
 1.77200016e-01  1.11973498e+00 
 1.77200033e-01  1.11973689e+00 
 1.77200065e-01  1.11974069e+00 
 1.77200131e-01  1.11974827e+00 
 1.77200262e-01  1.11976334e+00 
 1.77200524e-01  1.11979311e+00 
 1.77201049e-01  1.11985121e+00 
 1.77202097e-01  1.11996188e+00 
 1.77204194e-01  1.12016280e+00 
 1.77208389e-01  1.12049480e+00 
 1.77216777e-01  1.12095193e+00 
 1.77233554e-01  1.12139449e+00 
 1.77267109e-01  1.12160002e+00 
 1.77307109e-01  1.12159473e+00 
 1.77347109e-01  1.12159532e+00 
 1.77387109e-01  1.12159526e+00 
 1.77427109e-01  1.12159526e+00 
 1.77467109e-01  1.12159526e+00 
 1.77507109e-01  1.12159526e+00 
 1.77547109e-01  1.12159526e+00 
 1.77587109e-01  1.12159526e+00 
 1.77599999e-01  1.12159526e+00 
 1.77599999e-01  1.12159526e+00 
 1.77599999e-01  1.12159526e+00 
 1.77600000e-01  1.12159526e+00 
 1.77600000e-01  1.12159526e+00 
 1.77600000e-01  1.12159526e+00 
 1.77600000e-01  1.12159526e+00 
 1.77600000e-01  1.12159526e+00 
 1.77600001e-01  1.12159526e+00 
 1.77600002e-01  1.12159526e+00 
 1.77600004e-01  1.12159526e+00 
 1.77600008e-01  1.12159526e+00 
 1.77600016e-01  1.12159526e+00 
 1.77600033e-01  1.12159526e+00 
 1.77600065e-01  1.12159526e+00 
 1.77600131e-01  1.12159526e+00 
 1.77600262e-01  1.12159526e+00 
 1.77600524e-01  1.12159526e+00 
 1.77601049e-01  1.12159526e+00 
 1.77602097e-01  1.12159526e+00 
 1.77604194e-01  1.12159526e+00 
 1.77608389e-01  1.12159526e+00 
 1.77616777e-01  1.12159526e+00 
 1.77633554e-01  1.12159526e+00 
 1.77667109e-01  1.12159526e+00 
 1.77707109e-01  1.12159526e+00 
 1.77747109e-01  1.12159526e+00 
 1.77787109e-01  1.12159526e+00 
 1.77827109e-01  1.12159526e+00 
 1.77867109e-01  1.12159526e+00 
 1.77907109e-01  1.12159526e+00 
 1.77947109e-01  1.12159526e+00 
 1.77987109e-01  1.12159526e+00 
 1.77999999e-01  1.12159526e+00 
 1.77999999e-01  1.12159526e+00 
 1.77999999e-01  1.12159526e+00 
 1.78000000e-01  1.12159526e+00 
 1.78000000e-01  1.12159528e+00 
 1.78000000e-01  1.12159528e+00 
 1.78000000e-01  1.12159530e+00 
 1.78000000e-01  1.12159533e+00 
 1.78000001e-01  1.12159539e+00 
 1.78000002e-01  1.12159551e+00 
 1.78000004e-01  1.12159575e+00 
 1.78000008e-01  1.12159622e+00 
 1.78000016e-01  1.12159717e+00 
 1.78000033e-01  1.12159907e+00 
 1.78000065e-01  1.12160287e+00 
 1.78000131e-01  1.12161043e+00 
 1.78000262e-01  1.12162547e+00 
 1.78000524e-01  1.12165518e+00 
 1.78001049e-01  1.12171316e+00 
 1.78002097e-01  1.12182361e+00 
 1.78004194e-01  1.12202412e+00 
 1.78008389e-01  1.12235544e+00 
 1.78016777e-01  1.12281163e+00 
 1.78033554e-01  1.12325329e+00 
 1.78067109e-01  1.12345841e+00 
 1.78107109e-01  1.12345313e+00 
 1.78147109e-01  1.12345372e+00 
 1.78187109e-01  1.12345365e+00 
 1.78227109e-01  1.12345366e+00 
 1.78267109e-01  1.12345366e+00 
 1.78307109e-01  1.12345366e+00 
 1.78347109e-01  1.12345366e+00 
 1.78387109e-01  1.12345366e+00 
 1.78399999e-01  1.12345366e+00 
 1.78399999e-01  1.12345366e+00 
 1.78399999e-01  1.12345366e+00 
 1.78400000e-01  1.12345366e+00 
 1.78400000e-01  1.12345366e+00 
 1.78400000e-01  1.12345366e+00 
 1.78400000e-01  1.12345366e+00 
 1.78400000e-01  1.12345366e+00 
 1.78400001e-01  1.12345366e+00 
 1.78400002e-01  1.12345366e+00 
 1.78400004e-01  1.12345366e+00 
 1.78400008e-01  1.12345366e+00 
 1.78400016e-01  1.12345366e+00 
 1.78400033e-01  1.12345366e+00 
 1.78400065e-01  1.12345366e+00 
 1.78400131e-01  1.12345366e+00 
 1.78400262e-01  1.12345366e+00 
 1.78400524e-01  1.12345366e+00 
 1.78401049e-01  1.12345366e+00 
 1.78402097e-01  1.12345366e+00 
 1.78404194e-01  1.12345366e+00 
 1.78408389e-01  1.12345366e+00 
 1.78416777e-01  1.12345366e+00 
 1.78433554e-01  1.12345366e+00 
 1.78467109e-01  1.12345366e+00 
 1.78507109e-01  1.12345366e+00 
 1.78547109e-01  1.12345366e+00 
 1.78587109e-01  1.12345366e+00 
 1.78627109e-01  1.12345366e+00 
 1.78667109e-01  1.12345366e+00 
 1.78707109e-01  1.12345366e+00 
 1.78747109e-01  1.12345366e+00 
 1.78787109e-01  1.12345366e+00 
 1.78799999e-01  1.12345366e+00 
 1.78799999e-01  1.12345366e+00 
 1.78799999e-01  1.12345366e+00 
 1.78800000e-01  1.12345366e+00 
 1.78800000e-01  1.12345367e+00 
 1.78800000e-01  1.12345368e+00 
 1.78800000e-01  1.12345369e+00 
 1.78800000e-01  1.12345372e+00 
 1.78800001e-01  1.12345378e+00 
 1.78800002e-01  1.12345390e+00 
 1.78800004e-01  1.12345414e+00 
 1.78800008e-01  1.12345461e+00 
 1.78800016e-01  1.12345556e+00 
 1.78800033e-01  1.12345746e+00 
 1.78800065e-01  1.12346125e+00 
 1.78800131e-01  1.12346880e+00 
 1.78800262e-01  1.12348380e+00 
 1.78800524e-01  1.12351345e+00 
 1.78801049e-01  1.12357132e+00 
 1.78802097e-01  1.12368154e+00 
 1.78804194e-01  1.12388165e+00 
 1.78808389e-01  1.12421230e+00 
 1.78816777e-01  1.12466758e+00 
 1.78833554e-01  1.12510834e+00 
 1.78867109e-01  1.12531305e+00 
 1.78907109e-01  1.12530778e+00 
 1.78947109e-01  1.12530836e+00 
 1.78987109e-01  1.12530830e+00 
 1.79027109e-01  1.12530831e+00 
 1.79067109e-01  1.12530831e+00 
 1.79107109e-01  1.12530831e+00 
 1.79147109e-01  1.12530831e+00 
 1.79187109e-01  1.12530831e+00 
 1.79199999e-01  1.12530831e+00 
 1.79199999e-01  1.12530831e+00 
 1.79199999e-01  1.12530831e+00 
 1.79200000e-01  1.12530831e+00 
 1.79200000e-01  1.12530831e+00 
 1.79200000e-01  1.12530831e+00 
 1.79200000e-01  1.12530831e+00 
 1.79200000e-01  1.12530831e+00 
 1.79200001e-01  1.12530831e+00 
 1.79200002e-01  1.12530831e+00 
 1.79200004e-01  1.12530831e+00 
 1.79200008e-01  1.12530831e+00 
 1.79200016e-01  1.12530831e+00 
 1.79200033e-01  1.12530831e+00 
 1.79200065e-01  1.12530831e+00 
 1.79200131e-01  1.12530831e+00 
 1.79200262e-01  1.12530831e+00 
 1.79200524e-01  1.12530831e+00 
 1.79201049e-01  1.12530831e+00 
 1.79202097e-01  1.12530831e+00 
 1.79204194e-01  1.12530831e+00 
 1.79208389e-01  1.12530831e+00 
 1.79216777e-01  1.12530831e+00 
 1.79233554e-01  1.12530831e+00 
 1.79267109e-01  1.12530831e+00 
 1.79307109e-01  1.12530831e+00 
 1.79347109e-01  1.12530831e+00 
 1.79387109e-01  1.12530831e+00 
 1.79427109e-01  1.12530831e+00 
 1.79467109e-01  1.12530831e+00 
 1.79507109e-01  1.12530831e+00 
 1.79547109e-01  1.12530831e+00 
 1.79587109e-01  1.12530831e+00 
 1.79599999e-01  1.12530831e+00 
 1.79599999e-01  1.12530831e+00 
 1.79599999e-01  1.12530831e+00 
 1.79600000e-01  1.12530831e+00 
 1.79600000e-01  1.12530832e+00 
 1.79600000e-01  1.12530833e+00 
 1.79600000e-01  1.12530834e+00 
 1.79600000e-01  1.12530837e+00 
 1.79600001e-01  1.12530843e+00 
 1.79600002e-01  1.12530855e+00 
 1.79600004e-01  1.12530879e+00 
 1.79600008e-01  1.12530926e+00 
 1.79600016e-01  1.12531021e+00 
 1.79600033e-01  1.12531210e+00 
 1.79600065e-01  1.12531588e+00 
 1.79600131e-01  1.12532341e+00 
 1.79600262e-01  1.12533839e+00 
 1.79600524e-01  1.12536798e+00 
 1.79601049e-01  1.12542573e+00 
 1.79602097e-01  1.12553574e+00 
 1.79604194e-01  1.12573545e+00 
 1.79608389e-01  1.12606544e+00 
 1.79616777e-01  1.12651981e+00 
 1.79633554e-01  1.12695969e+00 
 1.79667109e-01  1.12716399e+00 
 1.79707109e-01  1.12715873e+00 
 1.79747109e-01  1.12715932e+00 
 1.79787109e-01  1.12715925e+00 
 1.79827109e-01  1.12715926e+00 
 1.79867109e-01  1.12715926e+00 
 1.79907109e-01  1.12715926e+00 
 1.79947109e-01  1.12715926e+00 
 1.79987109e-01  1.12715926e+00 
 1.79999999e-01  1.12715926e+00 
 1.79999999e-01  1.12715926e+00 
 1.79999999e-01  1.12715926e+00 
 1.80000000e-01  1.12715926e+00 
 1.80000000e-01  1.12715926e+00 
 1.80000000e-01  1.12715926e+00 
 1.80000000e-01  1.12715926e+00 
 1.80000000e-01  1.12715926e+00 
 1.80000001e-01  1.12715926e+00 
 1.80000002e-01  1.12715926e+00 
 1.80000004e-01  1.12715926e+00 
 1.80000008e-01  1.12715926e+00 
 1.80000016e-01  1.12715926e+00 
 1.80000033e-01  1.12715926e+00 
 1.80000065e-01  1.12715926e+00 
 1.80000131e-01  1.12715926e+00 
 1.80000262e-01  1.12715926e+00 
 1.80000524e-01  1.12715926e+00 
 1.80001049e-01  1.12715926e+00 
 1.80002097e-01  1.12715926e+00 
 1.80004194e-01  1.12715926e+00 
 1.80008389e-01  1.12715926e+00 
 1.80016777e-01  1.12715926e+00 
 1.80033554e-01  1.12715926e+00 
 1.80067109e-01  1.12715926e+00 
 1.80107109e-01  1.12715926e+00 
 1.80147109e-01  1.12715926e+00 
 1.80187109e-01  1.12715926e+00 
 1.80227109e-01  1.12715926e+00 
 1.80267109e-01  1.12715926e+00 
 1.80307109e-01  1.12715926e+00 
 1.80347109e-01  1.12715926e+00 
 1.80387109e-01  1.12715926e+00 
 1.80399999e-01  1.12715926e+00 
 1.80399999e-01  1.12715926e+00 
 1.80399999e-01  1.12715926e+00 
 1.80400000e-01  1.12715926e+00 
 1.80400000e-01  1.12715927e+00 
 1.80400000e-01  1.12715928e+00 
 1.80400000e-01  1.12715929e+00 
 1.80400000e-01  1.12715932e+00 
 1.80400001e-01  1.12715938e+00 
 1.80400002e-01  1.12715950e+00 
 1.80400004e-01  1.12715974e+00 
 1.80400008e-01  1.12716021e+00 
 1.80400016e-01  1.12716116e+00 
 1.80400033e-01  1.12716304e+00 
 1.80400065e-01  1.12716682e+00 
 1.80400131e-01  1.12717434e+00 
 1.80400262e-01  1.12718928e+00 
 1.80400524e-01  1.12721882e+00 
 1.80401049e-01  1.12727645e+00 
 1.80402097e-01  1.12738624e+00 
 1.80404194e-01  1.12758556e+00 
 1.80408389e-01  1.12791490e+00 
 1.80416777e-01  1.12836837e+00 
 1.80433554e-01  1.12880739e+00 
 1.80467109e-01  1.12901129e+00 
 1.80507109e-01  1.12900604e+00 
 1.80547109e-01  1.12900662e+00 
 1.80587109e-01  1.12900656e+00 
 1.80627109e-01  1.12900656e+00 
 1.80667109e-01  1.12900656e+00 
 1.80707109e-01  1.12900656e+00 
 1.80747109e-01  1.12900656e+00 
 1.80787109e-01  1.12900656e+00 
 1.80799999e-01  1.12900656e+00 
 1.80799999e-01  1.12900656e+00 
 1.80799999e-01  1.12900656e+00 
 1.80800000e-01  1.12900656e+00 
 1.80800000e-01  1.12900656e+00 
 1.80800000e-01  1.12900656e+00 
 1.80800000e-01  1.12900656e+00 
 1.80800000e-01  1.12900656e+00 
 1.80800001e-01  1.12900656e+00 
 1.80800002e-01  1.12900656e+00 
 1.80800004e-01  1.12900656e+00 
 1.80800008e-01  1.12900656e+00 
 1.80800016e-01  1.12900656e+00 
 1.80800033e-01  1.12900656e+00 
 1.80800065e-01  1.12900656e+00 
 1.80800131e-01  1.12900656e+00 
 1.80800262e-01  1.12900656e+00 
 1.80800524e-01  1.12900656e+00 
 1.80801049e-01  1.12900656e+00 
 1.80802097e-01  1.12900656e+00 
 1.80804194e-01  1.12900656e+00 
 1.80808389e-01  1.12900656e+00 
 1.80816777e-01  1.12900656e+00 
 1.80833554e-01  1.12900656e+00 
 1.80867109e-01  1.12900656e+00 
 1.80907109e-01  1.12900656e+00 
 1.80947109e-01  1.12900656e+00 
 1.80987109e-01  1.12900656e+00 
 1.81027109e-01  1.12900656e+00 
 1.81067109e-01  1.12900656e+00 
 1.81107109e-01  1.12900656e+00 
 1.81147109e-01  1.12900656e+00 
 1.81187109e-01  1.12900656e+00 
 1.81199999e-01  1.12900656e+00 
 1.81199999e-01  1.12900656e+00 
 1.81199999e-01  1.12900656e+00 
 1.81200000e-01  1.12900656e+00 
 1.81200000e-01  1.12900658e+00 
 1.81200000e-01  1.12900658e+00 
 1.81200000e-01  1.12900660e+00 
 1.81200000e-01  1.12900663e+00 
 1.81200001e-01  1.12900669e+00 
 1.81200002e-01  1.12900681e+00 
 1.81200004e-01  1.12900704e+00 
 1.81200008e-01  1.12900751e+00 
 1.81200016e-01  1.12900846e+00 
 1.81200033e-01  1.12901034e+00 
 1.81200065e-01  1.12901411e+00 
 1.81200131e-01  1.12902161e+00 
 1.81200262e-01  1.12903653e+00 
 1.81200524e-01  1.12906601e+00 
 1.81201049e-01  1.12912353e+00 
 1.81202097e-01  1.12923310e+00 
 1.81204194e-01  1.12943203e+00 
 1.81208389e-01  1.12976073e+00 
 1.81216777e-01  1.13021332e+00 
 1.81233554e-01  1.13065149e+00 
 1.81267109e-01  1.13085498e+00 
 1.81307109e-01  1.13084975e+00 
 1.81347109e-01  1.13085033e+00 
 1.81387109e-01  1.13085026e+00 
 1.81427109e-01  1.13085027e+00 
 1.81467109e-01  1.13085027e+00 
 1.81507109e-01  1.13085027e+00 
 1.81547109e-01  1.13085027e+00 
 1.81587109e-01  1.13085027e+00 
 1.81599999e-01  1.13085027e+00 
 1.81599999e-01  1.13085027e+00 
 1.81599999e-01  1.13085027e+00 
 1.81600000e-01  1.13085027e+00 
 1.81600000e-01  1.13085027e+00 
 1.81600000e-01  1.13085027e+00 
 1.81600000e-01  1.13085027e+00 
 1.81600000e-01  1.13085027e+00 
 1.81600001e-01  1.13085027e+00 
 1.81600002e-01  1.13085027e+00 
 1.81600004e-01  1.13085027e+00 
 1.81600008e-01  1.13085027e+00 
 1.81600016e-01  1.13085027e+00 
 1.81600033e-01  1.13085027e+00 
 1.81600065e-01  1.13085027e+00 
 1.81600131e-01  1.13085027e+00 
 1.81600262e-01  1.13085027e+00 
 1.81600524e-01  1.13085027e+00 
 1.81601049e-01  1.13085027e+00 
 1.81602097e-01  1.13085027e+00 
 1.81604194e-01  1.13085027e+00 
 1.81608389e-01  1.13085027e+00 
 1.81616777e-01  1.13085027e+00 
 1.81633554e-01  1.13085027e+00 
 1.81667109e-01  1.13085027e+00 
 1.81707109e-01  1.13085027e+00 
 1.81747109e-01  1.13085027e+00 
 1.81787109e-01  1.13085027e+00 
 1.81827109e-01  1.13085027e+00 
 1.81867109e-01  1.13085027e+00 
 1.81907109e-01  1.13085027e+00 
 1.81947109e-01  1.13085027e+00 
 1.81987109e-01  1.13085027e+00 
 1.81999999e-01  1.13085027e+00 
 1.81999999e-01  1.13085027e+00 
 1.81999999e-01  1.13085027e+00 
 1.82000000e-01  1.13085027e+00 
 1.82000000e-01  1.13085029e+00 
 1.82000000e-01  1.13085029e+00 
 1.82000000e-01  1.13085031e+00 
 1.82000000e-01  1.13085034e+00 
 1.82000001e-01  1.13085040e+00 
 1.82000002e-01  1.13085051e+00 
 1.82000004e-01  1.13085075e+00 
 1.82000008e-01  1.13085122e+00 
 1.82000016e-01  1.13085216e+00 
 1.82000033e-01  1.13085404e+00 
 1.82000065e-01  1.13085780e+00 
 1.82000131e-01  1.13086529e+00 
 1.82000262e-01  1.13088018e+00 
 1.82000524e-01  1.13090960e+00 
 1.82001049e-01  1.13096701e+00 
 1.82002097e-01  1.13107638e+00 
 1.82004194e-01  1.13127492e+00 
 1.82008389e-01  1.13160299e+00 
 1.82016777e-01  1.13205470e+00 
 1.82033554e-01  1.13249203e+00 
 1.82067109e-01  1.13269513e+00 
 1.82107109e-01  1.13268991e+00 
 1.82147109e-01  1.13269049e+00 
 1.82187109e-01  1.13269042e+00 
 1.82227109e-01  1.13269043e+00 
 1.82267109e-01  1.13269043e+00 
 1.82307109e-01  1.13269043e+00 
 1.82347109e-01  1.13269043e+00 
 1.82387109e-01  1.13269043e+00 
 1.82399999e-01  1.13269043e+00 
 1.82399999e-01  1.13269043e+00 
 1.82399999e-01  1.13269043e+00 
 1.82400000e-01  1.13269043e+00 
 1.82400000e-01  1.13269043e+00 
 1.82400000e-01  1.13269043e+00 
 1.82400000e-01  1.13269043e+00 
 1.82400000e-01  1.13269043e+00 
 1.82400001e-01  1.13269043e+00 
 1.82400002e-01  1.13269043e+00 
 1.82400004e-01  1.13269043e+00 
 1.82400008e-01  1.13269043e+00 
 1.82400016e-01  1.13269043e+00 
 1.82400033e-01  1.13269043e+00 
 1.82400065e-01  1.13269043e+00 
 1.82400131e-01  1.13269043e+00 
 1.82400262e-01  1.13269043e+00 
 1.82400524e-01  1.13269043e+00 
 1.82401049e-01  1.13269043e+00 
 1.82402097e-01  1.13269043e+00 
 1.82404194e-01  1.13269043e+00 
 1.82408389e-01  1.13269043e+00 
 1.82416777e-01  1.13269043e+00 
 1.82433554e-01  1.13269043e+00 
 1.82467109e-01  1.13269043e+00 
 1.82507109e-01  1.13269043e+00 
 1.82547109e-01  1.13269043e+00 
 1.82587109e-01  1.13269043e+00 
 1.82627109e-01  1.13269043e+00 
 1.82667109e-01  1.13269043e+00 
 1.82707109e-01  1.13269043e+00 
 1.82747109e-01  1.13269043e+00 
 1.82787109e-01  1.13269043e+00 
 1.82799999e-01  1.13269043e+00 
 1.82799999e-01  1.13269043e+00 
 1.82799999e-01  1.13269043e+00 
 1.82800000e-01  1.13269043e+00 
 1.82800000e-01  1.13269044e+00 
 1.82800000e-01  1.13269045e+00 
 1.82800000e-01  1.13269046e+00 
 1.82800000e-01  1.13269049e+00 
 1.82800001e-01  1.13269055e+00 
 1.82800002e-01  1.13269067e+00 
 1.82800004e-01  1.13269091e+00 
 1.82800008e-01  1.13269138e+00 
 1.82800016e-01  1.13269232e+00 
 1.82800033e-01  1.13269419e+00 
 1.82800065e-01  1.13269794e+00 
 1.82800131e-01  1.13270542e+00 
 1.82800262e-01  1.13272028e+00 
 1.82800524e-01  1.13274964e+00 
 1.82801049e-01  1.13280695e+00 
 1.82802097e-01  1.13291610e+00 
 1.82804194e-01  1.13311427e+00 
 1.82808389e-01  1.13344171e+00 
 1.82816777e-01  1.13389257e+00 
 1.82833554e-01  1.13432906e+00 
 1.82867109e-01  1.13453178e+00 
 1.82907109e-01  1.13452656e+00 
 1.82947109e-01  1.13452714e+00 
 1.82987109e-01  1.13452708e+00 
 1.83027109e-01  1.13452709e+00 
 1.83067109e-01  1.13452708e+00 
 1.83107109e-01  1.13452708e+00 
 1.83147109e-01  1.13452708e+00 
 1.83187109e-01  1.13452708e+00 
 1.83199999e-01  1.13452708e+00 
 1.83199999e-01  1.13452708e+00 
 1.83199999e-01  1.13452708e+00 
 1.83200000e-01  1.13452708e+00 
 1.83200000e-01  1.13452708e+00 
 1.83200000e-01  1.13452708e+00 
 1.83200000e-01  1.13452708e+00 
 1.83200000e-01  1.13452708e+00 
 1.83200001e-01  1.13452708e+00 
 1.83200002e-01  1.13452708e+00 
 1.83200004e-01  1.13452708e+00 
 1.83200008e-01  1.13452708e+00 
 1.83200016e-01  1.13452708e+00 
 1.83200033e-01  1.13452708e+00 
 1.83200065e-01  1.13452708e+00 
 1.83200131e-01  1.13452708e+00 
 1.83200262e-01  1.13452708e+00 
 1.83200524e-01  1.13452708e+00 
 1.83201049e-01  1.13452708e+00 
 1.83202097e-01  1.13452708e+00 
 1.83204194e-01  1.13452708e+00 
 1.83208389e-01  1.13452708e+00 
 1.83216777e-01  1.13452708e+00 
 1.83233554e-01  1.13452708e+00 
 1.83267109e-01  1.13452708e+00 
 1.83307109e-01  1.13452708e+00 
 1.83347109e-01  1.13452708e+00 
 1.83387109e-01  1.13452708e+00 
 1.83427109e-01  1.13452708e+00 
 1.83467109e-01  1.13452708e+00 
 1.83507109e-01  1.13452708e+00 
 1.83547109e-01  1.13452708e+00 
 1.83587109e-01  1.13452708e+00 
 1.83599999e-01  1.13452708e+00 
 1.83599999e-01  1.13452708e+00 
 1.83599999e-01  1.13452708e+00 
 1.83600000e-01  1.13452708e+00 
 1.83600000e-01  1.13452710e+00 
 1.83600000e-01  1.13452711e+00 
 1.83600000e-01  1.13452712e+00 
 1.83600000e-01  1.13452715e+00 
 1.83600001e-01  1.13452721e+00 
 1.83600002e-01  1.13452733e+00 
 1.83600004e-01  1.13452756e+00 
 1.83600008e-01  1.13452803e+00 
 1.83600016e-01  1.13452897e+00 
 1.83600033e-01  1.13453084e+00 
 1.83600065e-01  1.13453458e+00 
 1.83600131e-01  1.13454205e+00 
 1.83600262e-01  1.13455688e+00 
 1.83600524e-01  1.13458619e+00 
 1.83601049e-01  1.13464338e+00 
 1.83602097e-01  1.13475233e+00 
 1.83604194e-01  1.13495013e+00 
 1.83608389e-01  1.13527695e+00 
 1.83616777e-01  1.13572696e+00 
 1.83633554e-01  1.13616263e+00 
 1.83667109e-01  1.13636497e+00 
 1.83707109e-01  1.13635976e+00 
 1.83747109e-01  1.13636034e+00 
 1.83787109e-01  1.13636028e+00 
 1.83827109e-01  1.13636028e+00 
 1.83867109e-01  1.13636028e+00 
 1.83907109e-01  1.13636028e+00 
 1.83947109e-01  1.13636028e+00 
 1.83987109e-01  1.13636028e+00 
 1.83999999e-01  1.13636028e+00 
 1.83999999e-01  1.13636028e+00 
 1.83999999e-01  1.13636028e+00 
 1.84000000e-01  1.13636028e+00 
 1.84000000e-01  1.13636028e+00 
 1.84000000e-01  1.13636028e+00 
 1.84000000e-01  1.13636028e+00 
 1.84000000e-01  1.13636028e+00 
 1.84000001e-01  1.13636028e+00 
 1.84000002e-01  1.13636028e+00 
 1.84000004e-01  1.13636028e+00 
 1.84000008e-01  1.13636028e+00 
 1.84000016e-01  1.13636028e+00 
 1.84000033e-01  1.13636028e+00 
 1.84000065e-01  1.13636028e+00 
 1.84000131e-01  1.13636028e+00 
 1.84000262e-01  1.13636028e+00 
 1.84000524e-01  1.13636028e+00 
 1.84001049e-01  1.13636028e+00 
 1.84002097e-01  1.13636028e+00 
 1.84004194e-01  1.13636028e+00 
 1.84008389e-01  1.13636028e+00 
 1.84016777e-01  1.13636028e+00 
 1.84033554e-01  1.13636028e+00 
 1.84067109e-01  1.13636028e+00 
 1.84107109e-01  1.13636028e+00 
 1.84147109e-01  1.13636028e+00 
 1.84187109e-01  1.13636028e+00 
 1.84227109e-01  1.13636028e+00 
 1.84267109e-01  1.13636028e+00 
 1.84307109e-01  1.13636028e+00 
 1.84347109e-01  1.13636028e+00 
 1.84387109e-01  1.13636028e+00 
 1.84399999e-01  1.13636028e+00 
 1.84399999e-01  1.13636028e+00 
 1.84399999e-01  1.13636028e+00 
 1.84400000e-01  1.13636028e+00 
 1.84400000e-01  1.13636030e+00 
 1.84400000e-01  1.13636030e+00 
 1.84400000e-01  1.13636032e+00 
 1.84400000e-01  1.13636035e+00 
 1.84400001e-01  1.13636041e+00 
 1.84400002e-01  1.13636052e+00 
 1.84400004e-01  1.13636076e+00 
 1.84400008e-01  1.13636123e+00 
 1.84400016e-01  1.13636216e+00 
 1.84400033e-01  1.13636403e+00 
 1.84400065e-01  1.13636777e+00 
 1.84400131e-01  1.13637522e+00 
 1.84400262e-01  1.13639002e+00 
 1.84400524e-01  1.13641928e+00 
 1.84401049e-01  1.13647637e+00 
 1.84402097e-01  1.13658511e+00 
 1.84404194e-01  1.13678254e+00 
 1.84408389e-01  1.13710876e+00 
 1.84416777e-01  1.13755793e+00 
 1.84433554e-01  1.13799279e+00 
 1.84467109e-01  1.13819475e+00 
 1.84507109e-01  1.13818955e+00 
 1.84547109e-01  1.13819013e+00 
 1.84587109e-01  1.13819007e+00 
 1.84627109e-01  1.13819007e+00 
 1.84667109e-01  1.13819007e+00 
 1.84707109e-01  1.13819007e+00 
 1.84747109e-01  1.13819007e+00 
 1.84787109e-01  1.13819007e+00 
 1.84799999e-01  1.13819007e+00 
 1.84799999e-01  1.13819007e+00 
 1.84799999e-01  1.13819007e+00 
 1.84800000e-01  1.13819007e+00 
 1.84800000e-01  1.13819007e+00 
 1.84800000e-01  1.13819007e+00 
 1.84800000e-01  1.13819007e+00 
 1.84800000e-01  1.13819007e+00 
 1.84800001e-01  1.13819007e+00 
 1.84800002e-01  1.13819007e+00 
 1.84800004e-01  1.13819007e+00 
 1.84800008e-01  1.13819007e+00 
 1.84800016e-01  1.13819007e+00 
 1.84800033e-01  1.13819007e+00 
 1.84800065e-01  1.13819007e+00 
 1.84800131e-01  1.13819007e+00 
 1.84800262e-01  1.13819007e+00 
 1.84800524e-01  1.13819007e+00 
 1.84801049e-01  1.13819007e+00 
 1.84802097e-01  1.13819007e+00 
 1.84804194e-01  1.13819007e+00 
 1.84808389e-01  1.13819007e+00 
 1.84816777e-01  1.13819007e+00 
 1.84833554e-01  1.13819007e+00 
 1.84867109e-01  1.13819007e+00 
 1.84907109e-01  1.13819007e+00 
 1.84947109e-01  1.13819007e+00 
 1.84987109e-01  1.13819007e+00 
 1.85027109e-01  1.13819007e+00 
 1.85067109e-01  1.13819007e+00 
 1.85107109e-01  1.13819007e+00 
 1.85147109e-01  1.13819007e+00 
 1.85187109e-01  1.13819007e+00 
 1.85199999e-01  1.13819007e+00 
 1.85199999e-01  1.13819007e+00 
 1.85199999e-01  1.13819007e+00 
 1.85200000e-01  1.13819007e+00 
 1.85200000e-01  1.13819009e+00 
 1.85200000e-01  1.13819009e+00 
 1.85200000e-01  1.13819011e+00 
 1.85200000e-01  1.13819014e+00 
 1.85200001e-01  1.13819020e+00 
 1.85200002e-01  1.13819031e+00 
 1.85200004e-01  1.13819055e+00 
 1.85200008e-01  1.13819101e+00 
 1.85200016e-01  1.13819195e+00 
 1.85200033e-01  1.13819382e+00 
 1.85200065e-01  1.13819754e+00 
 1.85200131e-01  1.13820498e+00 
 1.85200262e-01  1.13821976e+00 
 1.85200524e-01  1.13824896e+00 
 1.85201049e-01  1.13830594e+00 
 1.85202097e-01  1.13841449e+00 
 1.85204194e-01  1.13861155e+00 
 1.85208389e-01  1.13893717e+00 
 1.85216777e-01  1.13938552e+00 
 1.85233554e-01  1.13981957e+00 
 1.85267109e-01  1.14002117e+00 
 1.85307109e-01  1.14001598e+00 
 1.85347109e-01  1.14001655e+00 
 1.85387109e-01  1.14001649e+00 
 1.85427109e-01  1.14001650e+00 
 1.85467109e-01  1.14001650e+00 
 1.85507109e-01  1.14001650e+00 
 1.85547109e-01  1.14001650e+00 
 1.85587109e-01  1.14001650e+00 
 1.85599999e-01  1.14001650e+00 
 1.85599999e-01  1.14001650e+00 
 1.85599999e-01  1.14001650e+00 
 1.85600000e-01  1.14001650e+00 
 1.85600000e-01  1.14001650e+00 
 1.85600000e-01  1.14001650e+00 
 1.85600000e-01  1.14001650e+00 
 1.85600000e-01  1.14001650e+00 
 1.85600001e-01  1.14001650e+00 
 1.85600002e-01  1.14001650e+00 
 1.85600004e-01  1.14001650e+00 
 1.85600008e-01  1.14001650e+00 
 1.85600016e-01  1.14001650e+00 
 1.85600033e-01  1.14001650e+00 
 1.85600065e-01  1.14001650e+00 
 1.85600131e-01  1.14001650e+00 
 1.85600262e-01  1.14001650e+00 
 1.85600524e-01  1.14001650e+00 
 1.85601049e-01  1.14001650e+00 
 1.85602097e-01  1.14001650e+00 
 1.85604194e-01  1.14001650e+00 
 1.85608389e-01  1.14001650e+00 
 1.85616777e-01  1.14001650e+00 
 1.85633554e-01  1.14001650e+00 
 1.85667109e-01  1.14001650e+00 
 1.85707109e-01  1.14001650e+00 
 1.85747109e-01  1.14001650e+00 
 1.85787109e-01  1.14001650e+00 
 1.85827109e-01  1.14001650e+00 
 1.85867109e-01  1.14001650e+00 
 1.85907109e-01  1.14001650e+00 
 1.85947109e-01  1.14001650e+00 
 1.85987109e-01  1.14001650e+00 
 1.85999999e-01  1.14001650e+00 
 1.85999999e-01  1.14001650e+00 
 1.85999999e-01  1.14001650e+00 
 1.86000000e-01  1.14001650e+00 
 1.86000000e-01  1.14001651e+00 
 1.86000000e-01  1.14001652e+00 
 1.86000000e-01  1.14001653e+00 
 1.86000000e-01  1.14001656e+00 
 1.86000001e-01  1.14001662e+00 
 1.86000002e-01  1.14001674e+00 
 1.86000004e-01  1.14001697e+00 
 1.86000008e-01  1.14001744e+00 
 1.86000016e-01  1.14001837e+00 
 1.86000033e-01  1.14002023e+00 
 1.86000065e-01  1.14002395e+00 
 1.86000131e-01  1.14003138e+00 
 1.86000262e-01  1.14004613e+00 
 1.86000524e-01  1.14007527e+00 
 1.86001049e-01  1.14013216e+00 
 1.86002097e-01  1.14024050e+00 
 1.86004194e-01  1.14043721e+00 
 1.86008389e-01  1.14076224e+00 
 1.86016777e-01  1.14120977e+00 
 1.86033554e-01  1.14164304e+00 
 1.86067109e-01  1.14184426e+00 
 1.86107109e-01  1.14183908e+00 
 1.86147109e-01  1.14183966e+00 
 1.86187109e-01  1.14183959e+00 
 1.86227109e-01  1.14183960e+00 
 1.86267109e-01  1.14183960e+00 
 1.86307109e-01  1.14183960e+00 
 1.86347109e-01  1.14183960e+00 
 1.86387109e-01  1.14183960e+00 
 1.86399999e-01  1.14183960e+00 
 1.86399999e-01  1.14183960e+00 
 1.86399999e-01  1.14183960e+00 
 1.86400000e-01  1.14183960e+00 
 1.86400000e-01  1.14183960e+00 
 1.86400000e-01  1.14183960e+00 
 1.86400000e-01  1.14183960e+00 
 1.86400000e-01  1.14183960e+00 
 1.86400001e-01  1.14183960e+00 
 1.86400002e-01  1.14183960e+00 
 1.86400004e-01  1.14183960e+00 
 1.86400008e-01  1.14183960e+00 
 1.86400016e-01  1.14183960e+00 
 1.86400033e-01  1.14183960e+00 
 1.86400065e-01  1.14183960e+00 
 1.86400131e-01  1.14183960e+00 
 1.86400262e-01  1.14183960e+00 
 1.86400524e-01  1.14183960e+00 
 1.86401049e-01  1.14183960e+00 
 1.86402097e-01  1.14183960e+00 
 1.86404194e-01  1.14183960e+00 
 1.86408389e-01  1.14183960e+00 
 1.86416777e-01  1.14183960e+00 
 1.86433554e-01  1.14183960e+00 
 1.86467109e-01  1.14183960e+00 
 1.86507109e-01  1.14183960e+00 
 1.86547109e-01  1.14183960e+00 
 1.86587109e-01  1.14183960e+00 
 1.86627109e-01  1.14183960e+00 
 1.86667109e-01  1.14183960e+00 
 1.86707109e-01  1.14183960e+00 
 1.86747109e-01  1.14183960e+00 
 1.86787109e-01  1.14183960e+00 
 1.86799999e-01  1.14183960e+00 
 1.86799999e-01  1.14183960e+00 
 1.86799999e-01  1.14183960e+00 
 1.86800000e-01  1.14183960e+00 
 1.86800000e-01  1.14183961e+00 
 1.86800000e-01  1.14183962e+00 
 1.86800000e-01  1.14183963e+00 
 1.86800000e-01  1.14183966e+00 
 1.86800001e-01  1.14183972e+00 
 1.86800002e-01  1.14183984e+00 
 1.86800004e-01  1.14184007e+00 
 1.86800008e-01  1.14184054e+00 
 1.86800016e-01  1.14184147e+00 
 1.86800033e-01  1.14184333e+00 
 1.86800065e-01  1.14184704e+00 
 1.86800131e-01  1.14185445e+00 
 1.86800262e-01  1.14186918e+00 
 1.86800524e-01  1.14189827e+00 
 1.86801049e-01  1.14195505e+00 
 1.86802097e-01  1.14206320e+00 
 1.86804194e-01  1.14225956e+00 
 1.86808389e-01  1.14258400e+00 
 1.86816777e-01  1.14303072e+00 
 1.86833554e-01  1.14346321e+00 
 1.86867109e-01  1.14366408e+00 
 1.86907109e-01  1.14365891e+00 
 1.86947109e-01  1.14365948e+00 
 1.86987109e-01  1.14365942e+00 
 1.87027109e-01  1.14365942e+00 
 1.87067109e-01  1.14365942e+00 
 1.87107109e-01  1.14365942e+00 
 1.87147109e-01  1.14365942e+00 
 1.87187109e-01  1.14365942e+00 
 1.87199999e-01  1.14365942e+00 
 1.87199999e-01  1.14365942e+00 
 1.87199999e-01  1.14365942e+00 
 1.87200000e-01  1.14365942e+00 
 1.87200000e-01  1.14365942e+00 
 1.87200000e-01  1.14365942e+00 
 1.87200000e-01  1.14365942e+00 
 1.87200000e-01  1.14365942e+00 
 1.87200001e-01  1.14365942e+00 
 1.87200002e-01  1.14365942e+00 
 1.87200004e-01  1.14365942e+00 
 1.87200008e-01  1.14365942e+00 
 1.87200016e-01  1.14365942e+00 
 1.87200033e-01  1.14365942e+00 
 1.87200065e-01  1.14365942e+00 
 1.87200131e-01  1.14365942e+00 
 1.87200262e-01  1.14365942e+00 
 1.87200524e-01  1.14365942e+00 
 1.87201049e-01  1.14365942e+00 
 1.87202097e-01  1.14365942e+00 
 1.87204194e-01  1.14365942e+00 
 1.87208389e-01  1.14365942e+00 
 1.87216777e-01  1.14365942e+00 
 1.87233554e-01  1.14365942e+00 
 1.87267109e-01  1.14365942e+00 
 1.87307109e-01  1.14365942e+00 
 1.87347109e-01  1.14365942e+00 
 1.87387109e-01  1.14365942e+00 
 1.87427109e-01  1.14365942e+00 
 1.87467109e-01  1.14365942e+00 
 1.87507109e-01  1.14365942e+00 
 1.87547109e-01  1.14365942e+00 
 1.87587109e-01  1.14365942e+00 
 1.87599999e-01  1.14365942e+00 
 1.87599999e-01  1.14365942e+00 
 1.87599999e-01  1.14365942e+00 
 1.87600000e-01  1.14365942e+00 
 1.87600000e-01  1.14365944e+00 
 1.87600000e-01  1.14365944e+00 
 1.87600000e-01  1.14365946e+00 
 1.87600000e-01  1.14365949e+00 
 1.87600001e-01  1.14365955e+00 
 1.87600002e-01  1.14365966e+00 
 1.87600004e-01  1.14365989e+00 
 1.87600008e-01  1.14366036e+00 
 1.87600016e-01  1.14366129e+00 
 1.87600033e-01  1.14366315e+00 
 1.87600065e-01  1.14366686e+00 
 1.87600131e-01  1.14367425e+00 
 1.87600262e-01  1.14368895e+00 
 1.87600524e-01  1.14371799e+00 
 1.87601049e-01  1.14377467e+00 
 1.87602097e-01  1.14388263e+00 
 1.87604194e-01  1.14407863e+00 
 1.87608389e-01  1.14440250e+00 
 1.87616777e-01  1.14484843e+00 
 1.87633554e-01  1.14528015e+00 
 1.87667109e-01  1.14548066e+00 
 1.87707109e-01  1.14547550e+00 
 1.87747109e-01  1.14547607e+00 
 1.87787109e-01  1.14547601e+00 
 1.87827109e-01  1.14547601e+00 
 1.87867109e-01  1.14547601e+00 
 1.87907109e-01  1.14547601e+00 
 1.87947109e-01  1.14547601e+00 
 1.87987109e-01  1.14547601e+00 
 1.87999999e-01  1.14547601e+00 
 1.87999999e-01  1.14547601e+00 
 1.87999999e-01  1.14547601e+00 
 1.88000000e-01  1.14547601e+00 
 1.88000000e-01  1.14547601e+00 
 1.88000000e-01  1.14547601e+00 
 1.88000000e-01  1.14547601e+00 
 1.88000000e-01  1.14547601e+00 
 1.88000001e-01  1.14547601e+00 
 1.88000002e-01  1.14547601e+00 
 1.88000004e-01  1.14547601e+00 
 1.88000008e-01  1.14547601e+00 
 1.88000016e-01  1.14547601e+00 
 1.88000033e-01  1.14547601e+00 
 1.88000065e-01  1.14547601e+00 
 1.88000131e-01  1.14547601e+00 
 1.88000262e-01  1.14547601e+00 
 1.88000524e-01  1.14547601e+00 
 1.88001049e-01  1.14547601e+00 
 1.88002097e-01  1.14547601e+00 
 1.88004194e-01  1.14547601e+00 
 1.88008389e-01  1.14547601e+00 
 1.88016777e-01  1.14547601e+00 
 1.88033554e-01  1.14547601e+00 
 1.88067109e-01  1.14547601e+00 
 1.88107109e-01  1.14547601e+00 
 1.88147109e-01  1.14547601e+00 
 1.88187109e-01  1.14547601e+00 
 1.88227109e-01  1.14547601e+00 
 1.88267109e-01  1.14547601e+00 
 1.88307109e-01  1.14547601e+00 
 1.88347109e-01  1.14547601e+00 
 1.88387109e-01  1.14547601e+00 
 1.88399999e-01  1.14547601e+00 
 1.88399999e-01  1.14547601e+00 
 1.88399999e-01  1.14547601e+00 
 1.88400000e-01  1.14547601e+00 
 1.88400000e-01  1.14547603e+00 
 1.88400000e-01  1.14547603e+00 
 1.88400000e-01  1.14547605e+00 
 1.88400000e-01  1.14547608e+00 
 1.88400001e-01  1.14547614e+00 
 1.88400002e-01  1.14547625e+00 
 1.88400004e-01  1.14547648e+00 
 1.88400008e-01  1.14547695e+00 
 1.88400016e-01  1.14547788e+00 
 1.88400033e-01  1.14547973e+00 
 1.88400065e-01  1.14548343e+00 
 1.88400131e-01  1.14549081e+00 
 1.88400262e-01  1.14550549e+00 
 1.88400524e-01  1.14553448e+00 
 1.88401049e-01  1.14559106e+00 
 1.88402097e-01  1.14569883e+00 
 1.88404194e-01  1.14589449e+00 
 1.88408389e-01  1.14621778e+00 
 1.88416777e-01  1.14666293e+00 
 1.88433554e-01  1.14709389e+00 
 1.88467109e-01  1.14729405e+00 
 1.88507109e-01  1.14728890e+00 
 1.88547109e-01  1.14728947e+00 
 1.88587109e-01  1.14728941e+00 
 1.88627109e-01  1.14728941e+00 
 1.88667109e-01  1.14728941e+00 
 1.88707109e-01  1.14728941e+00 
 1.88747109e-01  1.14728941e+00 
 1.88787109e-01  1.14728941e+00 
 1.88799999e-01  1.14728941e+00 
 1.88799999e-01  1.14728941e+00 
 1.88799999e-01  1.14728941e+00 
 1.88800000e-01  1.14728941e+00 
 1.88800000e-01  1.14728941e+00 
 1.88800000e-01  1.14728941e+00 
 1.88800000e-01  1.14728941e+00 
 1.88800000e-01  1.14728941e+00 
 1.88800001e-01  1.14728941e+00 
 1.88800002e-01  1.14728941e+00 
 1.88800004e-01  1.14728941e+00 
 1.88800008e-01  1.14728941e+00 
 1.88800016e-01  1.14728941e+00 
 1.88800033e-01  1.14728941e+00 
 1.88800065e-01  1.14728941e+00 
 1.88800131e-01  1.14728941e+00 
 1.88800262e-01  1.14728941e+00 
 1.88800524e-01  1.14728941e+00 
 1.88801049e-01  1.14728941e+00 
 1.88802097e-01  1.14728941e+00 
 1.88804194e-01  1.14728941e+00 
 1.88808389e-01  1.14728941e+00 
 1.88816777e-01  1.14728941e+00 
 1.88833554e-01  1.14728941e+00 
 1.88867109e-01  1.14728941e+00 
 1.88907109e-01  1.14728941e+00 
 1.88947109e-01  1.14728941e+00 
 1.88987109e-01  1.14728941e+00 
 1.89027109e-01  1.14728941e+00 
 1.89067109e-01  1.14728941e+00 
 1.89107109e-01  1.14728941e+00 
 1.89147109e-01  1.14728941e+00 
 1.89187109e-01  1.14728941e+00 
 1.89199999e-01  1.14728941e+00 
 1.89199999e-01  1.14728941e+00 
 1.89199999e-01  1.14728941e+00 
 1.89200000e-01  1.14728941e+00 
 1.89200000e-01  1.14728942e+00 
 1.89200000e-01  1.14728943e+00 
 1.89200000e-01  1.14728945e+00 
 1.89200000e-01  1.14728948e+00 
 1.89200001e-01  1.14728953e+00 
 1.89200002e-01  1.14728965e+00 
 1.89200004e-01  1.14728988e+00 
 1.89200008e-01  1.14729034e+00 
 1.89200016e-01  1.14729127e+00 
 1.89200033e-01  1.14729312e+00 
 1.89200065e-01  1.14729682e+00 
 1.89200131e-01  1.14730419e+00 
 1.89200262e-01  1.14731884e+00 
 1.89200524e-01  1.14734778e+00 
 1.89201049e-01  1.14740426e+00 
 1.89202097e-01  1.14751184e+00 
 1.89204194e-01  1.14770716e+00 
 1.89208389e-01  1.14802989e+00 
 1.89216777e-01  1.14847427e+00 
 1.89233554e-01  1.14890448e+00 
 1.89267109e-01  1.14910429e+00 
 1.89307109e-01  1.14909914e+00 
 1.89347109e-01  1.14909972e+00 
 1.89387109e-01  1.14909965e+00 
 1.89427109e-01  1.14909966e+00 
 1.89467109e-01  1.14909966e+00 
 1.89507109e-01  1.14909966e+00 
 1.89547109e-01  1.14909966e+00 
 1.89587109e-01  1.14909966e+00 
 1.89599999e-01  1.14909966e+00 
 1.89599999e-01  1.14909966e+00 
 1.89599999e-01  1.14909966e+00 
 1.89600000e-01  1.14909966e+00 
 1.89600000e-01  1.14909966e+00 
 1.89600000e-01  1.14909966e+00 
 1.89600000e-01  1.14909966e+00 
 1.89600000e-01  1.14909966e+00 
 1.89600001e-01  1.14909966e+00 
 1.89600002e-01  1.14909966e+00 
 1.89600004e-01  1.14909966e+00 
 1.89600008e-01  1.14909966e+00 
 1.89600016e-01  1.14909966e+00 
 1.89600033e-01  1.14909966e+00 
 1.89600065e-01  1.14909966e+00 
 1.89600131e-01  1.14909966e+00 
 1.89600262e-01  1.14909966e+00 
 1.89600524e-01  1.14909966e+00 
 1.89601049e-01  1.14909966e+00 
 1.89602097e-01  1.14909966e+00 
 1.89604194e-01  1.14909966e+00 
 1.89608389e-01  1.14909966e+00 
 1.89616777e-01  1.14909966e+00 
 1.89633554e-01  1.14909966e+00 
 1.89667109e-01  1.14909966e+00 
 1.89707109e-01  1.14909966e+00 
 1.89747109e-01  1.14909966e+00 
 1.89787109e-01  1.14909966e+00 
 1.89827109e-01  1.14909966e+00 
 1.89867109e-01  1.14909966e+00 
 1.89907109e-01  1.14909966e+00 
 1.89947109e-01  1.14909966e+00 
 1.89987109e-01  1.14909966e+00 
 1.89999999e-01  1.14909966e+00 
 1.89999999e-01  1.14909966e+00 
 1.89999999e-01  1.14909966e+00 
 1.90000000e-01  1.14909966e+00 
 1.90000000e-01  1.14909967e+00 
 1.90000000e-01  1.14909968e+00 
 1.90000000e-01  1.14909969e+00 
 1.90000000e-01  1.14909972e+00 
 1.90000001e-01  1.14909978e+00 
 1.90000002e-01  1.14909990e+00 
 1.90000004e-01  1.14910013e+00 
 1.90000008e-01  1.14910059e+00 
 1.90000016e-01  1.14910151e+00 
 1.90000033e-01  1.14910336e+00 
 1.90000065e-01  1.14910705e+00 
 1.90000131e-01  1.14911441e+00 
 1.90000262e-01  1.14912903e+00 
 1.90000524e-01  1.14915792e+00 
 1.90001049e-01  1.14921430e+00 
 1.90002097e-01  1.14932170e+00 
 1.90004194e-01  1.14951669e+00 
 1.90008389e-01  1.14983887e+00 
 1.90016777e-01  1.15028248e+00 
 1.90033554e-01  1.15071195e+00 
 1.90067109e-01  1.15091141e+00 
 1.90107109e-01  1.15090628e+00 
 1.90147109e-01  1.15090685e+00 
 1.90187109e-01  1.15090679e+00 
 1.90227109e-01  1.15090680e+00 
 1.90267109e-01  1.15090679e+00 
 1.90307109e-01  1.15090679e+00 
 1.90347109e-01  1.15090679e+00 
 1.90387109e-01  1.15090679e+00 
 1.90399999e-01  1.15090679e+00 
 1.90399999e-01  1.15090679e+00 
 1.90399999e-01  1.15090679e+00 
 1.90400000e-01  1.15090679e+00 
 1.90400000e-01  1.15090679e+00 
 1.90400000e-01  1.15090679e+00 
 1.90400000e-01  1.15090679e+00 
 1.90400000e-01  1.15090679e+00 
 1.90400001e-01  1.15090679e+00 
 1.90400002e-01  1.15090679e+00 
 1.90400004e-01  1.15090679e+00 
 1.90400008e-01  1.15090679e+00 
 1.90400016e-01  1.15090679e+00 
 1.90400033e-01  1.15090679e+00 
 1.90400065e-01  1.15090679e+00 
 1.90400131e-01  1.15090679e+00 
 1.90400262e-01  1.15090679e+00 
 1.90400524e-01  1.15090679e+00 
 1.90401049e-01  1.15090679e+00 
 1.90402097e-01  1.15090679e+00 
 1.90404194e-01  1.15090679e+00 
 1.90408389e-01  1.15090679e+00 
 1.90416777e-01  1.15090679e+00 
 1.90433554e-01  1.15090679e+00 
 1.90467109e-01  1.15090679e+00 
 1.90507109e-01  1.15090679e+00 
 1.90547109e-01  1.15090679e+00 
 1.90587109e-01  1.15090679e+00 
 1.90627109e-01  1.15090679e+00 
 1.90667109e-01  1.15090679e+00 
 1.90707109e-01  1.15090679e+00 
 1.90747109e-01  1.15090679e+00 
 1.90787109e-01  1.15090679e+00 
 1.90799999e-01  1.15090679e+00 
 1.90799999e-01  1.15090679e+00 
 1.90799999e-01  1.15090679e+00 
 1.90800000e-01  1.15090679e+00 
 1.90800000e-01  1.15090681e+00 
 1.90800000e-01  1.15090682e+00 
 1.90800000e-01  1.15090683e+00 
 1.90800000e-01  1.15090686e+00 
 1.90800001e-01  1.15090692e+00 
 1.90800002e-01  1.15090703e+00 
 1.90800004e-01  1.15090726e+00 
 1.90800008e-01  1.15090772e+00 
 1.90800016e-01  1.15090865e+00 
 1.90800033e-01  1.15091049e+00 
 1.90800065e-01  1.15091418e+00 
 1.90800131e-01  1.15092152e+00 
 1.90800262e-01  1.15093612e+00 
 1.90800524e-01  1.15096496e+00 
 1.90801049e-01  1.15102125e+00 
 1.90802097e-01  1.15112846e+00 
 1.90804194e-01  1.15132312e+00 
 1.90808389e-01  1.15164475e+00 
 1.90816777e-01  1.15208761e+00 
 1.90833554e-01  1.15251635e+00 
 1.90867109e-01  1.15271547e+00 
 1.90907109e-01  1.15271035e+00 
 1.90947109e-01  1.15271092e+00 
 1.90987109e-01  1.15271085e+00 
 1.91027109e-01  1.15271086e+00 
 1.91067109e-01  1.15271086e+00 
 1.91107109e-01  1.15271086e+00 
 1.91147109e-01  1.15271086e+00 
 1.91187109e-01  1.15271086e+00 
 1.91199999e-01  1.15271086e+00 
 1.91199999e-01  1.15271086e+00 
 1.91199999e-01  1.15271086e+00 
 1.91200000e-01  1.15271086e+00 
 1.91200000e-01  1.15271086e+00 
 1.91200000e-01  1.15271086e+00 
 1.91200000e-01  1.15271086e+00 
 1.91200000e-01  1.15271086e+00 
 1.91200001e-01  1.15271086e+00 
 1.91200002e-01  1.15271086e+00 
 1.91200004e-01  1.15271086e+00 
 1.91200008e-01  1.15271086e+00 
 1.91200016e-01  1.15271086e+00 
 1.91200033e-01  1.15271086e+00 
 1.91200065e-01  1.15271086e+00 
 1.91200131e-01  1.15271086e+00 
 1.91200262e-01  1.15271086e+00 
 1.91200524e-01  1.15271086e+00 
 1.91201049e-01  1.15271086e+00 
 1.91202097e-01  1.15271086e+00 
 1.91204194e-01  1.15271086e+00 
 1.91208389e-01  1.15271086e+00 
 1.91216777e-01  1.15271086e+00 
 1.91233554e-01  1.15271086e+00 
 1.91267109e-01  1.15271086e+00 
 1.91307109e-01  1.15271086e+00 
 1.91347109e-01  1.15271086e+00 
 1.91387109e-01  1.15271086e+00 
 1.91427109e-01  1.15271086e+00 
 1.91467109e-01  1.15271086e+00 
 1.91507109e-01  1.15271086e+00 
 1.91547109e-01  1.15271086e+00 
 1.91587109e-01  1.15271086e+00 
 1.91599999e-01  1.15271086e+00 
 1.91599999e-01  1.15271086e+00 
 1.91599999e-01  1.15271086e+00 
 1.91600000e-01  1.15271086e+00 
 1.91600000e-01  1.15271087e+00 
 1.91600000e-01  1.15271088e+00 
 1.91600000e-01  1.15271090e+00 
 1.91600000e-01  1.15271092e+00 
 1.91600001e-01  1.15271098e+00 
 1.91600002e-01  1.15271110e+00 
 1.91600004e-01  1.15271133e+00 
 1.91600008e-01  1.15271179e+00 
 1.91600016e-01  1.15271271e+00 
 1.91600033e-01  1.15271455e+00 
 1.91600065e-01  1.15271823e+00 
 1.91600131e-01  1.15272556e+00 
 1.91600262e-01  1.15274013e+00 
 1.91600524e-01  1.15276893e+00 
 1.91601049e-01  1.15282512e+00 
 1.91602097e-01  1.15293216e+00 
 1.91604194e-01  1.15312648e+00 
 1.91608389e-01  1.15344757e+00 
 1.91616777e-01  1.15388969e+00 
 1.91633554e-01  1.15431771e+00 
 1.91667109e-01  1.15451650e+00 
 1.91707109e-01  1.15451138e+00 
 1.91747109e-01  1.15451195e+00 
 1.91787109e-01  1.15451189e+00 
 1.91827109e-01  1.15451190e+00 
 1.91867109e-01  1.15451190e+00 
 1.91907109e-01  1.15451190e+00 
 1.91947109e-01  1.15451190e+00 
 1.91987109e-01  1.15451190e+00 
 1.91999999e-01  1.15451190e+00 
 1.91999999e-01  1.15451190e+00 
 1.91999999e-01  1.15451190e+00 
 1.92000000e-01  1.15451190e+00 
 1.92000000e-01  1.15451190e+00 
 1.92000000e-01  1.15451190e+00 
 1.92000000e-01  1.15451190e+00 
 1.92000000e-01  1.15451190e+00 
 1.92000001e-01  1.15451190e+00 
 1.92000002e-01  1.15451190e+00 
 1.92000004e-01  1.15451190e+00 
 1.92000008e-01  1.15451190e+00 
 1.92000016e-01  1.15451190e+00 
 1.92000033e-01  1.15451190e+00 
 1.92000065e-01  1.15451190e+00 
 1.92000131e-01  1.15451190e+00 
 1.92000262e-01  1.15451190e+00 
 1.92000524e-01  1.15451190e+00 
 1.92001049e-01  1.15451190e+00 
 1.92002097e-01  1.15451190e+00 
 1.92004194e-01  1.15451190e+00 
 1.92008389e-01  1.15451190e+00 
 1.92016777e-01  1.15451190e+00 
 1.92033554e-01  1.15451190e+00 
 1.92067109e-01  1.15451190e+00 
 1.92107109e-01  1.15451190e+00 
 1.92147109e-01  1.15451190e+00 
 1.92187109e-01  1.15451190e+00 
 1.92227109e-01  1.15451190e+00 
 1.92267109e-01  1.15451190e+00 
 1.92307109e-01  1.15451190e+00 
 1.92347109e-01  1.15451190e+00 
 1.92387109e-01  1.15451190e+00 
 1.92399999e-01  1.15451190e+00 
 1.92399999e-01  1.15451190e+00 
 1.92399999e-01  1.15451190e+00 
 1.92400000e-01  1.15451190e+00 
 1.92400000e-01  1.15451191e+00 
 1.92400000e-01  1.15451192e+00 
 1.92400000e-01  1.15451193e+00 
 1.92400000e-01  1.15451196e+00 
 1.92400001e-01  1.15451202e+00 
 1.92400002e-01  1.15451213e+00 
 1.92400004e-01  1.15451236e+00 
 1.92400008e-01  1.15451282e+00 
 1.92400016e-01  1.15451374e+00 
 1.92400033e-01  1.15451558e+00 
 1.92400065e-01  1.15451925e+00 
 1.92400131e-01  1.15452657e+00 
 1.92400262e-01  1.15454112e+00 
 1.92400524e-01  1.15456987e+00 
 1.92401049e-01  1.15462597e+00 
 1.92402097e-01  1.15473283e+00 
 1.92404194e-01  1.15492683e+00 
 1.92408389e-01  1.15524739e+00 
 1.92416777e-01  1.15568877e+00 
 1.92433554e-01  1.15611608e+00 
 1.92467109e-01  1.15631454e+00 
 1.92507109e-01  1.15630943e+00 
 1.92547109e-01  1.15631000e+00 
 1.92587109e-01  1.15630993e+00 
 1.92627109e-01  1.15630994e+00 
 1.92667109e-01  1.15630994e+00 
 1.92707109e-01  1.15630994e+00 
 1.92747109e-01  1.15630994e+00 
 1.92787109e-01  1.15630994e+00 
 1.92799999e-01  1.15630994e+00 
 1.92799999e-01  1.15630994e+00 
 1.92799999e-01  1.15630994e+00 
 1.92800000e-01  1.15630994e+00 
 1.92800000e-01  1.15630994e+00 
 1.92800000e-01  1.15630994e+00 
 1.92800000e-01  1.15630994e+00 
 1.92800000e-01  1.15630994e+00 
 1.92800001e-01  1.15630994e+00 
 1.92800002e-01  1.15630994e+00 
 1.92800004e-01  1.15630994e+00 
 1.92800008e-01  1.15630994e+00 
 1.92800016e-01  1.15630994e+00 
 1.92800033e-01  1.15630994e+00 
 1.92800065e-01  1.15630994e+00 
 1.92800131e-01  1.15630994e+00 
 1.92800262e-01  1.15630994e+00 
 1.92800524e-01  1.15630994e+00 
 1.92801049e-01  1.15630994e+00 
 1.92802097e-01  1.15630994e+00 
 1.92804194e-01  1.15630994e+00 
 1.92808389e-01  1.15630994e+00 
 1.92816777e-01  1.15630994e+00 
 1.92833554e-01  1.15630994e+00 
 1.92867109e-01  1.15630994e+00 
 1.92907109e-01  1.15630994e+00 
 1.92947109e-01  1.15630994e+00 
 1.92987109e-01  1.15630994e+00 
 1.93027109e-01  1.15630994e+00 
 1.93067109e-01  1.15630994e+00 
 1.93107109e-01  1.15630994e+00 
 1.93147109e-01  1.15630994e+00 
 1.93187109e-01  1.15630994e+00 
 1.93199999e-01  1.15630994e+00 
 1.93199999e-01  1.15630994e+00 
 1.93199999e-01  1.15630994e+00 
 1.93200000e-01  1.15630994e+00 
 1.93200000e-01  1.15630995e+00 
 1.93200000e-01  1.15630996e+00 
 1.93200000e-01  1.15630997e+00 
 1.93200000e-01  1.15631000e+00 
 1.93200001e-01  1.15631006e+00 
 1.93200002e-01  1.15631018e+00 
 1.93200004e-01  1.15631041e+00 
 1.93200008e-01  1.15631087e+00 
 1.93200016e-01  1.15631178e+00 
 1.93200033e-01  1.15631362e+00 
 1.93200065e-01  1.15631728e+00 
 1.93200131e-01  1.15632459e+00 
 1.93200262e-01  1.15633912e+00 
 1.93200524e-01  1.15636781e+00 
 1.93201049e-01  1.15642382e+00 
 1.93202097e-01  1.15653051e+00 
 1.93204194e-01  1.15672419e+00 
 1.93208389e-01  1.15704422e+00 
 1.93216777e-01  1.15748488e+00 
 1.93233554e-01  1.15791149e+00 
 1.93267109e-01  1.15810962e+00 
 1.93307109e-01  1.15810452e+00 
 1.93347109e-01  1.15810509e+00 
 1.93387109e-01  1.15810502e+00 
 1.93427109e-01  1.15810503e+00 
 1.93467109e-01  1.15810503e+00 
 1.93507109e-01  1.15810503e+00 
 1.93547109e-01  1.15810503e+00 
 1.93587109e-01  1.15810503e+00 
 1.93599999e-01  1.15810503e+00 
 1.93599999e-01  1.15810503e+00 
 1.93599999e-01  1.15810503e+00 
 1.93600000e-01  1.15810503e+00 
 1.93600000e-01  1.15810503e+00 
 1.93600000e-01  1.15810503e+00 
 1.93600000e-01  1.15810503e+00 
 1.93600000e-01  1.15810503e+00 
 1.93600001e-01  1.15810503e+00 
 1.93600002e-01  1.15810503e+00 
 1.93600004e-01  1.15810503e+00 
 1.93600008e-01  1.15810503e+00 
 1.93600016e-01  1.15810503e+00 
 1.93600033e-01  1.15810503e+00 
 1.93600065e-01  1.15810503e+00 
 1.93600131e-01  1.15810503e+00 
 1.93600262e-01  1.15810503e+00 
 1.93600524e-01  1.15810503e+00 
 1.93601049e-01  1.15810503e+00 
 1.93602097e-01  1.15810503e+00 
 1.93604194e-01  1.15810503e+00 
 1.93608389e-01  1.15810503e+00 
 1.93616777e-01  1.15810503e+00 
 1.93633554e-01  1.15810503e+00 
 1.93667109e-01  1.15810503e+00 
 1.93707109e-01  1.15810503e+00 
 1.93747109e-01  1.15810503e+00 
 1.93787109e-01  1.15810503e+00 
 1.93827109e-01  1.15810503e+00 
 1.93867109e-01  1.15810503e+00 
 1.93907109e-01  1.15810503e+00 
 1.93947109e-01  1.15810503e+00 
 1.93987109e-01  1.15810503e+00 
 1.93999999e-01  1.15810503e+00 
 1.93999999e-01  1.15810503e+00 
 1.93999999e-01  1.15810503e+00 
 1.94000000e-01  1.15810503e+00 
 1.94000000e-01  1.15810504e+00 
 1.94000000e-01  1.15810505e+00 
 1.94000000e-01  1.15810506e+00 
 1.94000000e-01  1.15810509e+00 
 1.94000001e-01  1.15810515e+00 
 1.94000002e-01  1.15810527e+00 
 1.94000004e-01  1.15810549e+00 
 1.94000008e-01  1.15810595e+00 
 1.94000016e-01  1.15810687e+00 
 1.94000033e-01  1.15810870e+00 
 1.94000065e-01  1.15811236e+00 
 1.94000131e-01  1.15811966e+00 
 1.94000262e-01  1.15813416e+00 
 1.94000524e-01  1.15816281e+00 
 1.94001049e-01  1.15821873e+00 
 1.94002097e-01  1.15832524e+00 
 1.94004194e-01  1.15851861e+00 
 1.94008389e-01  1.15883812e+00 
 1.94016777e-01  1.15927806e+00 
 1.94033554e-01  1.15970397e+00 
 1.94067109e-01  1.15990178e+00 
 1.94107109e-01  1.15989669e+00 
 1.94147109e-01  1.15989726e+00 
 1.94187109e-01  1.15989720e+00 
 1.94227109e-01  1.15989720e+00 
 1.94267109e-01  1.15989720e+00 
 1.94307109e-01  1.15989720e+00 
 1.94347109e-01  1.15989720e+00 
 1.94387109e-01  1.15989720e+00 
 1.94399999e-01  1.15989720e+00 
 1.94399999e-01  1.15989720e+00 
 1.94399999e-01  1.15989720e+00 
 1.94400000e-01  1.15989720e+00 
 1.94400000e-01  1.15989720e+00 
 1.94400000e-01  1.15989720e+00 
 1.94400000e-01  1.15989720e+00 
 1.94400000e-01  1.15989720e+00 
 1.94400001e-01  1.15989720e+00 
 1.94400002e-01  1.15989720e+00 
 1.94400004e-01  1.15989720e+00 
 1.94400008e-01  1.15989720e+00 
 1.94400016e-01  1.15989720e+00 
 1.94400033e-01  1.15989720e+00 
 1.94400065e-01  1.15989720e+00 
 1.94400131e-01  1.15989720e+00 
 1.94400262e-01  1.15989720e+00 
 1.94400524e-01  1.15989720e+00 
 1.94401049e-01  1.15989720e+00 
 1.94402097e-01  1.15989720e+00 
 1.94404194e-01  1.15989720e+00 
 1.94408389e-01  1.15989720e+00 
 1.94416777e-01  1.15989720e+00 
 1.94433554e-01  1.15989720e+00 
 1.94467109e-01  1.15989720e+00 
 1.94507109e-01  1.15989720e+00 
 1.94547109e-01  1.15989720e+00 
 1.94587109e-01  1.15989720e+00 
 1.94627109e-01  1.15989720e+00 
 1.94667109e-01  1.15989720e+00 
 1.94707109e-01  1.15989720e+00 
 1.94747109e-01  1.15989720e+00 
 1.94787109e-01  1.15989720e+00 
 1.94799999e-01  1.15989720e+00 
 1.94799999e-01  1.15989720e+00 
 1.94799999e-01  1.15989720e+00 
 1.94800000e-01  1.15989720e+00 
 1.94800000e-01  1.15989722e+00 
 1.94800000e-01  1.15989722e+00 
 1.94800000e-01  1.15989724e+00 
 1.94800000e-01  1.15989727e+00 
 1.94800001e-01  1.15989732e+00 
 1.94800002e-01  1.15989744e+00 
 1.94800004e-01  1.15989767e+00 
 1.94800008e-01  1.15989812e+00 
 1.94800016e-01  1.15989904e+00 
 1.94800033e-01  1.15990087e+00 
 1.94800065e-01  1.15990452e+00 
 1.94800131e-01  1.15991181e+00 
 1.94800262e-01  1.15992629e+00 
 1.94800524e-01  1.15995489e+00 
 1.94801049e-01  1.16001072e+00 
 1.94802097e-01  1.16011706e+00 
 1.94804194e-01  1.16031011e+00 
 1.94808389e-01  1.16062911e+00 
 1.94816777e-01  1.16106834e+00 
 1.94833554e-01  1.16149358e+00 
 1.94867109e-01  1.16169107e+00 
 1.94907109e-01  1.16168599e+00 
 1.94947109e-01  1.16168655e+00 
 1.94987109e-01  1.16168649e+00 
 1.95027109e-01  1.16168650e+00 
 1.95067109e-01  1.16168650e+00 
 1.95107109e-01  1.16168650e+00 
 1.95147109e-01  1.16168650e+00 
 1.95187109e-01  1.16168650e+00 
 1.95199999e-01  1.16168650e+00 
 1.95199999e-01  1.16168650e+00 
 1.95199999e-01  1.16168650e+00 
 1.95200000e-01  1.16168650e+00 
 1.95200000e-01  1.16168650e+00 
 1.95200000e-01  1.16168650e+00 
 1.95200000e-01  1.16168650e+00 
 1.95200000e-01  1.16168650e+00 
 1.95200001e-01  1.16168650e+00 
 1.95200002e-01  1.16168650e+00 
 1.95200004e-01  1.16168650e+00 
 1.95200008e-01  1.16168650e+00 
 1.95200016e-01  1.16168650e+00 
 1.95200033e-01  1.16168650e+00 
 1.95200065e-01  1.16168650e+00 
 1.95200131e-01  1.16168650e+00 
 1.95200262e-01  1.16168650e+00 
 1.95200524e-01  1.16168650e+00 
 1.95201049e-01  1.16168650e+00 
 1.95202097e-01  1.16168650e+00 
 1.95204194e-01  1.16168650e+00 
 1.95208389e-01  1.16168650e+00 
 1.95216777e-01  1.16168650e+00 
 1.95233554e-01  1.16168650e+00 
 1.95267109e-01  1.16168650e+00 
 1.95307109e-01  1.16168650e+00 
 1.95347109e-01  1.16168650e+00 
 1.95387109e-01  1.16168650e+00 
 1.95427109e-01  1.16168650e+00 
 1.95467109e-01  1.16168650e+00 
 1.95507109e-01  1.16168650e+00 
 1.95547109e-01  1.16168650e+00 
 1.95587109e-01  1.16168650e+00 
 1.95599999e-01  1.16168650e+00 
 1.95599999e-01  1.16168650e+00 
 1.95599999e-01  1.16168650e+00 
 1.95600000e-01  1.16168650e+00 
 1.95600000e-01  1.16168651e+00 
 1.95600000e-01  1.16168652e+00 
 1.95600000e-01  1.16168653e+00 
 1.95600000e-01  1.16168656e+00 
 1.95600001e-01  1.16168662e+00 
 1.95600002e-01  1.16168673e+00 
 1.95600004e-01  1.16168696e+00 
 1.95600008e-01  1.16168742e+00 
 1.95600016e-01  1.16168833e+00 
 1.95600033e-01  1.16169016e+00 
 1.95600065e-01  1.16169380e+00 
 1.95600131e-01  1.16170108e+00 
 1.95600262e-01  1.16171553e+00 
 1.95600524e-01  1.16174409e+00 
 1.95601049e-01  1.16179983e+00 
 1.95602097e-01  1.16190600e+00 
 1.95604194e-01  1.16209875e+00 
 1.95608389e-01  1.16241724e+00 
 1.95616777e-01  1.16285578e+00 
 1.95633554e-01  1.16328034e+00 
 1.95667109e-01  1.16347751e+00 
 1.95707109e-01  1.16347244e+00 
 1.95747109e-01  1.16347300e+00 
 1.95787109e-01  1.16347294e+00 
 1.95827109e-01  1.16347295e+00 
 1.95867109e-01  1.16347295e+00 
 1.95907109e-01  1.16347295e+00 
 1.95947109e-01  1.16347295e+00 
 1.95987109e-01  1.16347295e+00 
 1.95999999e-01  1.16347295e+00 
 1.95999999e-01  1.16347295e+00 
 1.95999999e-01  1.16347295e+00 
 1.96000000e-01  1.16347295e+00 
 1.96000000e-01  1.16347295e+00 
 1.96000000e-01  1.16347295e+00 
 1.96000000e-01  1.16347295e+00 
 1.96000000e-01  1.16347295e+00 
 1.96000001e-01  1.16347295e+00 
 1.96000002e-01  1.16347295e+00 
 1.96000004e-01  1.16347295e+00 
 1.96000008e-01  1.16347295e+00 
 1.96000016e-01  1.16347295e+00 
 1.96000033e-01  1.16347295e+00 
 1.96000065e-01  1.16347295e+00 
 1.96000131e-01  1.16347295e+00 
 1.96000262e-01  1.16347295e+00 
 1.96000524e-01  1.16347295e+00 
 1.96001049e-01  1.16347295e+00 
 1.96002097e-01  1.16347295e+00 
 1.96004194e-01  1.16347295e+00 
 1.96008389e-01  1.16347295e+00 
 1.96016777e-01  1.16347295e+00 
 1.96033554e-01  1.16347295e+00 
 1.96067109e-01  1.16347295e+00 
 1.96107109e-01  1.16347295e+00 
 1.96147109e-01  1.16347295e+00 
 1.96187109e-01  1.16347295e+00 
 1.96227109e-01  1.16347295e+00 
 1.96267109e-01  1.16347295e+00 
 1.96307109e-01  1.16347295e+00 
 1.96347109e-01  1.16347295e+00 
 1.96387109e-01  1.16347295e+00 
 1.96399999e-01  1.16347295e+00 
 1.96399999e-01  1.16347295e+00 
 1.96399999e-01  1.16347295e+00 
 1.96400000e-01  1.16347295e+00 
 1.96400000e-01  1.16347296e+00 
 1.96400000e-01  1.16347297e+00 
 1.96400000e-01  1.16347298e+00 
 1.96400000e-01  1.16347301e+00 
 1.96400001e-01  1.16347307e+00 
 1.96400002e-01  1.16347318e+00 
 1.96400004e-01  1.16347341e+00 
 1.96400008e-01  1.16347387e+00 
 1.96400016e-01  1.16347478e+00 
 1.96400033e-01  1.16347660e+00 
 1.96400065e-01  1.16348024e+00 
 1.96400131e-01  1.16348750e+00 
 1.96400262e-01  1.16350194e+00 
 1.96400524e-01  1.16353045e+00 
 1.96401049e-01  1.16358610e+00 
 1.96402097e-01  1.16369211e+00 
 1.96404194e-01  1.16388455e+00 
 1.96408389e-01  1.16420255e+00 
 1.96416777e-01  1.16464039e+00 
 1.96433554e-01  1.16506428e+00 
 1.96467109e-01  1.16526115e+00 
 1.96507109e-01  1.16525608e+00 
 1.96547109e-01  1.16525665e+00 
 1.96587109e-01  1.16525658e+00 
 1.96627109e-01  1.16525659e+00 
 1.96667109e-01  1.16525659e+00 
 1.96707109e-01  1.16525659e+00 
 1.96747109e-01  1.16525659e+00 
 1.96787109e-01  1.16525659e+00 
 1.96799999e-01  1.16525659e+00 
 1.96799999e-01  1.16525659e+00 
 1.96799999e-01  1.16525659e+00 
 1.96800000e-01  1.16525659e+00 
 1.96800000e-01  1.16525659e+00 
 1.96800000e-01  1.16525659e+00 
 1.96800000e-01  1.16525659e+00 
 1.96800000e-01  1.16525659e+00 
 1.96800001e-01  1.16525659e+00 
 1.96800002e-01  1.16525659e+00 
 1.96800004e-01  1.16525659e+00 
 1.96800008e-01  1.16525659e+00 
 1.96800016e-01  1.16525659e+00 
 1.96800033e-01  1.16525659e+00 
 1.96800065e-01  1.16525659e+00 
 1.96800131e-01  1.16525659e+00 
 1.96800262e-01  1.16525659e+00 
 1.96800524e-01  1.16525659e+00 
 1.96801049e-01  1.16525659e+00 
 1.96802097e-01  1.16525659e+00 
 1.96804194e-01  1.16525659e+00 
 1.96808389e-01  1.16525659e+00 
 1.96816777e-01  1.16525659e+00 
 1.96833554e-01  1.16525659e+00 
 1.96867109e-01  1.16525659e+00 
 1.96907109e-01  1.16525659e+00 
 1.96947109e-01  1.16525659e+00 
 1.96987109e-01  1.16525659e+00 
 1.97027109e-01  1.16525659e+00 
 1.97067109e-01  1.16525659e+00 
 1.97107109e-01  1.16525659e+00 
 1.97147109e-01  1.16525659e+00 
 1.97187109e-01  1.16525659e+00 
 1.97199999e-01  1.16525659e+00 
 1.97199999e-01  1.16525659e+00 
 1.97199999e-01  1.16525659e+00 
 1.97200000e-01  1.16525659e+00 
 1.97200000e-01  1.16525660e+00 
 1.97200000e-01  1.16525661e+00 
 1.97200000e-01  1.16525662e+00 
 1.97200000e-01  1.16525665e+00 
 1.97200001e-01  1.16525671e+00 
 1.97200002e-01  1.16525682e+00 
 1.97200004e-01  1.16525705e+00 
 1.97200008e-01  1.16525751e+00 
 1.97200016e-01  1.16525842e+00 
 1.97200033e-01  1.16526024e+00 
 1.97200065e-01  1.16526387e+00 
 1.97200131e-01  1.16527112e+00 
 1.97200262e-01  1.16528554e+00 
 1.97200524e-01  1.16531401e+00 
 1.97201049e-01  1.16536957e+00 
 1.97202097e-01  1.16547541e+00 
 1.97204194e-01  1.16566756e+00 
 1.97208389e-01  1.16598505e+00 
 1.97216777e-01  1.16642222e+00 
 1.97233554e-01  1.16684545e+00 
 1.97267109e-01  1.16704201e+00 
 1.97307109e-01  1.16703695e+00 
 1.97347109e-01  1.16703752e+00 
 1.97387109e-01  1.16703745e+00 
 1.97427109e-01  1.16703746e+00 
 1.97467109e-01  1.16703746e+00 
 1.97507109e-01  1.16703746e+00 
 1.97547109e-01  1.16703746e+00 
 1.97587109e-01  1.16703746e+00 
 1.97599999e-01  1.16703746e+00 
 1.97599999e-01  1.16703746e+00 
 1.97599999e-01  1.16703746e+00 
 1.97600000e-01  1.16703746e+00 
 1.97600000e-01  1.16703746e+00 
 1.97600000e-01  1.16703746e+00 
 1.97600000e-01  1.16703746e+00 
 1.97600000e-01  1.16703746e+00 
 1.97600001e-01  1.16703746e+00 
 1.97600002e-01  1.16703746e+00 
 1.97600004e-01  1.16703746e+00 
 1.97600008e-01  1.16703746e+00 
 1.97600016e-01  1.16703746e+00 
 1.97600033e-01  1.16703746e+00 
 1.97600065e-01  1.16703746e+00 
 1.97600131e-01  1.16703746e+00 
 1.97600262e-01  1.16703746e+00 
 1.97600524e-01  1.16703746e+00 
 1.97601049e-01  1.16703746e+00 
 1.97602097e-01  1.16703746e+00 
 1.97604194e-01  1.16703746e+00 
 1.97608389e-01  1.16703746e+00 
 1.97616777e-01  1.16703746e+00 
 1.97633554e-01  1.16703746e+00 
 1.97667109e-01  1.16703746e+00 
 1.97707109e-01  1.16703746e+00 
 1.97747109e-01  1.16703746e+00 
 1.97787109e-01  1.16703746e+00 
 1.97827109e-01  1.16703746e+00 
 1.97867109e-01  1.16703746e+00 
 1.97907109e-01  1.16703746e+00 
 1.97947109e-01  1.16703746e+00 
 1.97987109e-01  1.16703746e+00 
 1.97999999e-01  1.16703746e+00 
 1.97999999e-01  1.16703746e+00 
 1.97999999e-01  1.16703746e+00 
 1.98000000e-01  1.16703746e+00 
 1.98000000e-01  1.16703747e+00 
 1.98000000e-01  1.16703748e+00 
 1.98000000e-01  1.16703749e+00 
 1.98000000e-01  1.16703752e+00 
 1.98000001e-01  1.16703758e+00 
 1.98000002e-01  1.16703769e+00 
 1.98000004e-01  1.16703792e+00 
 1.98000008e-01  1.16703838e+00 
 1.98000016e-01  1.16703928e+00 
 1.98000033e-01  1.16704110e+00 
 1.98000065e-01  1.16704473e+00 
 1.98000131e-01  1.16705197e+00 
 1.98000262e-01  1.16706636e+00 
 1.98000524e-01  1.16709479e+00 
 1.98001049e-01  1.16715027e+00 
 1.98002097e-01  1.16725594e+00 
 1.98004194e-01  1.16744779e+00 
 1.98008389e-01  1.16776480e+00 
 1.98016777e-01  1.16820129e+00 
 1.98033554e-01  1.16862388e+00 
 1.98067109e-01  1.16882014e+00 
 1.98107109e-01  1.16881508e+00 
 1.98147109e-01  1.16881565e+00 
 1.98187109e-01  1.16881558e+00 
 1.98227109e-01  1.16881559e+00 
 1.98267109e-01  1.16881559e+00 
 1.98307109e-01  1.16881559e+00 
 1.98347109e-01  1.16881559e+00 
 1.98387109e-01  1.16881559e+00 
 1.98399999e-01  1.16881559e+00 
 1.98399999e-01  1.16881559e+00 
 1.98399999e-01  1.16881559e+00 
 1.98400000e-01  1.16881559e+00 
 1.98400000e-01  1.16881559e+00 
 1.98400000e-01  1.16881559e+00 
 1.98400000e-01  1.16881559e+00 
 1.98400000e-01  1.16881559e+00 
 1.98400001e-01  1.16881559e+00 
 1.98400002e-01  1.16881559e+00 
 1.98400004e-01  1.16881559e+00 
 1.98400008e-01  1.16881559e+00 
 1.98400016e-01  1.16881559e+00 
 1.98400033e-01  1.16881559e+00 
 1.98400065e-01  1.16881559e+00 
 1.98400131e-01  1.16881559e+00 
 1.98400262e-01  1.16881559e+00 
 1.98400524e-01  1.16881559e+00 
 1.98401049e-01  1.16881559e+00 
 1.98402097e-01  1.16881559e+00 
 1.98404194e-01  1.16881559e+00 
 1.98408389e-01  1.16881559e+00 
 1.98416777e-01  1.16881559e+00 
 1.98433554e-01  1.16881559e+00 
 1.98467109e-01  1.16881559e+00 
 1.98507109e-01  1.16881559e+00 
 1.98547109e-01  1.16881559e+00 
 1.98587109e-01  1.16881559e+00 
 1.98627109e-01  1.16881559e+00 
 1.98667109e-01  1.16881559e+00 
 1.98707109e-01  1.16881559e+00 
 1.98747109e-01  1.16881559e+00 
 1.98787109e-01  1.16881559e+00 
 1.98799999e-01  1.16881559e+00 
 1.98799999e-01  1.16881559e+00 
 1.98799999e-01  1.16881559e+00 
 1.98800000e-01  1.16881559e+00 
 1.98800000e-01  1.16881560e+00 
 1.98800000e-01  1.16881561e+00 
 1.98800000e-01  1.16881562e+00 
 1.98800000e-01  1.16881565e+00 
 1.98800001e-01  1.16881571e+00 
 1.98800002e-01  1.16881582e+00 
 1.98800004e-01  1.16881605e+00 
 1.98800008e-01  1.16881651e+00 
 1.98800016e-01  1.16881741e+00 
 1.98800033e-01  1.16881923e+00 
 1.98800065e-01  1.16882285e+00 
 1.98800131e-01  1.16883008e+00 
 1.98800262e-01  1.16884445e+00 
 1.98800524e-01  1.16887283e+00 
 1.98801049e-01  1.16892823e+00 
 1.98802097e-01  1.16903374e+00 
 1.98804194e-01  1.16922530e+00 
 1.98808389e-01  1.16954183e+00 
 1.98816777e-01  1.16997766e+00 
 1.98833554e-01  1.17039959e+00 
 1.98867109e-01  1.17059556e+00 
 1.98907109e-01  1.17059051e+00 
 1.98947109e-01  1.17059107e+00 
 1.98987109e-01  1.17059101e+00 
 1.99027109e-01  1.17059102e+00 
 1.99067109e-01  1.17059102e+00 
 1.99107109e-01  1.17059102e+00 
 1.99147109e-01  1.17059102e+00 
 1.99187109e-01  1.17059102e+00 
 1.99199999e-01  1.17059102e+00 
 1.99199999e-01  1.17059102e+00 
 1.99199999e-01  1.17059102e+00 
 1.99200000e-01  1.17059102e+00 
 1.99200000e-01  1.17059102e+00 
 1.99200000e-01  1.17059102e+00 
 1.99200000e-01  1.17059102e+00 
 1.99200000e-01  1.17059102e+00 
 1.99200001e-01  1.17059102e+00 
 1.99200002e-01  1.17059102e+00 
 1.99200004e-01  1.17059102e+00 
 1.99200008e-01  1.17059102e+00 
 1.99200016e-01  1.17059102e+00 
 1.99200033e-01  1.17059102e+00 
 1.99200065e-01  1.17059102e+00 
 1.99200131e-01  1.17059102e+00 
 1.99200262e-01  1.17059102e+00 
 1.99200524e-01  1.17059102e+00 
 1.99201049e-01  1.17059102e+00 
 1.99202097e-01  1.17059102e+00 
 1.99204194e-01  1.17059102e+00 
 1.99208389e-01  1.17059102e+00 
 1.99216777e-01  1.17059102e+00 
 1.99233554e-01  1.17059102e+00 
 1.99267109e-01  1.17059102e+00 
 1.99307109e-01  1.17059102e+00 
 1.99347109e-01  1.17059102e+00 
 1.99387109e-01  1.17059102e+00 
 1.99427109e-01  1.17059102e+00 
 1.99467109e-01  1.17059102e+00 
 1.99507109e-01  1.17059102e+00 
 1.99547109e-01  1.17059102e+00 
 1.99587109e-01  1.17059102e+00 
 1.99599999e-01  1.17059102e+00 
 1.99599999e-01  1.17059102e+00 
 1.99599999e-01  1.17059102e+00 
 1.99600000e-01  1.17059102e+00 
 1.99600000e-01  1.17059103e+00 
 1.99600000e-01  1.17059104e+00 
 1.99600000e-01  1.17059105e+00 
 1.99600000e-01  1.17059108e+00 
 1.99600001e-01  1.17059114e+00 
 1.99600002e-01  1.17059125e+00 
 1.99600004e-01  1.17059148e+00 
 1.99600008e-01  1.17059193e+00 
 1.99600016e-01  1.17059284e+00 
 1.99600033e-01  1.17059465e+00 
 1.99600065e-01  1.17059827e+00 
 1.99600131e-01  1.17060549e+00 
 1.99600262e-01  1.17061983e+00 
 1.99600524e-01  1.17064817e+00 
 1.99601049e-01  1.17070348e+00 
 1.99602097e-01  1.17080884e+00 
 1.99604194e-01  1.17100011e+00 
 1.99608389e-01  1.17131616e+00 
 1.99616777e-01  1.17175133e+00 
 1.99633554e-01  1.17217264e+00 
 1.99667109e-01  1.17236830e+00 
 1.99707109e-01  1.17236327e+00 
 1.99747109e-01  1.17236383e+00 
 1.99787109e-01  1.17236377e+00 
 1.99827109e-01  1.17236377e+00 
 1.99867109e-01  1.17236377e+00 
 1.99907109e-01  1.17236377e+00 
 1.99947109e-01  1.17236377e+00 
 1.99987109e-01  1.17236377e+00 
 1.99999999e-01  1.17236377e+00 
 1.99999999e-01  1.17236377e+00 
 1.99999999e-01  1.17236377e+00 
 2.00000000e-01  1.17236377e+00 
 2.00000000e-01  1.17236377e+00 
 2.00000000e-01  1.17236377e+00 
 2.00000000e-01  1.17236377e+00 
 2.00000000e-01  1.17236377e+00 
 2.00000001e-01  1.17236377e+00 
 2.00000002e-01  1.17236377e+00 
 2.00000004e-01  1.17236377e+00 
 2.00000008e-01  1.17236377e+00 
 2.00000016e-01  1.17236377e+00 
 2.00000033e-01  1.17236377e+00 
 2.00000065e-01  1.17236377e+00 
 2.00000131e-01  1.17236377e+00 
 2.00000262e-01  1.17236377e+00 
 2.00000524e-01  1.17236377e+00 
 2.00001049e-01  1.17236377e+00 
 2.00002097e-01  1.17236377e+00 
 2.00004194e-01  1.17236377e+00 
 2.00008389e-01  1.17236377e+00 
 2.00016777e-01  1.17236377e+00 
 2.00033554e-01  1.17236377e+00 
 2.00067109e-01  1.17236377e+00 
 2.00107109e-01  1.17236377e+00 
 2.00147109e-01  1.17236377e+00 
 2.00187109e-01  1.17236377e+00 
 2.00227109e-01  1.17236377e+00 
 2.00267109e-01  1.17236377e+00 
 2.00307109e-01  1.17236377e+00 
 2.00347109e-01  1.17236377e+00 
 2.00387109e-01  1.17236377e+00 
 2.00399999e-01  1.17236377e+00 
 2.00399999e-01  1.17236377e+00 
 2.00399999e-01  1.17236377e+00 
 2.00400000e-01  1.17236377e+00 
 2.00400000e-01  1.17236379e+00 
 2.00400000e-01  1.17236379e+00 
 2.00400000e-01  1.17236381e+00 
 2.00400000e-01  1.17236383e+00 
 2.00400001e-01  1.17236389e+00 
 2.00400002e-01  1.17236400e+00 
 2.00400004e-01  1.17236423e+00 
 2.00400008e-01  1.17236468e+00 
 2.00400016e-01  1.17236559e+00 
 2.00400033e-01  1.17236740e+00 
 2.00400065e-01  1.17237101e+00 
 2.00400131e-01  1.17237822e+00 
 2.00400262e-01  1.17239254e+00 
 2.00400524e-01  1.17242084e+00 
 2.00401049e-01  1.17247607e+00 
 2.00402097e-01  1.17258127e+00 
 2.00404194e-01  1.17277226e+00 
 2.00408389e-01  1.17308784e+00 
 2.00416777e-01  1.17352236e+00 
 2.00433554e-01  1.17394304e+00 
 2.00467109e-01  1.17413841e+00 
 2.00507109e-01  1.17413339e+00 
 2.00547109e-01  1.17413394e+00 
 2.00587109e-01  1.17413388e+00 
 2.00627109e-01  1.17413389e+00 
 2.00667109e-01  1.17413389e+00 
 2.00707109e-01  1.17413389e+00 
 2.00747109e-01  1.17413389e+00 
 2.00787109e-01  1.17413389e+00 
 2.00799999e-01  1.17413389e+00 
 2.00799999e-01  1.17413389e+00 
 2.00799999e-01  1.17413389e+00 
 2.00800000e-01  1.17413389e+00 
 2.00800000e-01  1.17413389e+00 
