 4.00000000e-07  3.62481922e-02 
 8.00000000e-07  3.62481922e-02 
 1.60000000e-06  3.62481922e-02 
 3.20000000e-06  3.62481922e-02 
 6.40000000e-06  3.62481922e-02 
 1.28000000e-05  3.62481922e-02 
 2.56000000e-05  3.62481922e-02 
 4.00000000e-05  3.62481922e-02 
 4.16569840e-05  3.62481922e-02 
 4.49709519e-05  3.62481922e-02 
 5.15988878e-05  3.62481922e-02 
 6.48547596e-05  3.62481922e-02 
 9.13665032e-05  3.62481922e-02 
 1.31366503e-04  3.62481922e-02 
 1.71366503e-04  3.62481922e-02 
 2.11366503e-04  3.62481922e-02 
 2.51366503e-04  3.62481922e-02 
 2.91366503e-04  3.62481922e-02 
 3.31366503e-04  3.62481922e-02 
 3.71366503e-04  3.62481922e-02 
 3.99999200e-04  3.62481922e-02 
 3.99999280e-04  3.62481922e-02 
 3.99999440e-04  3.62481922e-02 
 3.99999760e-04  3.62489879e-02 
 4.00000000e-04  3.62501815e-02 
 4.00000064e-04  3.62504998e-02 
 4.00000192e-04  3.62511364e-02 
 4.00000448e-04  3.62524095e-02 
 4.00000960e-04  3.62549557e-02 
 4.00001984e-04  3.62600478e-02 
 4.00004032e-04  3.62702311e-02 
 4.00008128e-04  3.62905939e-02 
 4.00016320e-04  3.63313036e-02 
 4.00032704e-04  3.64126607e-02 
 4.00065472e-04  3.65751252e-02 
 4.00131008e-04  3.68990580e-02 
 4.00262080e-04  3.75429593e-02 
 4.00524224e-04  3.88150660e-02 
 4.01048512e-04  4.12977608e-02 
 4.02097088e-04  4.60268352e-02 
 4.04194240e-04  5.46123959e-02 
 4.08388544e-04  6.87987562e-02 
 4.16777152e-04  8.83320672e-02 
 4.32924103e-04  1.06770725e-01 
 4.50184252e-04  1.13113807e-01 
 4.75101805e-04  1.15485225e-01 
 5.05622571e-04  1.15814272e-01 
 5.45622571e-04  1.15823132e-01 
 5.85622571e-04  1.15822147e-01 
 6.25622571e-04  1.15822257e-01 
 6.65622571e-04  1.15822245e-01 
 7.05622571e-04  1.15822246e-01 
 7.45622571e-04  1.15822246e-01 
 7.85622571e-04  1.15822246e-01 
 7.99999200e-04  1.15822246e-01 
 7.99999280e-04  1.15822246e-01 
 7.99999440e-04  1.15822246e-01 
 7.99999760e-04  1.15822246e-01 
 8.00000000e-04  1.15822246e-01 
 8.00000064e-04  1.15822246e-01 
 8.00000192e-04  1.15822246e-01 
 8.00000448e-04  1.15822246e-01 
 8.00000960e-04  1.15822246e-01 
 8.00001984e-04  1.15822246e-01 
 8.00004032e-04  1.15822246e-01 
 8.00008128e-04  1.15822246e-01 
 8.00016320e-04  1.15822246e-01 
 8.00032704e-04  1.15822246e-01 
 8.00065472e-04  1.15822246e-01 
 8.00131008e-04  1.15822246e-01 
 8.00262080e-04  1.15822246e-01 
 8.00524224e-04  1.15822246e-01 
 8.01048512e-04  1.15822246e-01 
 8.02097088e-04  1.15822246e-01 
 8.04194240e-04  1.15822246e-01 
 8.08388544e-04  1.15822246e-01 
 8.16777152e-04  1.15822246e-01 
 8.33554368e-04  1.15822246e-01 
 8.52068924e-04  1.15822246e-01 
 8.75555992e-04  1.15822246e-01 
 9.07893803e-04  1.15822246e-01 
 9.47893803e-04  1.15822246e-01 
 9.87893803e-04  1.15822246e-01 
 1.02789380e-03  1.15822246e-01 
 1.06789380e-03  1.15822246e-01 
 1.10789380e-03  1.15822246e-01 
 1.14789380e-03  1.15822246e-01 
 1.18789380e-03  1.15822246e-01 
 1.19999920e-03  1.15822246e-01 
 1.19999928e-03  1.15822246e-01 
 1.19999944e-03  1.15822246e-01 
 1.19999976e-03  1.15822246e-01 
 1.20000000e-03  1.15823114e-01 
 1.20000006e-03  1.15823578e-01 
 1.20000019e-03  1.15824504e-01 
 1.20000045e-03  1.15826357e-01 
 1.20000096e-03  1.15830063e-01 
 1.20000198e-03  1.15837475e-01 
 1.20000403e-03  1.15852296e-01 
 1.20000813e-03  1.15881934e-01 
 1.20001632e-03  1.15941186e-01 
 1.20003270e-03  1.16059600e-01 
 1.20006547e-03  1.16296064e-01 
 1.20013101e-03  1.16767542e-01 
 1.20026208e-03  1.17704727e-01 
 1.20052422e-03  1.19556254e-01 
 1.20104851e-03  1.23169768e-01 
 1.20209709e-03  1.30052845e-01 
 1.20419424e-03  1.42548962e-01 
 1.20838854e-03  1.63196935e-01 
 1.21677715e-03  1.91627291e-01 
 1.23355437e-03  2.19151629e-01 
 1.25206892e-03  2.28305142e-01 
 1.27555599e-03  2.31127271e-01 
 1.30789380e-03  2.31641399e-01 
 1.34789380e-03  2.31638415e-01 
 1.38789380e-03  2.31638747e-01 
 1.42789380e-03  2.31638710e-01 
 1.46789380e-03  2.31638714e-01 
 1.50789380e-03  2.31638714e-01 
 1.54789380e-03  2.31638714e-01 
 1.58789380e-03  2.31638714e-01 
 1.59999920e-03  2.31638714e-01 
 1.59999928e-03  2.31638714e-01 
 1.59999944e-03  2.31638714e-01 
 1.59999976e-03  2.31638714e-01 
 1.60000000e-03  2.31638714e-01 
 1.60000006e-03  2.31638714e-01 
 1.60000019e-03  2.31638714e-01 
 1.60000045e-03  2.31638714e-01 
 1.60000096e-03  2.31638714e-01 
 1.60000198e-03  2.31638714e-01 
 1.60000403e-03  2.31638714e-01 
 1.60000813e-03  2.31638714e-01 
 1.60001632e-03  2.31638714e-01 
 1.60003270e-03  2.31638714e-01 
 1.60006547e-03  2.31638714e-01 
 1.60013101e-03  2.31638714e-01 
 1.60026208e-03  2.31638714e-01 
 1.60052422e-03  2.31638714e-01 
 1.60104851e-03  2.31638714e-01 
 1.60209709e-03  2.31638714e-01 
 1.60419424e-03  2.31638714e-01 
 1.60838854e-03  2.31638714e-01 
 1.61677715e-03  2.31638714e-01 
 1.63092745e-03  2.31638714e-01 
 1.64639712e-03  2.31638714e-01 
 1.66784105e-03  2.31638714e-01 
 1.69451921e-03  2.31638714e-01 
 1.73451921e-03  2.31638714e-01 
 1.77451921e-03  2.31638714e-01 
 1.81451921e-03  2.31638714e-01 
 1.85451921e-03  2.31638714e-01 
 1.89451921e-03  2.31638714e-01 
 1.93451921e-03  2.31638714e-01 
 1.97451921e-03  2.31638714e-01 
 1.99999920e-03  2.31638714e-01 
 1.99999928e-03  2.31638714e-01 
 1.99999944e-03  2.31638714e-01 
 1.99999976e-03  2.31638714e-01 
 2.00000000e-03  2.31639647e-01 
 2.00000006e-03  2.31640145e-01 
 2.00000019e-03  2.31641142e-01 
 2.00000045e-03  2.31643134e-01 
 2.00000096e-03  2.31647118e-01 
 2.00000198e-03  2.31655086e-01 
 2.00000403e-03  2.31671020e-01 
 2.00000813e-03  2.31702883e-01 
 2.00001632e-03  2.31766584e-01 
 2.00003270e-03  2.31893889e-01 
 2.00006547e-03  2.32148108e-01 
 2.00013101e-03  2.32654986e-01 
 2.00026208e-03  2.33662540e-01 
 2.00052422e-03  2.35653087e-01 
 2.00104851e-03  2.39537919e-01 
 2.00209709e-03  2.46937806e-01 
 2.00419424e-03  2.60372185e-01 
 2.00838854e-03  2.82570495e-01 
 2.01677715e-03  3.13135522e-01 
 2.03092745e-03  3.39513864e-01 
 2.04639712e-03  3.50357577e-01 
 2.06784105e-03  3.55006839e-01 
 2.09451921e-03  3.56047386e-01 
 2.13451921e-03  3.56162704e-01 
 2.17451921e-03  3.56149890e-01 
 2.21451921e-03  3.56151314e-01 
 2.25451921e-03  3.56151156e-01 
 2.29451921e-03  3.56151174e-01 
 2.33451921e-03  3.56151172e-01 
 2.37451921e-03  3.56151172e-01 
 2.39999920e-03  3.56151172e-01 
 2.39999928e-03  3.56151172e-01 
 2.39999944e-03  3.56151172e-01 
 2.39999976e-03  3.56151172e-01 
 2.40000000e-03  3.56151172e-01 
 2.40000006e-03  3.56151172e-01 
 2.40000019e-03  3.56151172e-01 
 2.40000045e-03  3.56151172e-01 
 2.40000096e-03  3.56151172e-01 
 2.40000198e-03  3.56151172e-01 
 2.40000403e-03  3.56151172e-01 
 2.40000813e-03  3.56151172e-01 
 2.40001632e-03  3.56151172e-01 
 2.40003270e-03  3.56151172e-01 
 2.40006547e-03  3.56151172e-01 
 2.40013101e-03  3.56151172e-01 
 2.40026208e-03  3.56151172e-01 
 2.40052422e-03  3.56151172e-01 
 2.40104851e-03  3.56151172e-01 
 2.40209709e-03  3.56151172e-01 
 2.40419424e-03  3.56151172e-01 
 2.40838854e-03  3.56151172e-01 
 2.41677715e-03  3.56151172e-01 
 2.43355437e-03  3.56151172e-01 
 2.45624393e-03  3.56151172e-01 
 2.48573956e-03  3.56151172e-01 
 2.52573956e-03  3.56151172e-01 
 2.56573956e-03  3.56151172e-01 
 2.60573956e-03  3.56151172e-01 
 2.64573956e-03  3.56151172e-01 
 2.68573956e-03  3.56151172e-01 
 2.72573956e-03  3.56151172e-01 
 2.76573956e-03  3.56151172e-01 
 2.79999920e-03  3.56151172e-01 
 2.79999928e-03  3.56151172e-01 
 2.79999944e-03  3.56151172e-01 
 2.79999976e-03  3.56151172e-01 
 2.80000000e-03  3.56152110e-01 
 2.80000006e-03  3.56152611e-01 
 2.80000019e-03  3.56153612e-01 
 2.80000045e-03  3.56155613e-01 
 2.80000096e-03  3.56159617e-01 
 2.80000198e-03  3.56167624e-01 
 2.80000403e-03  3.56183636e-01 
 2.80000813e-03  3.56215654e-01 
 2.80001632e-03  3.56279665e-01 
 2.80003270e-03  3.56407589e-01 
 2.80006547e-03  3.56663045e-01 
 2.80013101e-03  3.57172390e-01 
 2.80026208e-03  3.58184847e-01 
 2.80052422e-03  3.60185080e-01 
 2.80104851e-03  3.64088817e-01 
 2.80209709e-03  3.71524713e-01 
 2.80419424e-03  3.85024467e-01 
 2.80838854e-03  4.07330799e-01 
 2.81677715e-03  4.38044564e-01 
 2.83355437e-03  4.67779542e-01 
 2.85624393e-03  4.78972980e-01 
 2.88573956e-03  4.81176012e-01 
 2.92573956e-03  4.81279930e-01 
 2.96573956e-03  4.81268383e-01 
 3.00573956e-03  4.81269666e-01 
 3.04573956e-03  4.81269524e-01 
 3.08573956e-03  4.81269539e-01 
 3.12573956e-03  4.81269538e-01 
 3.16573956e-03  4.81269538e-01 
 3.19999920e-03  4.81269538e-01 
 3.19999928e-03  4.81269538e-01 
 3.19999944e-03  4.81269538e-01 
 3.19999976e-03  4.81269538e-01 
 3.20000000e-03  4.81269538e-01 
 3.20000006e-03  4.81269538e-01 
 3.20000019e-03  4.81269538e-01 
 3.20000045e-03  4.81269538e-01 
 3.20000096e-03  4.81269538e-01 
 3.20000198e-03  4.81269538e-01 
 3.20000403e-03  4.81269538e-01 
 3.20000813e-03  4.81269538e-01 
 3.20001632e-03  4.81269538e-01 
 3.20003270e-03  4.81269538e-01 
 3.20006547e-03  4.81269538e-01 
 3.20013101e-03  4.81269538e-01 
 3.20026208e-03  4.81269538e-01 
 3.20052422e-03  4.81269538e-01 
 3.20104851e-03  4.81269538e-01 
 3.20209709e-03  4.81269538e-01 
 3.20419424e-03  4.81269538e-01 
 3.20838854e-03  4.81269538e-01 
 3.21677715e-03  4.81269538e-01 
 3.23355437e-03  4.81269538e-01 
 3.24981879e-03  4.81269538e-01 
 3.26937617e-03  4.81269538e-01 
 3.29432482e-03  4.81269538e-01 
 3.33432482e-03  4.81269538e-01 
 3.37432482e-03  4.81269538e-01 
 3.41432482e-03  4.81269538e-01 
 3.45432482e-03  4.81269538e-01 
 3.49432482e-03  4.81269538e-01 
 3.53432482e-03  4.81269538e-01 
 3.57432482e-03  4.81269538e-01 
 3.59999920e-03  4.81269538e-01 
 3.59999928e-03  4.81269538e-01 
 3.59999944e-03  4.81269538e-01 
 3.59999976e-03  4.81269538e-01 
 3.60000000e-03  4.81270475e-01 
 3.60000006e-03  4.81270975e-01 
 3.60000019e-03  4.81271975e-01 
 3.60000045e-03  4.81273975e-01 
 3.60000096e-03  4.81277975e-01 
 3.60000198e-03  4.81285975e-01 
 3.60000403e-03  4.81301972e-01 
 3.60000813e-03  4.81333960e-01 
 3.60001632e-03  4.81397912e-01 
 3.60003270e-03  4.81525717e-01 
 3.60006547e-03  4.81780936e-01 
 3.60013101e-03  4.82289809e-01 
 3.60026208e-03  4.83301326e-01 
 3.60052422e-03  4.85299704e-01 
 3.60104851e-03  4.89199820e-01 
 3.60209709e-03  4.96628819e-01 
 3.60419424e-03  5.10116050e-01 
 3.60838854e-03  5.32401691e-01 
 3.61677715e-03  5.63086965e-01 
 3.63355437e-03  5.92794360e-01 
 3.64981879e-03  6.01877801e-01 
 3.66937617e-03  6.05211405e-01 
 3.69432482e-03  6.06140540e-01 
 3.73432482e-03  6.06286432e-01 
 3.77432482e-03  6.06270222e-01 
 3.81432482e-03  6.06272023e-01 
 3.85432482e-03  6.06271823e-01 
 3.89432482e-03  6.06271845e-01 
 3.93432482e-03  6.06271843e-01 
 3.97432482e-03  6.06271843e-01 
 3.99999920e-03  6.06271843e-01 
 3.99999928e-03  6.06271843e-01 
 3.99999944e-03  6.06271843e-01 
 3.99999976e-03  6.06271843e-01 
 4.00000000e-03  6.06271843e-01 
 4.00000006e-03  6.06271843e-01 
 4.00000019e-03  6.06271843e-01 
 4.00000045e-03  6.06271843e-01 
 4.00000096e-03  6.06271843e-01 
 4.00000198e-03  6.06271843e-01 
 4.00000403e-03  6.06271843e-01 
 4.00000813e-03  6.06271843e-01 
 4.00001632e-03  6.06271843e-01 
 4.00003270e-03  6.06271843e-01 
 4.00006547e-03  6.06271843e-01 
 4.00013101e-03  6.06271843e-01 
 4.00026208e-03  6.06271843e-01 
 4.00052422e-03  6.06271843e-01 
 4.00104851e-03  6.06271843e-01 
 4.00209709e-03  6.06271843e-01 
 4.00419424e-03  6.06271843e-01 
 4.00838854e-03  6.06271843e-01 
 4.01677715e-03  6.06271843e-01 
 4.03108544e-03  6.06271843e-01 
 4.04679262e-03  6.06271843e-01 
 4.06775967e-03  6.06271843e-01 
 4.09431019e-03  6.06271843e-01 
 4.13431019e-03  6.06271843e-01 
 4.17431019e-03  6.06271843e-01 
 4.21431019e-03  6.06271843e-01 
 4.25431019e-03  6.06271843e-01 
 4.29431019e-03  6.06271843e-01 
 4.33431019e-03  6.06271843e-01 
 4.37431019e-03  6.06271843e-01 
 4.39999920e-03  6.06271843e-01 
 4.39999928e-03  6.06271843e-01 
 4.39999944e-03  6.06271843e-01 
 4.39999976e-03  6.06271843e-01 
 4.40000000e-03  6.06272789e-01 
 4.40000006e-03  6.06273293e-01 
 4.40000019e-03  6.06274303e-01 
 4.40000045e-03  6.06276321e-01 
 4.40000096e-03  6.06280357e-01 
 4.40000198e-03  6.06288429e-01 
 4.40000403e-03  6.06304572e-01 
 4.40000813e-03  6.06336851e-01 
 4.40001632e-03  6.06401384e-01 
 4.40003270e-03  6.06530352e-01 
 4.40006547e-03  6.06787891e-01 
 4.40013101e-03  6.07301391e-01 
 4.40026208e-03  6.08322106e-01 
 4.40052422e-03  6.10338655e-01 
 4.40104851e-03  6.14274234e-01 
 4.40209709e-03  6.21770783e-01 
 4.40419424e-03  6.35380651e-01 
 4.40838854e-03  6.57868931e-01 
 4.41677715e-03  6.88833220e-01 
 4.43108544e-03  7.15762316e-01 
 4.44679262e-03  7.26725035e-01 
 4.46775967e-03  7.31226441e-01 
 4.49431019e-03  7.32300541e-01 
 4.53431019e-03  7.32423018e-01 
 4.57431019e-03  7.32409409e-01 
 4.61431019e-03  7.32410921e-01 
 4.65431019e-03  7.32410753e-01 
 4.69431019e-03  7.32410772e-01 
 4.73431019e-03  7.32410770e-01 
 4.77431019e-03  7.32410770e-01 
 4.79999920e-03  7.32410770e-01 
 4.79999928e-03  7.32410770e-01 
 4.79999944e-03  7.32410770e-01 
 4.79999976e-03  7.32410770e-01 
 4.80000000e-03  7.32410770e-01 
 4.80000006e-03  7.32410770e-01 
 4.80000019e-03  7.32410770e-01 
 4.80000045e-03  7.32410770e-01 
 4.80000096e-03  7.32410770e-01 
 4.80000198e-03  7.32410770e-01 
 4.80000403e-03  7.32410770e-01 
 4.80000813e-03  7.32410770e-01 
 4.80001632e-03  7.32410770e-01 
 4.80003270e-03  7.32410770e-01 
 4.80006547e-03  7.32410770e-01 
 4.80013101e-03  7.32410770e-01 
 4.80026208e-03  7.32410770e-01 
 4.80052422e-03  7.32410770e-01 
 4.80104851e-03  7.32410770e-01 
 4.80209709e-03  7.32410770e-01 
 4.80419424e-03  7.32410770e-01 
 4.80838854e-03  7.32410770e-01 
 4.81677715e-03  7.32410770e-01 
 4.83355437e-03  7.32410770e-01 
 4.85619421e-03  7.32410770e-01 
 4.88565482e-03  7.32410770e-01 
 4.92565482e-03  7.32410770e-01 
 4.96565482e-03  7.32410770e-01 
 5.00565482e-03  7.32410770e-01 
 5.04565482e-03  7.32410770e-01 
 5.08565482e-03  7.32410770e-01 
 5.12565482e-03  7.32410770e-01 
 5.16565482e-03  7.32410770e-01 
 5.19999920e-03  7.32410770e-01 
 5.19999928e-03  7.32410770e-01 
 5.19999944e-03  7.32410770e-01 
 5.19999976e-03  7.32410770e-01 
 5.20000000e-03  7.32411735e-01 
 5.20000006e-03  7.32412249e-01 
 5.20000019e-03  7.32413278e-01 
 5.20000045e-03  7.32415335e-01 
 5.20000096e-03  7.32419450e-01 
 5.20000198e-03  7.32427679e-01 
 5.20000403e-03  7.32444136e-01 
 5.20000813e-03  7.32477043e-01 
 5.20001632e-03  7.32542833e-01 
 5.20003270e-03  7.32674310e-01 
 5.20006547e-03  7.32936862e-01 
 5.20013101e-03  7.33460355e-01 
 5.20026208e-03  7.34500935e-01 
 5.20052422e-03  7.36556730e-01 
 5.20104851e-03  7.40568902e-01 
 5.20209709e-03  7.48211348e-01 
 5.20419424e-03  7.62086090e-01 
 5.20838854e-03  7.85012034e-01 
 5.21677715e-03  8.16578946e-01 
 5.23355437e-03  8.47139884e-01 
 5.25619421e-03  8.58629482e-01 
 5.28565482e-03  8.60906464e-01 
 5.32565482e-03  8.61015501e-01 
 5.36565482e-03  8.61003386e-01 
 5.40565482e-03  8.61004732e-01 
 5.44565482e-03  8.61004582e-01 
 5.48565482e-03  8.61004599e-01 
 5.52565482e-03  8.61004597e-01 
 5.56565482e-03  8.61004597e-01 
 5.59999920e-03  8.61004597e-01 
 5.59999928e-03  8.61004597e-01 
 5.59999944e-03  8.61004597e-01 
 5.59999976e-03  8.61004597e-01 
 5.60000000e-03  8.61004597e-01 
 5.60000006e-03  8.61004597e-01 
 5.60000019e-03  8.61004597e-01 
 5.60000045e-03  8.61004597e-01 
 5.60000096e-03  8.61004597e-01 
 5.60000198e-03  8.61004597e-01 
 5.60000403e-03  8.61004597e-01 
 5.60000813e-03  8.61004597e-01 
 5.60001632e-03  8.61004597e-01 
 5.60003270e-03  8.61004597e-01 
 5.60006547e-03  8.61004597e-01 
 5.60013101e-03  8.61004597e-01 
 5.60026208e-03  8.61004597e-01 
 5.60052422e-03  8.61004597e-01 
 5.60104851e-03  8.61004597e-01 
 5.60209709e-03  8.61004597e-01 
 5.60419424e-03  8.61004597e-01 
 5.60838854e-03  8.61004597e-01 
 5.61677715e-03  8.61004597e-01 
 5.63355437e-03  8.61004597e-01 
 5.66211012e-03  8.61004597e-01 
 5.69568987e-03  8.61004597e-01 
 5.73568987e-03  8.61004597e-01 
 5.77568987e-03  8.61004597e-01 
 5.81568987e-03  8.61004597e-01 
 5.85568987e-03  8.61004597e-01 
 5.89568987e-03  8.61004597e-01 
 5.93568987e-03  8.61004597e-01 
 5.97568987e-03  8.61004597e-01 
 5.99999920e-03  8.61004597e-01 
 5.99999928e-03  8.61004597e-01 
 5.99999944e-03  8.61004597e-01 
 5.99999976e-03  8.61004597e-01 
 6.00000000e-03  8.61005587e-01 
 6.00000006e-03  8.61006114e-01 
 6.00000019e-03  8.61007170e-01 
 6.00000045e-03  8.61009281e-01 
 6.00000096e-03  8.61013503e-01 
 6.00000198e-03  8.61021946e-01 
 6.00000403e-03  8.61038831e-01 
 6.00000813e-03  8.61072594e-01 
 6.00001632e-03  8.61140094e-01 
 6.00003270e-03  8.61274992e-01 
 6.00006547e-03  8.61544373e-01 
 6.00013101e-03  8.62081483e-01 
 6.00026208e-03  8.63149130e-01 
 6.00052422e-03  8.65258399e-01 
 6.00104851e-03  8.69374933e-01 
 6.00209709e-03  8.77216169e-01 
 6.00419424e-03  8.91451812e-01 
 6.00838854e-03  9.14974090e-01 
 6.01677715e-03  9.47362100e-01 
 6.03355437e-03  9.78717969e-01 
 6.06211012e-03  9.92134222e-01 
 6.09568987e-03  9.92962812e-01 
 6.13568987e-03  9.92941156e-01 
 6.17568987e-03  9.92943563e-01 
 6.21568987e-03  9.92943295e-01 
 6.25568987e-03  9.92943325e-01 
 6.29568987e-03  9.92943322e-01 
 6.33568987e-03  9.92943322e-01 
 6.37568987e-03  9.92943322e-01 
 6.39999920e-03  9.92943322e-01 
 6.39999928e-03  9.92943322e-01 
 6.39999944e-03  9.92943322e-01 
 6.39999976e-03  9.92943322e-01 
 6.40000000e-03  9.92943322e-01 
 6.40000006e-03  9.92943322e-01 
 6.40000019e-03  9.92943322e-01 
 6.40000045e-03  9.92943322e-01 
 6.40000096e-03  9.92943322e-01 
 6.40000198e-03  9.92943322e-01 
 6.40000403e-03  9.92943322e-01 
 6.40000813e-03  9.92943322e-01 
 6.40001632e-03  9.92943322e-01 
 6.40003270e-03  9.92943322e-01 
 6.40006547e-03  9.92943322e-01 
 6.40013101e-03  9.92943322e-01 
 6.40026208e-03  9.92943322e-01 
 6.40052422e-03  9.92943322e-01 
 6.40104851e-03  9.92943322e-01 
 6.40209709e-03  9.92943322e-01 
 6.40419424e-03  9.92943322e-01 
 6.40838854e-03  9.92943322e-01 
 6.41677715e-03  9.92943322e-01 
 6.43355437e-03  9.92943322e-01 
 6.46457196e-03  9.92943322e-01 
 6.49780887e-03  9.92943322e-01 
 6.53780887e-03  9.92943322e-01 
 6.57780887e-03  9.92943322e-01 
 6.61780887e-03  9.92943322e-01 
 6.65780887e-03  9.92943322e-01 
 6.69780887e-03  9.92943322e-01 
 6.73780887e-03  9.92943322e-01 
 6.77780887e-03  9.92943322e-01 
 6.79999920e-03  9.92943322e-01 
 6.79999928e-03  9.92943322e-01 
 6.79999944e-03  9.92943322e-01 
 6.79999976e-03  9.92943322e-01 
 6.80000000e-03  9.92944340e-01 
 6.80000006e-03  9.92944882e-01 
 6.80000019e-03  9.92945968e-01 
 6.80000045e-03  9.92948139e-01 
 6.80000096e-03  9.92952481e-01 
 6.80000198e-03  9.92961164e-01 
 6.80000403e-03  9.92978528e-01 
 6.80000813e-03  9.93013251e-01 
 6.80001632e-03  9.93082669e-01 
 6.80003270e-03  9.93221399e-01 
 6.80006547e-03  9.93498433e-01 
 6.80013101e-03  9.94050803e-01 
 6.80026208e-03  9.95148783e-01 
 6.80052422e-03  9.97317978e-01 
 6.80104851e-03  1.00155147e+00 
 6.80209709e-03  1.00961548e+00 
 6.80419424e-03  1.02425557e+00 
 6.80838854e-03  1.04844613e+00 
 6.81677715e-03  1.08175431e+00 
 6.83355437e-03  1.11400103e+00 
 6.86457196e-03  1.12840247e+00 
 6.89780887e-03  1.12863486e+00 
 6.93780887e-03  1.12863005e+00 
 6.97780887e-03  1.12863059e+00 
 7.01780887e-03  1.12863053e+00 
 7.05780887e-03  1.12863053e+00 
 7.09780887e-03  1.12863053e+00 
 7.13780887e-03  1.12863053e+00 
 7.17780887e-03  1.12863053e+00 
 7.19999920e-03  1.12863053e+00 
 7.19999928e-03  1.12863053e+00 
 7.19999944e-03  1.12863053e+00 
 7.19999976e-03  1.12863053e+00 
 7.20000000e-03  1.12863053e+00 
 7.20000006e-03  1.12863053e+00 
 7.20000019e-03  1.12863053e+00 
 7.20000045e-03  1.12863053e+00 
 7.20000096e-03  1.12863053e+00 
 7.20000198e-03  1.12863053e+00 
 7.20000403e-03  1.12863053e+00 
 7.20000813e-03  1.12863053e+00 
 7.20001632e-03  1.12863053e+00 
 7.20003270e-03  1.12863053e+00 
 7.20006547e-03  1.12863053e+00 
 7.20013101e-03  1.12863053e+00 
 7.20026208e-03  1.12863053e+00 
 7.20052422e-03  1.12863053e+00 
 7.20104851e-03  1.12863053e+00 
 7.20209709e-03  1.12863053e+00 
 7.20419424e-03  1.12863053e+00 
 7.20838854e-03  1.12863053e+00 
 7.21677715e-03  1.12863053e+00 
 7.23355437e-03  1.12863053e+00 
 7.25635560e-03  1.12863053e+00 
 7.28291137e-03  1.12863053e+00 
 7.32022191e-03  1.12863053e+00 
 7.36022191e-03  1.12863053e+00 
 7.40022191e-03  1.12863053e+00 
 7.44022191e-03  1.12863053e+00 
 7.48022191e-03  1.12863053e+00 
 7.52022191e-03  1.12863053e+00 
 7.56022191e-03  1.12863053e+00 
 7.59999920e-03  1.12863053e+00 
 7.59999928e-03  1.12863053e+00 
 7.59999944e-03  1.12863053e+00 
 7.59999976e-03  1.12863053e+00 
 7.60000000e-03  1.12863158e+00 
 7.60000006e-03  1.12863214e+00 
 7.60000019e-03  1.12863325e+00 
 7.60000045e-03  1.12863548e+00 
 7.60000096e-03  1.12863994e+00 
 7.60000198e-03  1.12864886e+00 
 7.60000403e-03  1.12866670e+00 
 7.60000813e-03  1.12870236e+00 
 7.60001632e-03  1.12877367e+00 
 7.60003270e-03  1.12891618e+00 
 7.60006547e-03  1.12920075e+00 
 7.60013101e-03  1.12976814e+00 
 7.60026208e-03  1.13089599e+00 
 7.60052422e-03  1.13312419e+00 
 7.60104851e-03  1.13747284e+00 
 7.60209709e-03  1.14575622e+00 
 7.60419424e-03  1.16079456e+00 
 7.60838854e-03  1.18564318e+00 
 7.61677715e-03  1.21985744e+00 
 7.63355437e-03  1.25298136e+00 
 7.65635560e-03  1.26548637e+00 
 7.68291137e-03  1.26777431e+00 
 7.72022191e-03  1.26802680e+00 
 7.76022191e-03  1.26800684e+00 
 7.80022191e-03  1.26800906e+00 
 7.84022191e-03  1.26800881e+00 
 7.88022191e-03  1.26800884e+00 
 7.92022191e-03  1.26800883e+00 
 7.96022191e-03  1.26800883e+00 
 7.99999920e-03  1.26800883e+00 
 7.99999928e-03  1.26800883e+00 
 7.99999944e-03  1.26800883e+00 
 7.99999976e-03  1.26800883e+00 
 8.00000000e-03  1.26800883e+00 
 8.00000006e-03  1.26800883e+00 
 8.00000019e-03  1.26800883e+00 
 8.00000045e-03  1.26800883e+00 
 8.00000096e-03  1.26800883e+00 
 8.00000198e-03  1.26800883e+00 
 8.00000403e-03  1.26800883e+00 
 8.00000813e-03  1.26800883e+00 
 8.00001632e-03  1.26800883e+00 
 8.00003270e-03  1.26800883e+00 
 8.00006547e-03  1.26800883e+00 
 8.00013101e-03  1.26800883e+00 
 8.00026208e-03  1.26800883e+00 
 8.00052422e-03  1.26800883e+00 
 8.00104851e-03  1.26800883e+00 
 8.00209709e-03  1.26800883e+00 
 8.00419424e-03  1.26800883e+00 
 8.00838854e-03  1.26800883e+00 
 8.01677715e-03  1.26800883e+00 
 8.03168135e-03  1.26800883e+00 
 8.04649995e-03  1.26800883e+00 
 8.06322843e-03  1.26800883e+00 
 8.08375282e-03  1.26800883e+00 
 8.11812935e-03  1.26800883e+00 
 8.15812935e-03  1.26800883e+00 
 8.19812935e-03  1.26800883e+00 
 8.23812935e-03  1.26800883e+00 
 8.27812935e-03  1.26800883e+00 
 8.31812935e-03  1.26800883e+00 
 8.35812935e-03  1.26800883e+00 
 8.39812935e-03  1.26800883e+00 
 8.39999920e-03  1.26800883e+00 
 8.39999928e-03  1.26800883e+00 
 8.39999944e-03  1.26800883e+00 
 8.39999976e-03  1.26800883e+00 
 8.40000000e-03  1.26800990e+00 
 8.40000006e-03  1.26801047e+00 
 8.40000019e-03  1.26801162e+00 
 8.40000045e-03  1.26801390e+00 
 8.40000096e-03  1.26801846e+00 
 8.40000198e-03  1.26802758e+00 
 8.40000403e-03  1.26804583e+00 
 8.40000813e-03  1.26808231e+00 
 8.40001632e-03  1.26815525e+00 
 8.40003270e-03  1.26830101e+00 
 8.40006547e-03  1.26859210e+00 
 8.40013101e-03  1.26917248e+00 
 8.40026208e-03  1.27032614e+00 
 8.40052422e-03  1.27260534e+00 
 8.40104851e-03  1.27705352e+00 
 8.40209709e-03  1.28552648e+00 
 8.40419424e-03  1.30090901e+00 
 8.40838854e-03  1.32632634e+00 
 8.41677715e-03  1.36132366e+00 
 8.43168135e-03  1.39262504e+00 
 8.44649995e-03  1.40398908e+00 
 8.46322843e-03  1.40851241e+00 
 8.48375282e-03  1.41012600e+00 
 8.51812935e-03  1.41059325e+00 
 8.55812935e-03  1.41057530e+00 
 8.59812935e-03  1.41057730e+00 
 8.63812935e-03  1.41057708e+00 
 8.67812935e-03  1.41057710e+00 
 8.71812935e-03  1.41057710e+00 
 8.75812935e-03  1.41057710e+00 
 8.79812935e-03  1.41057710e+00 
 8.79999920e-03  1.41057710e+00 
 8.79999928e-03  1.41057710e+00 
 8.79999944e-03  1.41057710e+00 
 8.79999976e-03  1.41057710e+00 
 8.80000000e-03  1.41057710e+00 
 8.80000006e-03  1.41057710e+00 
 8.80000019e-03  1.41057710e+00 
 8.80000045e-03  1.41057710e+00 
 8.80000096e-03  1.41057710e+00 
 8.80000198e-03  1.41057710e+00 
 8.80000403e-03  1.41057710e+00 
 8.80000813e-03  1.41057710e+00 
 8.80001632e-03  1.41057710e+00 
 8.80003270e-03  1.41057710e+00 
 8.80006547e-03  1.41057710e+00 
 8.80013101e-03  1.41057710e+00 
 8.80026208e-03  1.41057710e+00 
 8.80052422e-03  1.41057710e+00 
 8.80104851e-03  1.41057710e+00 
 8.80209709e-03  1.41057710e+00 
 8.80419424e-03  1.41057710e+00 
 8.80838854e-03  1.41057710e+00 
 8.81677715e-03  1.41057710e+00 
 8.83154406e-03  1.41057710e+00 
 8.84825182e-03  1.41057710e+00 
 8.87127841e-03  1.41057710e+00 
 8.90036322e-03  1.41057710e+00 
 8.94036322e-03  1.41057710e+00 
 8.98036322e-03  1.41057710e+00 
 9.02036322e-03  1.41057710e+00 
 9.06036322e-03  1.41057710e+00 
 9.10036322e-03  1.41057710e+00 
 9.14036322e-03  1.41057710e+00 
 9.18036322e-03  1.41057710e+00 
 9.19999920e-03  1.41057710e+00 
 9.19999928e-03  1.41057710e+00 
 9.19999944e-03  1.41057710e+00 
 9.19999976e-03  1.41057710e+00 
 9.20000000e-03  1.41057818e+00 
 9.20000006e-03  1.41057876e+00 
 9.20000019e-03  1.41057992e+00 
 9.20000045e-03  1.41058224e+00 
 9.20000096e-03  1.41058687e+00 
 9.20000198e-03  1.41059614e+00 
 9.20000403e-03  1.41061467e+00 
 9.20000813e-03  1.41065173e+00 
 9.20001632e-03  1.41072582e+00 
 9.20003270e-03  1.41087389e+00 
 9.20006547e-03  1.41116957e+00 
 9.20013101e-03  1.41175912e+00 
 9.20026208e-03  1.41293100e+00 
 9.20052422e-03  1.41524620e+00 
 9.20104851e-03  1.41976464e+00 
 9.20209709e-03  1.42837142e+00 
 9.20419424e-03  1.44399689e+00 
 9.20838854e-03  1.46981567e+00 
 9.21677715e-03  1.50536574e+00 
 9.23154406e-03  1.53696108e+00 
 9.24825182e-03  1.54960894e+00 
 9.27127841e-03  1.55445319e+00 
 9.30036322e-03  1.55535204e+00 
 9.34036322e-03  1.55540210e+00 
 9.38036322e-03  1.55539653e+00 
 9.42036322e-03  1.55539715e+00 
 9.46036322e-03  1.55539708e+00 
 9.50036322e-03  1.55539709e+00 
 9.54036322e-03  1.55539709e+00 
 9.58036322e-03  1.55539709e+00 
 9.59999920e-03  1.55539709e+00 
 9.59999928e-03  1.55539709e+00 
 9.59999944e-03  1.55539709e+00 
 9.59999976e-03  1.55539709e+00 
 9.60000000e-03  1.55539709e+00 
 9.60000006e-03  1.55539709e+00 
 9.60000019e-03  1.55539709e+00 
 9.60000045e-03  1.55539709e+00 
 9.60000096e-03  1.55539709e+00 
 9.60000198e-03  1.55539709e+00 
 9.60000403e-03  1.55539709e+00 
 9.60000813e-03  1.55539709e+00 
 9.60001632e-03  1.55539709e+00 
 9.60003270e-03  1.55539709e+00 
 9.60006547e-03  1.55539709e+00 
 9.60013101e-03  1.55539709e+00 
 9.60026208e-03  1.55539709e+00 
 9.60052422e-03  1.55539709e+00 
 9.60104851e-03  1.55539709e+00 
 9.60209709e-03  1.55539709e+00 
 9.60419424e-03  1.55539709e+00 
 9.60838854e-03  1.55539709e+00 
 9.61677715e-03  1.55539709e+00 
 9.63355437e-03  1.55539709e+00 
 9.65723563e-03  1.55539709e+00 
 9.68742800e-03  1.55539709e+00 
 9.72742800e-03  1.55539709e+00 
 9.76742800e-03  1.55539709e+00 
 9.80742800e-03  1.55539709e+00 
 9.84742800e-03  1.55539709e+00 
 9.88742800e-03  1.55539709e+00 
 9.92742800e-03  1.55539709e+00 
 9.96742800e-03  1.55539709e+00 
 9.99999920e-03  1.55539709e+00 
 9.99999928e-03  1.55539709e+00 
 9.99999944e-03  1.55539709e+00 
 9.99999976e-03  1.55539709e+00 
 1.00000000e-02  1.55539818e+00 
 1.00000001e-02  1.55539877e+00 
 1.00000002e-02  1.55539993e+00 
 1.00000004e-02  1.55540226e+00 
 1.00000010e-02  1.55540693e+00 
 1.00000020e-02  1.55541625e+00 
 1.00000040e-02  1.55543490e+00 
 1.00000081e-02  1.55547219e+00 
 1.00000163e-02  1.55554674e+00 
 1.00000327e-02  1.55569572e+00 
 1.00000655e-02  1.55599323e+00 
 1.00001310e-02  1.55658642e+00 
 1.00002621e-02  1.55776554e+00 
 1.00005242e-02  1.56009505e+00 
 1.00010485e-02  1.56464141e+00 
 1.00020971e-02  1.57330138e+00 
 1.00041942e-02  1.58902343e+00 
 1.00083885e-02  1.61500177e+00 
 1.00167772e-02  1.65077155e+00 
 1.00335544e-02  1.68540142e+00 
 1.00572356e-02  1.69876493e+00 
 1.00874280e-02  1.70104388e+00 
 1.01274280e-02  1.70111968e+00 
 1.01674280e-02  1.70111126e+00 
 1.02074280e-02  1.70111219e+00 
 1.02474280e-02  1.70111209e+00 
 1.02874280e-02  1.70111210e+00 
 1.03274280e-02  1.70111210e+00 
 1.03674280e-02  1.70111210e+00 
 1.03999992e-02  1.70111210e+00 
 1.03999993e-02  1.70111210e+00 
 1.03999994e-02  1.70111210e+00 
 1.03999998e-02  1.70111210e+00 
 1.04000000e-02  1.70111210e+00 
 1.04000001e-02  1.70111210e+00 
 1.04000002e-02  1.70111210e+00 
 1.04000004e-02  1.70111210e+00 
 1.04000010e-02  1.70111210e+00 
 1.04000020e-02  1.70111210e+00 
 1.04000040e-02  1.70111210e+00 
 1.04000081e-02  1.70111210e+00 
 1.04000163e-02  1.70111210e+00 
 1.04000327e-02  1.70111210e+00 
 1.04000655e-02  1.70111210e+00 
 1.04001310e-02  1.70111210e+00 
 1.04002621e-02  1.70111210e+00 
 1.04005242e-02  1.70111210e+00 
 1.04010485e-02  1.70111210e+00 
 1.04020971e-02  1.70111210e+00 
 1.04041942e-02  1.70111210e+00 
 1.04083885e-02  1.70111210e+00 
 1.04167772e-02  1.70111210e+00 
 1.04335544e-02  1.70111210e+00 
 1.04628523e-02  1.70111210e+00 
 1.04969434e-02  1.70111210e+00 
 1.05369434e-02  1.70111210e+00 
 1.05769434e-02  1.70111210e+00 
 1.06169434e-02  1.70111210e+00 
 1.06569434e-02  1.70111210e+00 
 1.06969434e-02  1.70111210e+00 
 1.07369434e-02  1.70111210e+00 
 1.07769434e-02  1.70111210e+00 
 1.07999992e-02  1.70111210e+00 
 1.07999993e-02  1.70111210e+00 
 1.07999994e-02  1.70111210e+00 
 1.07999998e-02  1.70111210e+00 
 1.08000000e-02  1.70111319e+00 
 1.08000001e-02  1.70111376e+00 
 1.08000002e-02  1.70111492e+00 
 1.08000004e-02  1.70111724e+00 
 1.08000010e-02  1.70112188e+00 
 1.08000020e-02  1.70113115e+00 
 1.08000040e-02  1.70114969e+00 
 1.08000081e-02  1.70118677e+00 
 1.08000163e-02  1.70126090e+00 
 1.08000327e-02  1.70140904e+00 
 1.08000655e-02  1.70170486e+00 
 1.08001310e-02  1.70229469e+00 
 1.08002621e-02  1.70346714e+00 
 1.08005242e-02  1.70578346e+00 
 1.08010485e-02  1.71030409e+00 
 1.08020971e-02  1.71891504e+00 
 1.08041942e-02  1.73454809e+00 
 1.08083885e-02  1.76037937e+00 
 1.08167772e-02  1.79594666e+00 
 1.08335544e-02  1.83038050e+00 
 1.08628523e-02  1.84531363e+00 
 1.08969434e-02  1.84602403e+00 
 1.09369434e-02  1.84599982e+00 
 1.09769434e-02  1.84600251e+00 
 1.10169434e-02  1.84600222e+00 
 1.10569434e-02  1.84600225e+00 
 1.10969434e-02  1.84600225e+00 
 1.11369434e-02  1.84600225e+00 
 1.11769434e-02  1.84600225e+00 
 1.11999992e-02  1.84600225e+00 
 1.11999993e-02  1.84600225e+00 
 1.11999994e-02  1.84600225e+00 
 1.11999998e-02  1.84600225e+00 
 1.12000000e-02  1.84600225e+00 
 1.12000001e-02  1.84600225e+00 
 1.12000002e-02  1.84600225e+00 
 1.12000004e-02  1.84600225e+00 
 1.12000010e-02  1.84600225e+00 
 1.12000020e-02  1.84600225e+00 
 1.12000040e-02  1.84600225e+00 
 1.12000081e-02  1.84600225e+00 
 1.12000163e-02  1.84600225e+00 
 1.12000327e-02  1.84600225e+00 
 1.12000655e-02  1.84600225e+00 
 1.12001310e-02  1.84600225e+00 
 1.12002621e-02  1.84600225e+00 
 1.12005242e-02  1.84600225e+00 
 1.12010485e-02  1.84600225e+00 
 1.12020971e-02  1.84600225e+00 
 1.12041942e-02  1.84600225e+00 
 1.12083885e-02  1.84600225e+00 
 1.12167772e-02  1.84600225e+00 
 1.12335544e-02  1.84600225e+00 
 1.12671088e-02  1.84600225e+00 
 1.13046622e-02  1.84600225e+00 
 1.13446622e-02  1.84600225e+00 
 1.13846622e-02  1.84600225e+00 
 1.14246622e-02  1.84600225e+00 
 1.14646622e-02  1.84600225e+00 
 1.15046622e-02  1.84600225e+00 
 1.15446622e-02  1.84600225e+00 
 1.15846622e-02  1.84600225e+00 
 1.15999992e-02  1.84600225e+00 
 1.15999993e-02  1.84600225e+00 
 1.15999994e-02  1.84600225e+00 
 1.15999998e-02  1.84600225e+00 
 1.16000000e-02  1.84600331e+00 
 1.16000001e-02  1.84600388e+00 
 1.16000002e-02  1.84600502e+00 
 1.16000004e-02  1.84600729e+00 
 1.16000010e-02  1.84601184e+00 
 1.16000020e-02  1.84602093e+00 
 1.16000040e-02  1.84603911e+00 
 1.16000081e-02  1.84607547e+00 
 1.16000163e-02  1.84614817e+00 
 1.16000327e-02  1.84629344e+00 
 1.16000655e-02  1.84658355e+00 
 1.16001310e-02  1.84716199e+00 
 1.16002621e-02  1.84831178e+00 
 1.16005242e-02  1.85058333e+00 
 1.16010485e-02  1.85501659e+00 
 1.16020971e-02  1.86346112e+00 
 1.16041942e-02  1.87879204e+00 
 1.16083885e-02  1.90412409e+00 
 1.16167772e-02  1.93900400e+00 
 1.16335544e-02  1.97277236e+00 
 1.16671088e-02  1.98845546e+00 
 1.17046622e-02  1.98806319e+00 
 1.17446622e-02  1.98809542e+00 
 1.17846622e-02  1.98809184e+00 
 1.18246622e-02  1.98809224e+00 
 1.18646622e-02  1.98809219e+00 
 1.19046622e-02  1.98809220e+00 
 1.19446622e-02  1.98809220e+00 
 1.19846622e-02  1.98809220e+00 
 1.19999992e-02  1.98809220e+00 
 1.19999993e-02  1.98809220e+00 
 1.19999994e-02  1.98809220e+00 
 1.19999998e-02  1.98809220e+00 
 1.20000000e-02  1.98809220e+00 
 1.20000001e-02  1.98809220e+00 
 1.20000002e-02  1.98809220e+00 
 1.20000004e-02  1.98809220e+00 
 1.20000010e-02  1.98809220e+00 
 1.20000020e-02  1.98809220e+00 
 1.20000040e-02  1.98809220e+00 
 1.20000081e-02  1.98809220e+00 
 1.20000163e-02  1.98809220e+00 
 1.20000327e-02  1.98809220e+00 
 1.20000655e-02  1.98809220e+00 
 1.20001310e-02  1.98809220e+00 
 1.20002621e-02  1.98809220e+00 
 1.20005242e-02  1.98809220e+00 
 1.20010485e-02  1.98809220e+00 
 1.20020971e-02  1.98809220e+00 
 1.20041942e-02  1.98809220e+00 
 1.20083885e-02  1.98809220e+00 
 1.20167772e-02  1.98809220e+00 
 1.20335544e-02  1.98809220e+00 
 1.20671088e-02  1.98809220e+00 
 1.21071088e-02  1.98809220e+00 
 1.21471088e-02  1.98809220e+00 
 1.21871088e-02  1.98809220e+00 
 1.22271088e-02  1.98809220e+00 
 1.22671088e-02  1.98809220e+00 
 1.23071088e-02  1.98809220e+00 
 1.23471088e-02  1.98809220e+00 
 1.23871088e-02  1.98809220e+00 
 1.23999992e-02  1.98809220e+00 
 1.23999993e-02  1.98809220e+00 
 1.23999994e-02  1.98809220e+00 
 1.23999998e-02  1.98809220e+00 
 1.24000000e-02  1.98809322e+00 
 1.24000001e-02  1.98809377e+00 
 1.24000002e-02  1.98809487e+00 
 1.24000004e-02  1.98809707e+00 
 1.24000010e-02  1.98810146e+00 
 1.24000020e-02  1.98811024e+00 
 1.24000040e-02  1.98812780e+00 
 1.24000081e-02  1.98816291e+00 
 1.24000163e-02  1.98823311e+00 
 1.24000327e-02  1.98837341e+00 
 1.24000655e-02  1.98865357e+00 
 1.24001310e-02  1.98921217e+00 
 1.24002621e-02  1.99032254e+00 
 1.24005242e-02  1.99251621e+00 
 1.24010485e-02  1.99679746e+00 
 1.24020971e-02  2.00495245e+00 
 1.24041942e-02  2.01975770e+00 
 1.24083885e-02  2.04422118e+00 
 1.24167772e-02  2.07790514e+00 
 1.24335544e-02  2.11051566e+00 
 1.24671088e-02  2.12566103e+00 
 1.25071088e-02  2.12527124e+00 
 1.25471088e-02  2.12531455e+00 
 1.25871088e-02  2.12530974e+00 
 1.26271088e-02  2.12531027e+00 
 1.26671088e-02  2.12531021e+00 
 1.27071088e-02  2.12531022e+00 
 1.27471088e-02  2.12531022e+00 
 1.27871088e-02  2.12531022e+00 
 1.27999992e-02  2.12531022e+00 
 1.27999993e-02  2.12531022e+00 
 1.27999994e-02  2.12531022e+00 
 1.27999998e-02  2.12531022e+00 
 1.28000000e-02  2.12531022e+00 
 1.28000001e-02  2.12531022e+00 
 1.28000002e-02  2.12531022e+00 
 1.28000004e-02  2.12531022e+00 
 1.28000010e-02  2.12531022e+00 
 1.28000020e-02  2.12531022e+00 
 1.28000040e-02  2.12531022e+00 
 1.28000081e-02  2.12531022e+00 
 1.28000163e-02  2.12531022e+00 
 1.28000327e-02  2.12531022e+00 
 1.28000655e-02  2.12531022e+00 
 1.28001310e-02  2.12531022e+00 
 1.28002621e-02  2.12531022e+00 
 1.28005242e-02  2.12531022e+00 
 1.28010485e-02  2.12531022e+00 
 1.28020971e-02  2.12531022e+00 
 1.28041942e-02  2.12531022e+00 
 1.28083885e-02  2.12531022e+00 
 1.28167772e-02  2.12531022e+00 
 1.28335544e-02  2.12531022e+00 
 1.28671088e-02  2.12531022e+00 
 1.29071088e-02  2.12531022e+00 
 1.29471088e-02  2.12531022e+00 
 1.29871088e-02  2.12531022e+00 
 1.30271088e-02  2.12531022e+00 
 1.30671088e-02  2.12531022e+00 
 1.31071088e-02  2.12531022e+00 
 1.31471088e-02  2.12531022e+00 
 1.31871088e-02  2.12531022e+00 
 1.31999992e-02  2.12531022e+00 
 1.31999993e-02  2.12531022e+00 
 1.31999994e-02  2.12531022e+00 
 1.31999998e-02  2.12531022e+00 
 1.32000000e-02  2.12531119e+00 
 1.32000001e-02  2.12531172e+00 
 1.32000002e-02  2.12531276e+00 
 1.32000004e-02  2.12531485e+00 
 1.32000010e-02  2.12531902e+00 
 1.32000020e-02  2.12532736e+00 
 1.32000040e-02  2.12534404e+00 
 1.32000081e-02  2.12537740e+00 
 1.32000163e-02  2.12544410e+00 
 1.32000327e-02  2.12557739e+00 
 1.32000655e-02  2.12584356e+00 
 1.32001310e-02  2.12637428e+00 
 1.32002621e-02  2.12742921e+00 
 1.32005242e-02  2.12951336e+00 
 1.32010485e-02  2.13358087e+00 
 1.32020971e-02  2.14132873e+00 
 1.32041942e-02  2.15539484e+00 
 1.32083885e-02  2.17863699e+00 
 1.32167772e-02  2.21063930e+00 
 1.32335544e-02  2.24162175e+00 
 1.32671088e-02  2.25601099e+00 
 1.33071088e-02  2.25564066e+00 
 1.33471088e-02  2.25568181e+00 
 1.33871088e-02  2.25567724e+00 
 1.34271088e-02  2.25567774e+00 
 1.34671088e-02  2.25567769e+00 
 1.35071088e-02  2.25567769e+00 
 1.35471088e-02  2.25567769e+00 
 1.35871088e-02  2.25567769e+00 
 1.35999992e-02  2.25567769e+00 
 1.35999993e-02  2.25567769e+00 
 1.35999994e-02  2.25567769e+00 
 1.35999998e-02  2.25567769e+00 
 1.36000000e-02  2.25567769e+00 
 1.36000001e-02  2.25567769e+00 
 1.36000002e-02  2.25567769e+00 
 1.36000004e-02  2.25567769e+00 
 1.36000010e-02  2.25567769e+00 
 1.36000020e-02  2.25567769e+00 
 1.36000040e-02  2.25567769e+00 
 1.36000081e-02  2.25567769e+00 
 1.36000163e-02  2.25567769e+00 
 1.36000327e-02  2.25567769e+00 
 1.36000655e-02  2.25567769e+00 
 1.36001310e-02  2.25567769e+00 
 1.36002621e-02  2.25567769e+00 
 1.36005242e-02  2.25567769e+00 
 1.36010485e-02  2.25567769e+00 
 1.36020971e-02  2.25567769e+00 
 1.36041942e-02  2.25567769e+00 
 1.36083885e-02  2.25567769e+00 
 1.36167772e-02  2.25567769e+00 
 1.36335544e-02  2.25567769e+00 
 1.36671088e-02  2.25567769e+00 
 1.37071088e-02  2.25567769e+00 
 1.37471088e-02  2.25567769e+00 
 1.37871088e-02  2.25567769e+00 
 1.38271088e-02  2.25567769e+00 
 1.38671088e-02  2.25567769e+00 
 1.39071088e-02  2.25567769e+00 
 1.39471088e-02  2.25567769e+00 
 1.39871088e-02  2.25567769e+00 
 1.39999992e-02  2.25567769e+00 
 1.39999993e-02  2.25567769e+00 
 1.39999994e-02  2.25567769e+00 
 1.39999998e-02  2.25567769e+00 
 1.40000000e-02  2.25567861e+00 
 1.40000001e-02  2.25567909e+00 
 1.40000002e-02  2.25568007e+00 
 1.40000004e-02  2.25568202e+00 
 1.40000010e-02  2.25568592e+00 
 1.40000020e-02  2.25569371e+00 
 1.40000040e-02  2.25570930e+00 
 1.40000081e-02  2.25574047e+00 
 1.40000163e-02  2.25580280e+00 
 1.40000327e-02  2.25592734e+00 
 1.40000655e-02  2.25617606e+00 
 1.40001310e-02  2.25667196e+00 
 1.40002621e-02  2.25765769e+00 
 1.40005242e-02  2.25960513e+00 
 1.40010485e-02  2.26340582e+00 
 1.40020971e-02  2.27064544e+00 
 1.40041942e-02  2.28378886e+00 
 1.40083885e-02  2.30550641e+00 
 1.40167772e-02  2.33540947e+00 
 1.40335544e-02  2.36435958e+00 
 1.40671088e-02  2.37780493e+00 
 1.41071088e-02  2.37745890e+00 
 1.41471088e-02  2.37749735e+00 
 1.41871088e-02  2.37749307e+00 
 1.42271088e-02  2.37749355e+00 
 1.42671088e-02  2.37749350e+00 
 1.43071088e-02  2.37749350e+00 
 1.43471088e-02  2.37749350e+00 
 1.43871088e-02  2.37749350e+00 
 1.43999992e-02  2.37749350e+00 
 1.43999993e-02  2.37749350e+00 
 1.43999994e-02  2.37749350e+00 
 1.43999998e-02  2.37749350e+00 
 1.44000000e-02  2.37749350e+00 
 1.44000001e-02  2.37749350e+00 
 1.44000002e-02  2.37749350e+00 
 1.44000004e-02  2.37749350e+00 
 1.44000010e-02  2.37749350e+00 
 1.44000020e-02  2.37749350e+00 
 1.44000040e-02  2.37749350e+00 
 1.44000081e-02  2.37749350e+00 
 1.44000163e-02  2.37749350e+00 
 1.44000327e-02  2.37749350e+00 
 1.44000655e-02  2.37749350e+00 
 1.44001310e-02  2.37749350e+00 
 1.44002621e-02  2.37749350e+00 
 1.44005242e-02  2.37749350e+00 
 1.44010485e-02  2.37749350e+00 
 1.44020971e-02  2.37749350e+00 
 1.44041942e-02  2.37749350e+00 
 1.44083885e-02  2.37749350e+00 
 1.44167772e-02  2.37749350e+00 
 1.44335544e-02  2.37749350e+00 
 1.44671088e-02  2.37749350e+00 
 1.45071088e-02  2.37749350e+00 
 1.45471088e-02  2.37749350e+00 
 1.45871088e-02  2.37749350e+00 
 1.46271088e-02  2.37749350e+00 
 1.46671088e-02  2.37749350e+00 
 1.47071088e-02  2.37749350e+00 
 1.47471088e-02  2.37749350e+00 
 1.47871088e-02  2.37749350e+00 
 1.47999992e-02  2.37749350e+00 
 1.47999993e-02  2.37749350e+00 
 1.47999994e-02  2.37749350e+00 
 1.47999998e-02  2.37749350e+00 
 1.48000000e-02  2.37749434e+00 
 1.48000001e-02  2.37749479e+00 
 1.48000002e-02  2.37749569e+00 
 1.48000004e-02  2.37749748e+00 
 1.48000010e-02  2.37750106e+00 
 1.48000020e-02  2.37750823e+00 
 1.48000040e-02  2.37752256e+00 
 1.48000081e-02  2.37755121e+00 
 1.48000163e-02  2.37760850e+00 
 1.48000327e-02  2.37772300e+00 
 1.48000655e-02  2.37795163e+00 
 1.48001310e-02  2.37840750e+00 
 1.48002621e-02  2.37931366e+00 
 1.48005242e-02  2.38110389e+00 
 1.48010485e-02  2.38459777e+00 
 1.48020971e-02  2.39125298e+00 
 1.48041942e-02  2.40333539e+00 
 1.48083885e-02  2.42329978e+00 
 1.48167772e-02  2.45078891e+00 
 1.48335544e-02  2.47740202e+00 
 1.48671088e-02  2.48976199e+00 
 1.49071088e-02  2.48944389e+00 
 1.49471088e-02  2.48947923e+00 
 1.49871088e-02  2.48947531e+00 
 1.50271088e-02  2.48947574e+00 
 1.50671088e-02  2.48947570e+00 
 1.51071088e-02  2.48947570e+00 
 1.51471088e-02  2.48947570e+00 
 1.51871088e-02  2.48947570e+00 
 1.51999992e-02  2.48947570e+00 
 1.51999993e-02  2.48947570e+00 
 1.51999994e-02  2.48947570e+00 
 1.51999998e-02  2.48947570e+00 
 1.52000000e-02  2.48947570e+00 
 1.52000001e-02  2.48947570e+00 
 1.52000002e-02  2.48947570e+00 
 1.52000004e-02  2.48947570e+00 
 1.52000010e-02  2.48947570e+00 
 1.52000020e-02  2.48947570e+00 
 1.52000040e-02  2.48947570e+00 
 1.52000081e-02  2.48947570e+00 
 1.52000163e-02  2.48947570e+00 
 1.52000327e-02  2.48947570e+00 
 1.52000655e-02  2.48947570e+00 
 1.52001310e-02  2.48947570e+00 
 1.52002621e-02  2.48947570e+00 
 1.52005242e-02  2.48947570e+00 
 1.52010485e-02  2.48947570e+00 
 1.52020971e-02  2.48947570e+00 
 1.52041942e-02  2.48947570e+00 
 1.52083885e-02  2.48947570e+00 
 1.52167772e-02  2.48947570e+00 
 1.52335544e-02  2.48947570e+00 
 1.52671088e-02  2.48947570e+00 
 1.53071088e-02  2.48947570e+00 
 1.53471088e-02  2.48947570e+00 
 1.53871088e-02  2.48947570e+00 
 1.54271088e-02  2.48947570e+00 
 1.54671088e-02  2.48947570e+00 
 1.55071088e-02  2.48947570e+00 
 1.55471088e-02  2.48947570e+00 
 1.55871088e-02  2.48947570e+00 
 1.55999992e-02  2.48947570e+00 
 1.55999993e-02  2.48947570e+00 
 1.55999994e-02  2.48947570e+00 
 1.55999998e-02  2.48947570e+00 
 1.56000000e-02  2.48947646e+00 
 1.56000001e-02  2.48947687e+00 
 1.56000002e-02  2.48947768e+00 
 1.56000004e-02  2.48947930e+00 
 1.56000010e-02  2.48948254e+00 
 1.56000020e-02  2.48948903e+00 
 1.56000040e-02  2.48950200e+00 
 1.56000081e-02  2.48952794e+00 
 1.56000163e-02  2.48957979e+00 
 1.56000327e-02  2.48968343e+00 
 1.56000655e-02  2.48989037e+00 
 1.56001310e-02  2.49030300e+00 
 1.56002621e-02  2.49112320e+00 
 1.56005242e-02  2.49274361e+00 
 1.56010485e-02  2.49590607e+00 
 1.56020971e-02  2.50192998e+00 
 1.56041942e-02  2.51286628e+00 
 1.56083885e-02  2.53093688e+00 
 1.56167772e-02  2.55581844e+00 
 1.56335544e-02  2.57990708e+00 
 1.56671088e-02  2.59109461e+00 
 1.57071088e-02  2.59080668e+00 
 1.57471088e-02  2.59083867e+00 
 1.57871088e-02  2.59083512e+00 
 1.58271088e-02  2.59083551e+00 
 1.58671088e-02  2.59083547e+00 
 1.59071088e-02  2.59083548e+00 
 1.59471088e-02  2.59083548e+00 
 1.59871088e-02  2.59083548e+00 
 1.59999992e-02  2.59083548e+00 
 1.59999993e-02  2.59083548e+00 
 1.59999994e-02  2.59083548e+00 
 1.59999998e-02  2.59083548e+00 
 1.60000000e-02  2.59083548e+00 
 1.60000001e-02  2.59083548e+00 
 1.60000002e-02  2.59083548e+00 
 1.60000004e-02  2.59083548e+00 
 1.60000010e-02  2.59083548e+00 
 1.60000020e-02  2.59083548e+00 
 1.60000040e-02  2.59083548e+00 
 1.60000081e-02  2.59083548e+00 
 1.60000163e-02  2.59083548e+00 
 1.60000327e-02  2.59083548e+00 
 1.60000655e-02  2.59083548e+00 
 1.60001310e-02  2.59083548e+00 
 1.60002621e-02  2.59083548e+00 
 1.60005242e-02  2.59083548e+00 
 1.60010485e-02  2.59083548e+00 
 1.60020971e-02  2.59083548e+00 
 1.60041942e-02  2.59083548e+00 
 1.60083885e-02  2.59083548e+00 
 1.60167772e-02  2.59083548e+00 
 1.60335544e-02  2.59083548e+00 
 1.60671088e-02  2.59083548e+00 
 1.61071088e-02  2.59083548e+00 
 1.61471088e-02  2.59083548e+00 
 1.61871088e-02  2.59083548e+00 
 1.62271088e-02  2.59083548e+00 
 1.62671088e-02  2.59083548e+00 
 1.63071088e-02  2.59083548e+00 
 1.63471088e-02  2.59083548e+00 
 1.63871088e-02  2.59083548e+00 
 1.63999992e-02  2.59083548e+00 
 1.63999993e-02  2.59083548e+00 
 1.63999994e-02  2.59083548e+00 
 1.63999998e-02  2.59083548e+00 
 1.64000000e-02  2.59083615e+00 
 1.64000001e-02  2.59083652e+00 
 1.64000002e-02  2.59083724e+00 
 1.64000004e-02  2.59083869e+00 
 1.64000010e-02  2.59084158e+00 
 1.64000020e-02  2.59084737e+00 
 1.64000040e-02  2.59085894e+00 
 1.64000081e-02  2.59088209e+00 
 1.64000163e-02  2.59092836e+00 
 1.64000327e-02  2.59102083e+00 
 1.64000655e-02  2.59120549e+00 
 1.64001310e-02  2.59157367e+00 
 1.64002621e-02  2.59230554e+00 
 1.64005242e-02  2.59375143e+00 
 1.64010485e-02  2.59657329e+00 
 1.64020971e-02  2.60194840e+00 
 1.64041942e-02  2.61170684e+00 
 1.64083885e-02  2.62783121e+00 
 1.64167772e-02  2.65003298e+00 
 1.64335544e-02  2.67152723e+00 
 1.64671088e-02  2.68150984e+00 
 1.65071088e-02  2.68125292e+00 
 1.65471088e-02  2.68128147e+00 
 1.65871088e-02  2.68127830e+00 
 1.66271088e-02  2.68127865e+00 
 1.66671088e-02  2.68127861e+00 
 1.67071088e-02  2.68127861e+00 
 1.67471088e-02  2.68127861e+00 
 1.67871088e-02  2.68127861e+00 
 1.67999992e-02  2.68127861e+00 
 1.67999993e-02  2.68127861e+00 
 1.67999994e-02  2.68127861e+00 
 1.67999998e-02  2.68127861e+00 
 1.68000000e-02  2.68127861e+00 
 1.68000001e-02  2.68127861e+00 
 1.68000002e-02  2.68127861e+00 
 1.68000004e-02  2.68127861e+00 
 1.68000010e-02  2.68127861e+00 
 1.68000020e-02  2.68127861e+00 
 1.68000040e-02  2.68127861e+00 
 1.68000081e-02  2.68127861e+00 
 1.68000163e-02  2.68127861e+00 
 1.68000327e-02  2.68127861e+00 
 1.68000655e-02  2.68127861e+00 
 1.68001310e-02  2.68127861e+00 
 1.68002621e-02  2.68127861e+00 
 1.68005242e-02  2.68127861e+00 
 1.68010485e-02  2.68127861e+00 
 1.68020971e-02  2.68127861e+00 
 1.68041942e-02  2.68127861e+00 
 1.68083885e-02  2.68127861e+00 
 1.68167772e-02  2.68127861e+00 
 1.68335544e-02  2.68127861e+00 
 1.68671088e-02  2.68127861e+00 
 1.69071088e-02  2.68127861e+00 
 1.69471088e-02  2.68127861e+00 
 1.69871088e-02  2.68127861e+00 
 1.70271088e-02  2.68127861e+00 
 1.70671088e-02  2.68127861e+00 
 1.71071088e-02  2.68127861e+00 
 1.71471088e-02  2.68127861e+00 
 1.71871088e-02  2.68127861e+00 
 1.71999992e-02  2.68127861e+00 
 1.71999993e-02  2.68127861e+00 
 1.71999994e-02  2.68127861e+00 
 1.71999998e-02  2.68127861e+00 
 1.72000000e-02  2.68127921e+00 
 1.72000001e-02  2.68127953e+00 
 1.72000002e-02  2.68128017e+00 
 1.72000004e-02  2.68128144e+00 
 1.72000010e-02  2.68128399e+00 
 1.72000020e-02  2.68128909e+00 
 1.72000040e-02  2.68129928e+00 
 1.72000081e-02  2.68131967e+00 
 1.72000163e-02  2.68136043e+00 
 1.72000327e-02  2.68144189e+00 
 1.72000655e-02  2.68160455e+00 
 1.72001310e-02  2.68192888e+00 
 1.72002621e-02  2.68257356e+00 
 1.72005242e-02  2.68384722e+00 
 1.72010485e-02  2.68633294e+00 
 1.72020971e-02  2.69106778e+00 
 1.72041942e-02  2.69966380e+00 
 1.72083885e-02  2.71386745e+00 
 1.72167772e-02  2.73342456e+00 
 1.72335544e-02  2.75235843e+00 
 1.72671088e-02  2.76115192e+00 
 1.73071088e-02  2.76092561e+00 
 1.73471088e-02  2.76095075e+00 
 1.73871088e-02  2.76094796e+00 
 1.74271088e-02  2.76094827e+00 
 1.74671088e-02  2.76094823e+00 
 1.75071088e-02  2.76094824e+00 
 1.75471088e-02  2.76094824e+00 
 1.75871088e-02  2.76094824e+00 
 1.75999992e-02  2.76094824e+00 
 1.75999993e-02  2.76094824e+00 
 1.75999994e-02  2.76094824e+00 
 1.75999998e-02  2.76094824e+00 
 1.76000000e-02  2.76094824e+00 
 1.76000001e-02  2.76094824e+00 
 1.76000002e-02  2.76094824e+00 
 1.76000004e-02  2.76094824e+00 
 1.76000010e-02  2.76094824e+00 
 1.76000020e-02  2.76094824e+00 
 1.76000040e-02  2.76094824e+00 
 1.76000081e-02  2.76094824e+00 
 1.76000163e-02  2.76094824e+00 
 1.76000327e-02  2.76094824e+00 
 1.76000655e-02  2.76094824e+00 
 1.76001310e-02  2.76094824e+00 
 1.76002621e-02  2.76094824e+00 
 1.76005242e-02  2.76094824e+00 
 1.76010485e-02  2.76094824e+00 
 1.76020971e-02  2.76094824e+00 
 1.76041942e-02  2.76094824e+00 
 1.76083885e-02  2.76094824e+00 
 1.76167772e-02  2.76094824e+00 
 1.76335544e-02  2.76094824e+00 
 1.76671088e-02  2.76094824e+00 
 1.77071088e-02  2.76094824e+00 
 1.77471088e-02  2.76094824e+00 
 1.77871088e-02  2.76094824e+00 
 1.78271088e-02  2.76094824e+00 
 1.78671088e-02  2.76094824e+00 
 1.79071088e-02  2.76094824e+00 
 1.79471088e-02  2.76094824e+00 
 1.79871088e-02  2.76094824e+00 
 1.79999992e-02  2.76094824e+00 
 1.79999993e-02  2.76094824e+00 
 1.79999994e-02  2.76094824e+00 
 1.79999998e-02  2.76094824e+00 
 1.80000000e-02  2.76094876e+00 
 1.80000001e-02  2.76094904e+00 
 1.80000002e-02  2.76094959e+00 
 1.80000004e-02  2.76095070e+00 
 1.80000010e-02  2.76095292e+00 
 1.80000020e-02  2.76095736e+00 
 1.80000040e-02  2.76096624e+00 
 1.80000081e-02  2.76098400e+00 
 1.80000163e-02  2.76101949e+00 
 1.80000327e-02  2.76109043e+00 
 1.80000655e-02  2.76123210e+00 
 1.80001310e-02  2.76151455e+00 
 1.80002621e-02  2.76207601e+00 
 1.80005242e-02  2.76318523e+00 
 1.80010485e-02  2.76535004e+00 
 1.80020971e-02  2.76947361e+00 
 1.80041942e-02  2.77695987e+00 
 1.80083885e-02  2.78932980e+00 
 1.80167772e-02  2.80636206e+00 
 1.80335544e-02  2.82285154e+00 
 1.80671088e-02  2.83050977e+00 
 1.81071088e-02  2.83031268e+00 
 1.81471088e-02  2.83033458e+00 
 1.81871088e-02  2.83033214e+00 
 1.82271088e-02  2.83033242e+00 
 1.82671088e-02  2.83033239e+00 
 1.83071088e-02  2.83033239e+00 
 1.83471088e-02  2.83033239e+00 
 1.83871088e-02  2.83033239e+00 
 1.83999992e-02  2.83033239e+00 
 1.83999993e-02  2.83033239e+00 
 1.83999994e-02  2.83033239e+00 
 1.83999998e-02  2.83033239e+00 
 1.84000000e-02  2.83033239e+00 
 1.84000001e-02  2.83033239e+00 
 1.84000002e-02  2.83033239e+00 
 1.84000004e-02  2.83033239e+00 
 1.84000010e-02  2.83033239e+00 
 1.84000020e-02  2.83033239e+00 
 1.84000040e-02  2.83033239e+00 
 1.84000081e-02  2.83033239e+00 
 1.84000163e-02  2.83033239e+00 
 1.84000327e-02  2.83033239e+00 
 1.84000655e-02  2.83033239e+00 
 1.84001310e-02  2.83033239e+00 
 1.84002621e-02  2.83033239e+00 
 1.84005242e-02  2.83033239e+00 
 1.84010485e-02  2.83033239e+00 
 1.84020971e-02  2.83033239e+00 
 1.84041942e-02  2.83033239e+00 
 1.84083885e-02  2.83033239e+00 
 1.84167772e-02  2.83033239e+00 
 1.84335544e-02  2.83033239e+00 
 1.84671088e-02  2.83033239e+00 
 1.85071088e-02  2.83033239e+00 
 1.85471088e-02  2.83033239e+00 
 1.85871088e-02  2.83033239e+00 
 1.86271088e-02  2.83033239e+00 
 1.86671088e-02  2.83033239e+00 
 1.87071088e-02  2.83033239e+00 
 1.87471088e-02  2.83033239e+00 
 1.87871088e-02  2.83033239e+00 
 1.87999992e-02  2.83033239e+00 
 1.87999993e-02  2.83033239e+00 
 1.87999994e-02  2.83033239e+00 
 1.87999998e-02  2.83033239e+00 
 1.88000000e-02  2.83033284e+00 
 1.88000001e-02  2.83033308e+00 
 1.88000002e-02  2.83033355e+00 
 1.88000004e-02  2.83033451e+00 
 1.88000010e-02  2.83033643e+00 
 1.88000020e-02  2.83034026e+00 
 1.88000040e-02  2.83034791e+00 
 1.88000081e-02  2.83036322e+00 
 1.88000163e-02  2.83039383e+00 
 1.88000327e-02  2.83045500e+00 
 1.88000655e-02  2.83057715e+00 
 1.88001310e-02  2.83082070e+00 
 1.88002621e-02  2.83130483e+00 
 1.88005242e-02  2.83226128e+00 
 1.88010485e-02  2.83412792e+00 
 1.88020971e-02  2.83768353e+00 
 1.88041942e-02  2.84413869e+00 
 1.88083885e-02  2.85480488e+00 
 1.88167772e-02  2.86949124e+00 
 1.88335544e-02  2.88370958e+00 
 1.88671088e-02  2.89031303e+00 
 1.89071088e-02  2.89014308e+00 
 1.89471088e-02  2.89016196e+00 
 1.89871088e-02  2.89015986e+00 
 1.90271088e-02  2.89016009e+00 
 1.90671088e-02  2.89016007e+00 
 1.91071088e-02  2.89016007e+00 
 1.91471088e-02  2.89016007e+00 
 1.91871088e-02  2.89016007e+00 
 1.91999992e-02  2.89016007e+00 
 1.91999993e-02  2.89016007e+00 
 1.91999994e-02  2.89016007e+00 
 1.91999998e-02  2.89016007e+00 
 1.92000000e-02  2.89016007e+00 
 1.92000001e-02  2.89016007e+00 
 1.92000002e-02  2.89016007e+00 
 1.92000004e-02  2.89016007e+00 
 1.92000010e-02  2.89016007e+00 
 1.92000020e-02  2.89016007e+00 
 1.92000040e-02  2.89016007e+00 
 1.92000081e-02  2.89016007e+00 
 1.92000163e-02  2.89016007e+00 
 1.92000327e-02  2.89016007e+00 
 1.92000655e-02  2.89016007e+00 
 1.92001310e-02  2.89016007e+00 
 1.92002621e-02  2.89016007e+00 
 1.92005242e-02  2.89016007e+00 
 1.92010485e-02  2.89016007e+00 
 1.92020971e-02  2.89016007e+00 
 1.92041942e-02  2.89016007e+00 
 1.92083885e-02  2.89016007e+00 
 1.92167772e-02  2.89016007e+00 
 1.92335544e-02  2.89016007e+00 
 1.92671088e-02  2.89016007e+00 
 1.93071088e-02  2.89016007e+00 
 1.93471088e-02  2.89016007e+00 
 1.93871088e-02  2.89016007e+00 
 1.94271088e-02  2.89016007e+00 
 1.94671088e-02  2.89016007e+00 
 1.95071088e-02  2.89016007e+00 
 1.95471088e-02  2.89016007e+00 
 1.95871088e-02  2.89016007e+00 
 1.95999992e-02  2.89016007e+00 
 1.95999993e-02  2.89016007e+00 
 1.95999994e-02  2.89016007e+00 
 1.95999998e-02  2.89016007e+00 
 1.96000000e-02  2.89016045e+00 
 1.96000001e-02  2.89016066e+00 
 1.96000002e-02  2.89016107e+00 
 1.96000004e-02  2.89016189e+00 
 1.96000010e-02  2.89016352e+00 
 1.96000020e-02  2.89016680e+00 
 1.96000040e-02  2.89017334e+00 
 1.96000081e-02  2.89018643e+00 
 1.96000163e-02  2.89021259e+00 
 1.96000327e-02  2.89026488e+00 
 1.96000655e-02  2.89036930e+00 
 1.96001310e-02  2.89057750e+00 
 1.96002621e-02  2.89099136e+00 
 1.96005242e-02  2.89180898e+00 
 1.96010485e-02  2.89340467e+00 
 1.96020971e-02  2.89644417e+00 
 1.96041942e-02  2.90196235e+00 
 1.96083885e-02  2.91108031e+00 
 1.96167772e-02  2.92363490e+00 
 1.96335544e-02  2.93578939e+00 
 1.96671088e-02  2.94143433e+00 
 1.97071088e-02  2.94128905e+00 
 1.97471088e-02  2.94130519e+00 
 1.97871088e-02  2.94130340e+00 
 1.98271088e-02  2.94130360e+00 
 1.98671088e-02  2.94130358e+00 
 1.99071088e-02  2.94130358e+00 
 1.99471088e-02  2.94130358e+00 
 1.99871088e-02  2.94130358e+00 
 1.99999992e-02  2.94130358e+00 
 1.99999993e-02  2.94130358e+00 
 1.99999994e-02  2.94130358e+00 
 1.99999998e-02  2.94130358e+00 
 2.00000000e-02  2.94130358e+00 
 2.00000001e-02  2.94130358e+00 
 2.00000002e-02  2.94130358e+00 
 2.00000004e-02  2.94130358e+00 
 2.00000010e-02  2.94130358e+00 
 2.00000020e-02  2.94130358e+00 
 2.00000040e-02  2.94130358e+00 
 2.00000081e-02  2.94130358e+00 
 2.00000163e-02  2.94130358e+00 
 2.00000327e-02  2.94130358e+00 
 2.00000655e-02  2.94130358e+00 
 2.00001310e-02  2.94130358e+00 
 2.00002621e-02  2.94130358e+00 
 2.00005242e-02  2.94130358e+00 
 2.00010485e-02  2.94130358e+00 
 2.00020971e-02  2.94130358e+00 
 2.00041942e-02  2.94130358e+00 
 2.00083885e-02  2.94130358e+00 
 2.00167772e-02  2.94130358e+00 
 2.00335544e-02  2.94130358e+00 
 2.00671088e-02  2.94130358e+00 
 2.01071088e-02  2.94130358e+00 
 2.01471088e-02  2.94130358e+00 
 2.01871088e-02  2.94130358e+00 
 2.02271088e-02  2.94130358e+00 
 2.02671088e-02  2.94130358e+00 
 2.03071088e-02  2.94130358e+00 
 2.03471088e-02  2.94130358e+00 
 2.03871088e-02  2.94130358e+00 
 2.03999992e-02  2.94130358e+00 
 2.03999993e-02  2.94130358e+00 
 2.03999994e-02  2.94130358e+00 
 2.03999998e-02  2.94130358e+00 
 2.04000000e-02  2.94130390e+00 
 2.04000001e-02  2.94130408e+00 
 2.04000002e-02  2.94130442e+00 
 2.04000004e-02  2.94130512e+00 
 2.04000010e-02  2.94130651e+00 
 2.04000020e-02  2.94130928e+00 
 2.04000040e-02  2.94131484e+00 
 2.04000081e-02  2.94132594e+00 
 2.04000163e-02  2.94134814e+00 
 2.04000327e-02  2.94139251e+00 
 2.04000655e-02  2.94148111e+00 
 2.04001310e-02  2.94165776e+00 
 2.04002621e-02  2.94200890e+00 
 2.04005242e-02  2.94270262e+00 
 2.04010485e-02  2.94405651e+00 
 2.04020971e-02  2.94663543e+00 
 2.04041942e-02  2.95131741e+00 
 2.04083885e-02  2.95905369e+00 
 2.04167772e-02  2.96970584e+00 
 2.04335544e-02  2.98001852e+00 
 2.04671088e-02  2.98480806e+00 
 2.05071088e-02  2.98468480e+00 
 2.05471088e-02  2.98469849e+00 
 2.05871088e-02  2.98469697e+00 
 2.06271088e-02  2.98469714e+00 
 2.06671088e-02  2.98469712e+00 
 2.07071088e-02  2.98469712e+00 
 2.07471088e-02  2.98469712e+00 
 2.07871088e-02  2.98469712e+00 
 2.07999992e-02  2.98469712e+00 
 2.07999993e-02  2.98469712e+00 
 2.07999994e-02  2.98469712e+00 
 2.07999998e-02  2.98469712e+00 
 2.08000000e-02  2.98469712e+00 
 2.08000001e-02  2.98469712e+00 
 2.08000002e-02  2.98469712e+00 
 2.08000004e-02  2.98469712e+00 
 2.08000010e-02  2.98469712e+00 
 2.08000020e-02  2.98469712e+00 
 2.08000040e-02  2.98469712e+00 
 2.08000081e-02  2.98469712e+00 
 2.08000163e-02  2.98469712e+00 
 2.08000327e-02  2.98469712e+00 
 2.08000655e-02  2.98469712e+00 
 2.08001310e-02  2.98469712e+00 
 2.08002621e-02  2.98469712e+00 
 2.08005242e-02  2.98469712e+00 
 2.08010485e-02  2.98469712e+00 
 2.08020971e-02  2.98469712e+00 
 2.08041942e-02  2.98469712e+00 
 2.08083885e-02  2.98469712e+00 
 2.08167772e-02  2.98469712e+00 
 2.08335544e-02  2.98469712e+00 
 2.08671088e-02  2.98469712e+00 
 2.09071088e-02  2.98469712e+00 
 2.09471088e-02  2.98469712e+00 
 2.09871088e-02  2.98469712e+00 
 2.10271088e-02  2.98469712e+00 
 2.10671088e-02  2.98469712e+00 
 2.11071088e-02  2.98469712e+00 
 2.11471088e-02  2.98469712e+00 
 2.11871088e-02  2.98469712e+00 
 2.11999992e-02  2.98469712e+00 
 2.11999993e-02  2.98469712e+00 
 2.11999994e-02  2.98469712e+00 
 2.11999998e-02  2.98469712e+00 
 2.12000000e-02  2.98469740e+00 
 2.12000001e-02  2.98469754e+00 
 2.12000002e-02  2.98469784e+00 
 2.12000004e-02  2.98469842e+00 
 2.12000010e-02  2.98469959e+00 
 2.12000020e-02  2.98470193e+00 
 2.12000040e-02  2.98470662e+00 
 2.12000081e-02  2.98471598e+00 
 2.12000163e-02  2.98473469e+00 
 2.12000327e-02  2.98477209e+00 
 2.12000655e-02  2.98484677e+00 
 2.12001310e-02  2.98499568e+00 
 2.12002621e-02  2.98529167e+00 
 2.12005242e-02  2.98587643e+00 
 2.12010485e-02  2.98701768e+00 
 2.12020971e-02  2.98919156e+00 
 2.12041942e-02  2.99313819e+00 
 2.12083885e-02  2.99965941e+00 
 2.12167772e-02  3.00863853e+00 
 2.12335544e-02  3.01733151e+00 
 2.12671088e-02  3.02136881e+00 
 2.13071088e-02  3.02126490e+00 
 2.13471088e-02  3.02127645e+00 
 2.13871088e-02  3.02127516e+00 
 2.14271088e-02  3.02127531e+00 
 2.14671088e-02  3.02127529e+00 
 2.15071088e-02  3.02127529e+00 
 2.15471088e-02  3.02127529e+00 
 2.15871088e-02  3.02127529e+00 
 2.15999992e-02  3.02127529e+00 
 2.15999993e-02  3.02127529e+00 
 2.15999994e-02  3.02127529e+00 
 2.15999998e-02  3.02127529e+00 
 2.16000000e-02  3.02127529e+00 
 2.16000001e-02  3.02127529e+00 
 2.16000002e-02  3.02127529e+00 
 2.16000004e-02  3.02127529e+00 
 2.16000010e-02  3.02127529e+00 
 2.16000020e-02  3.02127529e+00 
 2.16000040e-02  3.02127529e+00 
 2.16000081e-02  3.02127529e+00 
 2.16000163e-02  3.02127529e+00 
 2.16000327e-02  3.02127529e+00 
 2.16000655e-02  3.02127529e+00 
 2.16001310e-02  3.02127529e+00 
 2.16002621e-02  3.02127529e+00 
 2.16005242e-02  3.02127529e+00 
 2.16010485e-02  3.02127529e+00 
 2.16020971e-02  3.02127529e+00 
 2.16041942e-02  3.02127529e+00 
 2.16083885e-02  3.02127529e+00 
 2.16167772e-02  3.02127529e+00 
 2.16335544e-02  3.02127529e+00 
 2.16671088e-02  3.02127529e+00 
 2.17071088e-02  3.02127529e+00 
 2.17471088e-02  3.02127529e+00 
 2.17871088e-02  3.02127529e+00 
 2.18271088e-02  3.02127529e+00 
 2.18671088e-02  3.02127529e+00 
 2.19071088e-02  3.02127529e+00 
 2.19471088e-02  3.02127529e+00 
 2.19871088e-02  3.02127529e+00 
 2.19999992e-02  3.02127529e+00 
 2.19999993e-02  3.02127529e+00 
 2.19999994e-02  3.02127529e+00 
 2.19999998e-02  3.02127529e+00 
 2.20000000e-02  3.02127552e+00 
 2.20000001e-02  3.02127564e+00 
 2.20000002e-02  3.02127589e+00 
 2.20000004e-02  3.02127638e+00 
 2.20000010e-02  3.02127736e+00 
 2.20000020e-02  3.02127932e+00 
 2.20000040e-02  3.02128325e+00 
 2.20000081e-02  3.02129109e+00 
 2.20000163e-02  3.02130677e+00 
 2.20000327e-02  3.02133812e+00 
 2.20000655e-02  3.02140071e+00 
 2.20001310e-02  3.02152550e+00 
 2.20002621e-02  3.02177356e+00 
 2.20005242e-02  3.02226364e+00 
 2.20010485e-02  3.02322009e+00 
 2.20020971e-02  3.02504196e+00 
 2.20041942e-02  3.02834954e+00 
 2.20083885e-02  3.03381482e+00 
 2.20167772e-02  3.04134000e+00 
 2.20335544e-02  3.04862537e+00 
 2.20671088e-02  3.05200892e+00 
 2.21071088e-02  3.05192184e+00 
 2.21471088e-02  3.05193152e+00 
 2.21871088e-02  3.05193044e+00 
 2.22271088e-02  3.05193056e+00 
 2.22671088e-02  3.05193055e+00 
 2.23071088e-02  3.05193055e+00 
 2.23471088e-02  3.05193055e+00 
 2.23871088e-02  3.05193055e+00 
 2.23999992e-02  3.05193055e+00 
 2.23999993e-02  3.05193055e+00 
 2.23999994e-02  3.05193055e+00 
 2.23999998e-02  3.05193055e+00 
 2.24000000e-02  3.05193055e+00 
 2.24000001e-02  3.05193055e+00 
 2.24000002e-02  3.05193055e+00 
 2.24000004e-02  3.05193055e+00 
 2.24000010e-02  3.05193055e+00 
 2.24000020e-02  3.05193055e+00 
 2.24000040e-02  3.05193055e+00 
 2.24000081e-02  3.05193055e+00 
 2.24000163e-02  3.05193055e+00 
 2.24000327e-02  3.05193055e+00 
 2.24000655e-02  3.05193055e+00 
 2.24001310e-02  3.05193055e+00 
 2.24002621e-02  3.05193055e+00 
 2.24005242e-02  3.05193055e+00 
 2.24010485e-02  3.05193055e+00 
 2.24020971e-02  3.05193055e+00 
 2.24041942e-02  3.05193055e+00 
 2.24083885e-02  3.05193055e+00 
 2.24167772e-02  3.05193055e+00 
 2.24335544e-02  3.05193055e+00 
 2.24671088e-02  3.05193055e+00 
 2.25071088e-02  3.05193055e+00 
 2.25471088e-02  3.05193055e+00 
 2.25871088e-02  3.05193055e+00 
 2.26271088e-02  3.05193055e+00 
 2.26671088e-02  3.05193055e+00 
 2.27071088e-02  3.05193055e+00 
 2.27471088e-02  3.05193055e+00 
 2.27871088e-02  3.05193055e+00 
 2.27999992e-02  3.05193055e+00 
 2.27999993e-02  3.05193055e+00 
 2.27999994e-02  3.05193055e+00 
 2.27999998e-02  3.05193055e+00 
 2.28000000e-02  3.05193074e+00 
 2.28000001e-02  3.05193084e+00 
 2.28000002e-02  3.05193105e+00 
 2.28000004e-02  3.05193146e+00 
 2.28000010e-02  3.05193228e+00 
 2.28000020e-02  3.05193391e+00 
 2.28000040e-02  3.05193718e+00 
 2.28000081e-02  3.05194372e+00 
 2.28000163e-02  3.05195680e+00 
 2.28000327e-02  3.05198293e+00 
 2.28000655e-02  3.05203510e+00 
 2.28001310e-02  3.05213914e+00 
 2.28002621e-02  3.05234594e+00 
 2.28005242e-02  3.05275451e+00 
 2.28010485e-02  3.05355187e+00 
 2.28020971e-02  3.05507071e+00 
 2.28041942e-02  3.05782813e+00 
 2.28083885e-02  3.06238435e+00 
 2.28167772e-02  3.06865786e+00 
 2.28335544e-02  3.07473144e+00 
 2.28671088e-02  3.07755221e+00 
 2.29071088e-02  3.07747961e+00 
 2.29471088e-02  3.07748768e+00 
 2.29871088e-02  3.07748678e+00 
 2.30271088e-02  3.07748688e+00 
 2.30671088e-02  3.07748687e+00 
 2.31071088e-02  3.07748687e+00 
 2.31471088e-02  3.07748687e+00 
 2.31871088e-02  3.07748687e+00 
 2.31999992e-02  3.07748687e+00 
 2.31999993e-02  3.07748687e+00 
 2.31999994e-02  3.07748687e+00 
 2.31999998e-02  3.07748687e+00 
 2.32000000e-02  3.07748687e+00 
 2.32000001e-02  3.07748687e+00 
 2.32000002e-02  3.07748687e+00 
 2.32000004e-02  3.07748687e+00 
 2.32000010e-02  3.07748687e+00 
 2.32000020e-02  3.07748687e+00 
 2.32000040e-02  3.07748687e+00 
 2.32000081e-02  3.07748687e+00 
 2.32000163e-02  3.07748687e+00 
 2.32000327e-02  3.07748687e+00 
 2.32000655e-02  3.07748687e+00 
 2.32001310e-02  3.07748687e+00 
 2.32002621e-02  3.07748687e+00 
 2.32005242e-02  3.07748687e+00 
 2.32010485e-02  3.07748687e+00 
 2.32020971e-02  3.07748687e+00 
 2.32041942e-02  3.07748687e+00 
 2.32083885e-02  3.07748687e+00 
 2.32167772e-02  3.07748687e+00 
 2.32335544e-02  3.07748687e+00 
 2.32671088e-02  3.07748687e+00 
 2.33071088e-02  3.07748687e+00 
 2.33471088e-02  3.07748687e+00 
 2.33871088e-02  3.07748687e+00 
 2.34271088e-02  3.07748687e+00 
 2.34671088e-02  3.07748687e+00 
 2.35071088e-02  3.07748687e+00 
 2.35471088e-02  3.07748687e+00 
 2.35871088e-02  3.07748687e+00 
 2.35999992e-02  3.07748687e+00 
 2.35999993e-02  3.07748687e+00 
 2.35999994e-02  3.07748687e+00 
 2.35999998e-02  3.07748687e+00 
 2.36000000e-02  3.07748703e+00 
 2.36000001e-02  3.07748711e+00 
 2.36000002e-02  3.07748728e+00 
 2.36000004e-02  3.07748762e+00 
 2.36000010e-02  3.07748830e+00 
 2.36000020e-02  3.07748966e+00 
 2.36000040e-02  3.07749237e+00 
 2.36000081e-02  3.07749780e+00 
 2.36000163e-02  3.07750864e+00 
 2.36000327e-02  3.07753032e+00 
 2.36000655e-02  3.07757360e+00 
 2.36001310e-02  3.07765990e+00 
 2.36002621e-02  3.07783144e+00 
 2.36005242e-02  3.07817034e+00 
 2.36010485e-02  3.07883175e+00 
 2.36020971e-02  3.08009163e+00 
 2.36041942e-02  3.08237890e+00 
 2.36083885e-02  3.08615829e+00 
 2.36167772e-02  3.09136216e+00 
 2.36335544e-02  3.09640018e+00 
 2.36671088e-02  3.09874001e+00 
 2.37071088e-02  3.09867979e+00 
 2.37471088e-02  3.09868648e+00 
 2.37871088e-02  3.09868573e+00 
 2.38271088e-02  3.09868582e+00 
 2.38671088e-02  3.09868581e+00 
 2.39071088e-02  3.09868581e+00 
 2.39471088e-02  3.09868581e+00 
 2.39871088e-02  3.09868581e+00 
 2.39999992e-02  3.09868581e+00 
 2.39999993e-02  3.09868581e+00 
 2.39999994e-02  3.09868581e+00 
 2.39999998e-02  3.09868581e+00 
 2.40000000e-02  3.09868581e+00 
 2.40000001e-02  3.09868581e+00 
 2.40000002e-02  3.09868581e+00 
 2.40000004e-02  3.09868581e+00 
 2.40000010e-02  3.09868581e+00 
 2.40000020e-02  3.09868581e+00 
 2.40000040e-02  3.09868581e+00 
 2.40000081e-02  3.09868581e+00 
 2.40000163e-02  3.09868581e+00 
 2.40000327e-02  3.09868581e+00 
 2.40000655e-02  3.09868581e+00 
 2.40001310e-02  3.09868581e+00 
 2.40002621e-02  3.09868581e+00 
 2.40005242e-02  3.09868581e+00 
 2.40010485e-02  3.09868581e+00 
 2.40020971e-02  3.09868581e+00 
 2.40041942e-02  3.09868581e+00 
 2.40083885e-02  3.09868581e+00 
 2.40167772e-02  3.09868581e+00 
 2.40335544e-02  3.09868581e+00 
 2.40671088e-02  3.09868581e+00 
 2.41071088e-02  3.09868581e+00 
 2.41471088e-02  3.09868581e+00 
 2.41871088e-02  3.09868581e+00 
 2.42271088e-02  3.09868581e+00 
 2.42671088e-02  3.09868581e+00 
 2.43071088e-02  3.09868581e+00 
 2.43471088e-02  3.09868581e+00 
 2.43871088e-02  3.09868581e+00 
 2.43999992e-02  3.09868581e+00 
 2.43999993e-02  3.09868581e+00 
 2.43999994e-02  3.09868581e+00 
 2.43999998e-02  3.09868581e+00 
 2.44000000e-02  3.09868594e+00 
 2.44000001e-02  3.09868601e+00 
 2.44000002e-02  3.09868615e+00 
 2.44000004e-02  3.09868643e+00 
 2.44000010e-02  3.09868699e+00 
 2.44000020e-02  3.09868811e+00 
 2.44000040e-02  3.09869035e+00 
 2.44000081e-02  3.09869483e+00 
 2.44000163e-02  3.09870378e+00 
 2.44000327e-02  3.09872166e+00 
 2.44000655e-02  3.09875739e+00 
 2.44001310e-02  3.09882861e+00 
 2.44002621e-02  3.09897019e+00 
 2.44005242e-02  3.09924989e+00 
 2.44010485e-02  3.09979576e+00 
 2.44020971e-02  3.10083555e+00 
 2.44041942e-02  3.10272327e+00 
 2.44083885e-02  3.10584245e+00 
 2.44167772e-02  3.11013727e+00 
 2.44335544e-02  3.11429523e+00 
 2.44671088e-02  3.11622631e+00 
 2.45071088e-02  3.11617661e+00 
 2.45471088e-02  3.11618213e+00 
 2.45871088e-02  3.11618152e+00 
 2.46271088e-02  3.11618159e+00 
 2.46671088e-02  3.11618158e+00 
 2.47071088e-02  3.11618158e+00 
 2.47471088e-02  3.11618158e+00 
 2.47871088e-02  3.11618158e+00 
 2.47999992e-02  3.11618158e+00 
 2.47999993e-02  3.11618158e+00 
 2.47999994e-02  3.11618158e+00 
 2.47999998e-02  3.11618158e+00 
 2.48000000e-02  3.11618158e+00 
 2.48000001e-02  3.11618158e+00 
 2.48000002e-02  3.11618158e+00 
 2.48000004e-02  3.11618158e+00 
 2.48000010e-02  3.11618158e+00 
 2.48000020e-02  3.11618158e+00 
 2.48000040e-02  3.11618158e+00 
 2.48000081e-02  3.11618158e+00 
 2.48000163e-02  3.11618158e+00 
 2.48000327e-02  3.11618158e+00 
 2.48000655e-02  3.11618158e+00 
 2.48001310e-02  3.11618158e+00 
 2.48002621e-02  3.11618158e+00 
 2.48005242e-02  3.11618158e+00 
 2.48010485e-02  3.11618158e+00 
 2.48020971e-02  3.11618158e+00 
 2.48041942e-02  3.11618158e+00 
 2.48083885e-02  3.11618158e+00 
 2.48167772e-02  3.11618158e+00 
 2.48335544e-02  3.11618158e+00 
 2.48671088e-02  3.11618158e+00 
 2.49071088e-02  3.11618158e+00 
 2.49471088e-02  3.11618158e+00 
 2.49871088e-02  3.11618158e+00 
 2.50271088e-02  3.11618158e+00 
 2.50671088e-02  3.11618158e+00 
 2.51071088e-02  3.11618158e+00 
 2.51471088e-02  3.11618158e+00 
 2.51871088e-02  3.11618158e+00 
 2.51999992e-02  3.11618158e+00 
 2.51999993e-02  3.11618158e+00 
 2.51999994e-02  3.11618158e+00 
 2.51999998e-02  3.11618158e+00 
 2.52000000e-02  3.11618169e+00 
 2.52000001e-02  3.11618175e+00 
 2.52000002e-02  3.11618186e+00 
 2.52000004e-02  3.11618209e+00 
 2.52000010e-02  3.11618255e+00 
 2.52000020e-02  3.11618347e+00 
 2.52000040e-02  3.11618531e+00 
 2.52000081e-02  3.11618898e+00 
 2.52000163e-02  3.11619633e+00 
 2.52000327e-02  3.11621101e+00 
 2.52000655e-02  3.11624033e+00 
 2.52001310e-02  3.11629879e+00 
 2.52002621e-02  3.11641500e+00 
 2.52005242e-02  3.11664458e+00 
 2.52010485e-02  3.11709264e+00 
 2.52020971e-02  3.11794610e+00 
 2.52041942e-02  3.11949556e+00 
 2.52083885e-02  3.12205580e+00 
 2.52167772e-02  3.12558101e+00 
 2.52335544e-02  3.12899389e+00 
 2.52671088e-02  3.13057894e+00 
 2.53071088e-02  3.13053814e+00 
 2.53471088e-02  3.13054267e+00 
 2.53871088e-02  3.13054217e+00 
 2.54271088e-02  3.13054223e+00 
 2.54671088e-02  3.13054222e+00 
 2.55071088e-02  3.13054222e+00 
 2.55471088e-02  3.13054222e+00 
 2.55871088e-02  3.13054222e+00 
 2.55999992e-02  3.13054222e+00 
 2.55999993e-02  3.13054222e+00 
 2.55999994e-02  3.13054222e+00 
 2.55999998e-02  3.13054222e+00 
 2.56000000e-02  3.13054222e+00 
 2.56000001e-02  3.13054222e+00 
 2.56000002e-02  3.13054222e+00 
 2.56000004e-02  3.13054222e+00 
 2.56000010e-02  3.13054222e+00 
 2.56000020e-02  3.13054222e+00 
 2.56000040e-02  3.13054222e+00 
 2.56000081e-02  3.13054222e+00 
 2.56000163e-02  3.13054222e+00 
 2.56000327e-02  3.13054222e+00 
 2.56000655e-02  3.13054222e+00 
 2.56001310e-02  3.13054222e+00 
 2.56002621e-02  3.13054222e+00 
 2.56005242e-02  3.13054222e+00 
 2.56010485e-02  3.13054222e+00 
 2.56020971e-02  3.13054222e+00 
 2.56041942e-02  3.13054222e+00 
 2.56083885e-02  3.13054222e+00 
 2.56167772e-02  3.13054222e+00 
 2.56335544e-02  3.13054222e+00 
 2.56671088e-02  3.13054222e+00 
 2.57071088e-02  3.13054222e+00 
 2.57471088e-02  3.13054222e+00 
 2.57871088e-02  3.13054222e+00 
 2.58271088e-02  3.13054222e+00 
 2.58671088e-02  3.13054222e+00 
 2.59071088e-02  3.13054222e+00 
 2.59471088e-02  3.13054222e+00 
 2.59871088e-02  3.13054222e+00 
 2.59999992e-02  3.13054222e+00 
 2.59999993e-02  3.13054222e+00 
 2.59999994e-02  3.13054222e+00 
 2.59999998e-02  3.13054222e+00 
 2.60000000e-02  3.13054231e+00 
 2.60000001e-02  3.13054236e+00 
 2.60000002e-02  3.13054245e+00 
 2.60000004e-02  3.13054264e+00 
 2.60000010e-02  3.13054301e+00 
 2.60000020e-02  3.13054376e+00 
 2.60000040e-02  3.13054526e+00 
 2.60000081e-02  3.13054826e+00 
 2.60000163e-02  3.13055425e+00 
 2.60000327e-02  3.13056622e+00 
 2.60000655e-02  3.13059014e+00 
 2.60001310e-02  3.13063782e+00 
 2.60002621e-02  3.13073259e+00 
 2.60005242e-02  3.13091983e+00 
 2.60010485e-02  3.13128526e+00 
 2.60020971e-02  3.13198133e+00 
 2.60041942e-02  3.13324504e+00 
 2.60083885e-02  3.13533313e+00 
 2.60167772e-02  3.13820823e+00 
 2.60335544e-02  3.14099171e+00 
 2.60671088e-02  3.14228445e+00 
 2.61071088e-02  3.14225118e+00 
 2.61471088e-02  3.14225487e+00 
 2.61871088e-02  3.14225446e+00 
 2.62271088e-02  3.14225451e+00 
 2.62671088e-02  3.14225450e+00 
 2.63071088e-02  3.14225450e+00 
 2.63471088e-02  3.14225450e+00 
 2.63871088e-02  3.14225450e+00 
 2.63999992e-02  3.14225450e+00 
 2.63999993e-02  3.14225450e+00 
 2.63999994e-02  3.14225450e+00 
 2.63999998e-02  3.14225450e+00 
 2.64000000e-02  3.14225450e+00 
 2.64000001e-02  3.14225450e+00 
 2.64000002e-02  3.14225450e+00 
 2.64000004e-02  3.14225450e+00 
 2.64000010e-02  3.14225450e+00 
 2.64000020e-02  3.14225450e+00 
 2.64000040e-02  3.14225450e+00 
 2.64000081e-02  3.14225450e+00 
 2.64000163e-02  3.14225450e+00 
 2.64000327e-02  3.14225450e+00 
 2.64000655e-02  3.14225450e+00 
 2.64001310e-02  3.14225450e+00 
 2.64002621e-02  3.14225450e+00 
 2.64005242e-02  3.14225450e+00 
 2.64010485e-02  3.14225450e+00 
 2.64020971e-02  3.14225450e+00 
 2.64041942e-02  3.14225450e+00 
 2.64083885e-02  3.14225450e+00 
 2.64167772e-02  3.14225450e+00 
 2.64335544e-02  3.14225450e+00 
 2.64671088e-02  3.14225450e+00 
 2.65071088e-02  3.14225450e+00 
 2.65471088e-02  3.14225450e+00 
 2.65871088e-02  3.14225450e+00 
 2.66271088e-02  3.14225450e+00 
 2.66671088e-02  3.14225450e+00 
 2.67071088e-02  3.14225450e+00 
 2.67471088e-02  3.14225450e+00 
 2.67871088e-02  3.14225450e+00 
 2.67999992e-02  3.14225450e+00 
 2.67999993e-02  3.14225450e+00 
 2.67999994e-02  3.14225450e+00 
 2.67999998e-02  3.14225450e+00 
 2.68000000e-02  3.14225458e+00 
 2.68000001e-02  3.14225461e+00 
 2.68000002e-02  3.14225469e+00 
 2.68000004e-02  3.14225484e+00 
 2.68000010e-02  3.14225514e+00 
 2.68000020e-02  3.14225575e+00 
 2.68000040e-02  3.14225696e+00 
 2.68000081e-02  3.14225939e+00 
 2.68000163e-02  3.14226424e+00 
 2.68000327e-02  3.14227393e+00 
 2.68000655e-02  3.14229327e+00 
 2.68001310e-02  3.14233185e+00 
 2.68002621e-02  3.14240854e+00 
 2.68005242e-02  3.14256003e+00 
 2.68010485e-02  3.14285570e+00 
 2.68020971e-02  3.14341890e+00 
 2.68041942e-02  3.14444137e+00 
 2.68083885e-02  3.14613086e+00 
 2.68167772e-02  3.14845713e+00 
 2.68335544e-02  3.15070926e+00 
 2.68671088e-02  3.15175523e+00 
 2.69071088e-02  3.15172831e+00 
 2.69471088e-02  3.15173130e+00 
 2.69871088e-02  3.15173097e+00 
 2.70271088e-02  3.15173100e+00 
 2.70671088e-02  3.15173100e+00 
 2.71071088e-02  3.15173100e+00 
 2.71471088e-02  3.15173100e+00 
 2.71871088e-02  3.15173100e+00 
 2.71999992e-02  3.15173100e+00 
 2.71999993e-02  3.15173100e+00 
 2.71999994e-02  3.15173100e+00 
 2.71999998e-02  3.15173100e+00 
 2.72000000e-02  3.15173100e+00 
 2.72000001e-02  3.15173100e+00 
 2.72000002e-02  3.15173100e+00 
 2.72000004e-02  3.15173100e+00 
 2.72000010e-02  3.15173100e+00 
 2.72000020e-02  3.15173100e+00 
 2.72000040e-02  3.15173100e+00 
 2.72000081e-02  3.15173100e+00 
 2.72000163e-02  3.15173100e+00 
 2.72000327e-02  3.15173100e+00 
 2.72000655e-02  3.15173100e+00 
 2.72001310e-02  3.15173100e+00 
 2.72002621e-02  3.15173100e+00 
 2.72005242e-02  3.15173100e+00 
 2.72010485e-02  3.15173100e+00 
 2.72020971e-02  3.15173100e+00 
 2.72041942e-02  3.15173100e+00 
 2.72083885e-02  3.15173100e+00 
 2.72167772e-02  3.15173100e+00 
 2.72335544e-02  3.15173100e+00 
 2.72671088e-02  3.15173100e+00 
 2.73071088e-02  3.15173100e+00 
 2.73471088e-02  3.15173100e+00 
 2.73871088e-02  3.15173100e+00 
 2.74271088e-02  3.15173100e+00 
 2.74671088e-02  3.15173100e+00 
 2.75071088e-02  3.15173100e+00 
 2.75471088e-02  3.15173100e+00 
 2.75871088e-02  3.15173100e+00 
 2.75999992e-02  3.15173100e+00 
 2.75999993e-02  3.15173100e+00 
 2.75999994e-02  3.15173100e+00 
 2.75999998e-02  3.15173100e+00 
 2.76000000e-02  3.15173106e+00 
 2.76000001e-02  3.15173109e+00 
 2.76000002e-02  3.15173115e+00 
 2.76000004e-02  3.15173127e+00 
 2.76000010e-02  3.15173151e+00 
 2.76000020e-02  3.15173200e+00 
 2.76000040e-02  3.15173297e+00 
 2.76000081e-02  3.15173491e+00 
 2.76000163e-02  3.15173879e+00 
 2.76000327e-02  3.15174655e+00 
 2.76000655e-02  3.15176204e+00 
 2.76001310e-02  3.15179293e+00 
 2.76002621e-02  3.15185432e+00 
 2.76005242e-02  3.15197561e+00 
 2.76010485e-02  3.15221233e+00 
 2.76020971e-02  3.15266324e+00 
 2.76041942e-02  3.15348185e+00 
 2.76083885e-02  3.15483448e+00 
 2.76167772e-02  3.15669694e+00 
 2.76335544e-02  3.15850004e+00 
 2.76671088e-02  3.15933745e+00 
 2.77071088e-02  3.15931590e+00 
 2.77471088e-02  3.15931830e+00 
 2.77871088e-02  3.15931803e+00 
 2.78271088e-02  3.15931806e+00 
 2.78671088e-02  3.15931806e+00 
 2.79071088e-02  3.15931806e+00 
 2.79471088e-02  3.15931806e+00 
 2.79871088e-02  3.15931806e+00 
 2.79999992e-02  3.15931806e+00 
 2.79999993e-02  3.15931806e+00 
 2.79999994e-02  3.15931806e+00 
 2.79999998e-02  3.15931806e+00 
 2.80000000e-02  3.15931806e+00 
 2.80000001e-02  3.15931806e+00 
 2.80000002e-02  3.15931806e+00 
 2.80000004e-02  3.15931806e+00 
 2.80000010e-02  3.15931806e+00 
 2.80000020e-02  3.15931806e+00 
 2.80000040e-02  3.15931806e+00 
 2.80000081e-02  3.15931806e+00 
 2.80000163e-02  3.15931806e+00 
 2.80000327e-02  3.15931806e+00 
 2.80000655e-02  3.15931806e+00 
 2.80001310e-02  3.15931806e+00 
 2.80002621e-02  3.15931806e+00 
 2.80005242e-02  3.15931806e+00 
 2.80010485e-02  3.15931806e+00 
 2.80020971e-02  3.15931806e+00 
 2.80041942e-02  3.15931806e+00 
 2.80083885e-02  3.15931806e+00 
 2.80167772e-02  3.15931806e+00 
 2.80335544e-02  3.15931806e+00 
 2.80671088e-02  3.15931806e+00 
 2.81071088e-02  3.15931806e+00 
 2.81471088e-02  3.15931806e+00 
 2.81871088e-02  3.15931806e+00 
 2.82271088e-02  3.15931806e+00 
 2.82671088e-02  3.15931806e+00 
 2.83071088e-02  3.15931806e+00 
 2.83471088e-02  3.15931806e+00 
 2.83871088e-02  3.15931806e+00 
 2.83999992e-02  3.15931806e+00 
 2.83999993e-02  3.15931806e+00 
 2.83999994e-02  3.15931806e+00 
 2.83999998e-02  3.15931806e+00 
 2.84000000e-02  3.15931810e+00 
 2.84000001e-02  3.15931812e+00 
 2.84000002e-02  3.15931817e+00 
 2.84000004e-02  3.15931827e+00 
 2.84000010e-02  3.15931846e+00 
 2.84000020e-02  3.15931884e+00 
 2.84000040e-02  3.15931961e+00 
 2.84000081e-02  3.15932114e+00 
 2.84000163e-02  3.15932420e+00 
 2.84000327e-02  3.15933032e+00 
 2.84000655e-02  3.15934254e+00 
 2.84001310e-02  3.15936691e+00 
 2.84002621e-02  3.15941535e+00 
 2.84005242e-02  3.15951105e+00 
 2.84010485e-02  3.15969781e+00 
 2.84020971e-02  3.16005356e+00 
 2.84041942e-02  3.16069941e+00 
 2.84083885e-02  3.16176659e+00 
 2.84167772e-02  3.16323599e+00 
 2.84335544e-02  3.16465857e+00 
 2.84671088e-02  3.16531926e+00 
 2.85071088e-02  3.16530226e+00 
 2.85471088e-02  3.16530415e+00 
 2.85871088e-02  3.16530394e+00 
 2.86271088e-02  3.16530396e+00 
 2.86671088e-02  3.16530396e+00 
 2.87071088e-02  3.16530396e+00 
 2.87471088e-02  3.16530396e+00 
 2.87871088e-02  3.16530396e+00 
 2.87999992e-02  3.16530396e+00 
 2.87999993e-02  3.16530396e+00 
 2.87999994e-02  3.16530396e+00 
 2.87999998e-02  3.16530396e+00 
 2.88000000e-02  3.16530396e+00 
 2.88000001e-02  3.16530396e+00 
 2.88000002e-02  3.16530396e+00 
 2.88000004e-02  3.16530396e+00 
 2.88000010e-02  3.16530396e+00 
 2.88000020e-02  3.16530396e+00 
 2.88000040e-02  3.16530396e+00 
 2.88000081e-02  3.16530396e+00 
 2.88000163e-02  3.16530396e+00 
 2.88000327e-02  3.16530396e+00 
 2.88000655e-02  3.16530396e+00 
 2.88001310e-02  3.16530396e+00 
 2.88002621e-02  3.16530396e+00 
 2.88005242e-02  3.16530396e+00 
 2.88010485e-02  3.16530396e+00 
 2.88020971e-02  3.16530396e+00 
 2.88041942e-02  3.16530396e+00 
 2.88083885e-02  3.16530396e+00 
 2.88167772e-02  3.16530396e+00 
 2.88335544e-02  3.16530396e+00 
 2.88671088e-02  3.16530396e+00 
 2.89071088e-02  3.16530396e+00 
 2.89471088e-02  3.16530396e+00 
 2.89871088e-02  3.16530396e+00 
 2.90271088e-02  3.16530396e+00 
 2.90671088e-02  3.16530396e+00 
 2.91071088e-02  3.16530396e+00 
 2.91471088e-02  3.16530396e+00 
 2.91871088e-02  3.16530396e+00 
 2.91999992e-02  3.16530396e+00 
 2.91999993e-02  3.16530396e+00 
 2.91999994e-02  3.16530396e+00 
 2.91999998e-02  3.16530396e+00 
 2.92000000e-02  3.16530399e+00 
 2.92000001e-02  3.16530401e+00 
 2.92000002e-02  3.16530405e+00 
 2.92000004e-02  3.16530412e+00 
 2.92000010e-02  3.16530427e+00 
 2.92000020e-02  3.16530457e+00 
 2.92000040e-02  3.16530516e+00 
 2.92000081e-02  3.16530634e+00 
 2.92000163e-02  3.16530871e+00 
 2.92000327e-02  3.16531343e+00 
 2.92000655e-02  3.16532287e+00 
 2.92001310e-02  3.16534169e+00 
 2.92002621e-02  3.16537910e+00 
 2.92005242e-02  3.16545300e+00 
 2.92010485e-02  3.16559723e+00 
 2.92020971e-02  3.16587197e+00 
 2.92041942e-02  3.16637075e+00 
 2.92083885e-02  3.16719491e+00 
 2.92167772e-02  3.16832970e+00 
 2.92335544e-02  3.16942833e+00 
 2.92671088e-02  3.16993857e+00 
 2.93071088e-02  3.16992544e+00 
 2.93471088e-02  3.16992690e+00 
 2.93871088e-02  3.16992673e+00 
 2.94271088e-02  3.16992675e+00 
 2.94671088e-02  3.16992675e+00 
 2.95071088e-02  3.16992675e+00 
 2.95471088e-02  3.16992675e+00 
 2.95871088e-02  3.16992675e+00 
 2.95999992e-02  3.16992675e+00 
 2.95999993e-02  3.16992675e+00 
 2.95999994e-02  3.16992675e+00 
 2.95999998e-02  3.16992675e+00 
 2.96000000e-02  3.16992675e+00 
 2.96000001e-02  3.16992675e+00 
 2.96000002e-02  3.16992675e+00 
 2.96000004e-02  3.16992675e+00 
 2.96000010e-02  3.16992675e+00 
 2.96000020e-02  3.16992675e+00 
 2.96000040e-02  3.16992675e+00 
 2.96000081e-02  3.16992675e+00 
 2.96000163e-02  3.16992675e+00 
 2.96000327e-02  3.16992675e+00 
 2.96000655e-02  3.16992675e+00 
 2.96001310e-02  3.16992675e+00 
 2.96002621e-02  3.16992675e+00 
 2.96005242e-02  3.16992675e+00 
 2.96010485e-02  3.16992675e+00 
 2.96020971e-02  3.16992675e+00 
 2.96041942e-02  3.16992675e+00 
 2.96083885e-02  3.16992675e+00 
 2.96167772e-02  3.16992675e+00 
 2.96335544e-02  3.16992675e+00 
 2.96671088e-02  3.16992675e+00 
 2.97071088e-02  3.16992675e+00 
 2.97471088e-02  3.16992675e+00 
 2.97871088e-02  3.16992675e+00 
 2.98271088e-02  3.16992675e+00 
 2.98671088e-02  3.16992675e+00 
 2.99071088e-02  3.16992675e+00 
 2.99471088e-02  3.16992675e+00 
 2.99871088e-02  3.16992675e+00 
 2.99999992e-02  3.16992675e+00 
 2.99999993e-02  3.16992675e+00 
 2.99999994e-02  3.16992675e+00 
 2.99999998e-02  3.16992675e+00 
 3.00000000e-02  3.16992678e+00 
 3.00000001e-02  3.16992679e+00 
 3.00000002e-02  3.16992682e+00 
 3.00000004e-02  3.16992687e+00 
 3.00000010e-02  3.16992698e+00 
 3.00000020e-02  3.16992720e+00 
 3.00000040e-02  3.16992765e+00 
 3.00000081e-02  3.16992853e+00 
 3.00000163e-02  3.16993030e+00 
 3.00000327e-02  3.16993383e+00 
 3.00000655e-02  3.16994088e+00 
 3.00001310e-02  3.16995495e+00 
 3.00002621e-02  3.16998290e+00 
 3.00005242e-02  3.17003813e+00 
 3.00010485e-02  3.17014592e+00 
 3.00020971e-02  3.17035124e+00 
 3.00041942e-02  3.17072399e+00 
 3.00083885e-02  3.17133990e+00 
 3.00167772e-02  3.17218795e+00 
 3.00335544e-02  3.17300898e+00 
 3.00671088e-02  3.17339029e+00 
 3.01071088e-02  3.17338048e+00 
 3.01471088e-02  3.17338157e+00 
 3.01871088e-02  3.17338145e+00 
 3.02271088e-02  3.17338146e+00 
 3.02671088e-02  3.17338146e+00 
 3.03071088e-02  3.17338146e+00 
 3.03471088e-02  3.17338146e+00 
 3.03871088e-02  3.17338146e+00 
 3.03999992e-02  3.17338146e+00 
 3.03999993e-02  3.17338146e+00 
 3.03999994e-02  3.17338146e+00 
 3.03999998e-02  3.17338146e+00 
 3.04000000e-02  3.17338146e+00 
 3.04000001e-02  3.17338146e+00 
 3.04000002e-02  3.17338146e+00 
 3.04000004e-02  3.17338146e+00 
 3.04000010e-02  3.17338146e+00 
 3.04000020e-02  3.17338146e+00 
 3.04000040e-02  3.17338146e+00 
 3.04000081e-02  3.17338146e+00 
 3.04000163e-02  3.17338146e+00 
 3.04000327e-02  3.17338146e+00 
 3.04000655e-02  3.17338146e+00 
 3.04001310e-02  3.17338146e+00 
 3.04002621e-02  3.17338146e+00 
 3.04005242e-02  3.17338146e+00 
 3.04010485e-02  3.17338146e+00 
 3.04020971e-02  3.17338146e+00 
 3.04041942e-02  3.17338146e+00 
 3.04083885e-02  3.17338146e+00 
 3.04167772e-02  3.17338146e+00 
 3.04335544e-02  3.17338146e+00 
 3.04671088e-02  3.17338146e+00 
 3.05071088e-02  3.17338146e+00 
 3.05471088e-02  3.17338146e+00 
 3.05871088e-02  3.17338146e+00 
 3.06271088e-02  3.17338146e+00 
 3.06671088e-02  3.17338146e+00 
 3.07071088e-02  3.17338146e+00 
 3.07471088e-02  3.17338146e+00 
 3.07871088e-02  3.17338146e+00 
 3.07999992e-02  3.17338146e+00 
 3.07999993e-02  3.17338146e+00 
 3.07999994e-02  3.17338146e+00 
 3.07999998e-02  3.17338146e+00 
 3.08000000e-02  3.17338148e+00 
 3.08000001e-02  3.17338149e+00 
 3.08000002e-02  3.17338150e+00 
 3.08000004e-02  3.17338154e+00 
 3.08000010e-02  3.17338162e+00 
 3.08000020e-02  3.17338178e+00 
 3.08000040e-02  3.17338209e+00 
 3.08000081e-02  3.17338272e+00 
 3.08000163e-02  3.17338397e+00 
 3.08000327e-02  3.17338647e+00 
 3.08000655e-02  3.17339146e+00 
 3.08001310e-02  3.17340141e+00 
 3.08002621e-02  3.17342120e+00 
 3.08005242e-02  3.17346029e+00 
 3.08010485e-02  3.17353658e+00 
 3.08020971e-02  3.17368189e+00 
 3.08041942e-02  3.17394571e+00 
 3.08083885e-02  3.17438163e+00 
 3.08167772e-02  3.17498186e+00 
 3.08335544e-02  3.17556295e+00 
 3.08671088e-02  3.17583283e+00 
 3.09071088e-02  3.17582589e+00 
 3.09471088e-02  3.17582666e+00 
 3.09871088e-02  3.17582657e+00 
 3.10271088e-02  3.17582658e+00 
 3.10671088e-02  3.17582658e+00 
 3.11071088e-02  3.17582658e+00 
 3.11471088e-02  3.17582658e+00 
 3.11871088e-02  3.17582658e+00 
 3.11999992e-02  3.17582658e+00 
 3.11999993e-02  3.17582658e+00 
 3.11999994e-02  3.17582658e+00 
 3.11999998e-02  3.17582658e+00 
 3.12000000e-02  3.17582658e+00 
 3.12000001e-02  3.17582658e+00 
 3.12000002e-02  3.17582658e+00 
 3.12000004e-02  3.17582658e+00 
 3.12000010e-02  3.17582658e+00 
 3.12000020e-02  3.17582658e+00 
 3.12000040e-02  3.17582658e+00 
 3.12000081e-02  3.17582658e+00 
 3.12000163e-02  3.17582658e+00 
 3.12000327e-02  3.17582658e+00 
 3.12000655e-02  3.17582658e+00 
 3.12001310e-02  3.17582658e+00 
 3.12002621e-02  3.17582658e+00 
 3.12005242e-02  3.17582658e+00 
 3.12010485e-02  3.17582658e+00 
 3.12020971e-02  3.17582658e+00 
 3.12041942e-02  3.17582658e+00 
 3.12083885e-02  3.17582658e+00 
 3.12167772e-02  3.17582658e+00 
 3.12335544e-02  3.17582658e+00 
 3.12671088e-02  3.17582658e+00 
 3.13071088e-02  3.17582658e+00 
 3.13471088e-02  3.17582658e+00 
 3.13871088e-02  3.17582658e+00 
 3.14271088e-02  3.17582658e+00 
 3.14671088e-02  3.17582658e+00 
 3.15071088e-02  3.17582658e+00 
 3.15471088e-02  3.17582658e+00 
 3.15871088e-02  3.17582658e+00 
 3.15999992e-02  3.17582658e+00 
 3.15999993e-02  3.17582658e+00 
 3.15999994e-02  3.17582658e+00 
 3.15999998e-02  3.17582658e+00 
 3.16000000e-02  3.17582659e+00 
 3.16000001e-02  3.17582660e+00 
 3.16000002e-02  3.17582661e+00 
 3.16000004e-02  3.17582664e+00 
 3.16000010e-02  3.17582669e+00 
 3.16000020e-02  3.17582679e+00 
 3.16000040e-02  3.17582699e+00 
 3.16000081e-02  3.17582739e+00 
 3.16000163e-02  3.17582819e+00 
 3.16000327e-02  3.17582978e+00 
 3.16000655e-02  3.17583298e+00 
 3.16001310e-02  3.17583934e+00 
 3.16002621e-02  3.17585199e+00 
 3.16005242e-02  3.17587698e+00 
 3.16010485e-02  3.17592575e+00 
 3.16020971e-02  3.17601866e+00 
 3.16041942e-02  3.17618732e+00 
 3.16083885e-02  3.17646601e+00 
 3.16167772e-02  3.17684974e+00 
 3.16335544e-02  3.17722125e+00 
 3.16671088e-02  3.17739379e+00 
 3.17071088e-02  3.17738935e+00 
 3.17471088e-02  3.17738984e+00 
 3.17871088e-02  3.17738979e+00 
 3.18271088e-02  3.17738979e+00 
 3.18671088e-02  3.17738979e+00 
 3.19071088e-02  3.17738979e+00 
 3.19471088e-02  3.17738979e+00 
 3.19871088e-02  3.17738979e+00 
 3.19999992e-02  3.17738979e+00 
 3.19999993e-02  3.17738979e+00 
 3.19999994e-02  3.17738979e+00 
 3.19999998e-02  3.17738979e+00 
 3.20000000e-02  3.17738979e+00 
 3.20000001e-02  3.17738979e+00 
 3.20000002e-02  3.17738979e+00 
 3.20000004e-02  3.17738979e+00 
 3.20000010e-02  3.17738979e+00 
 3.20000020e-02  3.17738979e+00 
 3.20000040e-02  3.17738979e+00 
 3.20000081e-02  3.17738979e+00 
 3.20000163e-02  3.17738979e+00 
 3.20000327e-02  3.17738979e+00 
 3.20000655e-02  3.17738979e+00 
 3.20001310e-02  3.17738979e+00 
 3.20002621e-02  3.17738979e+00 
 3.20005242e-02  3.17738979e+00 
 3.20010485e-02  3.17738979e+00 
 3.20020971e-02  3.17738979e+00 
 3.20041942e-02  3.17738979e+00 
 3.20083885e-02  3.17738979e+00 
 3.20167772e-02  3.17738979e+00 
 3.20335544e-02  3.17738979e+00 
 3.20671088e-02  3.17738979e+00 
 3.21071088e-02  3.17738979e+00 
 3.21471088e-02  3.17738979e+00 
 3.21871088e-02  3.17738979e+00 
 3.22271088e-02  3.17738979e+00 
 3.22671088e-02  3.17738979e+00 
 3.23071088e-02  3.17738979e+00 
 3.23471088e-02  3.17738979e+00 
 3.23871088e-02  3.17738979e+00 
 3.23999992e-02  3.17738979e+00 
 3.23999993e-02  3.17738979e+00 
 3.23999994e-02  3.17738979e+00 
 3.23999998e-02  3.17738979e+00 
 3.24000000e-02  3.17738980e+00 
 3.24000001e-02  3.17738980e+00 
 3.24000002e-02  3.17738981e+00 
 3.24000004e-02  3.17738982e+00 
 3.24000010e-02  3.17738984e+00 
 3.24000020e-02  3.17738989e+00 
 3.24000040e-02  3.17738999e+00 
 3.24000081e-02  3.17739019e+00 
 3.24000163e-02  3.17739060e+00 
 3.24000327e-02  3.17739140e+00 
 3.24000655e-02  3.17739300e+00 
 3.24001310e-02  3.17739618e+00 
 3.24002621e-02  3.17740252e+00 
 3.24005242e-02  3.17741504e+00 
 3.24010485e-02  3.17743947e+00 
 3.24020971e-02  3.17748601e+00 
 3.24041942e-02  3.17757050e+00 
 3.24083885e-02  3.17771011e+00 
 3.24167772e-02  3.17790234e+00 
 3.24335544e-02  3.17808844e+00 
 3.24671088e-02  3.17817487e+00 
 3.25071088e-02  3.17817265e+00 
 3.25471088e-02  3.17817290e+00 
 3.25871088e-02  3.17817287e+00 
 3.26271088e-02  3.17817287e+00 
 3.26671088e-02  3.17817287e+00 
 3.27071088e-02  3.17817287e+00 
 3.27471088e-02  3.17817287e+00 
 3.27871088e-02  3.17817287e+00 
 3.27999992e-02  3.17817287e+00 
 3.27999993e-02  3.17817287e+00 
 3.27999994e-02  3.17817287e+00 
 3.27999998e-02  3.17817287e+00 
 3.28000000e-02  3.17817287e+00 
 3.28000001e-02  3.17817287e+00 
 3.28000002e-02  3.17817287e+00 
 3.28000004e-02  3.17817287e+00 
 3.28000010e-02  3.17817287e+00 
 3.28000020e-02  3.17817287e+00 
 3.28000040e-02  3.17817287e+00 
 3.28000081e-02  3.17817287e+00 
 3.28000163e-02  3.17817287e+00 
 3.28000327e-02  3.17817287e+00 
 3.28000655e-02  3.17817287e+00 
 3.28001310e-02  3.17817287e+00 
 3.28002621e-02  3.17817287e+00 
 3.28005242e-02  3.17817287e+00 
 3.28010485e-02  3.17817287e+00 
 3.28020971e-02  3.17817287e+00 
 3.28041942e-02  3.17817287e+00 
 3.28083885e-02  3.17817287e+00 
 3.28167772e-02  3.17817287e+00 
 3.28335544e-02  3.17817287e+00 
 3.28671088e-02  3.17817287e+00 
 3.29071088e-02  3.17817287e+00 
 3.29471088e-02  3.17817287e+00 
 3.29871088e-02  3.17817287e+00 
 3.30271088e-02  3.17817287e+00 
 3.30671088e-02  3.17817287e+00 
 3.31071088e-02  3.17817287e+00 
 3.31471088e-02  3.17817287e+00 
 3.31871088e-02  3.17817287e+00 
 3.31999992e-02  3.17817287e+00 
 3.31999993e-02  3.17817287e+00 
 3.31999994e-02  3.17817287e+00 
 3.31999998e-02  3.17817287e+00 
 3.32000000e-02  3.17817287e+00 
 3.32000001e-02  3.17817287e+00 
 3.32000002e-02  3.17817287e+00 
 3.32000004e-02  3.17817287e+00 
 3.32000010e-02  3.17817288e+00 
 3.32000020e-02  3.17817288e+00 
 3.32000040e-02  3.17817289e+00 
 3.32000081e-02  3.17817291e+00 
 3.32000163e-02  3.17817296e+00 
 3.32000327e-02  3.17817304e+00 
 3.32000655e-02  3.17817321e+00 
 3.32001310e-02  3.17817355e+00 
 3.32002621e-02  3.17817422e+00 
 3.32005242e-02  3.17817555e+00 
 3.32010485e-02  3.17817814e+00 
 3.32020971e-02  3.17818308e+00 
 3.32041942e-02  3.17819204e+00 
 3.32083885e-02  3.17820684e+00 
 3.32167772e-02  3.17822723e+00 
 3.32335544e-02  3.17824697e+00 
 3.32671088e-02  3.17825614e+00 
 3.33071088e-02  3.17825590e+00 
 3.33471088e-02  3.17825593e+00 
 3.33871088e-02  3.17825593e+00 
 3.34271088e-02  3.17825593e+00 
 3.34671088e-02  3.17825593e+00 
 3.35071088e-02  3.17825593e+00 
 3.35471088e-02  3.17825593e+00 
 3.35871088e-02  3.17825593e+00 
 3.35999992e-02  3.17825593e+00 
 3.35999993e-02  3.17825593e+00 
 3.35999994e-02  3.17825593e+00 
 3.35999998e-02  3.17825593e+00 
 3.36000000e-02  3.17825593e+00 
 3.36000001e-02  3.17825593e+00 
 3.36000002e-02  3.17825593e+00 
 3.36000004e-02  3.17825593e+00 
 3.36000010e-02  3.17825593e+00 
 3.36000020e-02  3.17825593e+00 
 3.36000040e-02  3.17825593e+00 
 3.36000081e-02  3.17825593e+00 
 3.36000163e-02  3.17825593e+00 
 3.36000327e-02  3.17825593e+00 
 3.36000655e-02  3.17825593e+00 
 3.36001310e-02  3.17825593e+00 
 3.36002621e-02  3.17825593e+00 
 3.36005242e-02  3.17825593e+00 
 3.36010485e-02  3.17825593e+00 
 3.36020971e-02  3.17825593e+00 
 3.36041942e-02  3.17825593e+00 
 3.36083885e-02  3.17825593e+00 
 3.36167772e-02  3.17825593e+00 
 3.36335544e-02  3.17825593e+00 
 3.36671088e-02  3.17825593e+00 
 3.37071088e-02  3.17825593e+00 
 3.37471088e-02  3.17825593e+00 
 3.37871088e-02  3.17825593e+00 
 3.38271088e-02  3.17825593e+00 
 3.38671088e-02  3.17825593e+00 
 3.39071088e-02  3.17825593e+00 
 3.39471088e-02  3.17825593e+00 
 3.39871088e-02  3.17825593e+00 
 3.39999992e-02  3.17825593e+00 
 3.39999993e-02  3.17825593e+00 
 3.39999994e-02  3.17825593e+00 
 3.39999998e-02  3.17825593e+00 
 3.40000000e-02  3.17825592e+00 
 3.40000001e-02  3.17825592e+00 
 3.40000002e-02  3.17825592e+00 
 3.40000004e-02  3.17825591e+00 
 3.40000010e-02  3.17825589e+00 
 3.40000020e-02  3.17825585e+00 
 3.40000040e-02  3.17825578e+00 
 3.40000081e-02  3.17825564e+00 
 3.40000163e-02  3.17825536e+00 
 3.40000327e-02  3.17825479e+00 
 3.40000655e-02  3.17825366e+00 
 3.40001310e-02  3.17825140e+00 
 3.40002621e-02  3.17824691e+00 
 3.40005242e-02  3.17823803e+00 
 3.40010485e-02  3.17822072e+00 
 3.40020971e-02  3.17818774e+00 
 3.40041942e-02  3.17812786e+00 
 3.40083885e-02  3.17802892e+00 
 3.40167772e-02  3.17789269e+00 
 3.40335544e-02  3.17776080e+00 
 3.40671088e-02  3.17769955e+00 
 3.41071088e-02  3.17770113e+00 
 3.41471088e-02  3.17770095e+00 
 3.41871088e-02  3.17770097e+00 
 3.42271088e-02  3.17770097e+00 
 3.42671088e-02  3.17770097e+00 
 3.43071088e-02  3.17770097e+00 
 3.43471088e-02  3.17770097e+00 
 3.43871088e-02  3.17770097e+00 
 3.43999992e-02  3.17770097e+00 
 3.43999993e-02  3.17770097e+00 
 3.43999994e-02  3.17770097e+00 
 3.43999998e-02  3.17770097e+00 
 3.44000000e-02  3.17770097e+00 
 3.44000001e-02  3.17770097e+00 
 3.44000002e-02  3.17770097e+00 
 3.44000004e-02  3.17770097e+00 
 3.44000010e-02  3.17770097e+00 
 3.44000020e-02  3.17770097e+00 
 3.44000040e-02  3.17770097e+00 
 3.44000081e-02  3.17770097e+00 
 3.44000163e-02  3.17770097e+00 
 3.44000327e-02  3.17770097e+00 
 3.44000655e-02  3.17770097e+00 
 3.44001310e-02  3.17770097e+00 
 3.44002621e-02  3.17770097e+00 
 3.44005242e-02  3.17770097e+00 
 3.44010485e-02  3.17770097e+00 
 3.44020971e-02  3.17770097e+00 
 3.44041942e-02  3.17770097e+00 
 3.44083885e-02  3.17770097e+00 
 3.44167772e-02  3.17770097e+00 
 3.44335544e-02  3.17770097e+00 
 3.44671088e-02  3.17770097e+00 
 3.45071088e-02  3.17770097e+00 
 3.45471088e-02  3.17770097e+00 
 3.45871088e-02  3.17770097e+00 
 3.46271088e-02  3.17770097e+00 
 3.46671088e-02  3.17770097e+00 
 3.47071088e-02  3.17770097e+00 
 3.47471088e-02  3.17770097e+00 
 3.47871088e-02  3.17770097e+00 
 3.47999992e-02  3.17770097e+00 
 3.47999993e-02  3.17770097e+00 
 3.47999994e-02  3.17770097e+00 
 3.47999998e-02  3.17770097e+00 
 3.48000000e-02  3.17770096e+00 
 3.48000001e-02  3.17770096e+00 
 3.48000002e-02  3.17770095e+00 
 3.48000004e-02  3.17770093e+00 
 3.48000010e-02  3.17770089e+00 
 3.48000020e-02  3.17770082e+00 
 3.48000040e-02  3.17770067e+00 
 3.48000081e-02  3.17770038e+00 
 3.48000163e-02  3.17769979e+00 
 3.48000327e-02  3.17769862e+00 
 3.48000655e-02  3.17769628e+00 
 3.48001310e-02  3.17769162e+00 
 3.48002621e-02  3.17768234e+00 
 3.48005242e-02  3.17766402e+00 
 3.48010485e-02  3.17762826e+00 
 3.48020971e-02  3.17756015e+00 
 3.48041942e-02  3.17743650e+00 
 3.48083885e-02  3.17723217e+00 
 3.48167772e-02  3.17695084e+00 
 3.48335544e-02  3.17667847e+00 
 3.48671088e-02  3.17655198e+00 
 3.49071088e-02  3.17655523e+00 
 3.49471088e-02  3.17655487e+00 
 3.49871088e-02  3.17655491e+00 
 3.50271088e-02  3.17655491e+00 
 3.50671088e-02  3.17655491e+00 
 3.51071088e-02  3.17655491e+00 
 3.51471088e-02  3.17655491e+00 
 3.51871088e-02  3.17655491e+00 
 3.51999992e-02  3.17655491e+00 
 3.51999993e-02  3.17655491e+00 
 3.51999994e-02  3.17655491e+00 
 3.51999998e-02  3.17655491e+00 
 3.52000000e-02  3.17655491e+00 
 3.52000001e-02  3.17655491e+00 
 3.52000002e-02  3.17655491e+00 
 3.52000004e-02  3.17655491e+00 
 3.52000010e-02  3.17655491e+00 
 3.52000020e-02  3.17655491e+00 
 3.52000040e-02  3.17655491e+00 
 3.52000081e-02  3.17655491e+00 
 3.52000163e-02  3.17655491e+00 
 3.52000327e-02  3.17655491e+00 
 3.52000655e-02  3.17655491e+00 
 3.52001310e-02  3.17655491e+00 
 3.52002621e-02  3.17655491e+00 
 3.52005242e-02  3.17655491e+00 
 3.52010485e-02  3.17655491e+00 
 3.52020971e-02  3.17655491e+00 
 3.52041942e-02  3.17655491e+00 
 3.52083885e-02  3.17655491e+00 
 3.52167772e-02  3.17655491e+00 
 3.52335544e-02  3.17655491e+00 
 3.52671088e-02  3.17655491e+00 
 3.53071088e-02  3.17655491e+00 
 3.53471088e-02  3.17655491e+00 
 3.53871088e-02  3.17655491e+00 
 3.54271088e-02  3.17655491e+00 
 3.54671088e-02  3.17655491e+00 
 3.55071088e-02  3.17655491e+00 
 3.55471088e-02  3.17655491e+00 
 3.55871088e-02  3.17655491e+00 
 3.55999992e-02  3.17655491e+00 
 3.55999993e-02  3.17655491e+00 
 3.55999994e-02  3.17655491e+00 
 3.55999998e-02  3.17655491e+00 
 3.56000000e-02  3.17655489e+00 
 3.56000001e-02  3.17655489e+00 
 3.56000002e-02  3.17655487e+00 
 3.56000004e-02  3.17655485e+00 
 3.56000010e-02  3.17655479e+00 
 3.56000020e-02  3.17655468e+00 
 3.56000040e-02  3.17655447e+00 
 3.56000081e-02  3.17655403e+00 
 3.56000163e-02  3.17655316e+00 
 3.56000327e-02  3.17655142e+00 
 3.56000655e-02  3.17654794e+00 
 3.56001310e-02  3.17654101e+00 
 3.56002621e-02  3.17652723e+00 
 3.56005242e-02  3.17650001e+00 
 3.56010485e-02  3.17644688e+00 
 3.56020971e-02  3.17634567e+00 
 3.56041942e-02  3.17616194e+00 
 3.56083885e-02  3.17585835e+00 
 3.56167772e-02  3.17544033e+00 
 3.56335544e-02  3.17503564e+00 
 3.56671088e-02  3.17484769e+00 
 3.57071088e-02  3.17485252e+00 
 3.57471088e-02  3.17485199e+00 
 3.57871088e-02  3.17485205e+00 
 3.58271088e-02  3.17485204e+00 
 3.58671088e-02  3.17485204e+00 
 3.59071088e-02  3.17485204e+00 
 3.59471088e-02  3.17485204e+00 
 3.59871088e-02  3.17485204e+00 
 3.59999992e-02  3.17485204e+00 
 3.59999993e-02  3.17485204e+00 
 3.59999994e-02  3.17485204e+00 
 3.59999998e-02  3.17485204e+00 
 3.60000000e-02  3.17485204e+00 
 3.60000001e-02  3.17485204e+00 
 3.60000002e-02  3.17485204e+00 
 3.60000004e-02  3.17485204e+00 
 3.60000010e-02  3.17485204e+00 
 3.60000020e-02  3.17485204e+00 
 3.60000040e-02  3.17485204e+00 
 3.60000081e-02  3.17485204e+00 
 3.60000163e-02  3.17485204e+00 
 3.60000327e-02  3.17485204e+00 
 3.60000655e-02  3.17485204e+00 
 3.60001310e-02  3.17485204e+00 
 3.60002621e-02  3.17485204e+00 
 3.60005242e-02  3.17485204e+00 
 3.60010485e-02  3.17485204e+00 
 3.60020971e-02  3.17485204e+00 
 3.60041942e-02  3.17485204e+00 
 3.60083885e-02  3.17485204e+00 
 3.60167772e-02  3.17485204e+00 
 3.60335544e-02  3.17485204e+00 
 3.60671088e-02  3.17485204e+00 
 3.61071088e-02  3.17485204e+00 
 3.61471088e-02  3.17485204e+00 
 3.61871088e-02  3.17485204e+00 
 3.62271088e-02  3.17485204e+00 
 3.62671088e-02  3.17485204e+00 
 3.63071088e-02  3.17485204e+00 
 3.63471088e-02  3.17485204e+00 
 3.63871088e-02  3.17485204e+00 
 3.63999992e-02  3.17485204e+00 
 3.63999993e-02  3.17485204e+00 
 3.63999994e-02  3.17485204e+00 
 3.63999998e-02  3.17485204e+00 
 3.64000000e-02  3.17485202e+00 
 3.64000001e-02  3.17485202e+00 
 3.64000002e-02  3.17485200e+00 
 3.64000004e-02  3.17485196e+00 
 3.64000010e-02  3.17485189e+00 
 3.64000020e-02  3.17485175e+00 
 3.64000040e-02  3.17485146e+00 
 3.64000081e-02  3.17485089e+00 
 3.64000163e-02  3.17484974e+00 
 3.64000327e-02  3.17484746e+00 
 3.64000655e-02  3.17484289e+00 
 3.64001310e-02  3.17483379e+00 
 3.64002621e-02  3.17481570e+00 
 3.64005242e-02  3.17477995e+00 
 3.64010485e-02  3.17471019e+00 
 3.64020971e-02  3.17457731e+00 
 3.64041942e-02  3.17433607e+00 
 3.64083885e-02  3.17393745e+00 
 3.64167772e-02  3.17338859e+00 
 3.64335544e-02  3.17285722e+00 
 3.64671088e-02  3.17261043e+00 
 3.65071088e-02  3.17261679e+00 
 3.65471088e-02  3.17261608e+00 
 3.65871088e-02  3.17261616e+00 
 3.66271088e-02  3.17261615e+00 
 3.66671088e-02  3.17261615e+00 
 3.67071088e-02  3.17261615e+00 
 3.67471088e-02  3.17261615e+00 
 3.67871088e-02  3.17261615e+00 
 3.67999992e-02  3.17261615e+00 
 3.67999993e-02  3.17261615e+00 
 3.67999994e-02  3.17261615e+00 
 3.67999998e-02  3.17261615e+00 
 3.68000000e-02  3.17261615e+00 
 3.68000001e-02  3.17261615e+00 
 3.68000002e-02  3.17261615e+00 
 3.68000004e-02  3.17261615e+00 
 3.68000010e-02  3.17261615e+00 
 3.68000020e-02  3.17261615e+00 
 3.68000040e-02  3.17261615e+00 
 3.68000081e-02  3.17261615e+00 
 3.68000163e-02  3.17261615e+00 
 3.68000327e-02  3.17261615e+00 
 3.68000655e-02  3.17261615e+00 
 3.68001310e-02  3.17261615e+00 
 3.68002621e-02  3.17261615e+00 
 3.68005242e-02  3.17261615e+00 
 3.68010485e-02  3.17261615e+00 
 3.68020971e-02  3.17261615e+00 
 3.68041942e-02  3.17261615e+00 
 3.68083885e-02  3.17261615e+00 
 3.68167772e-02  3.17261615e+00 
 3.68335544e-02  3.17261615e+00 
 3.68671088e-02  3.17261615e+00 
 3.69071088e-02  3.17261615e+00 
 3.69471088e-02  3.17261615e+00 
 3.69871088e-02  3.17261615e+00 
 3.70271088e-02  3.17261615e+00 
 3.70671088e-02  3.17261615e+00 
 3.71071088e-02  3.17261615e+00 
 3.71471088e-02  3.17261615e+00 
 3.71871088e-02  3.17261615e+00 
 3.71999992e-02  3.17261615e+00 
 3.71999993e-02  3.17261615e+00 
 3.71999994e-02  3.17261615e+00 
 3.71999998e-02  3.17261615e+00 
 3.72000000e-02  3.17261613e+00 
 3.72000001e-02  3.17261612e+00 
 3.72000002e-02  3.17261610e+00 
 3.72000004e-02  3.17261605e+00 
 3.72000010e-02  3.17261596e+00 
 3.72000020e-02  3.17261579e+00 
 3.72000040e-02  3.17261544e+00 
 3.72000081e-02  3.17261473e+00 
 3.72000163e-02  3.17261332e+00 
 3.72000327e-02  3.17261051e+00 
 3.72000655e-02  3.17260488e+00 
 3.72001310e-02  3.17259367e+00 
 3.72002621e-02  3.17257139e+00 
 3.72005242e-02  3.17252736e+00 
 3.72010485e-02  3.17244144e+00 
 3.72020971e-02  3.17227777e+00 
 3.72041942e-02  3.17198063e+00 
 3.72083885e-02  3.17148965e+00 
 3.72167772e-02  3.17081362e+00 
 3.72335544e-02  3.17015913e+00 
 3.72671088e-02  3.16985516e+00 
 3.73071088e-02  3.16986298e+00 
 3.73471088e-02  3.16986212e+00 
 3.73871088e-02  3.16986221e+00 
 3.74271088e-02  3.16986220e+00 
 3.74671088e-02  3.16986220e+00 
 3.75071088e-02  3.16986220e+00 
 3.75471088e-02  3.16986220e+00 
 3.75871088e-02  3.16986220e+00 
 3.75999992e-02  3.16986220e+00 
 3.75999993e-02  3.16986220e+00 
 3.75999994e-02  3.16986220e+00 
 3.75999998e-02  3.16986220e+00 
 3.76000000e-02  3.16986220e+00 
 3.76000001e-02  3.16986220e+00 
 3.76000002e-02  3.16986220e+00 
 3.76000004e-02  3.16986220e+00 
 3.76000010e-02  3.16986220e+00 
 3.76000020e-02  3.16986220e+00 
 3.76000040e-02  3.16986220e+00 
 3.76000081e-02  3.16986220e+00 
 3.76000163e-02  3.16986220e+00 
 3.76000327e-02  3.16986220e+00 
 3.76000655e-02  3.16986220e+00 
 3.76001310e-02  3.16986220e+00 
 3.76002621e-02  3.16986220e+00 
 3.76005242e-02  3.16986220e+00 
 3.76010485e-02  3.16986220e+00 
 3.76020971e-02  3.16986220e+00 
 3.76041942e-02  3.16986220e+00 
 3.76083885e-02  3.16986220e+00 
 3.76167772e-02  3.16986220e+00 
 3.76335544e-02  3.16986220e+00 
 3.76671088e-02  3.16986220e+00 
 3.77071088e-02  3.16986220e+00 
 3.77471088e-02  3.16986220e+00 
 3.77871088e-02  3.16986220e+00 
 3.78271088e-02  3.16986220e+00 
 3.78671088e-02  3.16986220e+00 
 3.79071088e-02  3.16986220e+00 
 3.79471088e-02  3.16986220e+00 
 3.79871088e-02  3.16986220e+00 
 3.79999992e-02  3.16986220e+00 
 3.79999993e-02  3.16986220e+00 
 3.79999994e-02  3.16986220e+00 
 3.79999998e-02  3.16986220e+00 
 3.80000000e-02  3.16986218e+00 
 3.80000001e-02  3.16986216e+00 
 3.80000002e-02  3.16986214e+00 
 3.80000004e-02  3.16986209e+00 
 3.80000010e-02  3.16986198e+00 
 3.80000020e-02  3.16986177e+00 
 3.80000040e-02  3.16986136e+00 
 3.80000081e-02  3.16986052e+00 
 3.80000163e-02  3.16985885e+00 
 3.80000327e-02  3.16985551e+00 
 3.80000655e-02  3.16984885e+00 
 3.80001310e-02  3.16983556e+00 
 3.80002621e-02  3.16980914e+00 
 3.80005242e-02  3.16975695e+00 
 3.80010485e-02  3.16965510e+00 
 3.80020971e-02  3.16946109e+00 
 3.80041942e-02  3.16910887e+00 
 3.80083885e-02  3.16852688e+00 
 3.80167772e-02  3.16772553e+00 
 3.80335544e-02  3.16694972e+00 
 3.80671088e-02  3.16658941e+00 
 3.81071088e-02  3.16659868e+00 
 3.81471088e-02  3.16659765e+00 
 3.81871088e-02  3.16659777e+00 
 3.82271088e-02  3.16659775e+00 
 3.82671088e-02  3.16659775e+00 
 3.83071088e-02  3.16659775e+00 
 3.83471088e-02  3.16659775e+00 
 3.83871088e-02  3.16659775e+00 
 3.83999992e-02  3.16659775e+00 
 3.83999993e-02  3.16659775e+00 
 3.83999994e-02  3.16659775e+00 
 3.83999998e-02  3.16659775e+00 
 3.84000000e-02  3.16659775e+00 
 3.84000001e-02  3.16659775e+00 
 3.84000002e-02  3.16659775e+00 
 3.84000004e-02  3.16659775e+00 
 3.84000010e-02  3.16659775e+00 
 3.84000020e-02  3.16659775e+00 
 3.84000040e-02  3.16659775e+00 
 3.84000081e-02  3.16659775e+00 
 3.84000163e-02  3.16659775e+00 
 3.84000327e-02  3.16659775e+00 
 3.84000655e-02  3.16659775e+00 
 3.84001310e-02  3.16659775e+00 
 3.84002621e-02  3.16659775e+00 
 3.84005242e-02  3.16659775e+00 
 3.84010485e-02  3.16659775e+00 
 3.84020971e-02  3.16659775e+00 
 3.84041942e-02  3.16659775e+00 
 3.84083885e-02  3.16659775e+00 
 3.84167772e-02  3.16659775e+00 
 3.84335544e-02  3.16659775e+00 
 3.84671088e-02  3.16659775e+00 
 3.85071088e-02  3.16659775e+00 
 3.85471088e-02  3.16659775e+00 
 3.85871088e-02  3.16659775e+00 
 3.86271088e-02  3.16659775e+00 
 3.86671088e-02  3.16659775e+00 
 3.87071088e-02  3.16659775e+00 
 3.87471088e-02  3.16659775e+00 
 3.87871088e-02  3.16659775e+00 
 3.87999992e-02  3.16659775e+00 
 3.87999993e-02  3.16659775e+00 
 3.87999994e-02  3.16659775e+00 
 3.87999998e-02  3.16659775e+00 
 3.88000000e-02  3.16659773e+00 
 3.88000001e-02  3.16659771e+00 
 3.88000002e-02  3.16659768e+00 
 3.88000004e-02  3.16659762e+00 
 3.88000010e-02  3.16659750e+00 
 3.88000020e-02  3.16659726e+00 
 3.88000040e-02  3.16659678e+00 
 3.88000081e-02  3.16659581e+00 
 3.88000163e-02  3.16659388e+00 
 3.88000327e-02  3.16659002e+00 
 3.88000655e-02  3.16658232e+00 
 3.88001310e-02  3.16656695e+00 
 3.88002621e-02  3.16653642e+00 
 3.88005242e-02  3.16647609e+00 
 3.88010485e-02  3.16635835e+00 
 3.88020971e-02  3.16613408e+00 
 3.88041942e-02  3.16572692e+00 
 3.88083885e-02  3.16505415e+00 
 3.88167772e-02  3.16412781e+00 
 3.88335544e-02  3.16323099e+00 
 3.88671088e-02  3.16281448e+00 
 3.89071088e-02  3.16282520e+00 
 3.89471088e-02  3.16282401e+00 
 3.89871088e-02  3.16282414e+00 
 3.90271088e-02  3.16282413e+00 
 3.90671088e-02  3.16282413e+00 
 3.91071088e-02  3.16282413e+00 
 3.91471088e-02  3.16282413e+00 
 3.91871088e-02  3.16282413e+00 
 3.91999992e-02  3.16282413e+00 
 3.91999993e-02  3.16282413e+00 
 3.91999994e-02  3.16282413e+00 
 3.91999998e-02  3.16282413e+00 
 3.92000000e-02  3.16282413e+00 
 3.92000001e-02  3.16282413e+00 
 3.92000002e-02  3.16282413e+00 
 3.92000004e-02  3.16282413e+00 
 3.92000010e-02  3.16282413e+00 
 3.92000020e-02  3.16282413e+00 
 3.92000040e-02  3.16282413e+00 
 3.92000081e-02  3.16282413e+00 
 3.92000163e-02  3.16282413e+00 
 3.92000327e-02  3.16282413e+00 
 3.92000655e-02  3.16282413e+00 
 3.92001310e-02  3.16282413e+00 
 3.92002621e-02  3.16282413e+00 
 3.92005242e-02  3.16282413e+00 
 3.92010485e-02  3.16282413e+00 
 3.92020971e-02  3.16282413e+00 
 3.92041942e-02  3.16282413e+00 
 3.92083885e-02  3.16282413e+00 
 3.92167772e-02  3.16282413e+00 
 3.92335544e-02  3.16282413e+00 
 3.92671088e-02  3.16282413e+00 
 3.93071088e-02  3.16282413e+00 
 3.93471088e-02  3.16282413e+00 
 3.93871088e-02  3.16282413e+00 
 3.94271088e-02  3.16282413e+00 
 3.94671088e-02  3.16282413e+00 
 3.95071088e-02  3.16282413e+00 
 3.95471088e-02  3.16282413e+00 
 3.95871088e-02  3.16282413e+00 
 3.95999992e-02  3.16282413e+00 
 3.95999993e-02  3.16282413e+00 
 3.95999994e-02  3.16282413e+00 
 3.95999998e-02  3.16282413e+00 
 3.96000000e-02  3.16282410e+00 
 3.96000001e-02  3.16282408e+00 
 3.96000002e-02  3.16282405e+00 
 3.96000004e-02  3.16282398e+00 
 3.96000010e-02  3.16282384e+00 
 3.96000020e-02  3.16282357e+00 
 3.96000040e-02  3.16282302e+00 
 3.96000081e-02  3.16282192e+00 
 3.96000163e-02  3.16281973e+00 
 3.96000327e-02  3.16281534e+00 
 3.96000655e-02  3.16280659e+00 
 3.96001310e-02  3.16278914e+00 
 3.96002621e-02  3.16275445e+00 
 3.96005242e-02  3.16268592e+00 
 3.96010485e-02  3.16255217e+00 
 3.96020971e-02  3.16229740e+00 
 3.96041942e-02  3.16183488e+00 
 3.96083885e-02  3.16107062e+00 
 3.96167772e-02  3.16001831e+00 
 3.96335544e-02  3.15899954e+00 
 3.96671088e-02  3.15852638e+00 
 3.97071088e-02  3.15853856e+00 
 3.97471088e-02  3.15853721e+00 
 3.97871088e-02  3.15853736e+00 
 3.98271088e-02  3.15853734e+00 
 3.98671088e-02  3.15853734e+00 
 3.99071088e-02  3.15853734e+00 
 3.99471088e-02  3.15853734e+00 
 3.99871088e-02  3.15853734e+00 
 3.99999992e-02  3.15853734e+00 
 3.99999993e-02  3.15853734e+00 
 3.99999994e-02  3.15853734e+00 
 3.99999998e-02  3.15853734e+00 
 4.00000000e-02  3.15853734e+00 
 4.00000001e-02  3.15853734e+00 
 4.00000002e-02  3.15853734e+00 
 4.00000004e-02  3.15853734e+00 
 4.00000010e-02  3.15853734e+00 
 4.00000020e-02  3.15853734e+00 
 4.00000040e-02  3.15853734e+00 
 4.00000081e-02  3.15853734e+00 
 4.00000163e-02  3.15853734e+00 
 4.00000327e-02  3.15853734e+00 
 4.00000655e-02  3.15853734e+00 
 4.00001310e-02  3.15853734e+00 
 4.00002621e-02  3.15853734e+00 
 4.00005242e-02  3.15853734e+00 
 4.00010485e-02  3.15853734e+00 
 4.00020971e-02  3.15853734e+00 
 4.00041942e-02  3.15853734e+00 
 4.00083885e-02  3.15853734e+00 
 4.00167772e-02  3.15853734e+00 
 4.00335544e-02  3.15853734e+00 
 4.00671088e-02  3.15853734e+00 
 4.01071088e-02  3.15853734e+00 
 4.01471088e-02  3.15853734e+00 
 4.01871088e-02  3.15853734e+00 
 4.02271088e-02  3.15853734e+00 
 4.02671088e-02  3.15853734e+00 
 4.03071088e-02  3.15853734e+00 
 4.03471088e-02  3.15853734e+00 
 4.03871088e-02  3.15853734e+00 
 4.03999992e-02  3.15853734e+00 
 4.03999993e-02  3.15853734e+00 
 4.03999994e-02  3.15853734e+00 
 4.03999998e-02  3.15853734e+00 
 4.04000000e-02  3.15853731e+00 
 4.04000001e-02  3.15853729e+00 
 4.04000002e-02  3.15853725e+00 
 4.04000004e-02  3.15853717e+00 
 4.04000010e-02  3.15853702e+00 
 4.04000020e-02  3.15853671e+00 
 4.04000040e-02  3.15853610e+00 
 4.04000081e-02  3.15853487e+00 
 4.04000163e-02  3.15853241e+00 
 4.04000327e-02  3.15852749e+00 
 4.04000655e-02  3.15851767e+00 
 4.04001310e-02  3.15849810e+00 
 4.04002621e-02  3.15845919e+00 
 4.04005242e-02  3.15838232e+00 
 4.04010485e-02  3.15823229e+00 
 4.04020971e-02  3.15794652e+00 
 4.04041942e-02  3.15742771e+00 
 4.04083885e-02  3.15657046e+00 
 4.04167772e-02  3.15539009e+00 
 4.04335544e-02  3.15424734e+00 
 4.04671088e-02  3.15371662e+00 
 4.05071088e-02  3.15373027e+00 
 4.05471088e-02  3.15372876e+00 
 4.05871088e-02  3.15372893e+00 
 4.06271088e-02  3.15372891e+00 
 4.06671088e-02  3.15372891e+00 
 4.07071088e-02  3.15372891e+00 
 4.07471088e-02  3.15372891e+00 
 4.07871088e-02  3.15372891e+00 
 4.07999992e-02  3.15372891e+00 
 4.07999993e-02  3.15372891e+00 
 4.07999994e-02  3.15372891e+00 
 4.07999998e-02  3.15372891e+00 
 4.08000000e-02  3.15372891e+00 
 4.08000001e-02  3.15372891e+00 
 4.08000002e-02  3.15372891e+00 
 4.08000004e-02  3.15372891e+00 
 4.08000010e-02  3.15372891e+00 
 4.08000020e-02  3.15372891e+00 
 4.08000040e-02  3.15372891e+00 
 4.08000081e-02  3.15372891e+00 
 4.08000163e-02  3.15372891e+00 
 4.08000327e-02  3.15372891e+00 
 4.08000655e-02  3.15372891e+00 
 4.08001310e-02  3.15372891e+00 
 4.08002621e-02  3.15372891e+00 
 4.08005242e-02  3.15372891e+00 
 4.08010485e-02  3.15372891e+00 
 4.08020971e-02  3.15372891e+00 
 4.08041942e-02  3.15372891e+00 
 4.08083885e-02  3.15372891e+00 
 4.08167772e-02  3.15372891e+00 
 4.08335544e-02  3.15372891e+00 
 4.08671088e-02  3.15372891e+00 
 4.09071088e-02  3.15372891e+00 
 4.09471088e-02  3.15372891e+00 
 4.09871088e-02  3.15372891e+00 
 4.10271088e-02  3.15372891e+00 
 4.10671088e-02  3.15372891e+00 
 4.11071088e-02  3.15372891e+00 
 4.11471088e-02  3.15372891e+00 
 4.11871088e-02  3.15372891e+00 
 4.11999992e-02  3.15372891e+00 
 4.11999993e-02  3.15372891e+00 
 4.11999994e-02  3.15372891e+00 
 4.11999998e-02  3.15372891e+00 
 4.12000000e-02  3.15372887e+00 
 4.12000001e-02  3.15372885e+00 
 4.12000002e-02  3.15372880e+00 
 4.12000004e-02  3.15372872e+00 
 4.12000010e-02  3.15372855e+00 
 4.12000020e-02  3.15372821e+00 
 4.12000040e-02  3.15372752e+00 
 4.12000081e-02  3.15372616e+00 
 4.12000163e-02  3.15372342e+00 
 4.12000327e-02  3.15371796e+00 
 4.12000655e-02  3.15370705e+00 
 4.12001310e-02  3.15368530e+00 
 4.12002621e-02  3.15364207e+00 
 4.12005242e-02  3.15355666e+00 
 4.12010485e-02  3.15338998e+00 
 4.12020971e-02  3.15307247e+00 
 4.12041942e-02  3.15249604e+00 
 4.12083885e-02  3.15154357e+00 
 4.12167772e-02  3.15023212e+00 
 4.12335544e-02  3.14896245e+00 
 4.12671088e-02  3.14837278e+00 
 4.13071088e-02  3.14838796e+00 
 4.13471088e-02  3.14838627e+00 
 4.13871088e-02  3.14838646e+00 
 4.14271088e-02  3.14838644e+00 
 4.14671088e-02  3.14838644e+00 
 4.15071088e-02  3.14838644e+00 
 4.15471088e-02  3.14838644e+00 
 4.15871088e-02  3.14838644e+00 
 4.15999992e-02  3.14838644e+00 
 4.15999993e-02  3.14838644e+00 
 4.15999994e-02  3.14838644e+00 
 4.15999998e-02  3.14838644e+00 
 4.16000000e-02  3.14838644e+00 
 4.16000001e-02  3.14838644e+00 
 4.16000002e-02  3.14838644e+00 
 4.16000004e-02  3.14838644e+00 
 4.16000010e-02  3.14838644e+00 
 4.16000020e-02  3.14838644e+00 
 4.16000040e-02  3.14838644e+00 
 4.16000081e-02  3.14838644e+00 
 4.16000163e-02  3.14838644e+00 
 4.16000327e-02  3.14838644e+00 
 4.16000655e-02  3.14838644e+00 
 4.16001310e-02  3.14838644e+00 
 4.16002621e-02  3.14838644e+00 
 4.16005242e-02  3.14838644e+00 
 4.16010485e-02  3.14838644e+00 
 4.16020971e-02  3.14838644e+00 
 4.16041942e-02  3.14838644e+00 
 4.16083885e-02  3.14838644e+00 
 4.16167772e-02  3.14838644e+00 
 4.16335544e-02  3.14838644e+00 
 4.16671088e-02  3.14838644e+00 
 4.17071088e-02  3.14838644e+00 
 4.17471088e-02  3.14838644e+00 
 4.17871088e-02  3.14838644e+00 
 4.18271088e-02  3.14838644e+00 
 4.18671088e-02  3.14838644e+00 
 4.19071088e-02  3.14838644e+00 
 4.19471088e-02  3.14838644e+00 
 4.19871088e-02  3.14838644e+00 
 4.19999992e-02  3.14838644e+00 
 4.19999993e-02  3.14838644e+00 
 4.19999994e-02  3.14838644e+00 
 4.19999998e-02  3.14838644e+00 
 4.20000000e-02  3.14838639e+00 
 4.20000001e-02  3.14838637e+00 
 4.20000002e-02  3.14838632e+00 
 4.20000004e-02  3.14838623e+00 
 4.20000010e-02  3.14838604e+00 
 4.20000020e-02  3.14838566e+00 
 4.20000040e-02  3.14838491e+00 
 4.20000081e-02  3.14838340e+00 
 4.20000163e-02  3.14838039e+00 
 4.20000327e-02  3.14837436e+00 
 4.20000655e-02  3.14836233e+00 
 4.20001310e-02  3.14833835e+00 
 4.20002621e-02  3.14829067e+00 
 4.20005242e-02  3.14819647e+00 
 4.20010485e-02  3.14801263e+00 
 4.20020971e-02  3.14766245e+00 
 4.20041942e-02  3.14702670e+00 
 4.20083885e-02  3.14597622e+00 
 4.20167772e-02  3.14452981e+00 
 4.20335544e-02  3.14312949e+00 
 4.20671088e-02  3.14247913e+00 
 4.21071088e-02  3.14249587e+00 
 4.21471088e-02  3.14249401e+00 
 4.21871088e-02  3.14249422e+00 
 4.22271088e-02  3.14249420e+00 
 4.22671088e-02  3.14249420e+00 
 4.23071088e-02  3.14249420e+00 
 4.23471088e-02  3.14249420e+00 
 4.23871088e-02  3.14249420e+00 
 4.23999992e-02  3.14249420e+00 
 4.23999993e-02  3.14249420e+00 
 4.23999994e-02  3.14249420e+00 
 4.23999998e-02  3.14249420e+00 
 4.24000000e-02  3.14249420e+00 
 4.24000001e-02  3.14249420e+00 
 4.24000002e-02  3.14249420e+00 
 4.24000004e-02  3.14249420e+00 
 4.24000010e-02  3.14249420e+00 
 4.24000020e-02  3.14249420e+00 
 4.24000040e-02  3.14249420e+00 
 4.24000081e-02  3.14249420e+00 
 4.24000163e-02  3.14249420e+00 
 4.24000327e-02  3.14249420e+00 
 4.24000655e-02  3.14249420e+00 
 4.24001310e-02  3.14249420e+00 
 4.24002621e-02  3.14249420e+00 
 4.24005242e-02  3.14249420e+00 
 4.24010485e-02  3.14249420e+00 
 4.24020971e-02  3.14249420e+00 
 4.24041942e-02  3.14249420e+00 
 4.24083885e-02  3.14249420e+00 
 4.24167772e-02  3.14249420e+00 
 4.24335544e-02  3.14249420e+00 
 4.24671088e-02  3.14249420e+00 
 4.25071088e-02  3.14249420e+00 
 4.25471088e-02  3.14249420e+00 
 4.25871088e-02  3.14249420e+00 
 4.26271088e-02  3.14249420e+00 
 4.26671088e-02  3.14249420e+00 
 4.27071088e-02  3.14249420e+00 
 4.27471088e-02  3.14249420e+00 
 4.27871088e-02  3.14249420e+00 
 4.27999992e-02  3.14249420e+00 
 4.27999993e-02  3.14249420e+00 
 4.27999994e-02  3.14249420e+00 
 4.27999998e-02  3.14249420e+00 
 4.28000000e-02  3.14249415e+00 
 4.28000001e-02  3.14249412e+00 
 4.28000002e-02  3.14249407e+00 
 4.28000004e-02  3.14249397e+00 
 4.28000010e-02  3.14249376e+00 
 4.28000020e-02  3.14249335e+00 
 4.28000040e-02  3.14249252e+00 
 4.28000081e-02  3.14249087e+00 
 4.28000163e-02  3.14248756e+00 
 4.28000327e-02  3.14248096e+00 
 4.28000655e-02  3.14246777e+00 
 4.28001310e-02  3.14244147e+00 
 4.28002621e-02  3.14238919e+00 
 4.28005242e-02  3.14228590e+00 
 4.28010485e-02  3.14208433e+00 
 4.28020971e-02  3.14170036e+00 
 4.28041942e-02  3.14100328e+00 
 4.28083885e-02  3.13985146e+00 
 4.28167772e-02  3.13826551e+00 
 4.28335544e-02  3.13673010e+00 
 4.28671088e-02  3.13601701e+00 
 4.29071088e-02  3.13603536e+00 
 4.29471088e-02  3.13603332e+00 
 4.29871088e-02  3.13603355e+00 
 4.30271088e-02  3.13603352e+00 
 4.30671088e-02  3.13603352e+00 
 4.31071088e-02  3.13603352e+00 
 4.31471088e-02  3.13603352e+00 
 4.31871088e-02  3.13603352e+00 
 4.31999992e-02  3.13603352e+00 
 4.31999993e-02  3.13603352e+00 
 4.31999994e-02  3.13603352e+00 
 4.31999998e-02  3.13603352e+00 
 4.32000000e-02  3.13603352e+00 
 4.32000001e-02  3.13603352e+00 
 4.32000002e-02  3.13603352e+00 
 4.32000004e-02  3.13603352e+00 
 4.32000010e-02  3.13603352e+00 
 4.32000020e-02  3.13603352e+00 
 4.32000040e-02  3.13603352e+00 
 4.32000081e-02  3.13603352e+00 
 4.32000163e-02  3.13603352e+00 
 4.32000327e-02  3.13603352e+00 
 4.32000655e-02  3.13603352e+00 
 4.32001310e-02  3.13603352e+00 
 4.32002621e-02  3.13603352e+00 
 4.32005242e-02  3.13603352e+00 
 4.32010485e-02  3.13603352e+00 
 4.32020971e-02  3.13603352e+00 
 4.32041942e-02  3.13603352e+00 
 4.32083885e-02  3.13603352e+00 
 4.32167772e-02  3.13603352e+00 
 4.32335544e-02  3.13603352e+00 
 4.32671088e-02  3.13603352e+00 
 4.33071088e-02  3.13603352e+00 
 4.33471088e-02  3.13603352e+00 
 4.33871088e-02  3.13603352e+00 
 4.34271088e-02  3.13603352e+00 
 4.34671088e-02  3.13603352e+00 
 4.35071088e-02  3.13603352e+00 
 4.35471088e-02  3.13603352e+00 
 4.35871088e-02  3.13603352e+00 
 4.35999992e-02  3.13603352e+00 
 4.35999993e-02  3.13603352e+00 
 4.35999994e-02  3.13603352e+00 
 4.35999998e-02  3.13603352e+00 
 4.36000000e-02  3.13603347e+00 
 4.36000001e-02  3.13603344e+00 
 4.36000002e-02  3.13603339e+00 
 4.36000004e-02  3.13603327e+00 
 4.36000010e-02  3.13603305e+00 
 4.36000020e-02  3.13603260e+00 
 4.36000040e-02  3.13603170e+00 
 4.36000081e-02  3.13602989e+00 
 4.36000163e-02  3.13602628e+00 
 4.36000327e-02  3.13601908e+00 
 4.36000655e-02  3.13600468e+00 
 4.36001310e-02  3.13597598e+00 
 4.36002621e-02  3.13591893e+00 
 4.36005242e-02  3.13580622e+00 
 4.36010485e-02  3.13558624e+00 
 4.36020971e-02  3.13516724e+00 
 4.36041942e-02  3.13440653e+00 
 4.36083885e-02  3.13314959e+00 
 4.36167772e-02  3.13141888e+00 
 4.36335544e-02  3.12974334e+00 
 4.36671088e-02  3.12896516e+00 
 4.37071088e-02  3.12898519e+00 
 4.37471088e-02  3.12898296e+00 
 4.37871088e-02  3.12898321e+00 
 4.38271088e-02  3.12898318e+00 
 4.38671088e-02  3.12898318e+00 
 4.39071088e-02  3.12898318e+00 
 4.39471088e-02  3.12898318e+00 
 4.39871088e-02  3.12898318e+00 
 4.39999992e-02  3.12898318e+00 
 4.39999993e-02  3.12898318e+00 
 4.39999994e-02  3.12898318e+00 
 4.39999998e-02  3.12898318e+00 
 4.40000000e-02  3.12898318e+00 
 4.40000001e-02  3.12898318e+00 
 4.40000002e-02  3.12898318e+00 
 4.40000004e-02  3.12898318e+00 
 4.40000010e-02  3.12898318e+00 
 4.40000020e-02  3.12898318e+00 
 4.40000040e-02  3.12898318e+00 
 4.40000081e-02  3.12898318e+00 
 4.40000163e-02  3.12898318e+00 
 4.40000327e-02  3.12898318e+00 
 4.40000655e-02  3.12898318e+00 
 4.40001310e-02  3.12898318e+00 
 4.40002621e-02  3.12898318e+00 
 4.40005242e-02  3.12898318e+00 
 4.40010485e-02  3.12898318e+00 
 4.40020971e-02  3.12898318e+00 
 4.40041942e-02  3.12898318e+00 
 4.40083885e-02  3.12898318e+00 
 4.40167772e-02  3.12898318e+00 
 4.40335544e-02  3.12898318e+00 
 4.40671088e-02  3.12898318e+00 
 4.41071088e-02  3.12898318e+00 
 4.41471088e-02  3.12898318e+00 
 4.41871088e-02  3.12898318e+00 
 4.42271088e-02  3.12898318e+00 
 4.42671088e-02  3.12898318e+00 
 4.43071088e-02  3.12898318e+00 
 4.43471088e-02  3.12898318e+00 
 4.43871088e-02  3.12898318e+00 
 4.43999992e-02  3.12898318e+00 
 4.43999993e-02  3.12898318e+00 
 4.43999994e-02  3.12898318e+00 
 4.43999998e-02  3.12898318e+00 
 4.44000000e-02  3.12898313e+00 
 4.44000001e-02  3.12898310e+00 
 4.44000002e-02  3.12898303e+00 
 4.44000004e-02  3.12898291e+00 
 4.44000010e-02  3.12898267e+00 
 4.44000020e-02  3.12898218e+00 
 4.44000040e-02  3.12898120e+00 
 4.44000081e-02  3.12897923e+00 
 4.44000163e-02  3.12897531e+00 
 4.44000327e-02  3.12896748e+00 
 4.44000655e-02  3.12895183e+00 
 4.44001310e-02  3.12892063e+00 
 4.44002621e-02  3.12885862e+00 
 4.44005242e-02  3.12873611e+00 
 4.44010485e-02  3.12849700e+00 
 4.44020971e-02  3.12804155e+00 
 4.44041942e-02  3.12721470e+00 
 4.44083885e-02  3.12584843e+00 
 4.44167772e-02  3.12396722e+00 
 4.44335544e-02  3.12214595e+00 
 4.44671088e-02  3.12130009e+00 
 4.45071088e-02  3.12132186e+00 
 4.45471088e-02  3.12131944e+00 
 4.45871088e-02  3.12131971e+00 
 4.46271088e-02  3.12131968e+00 
 4.46671088e-02  3.12131969e+00 
 4.47071088e-02  3.12131969e+00 
 4.47471088e-02  3.12131969e+00 
 4.47871088e-02  3.12131969e+00 
 4.47999992e-02  3.12131969e+00 
 4.47999993e-02  3.12131969e+00 
 4.47999994e-02  3.12131969e+00 
 4.47999998e-02  3.12131969e+00 
 4.48000000e-02  3.12131969e+00 
 4.48000001e-02  3.12131969e+00 
 4.48000002e-02  3.12131969e+00 
 4.48000004e-02  3.12131969e+00 
 4.48000010e-02  3.12131969e+00 
 4.48000020e-02  3.12131969e+00 
 4.48000040e-02  3.12131969e+00 
 4.48000081e-02  3.12131969e+00 
 4.48000163e-02  3.12131969e+00 
 4.48000327e-02  3.12131969e+00 
 4.48000655e-02  3.12131969e+00 
 4.48001310e-02  3.12131969e+00 
 4.48002621e-02  3.12131969e+00 
 4.48005242e-02  3.12131969e+00 
 4.48010485e-02  3.12131969e+00 
 4.48020971e-02  3.12131969e+00 
 4.48041942e-02  3.12131969e+00 
 4.48083885e-02  3.12131969e+00 
 4.48167772e-02  3.12131969e+00 
 4.48335544e-02  3.12131969e+00 
 4.48671088e-02  3.12131969e+00 
 4.49071088e-02  3.12131969e+00 
 4.49471088e-02  3.12131969e+00 
 4.49871088e-02  3.12131969e+00 
 4.50271088e-02  3.12131969e+00 
 4.50671088e-02  3.12131969e+00 
 4.51071088e-02  3.12131969e+00 
 4.51471088e-02  3.12131969e+00 
 4.51871088e-02  3.12131969e+00 
 4.51999992e-02  3.12131969e+00 
 4.51999993e-02  3.12131969e+00 
 4.51999994e-02  3.12131969e+00 
 4.51999998e-02  3.12131969e+00 
 4.52000000e-02  3.12131962e+00 
 4.52000001e-02  3.12131959e+00 
 4.52000002e-02  3.12131952e+00 
 4.52000004e-02  3.12131939e+00 
 4.52000010e-02  3.12131913e+00 
 4.52000020e-02  3.12131859e+00 
 4.52000040e-02  3.12131753e+00 
 4.52000081e-02  3.12131541e+00 
 4.52000163e-02  3.12131116e+00 
 4.52000327e-02  3.12130267e+00 
 4.52000655e-02  3.12128572e+00 
 4.52001310e-02  3.12125192e+00 
 4.52002621e-02  3.12118474e+00 
 4.52005242e-02  3.12105202e+00 
 4.52010485e-02  3.12079299e+00 
 4.52020971e-02  3.12029959e+00 
 4.52041942e-02  3.11940382e+00 
 4.52083885e-02  3.11792370e+00 
 4.52167772e-02  3.11588570e+00 
 4.52335544e-02  3.11391266e+00 
 4.52671088e-02  3.11299631e+00 
 4.53071088e-02  3.11301990e+00 
 4.53471088e-02  3.11301728e+00 
 4.53871088e-02  3.11301757e+00 
 4.54271088e-02  3.11301754e+00 
 4.54671088e-02  3.11301754e+00 
 4.55071088e-02  3.11301754e+00 
 4.55471088e-02  3.11301754e+00 
 4.55871088e-02  3.11301754e+00 
 4.55999992e-02  3.11301754e+00 
 4.55999993e-02  3.11301754e+00 
 4.55999994e-02  3.11301754e+00 
 4.55999998e-02  3.11301754e+00 
 4.56000000e-02  3.11301754e+00 
 4.56000001e-02  3.11301754e+00 
 4.56000002e-02  3.11301754e+00 
 4.56000004e-02  3.11301754e+00 
 4.56000010e-02  3.11301754e+00 
 4.56000020e-02  3.11301754e+00 
 4.56000040e-02  3.11301754e+00 
 4.56000081e-02  3.11301754e+00 
 4.56000163e-02  3.11301754e+00 
 4.56000327e-02  3.11301754e+00 
 4.56000655e-02  3.11301754e+00 
 4.56001310e-02  3.11301754e+00 
 4.56002621e-02  3.11301754e+00 
 4.56005242e-02  3.11301754e+00 
 4.56010485e-02  3.11301754e+00 
 4.56020971e-02  3.11301754e+00 
 4.56041942e-02  3.11301754e+00 
 4.56083885e-02  3.11301754e+00 
 4.56167772e-02  3.11301754e+00 
 4.56335544e-02  3.11301754e+00 
 4.56671088e-02  3.11301754e+00 
 4.57071088e-02  3.11301754e+00 
 4.57471088e-02  3.11301754e+00 
 4.57871088e-02  3.11301754e+00 
 4.58271088e-02  3.11301754e+00 
 4.58671088e-02  3.11301754e+00 
 4.59071088e-02  3.11301754e+00 
 4.59471088e-02  3.11301754e+00 
 4.59871088e-02  3.11301754e+00 
 4.59999992e-02  3.11301754e+00 
 4.59999993e-02  3.11301754e+00 
 4.59999994e-02  3.11301754e+00 
 4.59999998e-02  3.11301754e+00 
 4.60000000e-02  3.11301747e+00 
 4.60000001e-02  3.11301744e+00 
 4.60000002e-02  3.11301737e+00 
 4.60000004e-02  3.11301722e+00 
 4.60000010e-02  3.11301693e+00 
 4.60000020e-02  3.11301636e+00 
 4.60000040e-02  3.11301521e+00 
 4.60000081e-02  3.11301292e+00 
 4.60000163e-02  3.11300833e+00 
 4.60000327e-02  3.11299916e+00 
 4.60000655e-02  3.11298085e+00 
 4.60001310e-02  3.11294434e+00 
 4.60002621e-02  3.11287177e+00 
 4.60005242e-02  3.11272840e+00 
 4.60010485e-02  3.11244860e+00 
 4.60020971e-02  3.11191562e+00 
 4.60041942e-02  3.11094800e+00 
 4.60083885e-02  3.10934916e+00 
 4.60167772e-02  3.10714770e+00 
 4.60335544e-02  3.10501639e+00 
 4.60671088e-02  3.10402655e+00 
 4.61071088e-02  3.10405202e+00 
 4.61471088e-02  3.10404919e+00 
 4.61871088e-02  3.10404951e+00 
 4.62271088e-02  3.10404947e+00 
 4.62671088e-02  3.10404948e+00 
 4.63071088e-02  3.10404948e+00 
 4.63471088e-02  3.10404948e+00 
 4.63871088e-02  3.10404948e+00 
 4.63999992e-02  3.10404948e+00 
 4.63999993e-02  3.10404948e+00 
 4.63999994e-02  3.10404948e+00 
 4.63999998e-02  3.10404948e+00 
 4.64000000e-02  3.10404948e+00 
 4.64000001e-02  3.10404948e+00 
 4.64000002e-02  3.10404948e+00 
 4.64000004e-02  3.10404948e+00 
 4.64000010e-02  3.10404948e+00 
 4.64000020e-02  3.10404948e+00 
 4.64000040e-02  3.10404948e+00 
 4.64000081e-02  3.10404948e+00 
 4.64000163e-02  3.10404948e+00 
 4.64000327e-02  3.10404948e+00 
 4.64000655e-02  3.10404948e+00 
 4.64001310e-02  3.10404948e+00 
 4.64002621e-02  3.10404948e+00 
 4.64005242e-02  3.10404948e+00 
 4.64010485e-02  3.10404948e+00 
 4.64020971e-02  3.10404948e+00 
 4.64041942e-02  3.10404948e+00 
 4.64083885e-02  3.10404948e+00 
 4.64167772e-02  3.10404948e+00 
 4.64335544e-02  3.10404948e+00 
 4.64671088e-02  3.10404948e+00 
 4.65071088e-02  3.10404948e+00 
 4.65471088e-02  3.10404948e+00 
 4.65871088e-02  3.10404948e+00 
 4.66271088e-02  3.10404948e+00 
 4.66671088e-02  3.10404948e+00 
 4.67071088e-02  3.10404948e+00 
 4.67471088e-02  3.10404948e+00 
 4.67871088e-02  3.10404948e+00 
 4.67999992e-02  3.10404948e+00 
 4.67999993e-02  3.10404948e+00 
 4.67999994e-02  3.10404948e+00 
 4.67999998e-02  3.10404948e+00 
 4.68000000e-02  3.10404940e+00 
 4.68000001e-02  3.10404936e+00 
 4.68000002e-02  3.10404929e+00 
 4.68000004e-02  3.10404913e+00 
 4.68000010e-02  3.10404882e+00 
 4.68000020e-02  3.10404821e+00 
 4.68000040e-02  3.10404697e+00 
 4.68000081e-02  3.10404450e+00 
 4.68000163e-02  3.10403955e+00 
 4.68000327e-02  3.10402967e+00 
 4.68000655e-02  3.10400994e+00 
 4.68001310e-02  3.10397061e+00 
 4.68002621e-02  3.10389242e+00 
 4.68005242e-02  3.10373794e+00 
 4.68010485e-02  3.10343646e+00 
 4.68020971e-02  3.10286219e+00 
 4.68041942e-02  3.10181961e+00 
 4.68083885e-02  3.10009691e+00 
 4.68167772e-02  3.09772490e+00 
 4.68335544e-02  3.09542849e+00 
 4.68671088e-02  3.09436196e+00 
 4.69071088e-02  3.09438941e+00 
 4.69471088e-02  3.09438636e+00 
 4.69871088e-02  3.09438670e+00 
 4.70271088e-02  3.09438666e+00 
 4.70671088e-02  3.09438667e+00 
 4.71071088e-02  3.09438667e+00 
 4.71471088e-02  3.09438667e+00 
 4.71871088e-02  3.09438667e+00 
 4.71999992e-02  3.09438667e+00 
 4.71999993e-02  3.09438667e+00 
 4.71999994e-02  3.09438667e+00 
 4.71999998e-02  3.09438667e+00 
 4.72000000e-02  3.09438667e+00 
 4.72000001e-02  3.09438667e+00 
 4.72000002e-02  3.09438667e+00 
 4.72000004e-02  3.09438667e+00 
 4.72000010e-02  3.09438667e+00 
 4.72000020e-02  3.09438667e+00 
 4.72000040e-02  3.09438667e+00 
 4.72000081e-02  3.09438667e+00 
 4.72000163e-02  3.09438667e+00 
 4.72000327e-02  3.09438667e+00 
 4.72000655e-02  3.09438667e+00 
 4.72001310e-02  3.09438667e+00 
 4.72002621e-02  3.09438667e+00 
 4.72005242e-02  3.09438667e+00 
 4.72010485e-02  3.09438667e+00 
 4.72020971e-02  3.09438667e+00 
 4.72041942e-02  3.09438667e+00 
 4.72083885e-02  3.09438667e+00 
 4.72167772e-02  3.09438667e+00 
 4.72335544e-02  3.09438667e+00 
 4.72671088e-02  3.09438667e+00 
 4.73071088e-02  3.09438667e+00 
 4.73471088e-02  3.09438667e+00 
 4.73871088e-02  3.09438667e+00 
 4.74271088e-02  3.09438667e+00 
 4.74671088e-02  3.09438667e+00 
 4.75071088e-02  3.09438667e+00 
 4.75471088e-02  3.09438667e+00 
 4.75871088e-02  3.09438667e+00 
 4.75999992e-02  3.09438667e+00 
 4.75999993e-02  3.09438667e+00 
 4.75999994e-02  3.09438667e+00 
 4.75999998e-02  3.09438667e+00 
 4.76000000e-02  3.09438659e+00 
 4.76000001e-02  3.09438655e+00 
 4.76000002e-02  3.09438646e+00 
 4.76000004e-02  3.09438630e+00 
 4.76000010e-02  3.09438597e+00 
 4.76000020e-02  3.09438530e+00 
 4.76000040e-02  3.09438397e+00 
 4.76000081e-02  3.09438131e+00 
 4.76000163e-02  3.09437600e+00 
 4.76000327e-02  3.09436538e+00 
 4.76000655e-02  3.09434417e+00 
 4.76001310e-02  3.09430188e+00 
 4.76002621e-02  3.09421782e+00 
 4.76005242e-02  3.09405176e+00 
 4.76010485e-02  3.09372766e+00 
 4.76020971e-02  3.09311030e+00 
 4.76041942e-02  3.09198951e+00 
 4.76083885e-02  3.09013756e+00 
 4.76167772e-02  3.08758760e+00 
 4.76335544e-02  3.08511890e+00 
 4.76671088e-02  3.08397236e+00 
 4.77071088e-02  3.08400187e+00 
 4.77471088e-02  3.08399859e+00 
 4.77871088e-02  3.08399895e+00 
 4.78271088e-02  3.08399891e+00 
 4.78671088e-02  3.08399892e+00 
 4.79071088e-02  3.08399892e+00 
 4.79471088e-02  3.08399892e+00 
 4.79871088e-02  3.08399892e+00 
 4.79999992e-02  3.08399892e+00 
 4.79999993e-02  3.08399892e+00 
 4.79999994e-02  3.08399892e+00 
 4.79999998e-02  3.08399892e+00 
 4.80000000e-02  3.08399892e+00 
 4.80000001e-02  3.08399892e+00 
 4.80000002e-02  3.08399892e+00 
 4.80000004e-02  3.08399892e+00 
 4.80000010e-02  3.08399892e+00 
 4.80000020e-02  3.08399892e+00 
 4.80000040e-02  3.08399892e+00 
 4.80000081e-02  3.08399892e+00 
 4.80000163e-02  3.08399892e+00 
 4.80000327e-02  3.08399892e+00 
 4.80000655e-02  3.08399892e+00 
 4.80001310e-02  3.08399892e+00 
 4.80002621e-02  3.08399892e+00 
 4.80005242e-02  3.08399892e+00 
 4.80010485e-02  3.08399892e+00 
 4.80020971e-02  3.08399892e+00 
 4.80041942e-02  3.08399892e+00 
 4.80083885e-02  3.08399892e+00 
 4.80167772e-02  3.08399892e+00 
 4.80335544e-02  3.08399892e+00 
 4.80671088e-02  3.08399892e+00 
 4.81071088e-02  3.08399892e+00 
 4.81471088e-02  3.08399892e+00 
 4.81871088e-02  3.08399892e+00 
 4.82271088e-02  3.08399892e+00 
 4.82671088e-02  3.08399892e+00 
 4.83071088e-02  3.08399892e+00 
 4.83471088e-02  3.08399892e+00 
 4.83871088e-02  3.08399892e+00 
 4.83999992e-02  3.08399892e+00 
 4.83999993e-02  3.08399892e+00 
 4.83999994e-02  3.08399892e+00 
 4.83999998e-02  3.08399892e+00 
 4.84000000e-02  3.08399883e+00 
 4.84000001e-02  3.08399879e+00 
 4.84000002e-02  3.08399870e+00 
 4.84000004e-02  3.08399852e+00 
 4.84000010e-02  3.08399817e+00 
 4.84000020e-02  3.08399745e+00 
 4.84000040e-02  3.08399603e+00 
 4.84000081e-02  3.08399318e+00 
 4.84000163e-02  3.08398747e+00 
 4.84000327e-02  3.08397608e+00 
 4.84000655e-02  3.08395333e+00 
 4.84001310e-02  3.08390796e+00 
 4.84002621e-02  3.08381778e+00 
 4.84005242e-02  3.08363963e+00 
 4.84010485e-02  3.08329193e+00 
 4.84020971e-02  3.08262963e+00 
 4.84041942e-02  3.08142723e+00 
 4.84083885e-02  3.07944045e+00 
 4.84167772e-02  3.07670483e+00 
 4.84335544e-02  3.07405639e+00 
 4.84671088e-02  3.07282637e+00 
 4.85071088e-02  3.07285803e+00 
 4.85471088e-02  3.07285451e+00 
 4.85871088e-02  3.07285490e+00 
 4.86271088e-02  3.07285486e+00 
 4.86671088e-02  3.07285486e+00 
 4.87071088e-02  3.07285486e+00 
 4.87471088e-02  3.07285486e+00 
 4.87871088e-02  3.07285486e+00 
 4.87999992e-02  3.07285486e+00 
 4.87999993e-02  3.07285486e+00 
 4.87999994e-02  3.07285486e+00 
 4.87999998e-02  3.07285486e+00 
 4.88000000e-02  3.07285486e+00 
 4.88000001e-02  3.07285486e+00 
 4.88000002e-02  3.07285486e+00 
 4.88000004e-02  3.07285486e+00 
 4.88000010e-02  3.07285486e+00 
 4.88000020e-02  3.07285486e+00 
 4.88000040e-02  3.07285486e+00 
 4.88000081e-02  3.07285486e+00 
 4.88000163e-02  3.07285486e+00 
 4.88000327e-02  3.07285486e+00 
 4.88000655e-02  3.07285486e+00 
 4.88001310e-02  3.07285486e+00 
 4.88002621e-02  3.07285486e+00 
 4.88005242e-02  3.07285486e+00 
 4.88010485e-02  3.07285486e+00 
 4.88020971e-02  3.07285486e+00 
 4.88041942e-02  3.07285486e+00 
 4.88083885e-02  3.07285486e+00 
 4.88167772e-02  3.07285486e+00 
 4.88335544e-02  3.07285486e+00 
 4.88671088e-02  3.07285486e+00 
 4.89071088e-02  3.07285486e+00 
 4.89471088e-02  3.07285486e+00 
 4.89871088e-02  3.07285486e+00 
 4.90271088e-02  3.07285486e+00 
 4.90671088e-02  3.07285486e+00 
 4.91071088e-02  3.07285486e+00 
 4.91471088e-02  3.07285486e+00 
 4.91871088e-02  3.07285486e+00 
 4.91999992e-02  3.07285486e+00 
 4.91999993e-02  3.07285486e+00 
 4.91999994e-02  3.07285486e+00 
 4.91999998e-02  3.07285486e+00 
 4.92000000e-02  3.07285477e+00 
 4.92000001e-02  3.07285473e+00 
 4.92000002e-02  3.07285463e+00 
 4.92000004e-02  3.07285444e+00 
 4.92000010e-02  3.07285406e+00 
 4.92000020e-02  3.07285329e+00 
 4.92000040e-02  3.07285177e+00 
 4.92000081e-02  3.07284871e+00 
 4.92000163e-02  3.07284261e+00 
 4.92000327e-02  3.07283041e+00 
 4.92000655e-02  3.07280605e+00 
 4.92001310e-02  3.07275747e+00 
 4.92002621e-02  3.07266091e+00 
 4.92005242e-02  3.07247014e+00 
 4.92010485e-02  3.07209784e+00 
 4.92020971e-02  3.07138867e+00 
 4.92041942e-02  3.07010118e+00 
 4.92083885e-02  3.06797379e+00 
 4.92167772e-02  3.06504457e+00 
 4.92335544e-02  3.06220871e+00 
 4.92671088e-02  3.06089164e+00 
 4.93071088e-02  3.06092554e+00 
 4.93471088e-02  3.06092177e+00 
 4.93871088e-02  3.06092219e+00 
 4.94271088e-02  3.06092214e+00 
 4.94671088e-02  3.06092215e+00 
 4.95071088e-02  3.06092215e+00 
 4.95471088e-02  3.06092215e+00 
 4.95871088e-02  3.06092215e+00 
 4.95999992e-02  3.06092215e+00 
 4.95999993e-02  3.06092215e+00 
 4.95999994e-02  3.06092215e+00 
 4.95999998e-02  3.06092215e+00 
 4.96000000e-02  3.06092215e+00 
 4.96000001e-02  3.06092215e+00 
 4.96000002e-02  3.06092215e+00 
 4.96000004e-02  3.06092215e+00 
 4.96000010e-02  3.06092215e+00 
 4.96000020e-02  3.06092215e+00 
 4.96000040e-02  3.06092215e+00 
 4.96000081e-02  3.06092215e+00 
 4.96000163e-02  3.06092215e+00 
 4.96000327e-02  3.06092215e+00 
 4.96000655e-02  3.06092215e+00 
 4.96001310e-02  3.06092215e+00 
 4.96002621e-02  3.06092215e+00 
 4.96005242e-02  3.06092215e+00 
 4.96010485e-02  3.06092215e+00 
 4.96020971e-02  3.06092215e+00 
 4.96041942e-02  3.06092215e+00 
 4.96083885e-02  3.06092215e+00 
 4.96167772e-02  3.06092215e+00 
 4.96335544e-02  3.06092215e+00 
 4.96671088e-02  3.06092215e+00 
 4.97071088e-02  3.06092215e+00 
 4.97471088e-02  3.06092215e+00 
 4.97871088e-02  3.06092215e+00 
 4.98271088e-02  3.06092215e+00 
 4.98671088e-02  3.06092215e+00 
 4.99071088e-02  3.06092215e+00 
 4.99471088e-02  3.06092215e+00 
 4.99871088e-02  3.06092215e+00 
 4.99999992e-02  3.06092215e+00 
 4.99999993e-02  3.06092215e+00 
 4.99999994e-02  3.06092215e+00 
 4.99999998e-02  3.06092215e+00 
 5.00000000e-02  3.06092205e+00 
 5.00000001e-02  3.06092200e+00 
 5.00000002e-02  3.06092190e+00 
 5.00000004e-02  3.06092170e+00 
 5.00000010e-02  3.06092129e+00 
 5.00000020e-02  3.06092047e+00 
 5.00000040e-02  3.06091884e+00 
 5.00000081e-02  3.06091557e+00 
 5.00000163e-02  3.06090905e+00 
 5.00000327e-02  3.06089601e+00 
 5.00000655e-02  3.06086997e+00 
 5.00001310e-02  3.06081805e+00 
 5.00002621e-02  3.06071484e+00 
 5.00005242e-02  3.06051093e+00 
 5.00010485e-02  3.06011299e+00 
 5.00020971e-02  3.05935498e+00 
 5.00041942e-02  3.05797882e+00 
 5.00083885e-02  3.05570492e+00 
 5.00167772e-02  3.05257398e+00 
 5.00335544e-02  3.04954281e+00 
 5.00671088e-02  3.04813504e+00 
 5.01071088e-02  3.04817127e+00 
 5.01471088e-02  3.04816725e+00 
 5.01871088e-02  3.04816769e+00 
 5.02271088e-02  3.04816764e+00 
 5.02671088e-02  3.04816765e+00 
 5.03071088e-02  3.04816765e+00 
 5.03471088e-02  3.04816765e+00 
 5.03871088e-02  3.04816765e+00 
 5.03999992e-02  3.04816765e+00 
 5.03999993e-02  3.04816765e+00 
 5.03999994e-02  3.04816765e+00 
 5.03999998e-02  3.04816765e+00 
 5.04000000e-02  3.04816765e+00 
 5.04000001e-02  3.04816765e+00 
 5.04000002e-02  3.04816765e+00 
 5.04000004e-02  3.04816765e+00 
 5.04000010e-02  3.04816765e+00 
 5.04000020e-02  3.04816765e+00 
 5.04000040e-02  3.04816765e+00 
 5.04000081e-02  3.04816765e+00 
 5.04000163e-02  3.04816765e+00 
 5.04000327e-02  3.04816765e+00 
 5.04000655e-02  3.04816765e+00 
 5.04001310e-02  3.04816765e+00 
 5.04002621e-02  3.04816765e+00 
 5.04005242e-02  3.04816765e+00 
 5.04010485e-02  3.04816765e+00 
 5.04020971e-02  3.04816765e+00 
 5.04041942e-02  3.04816765e+00 
 5.04083885e-02  3.04816765e+00 
 5.04167772e-02  3.04816765e+00 
 5.04335544e-02  3.04816765e+00 
 5.04671088e-02  3.04816765e+00 
 5.05071088e-02  3.04816765e+00 
 5.05471088e-02  3.04816765e+00 
 5.05871088e-02  3.04816765e+00 
 5.06271088e-02  3.04816765e+00 
 5.06671088e-02  3.04816765e+00 
 5.07071088e-02  3.04816765e+00 
 5.07471088e-02  3.04816765e+00 
 5.07871088e-02  3.04816765e+00 
 5.07999992e-02  3.04816765e+00 
 5.07999993e-02  3.04816765e+00 
 5.07999994e-02  3.04816765e+00 
 5.07999998e-02  3.04816765e+00 
 5.08000000e-02  3.04816755e+00 
 5.08000001e-02  3.04816749e+00 
 5.08000002e-02  3.04816738e+00 
 5.08000004e-02  3.04816716e+00 
 5.08000010e-02  3.04816673e+00 
 5.08000020e-02  3.04816586e+00 
 5.08000040e-02  3.04816412e+00 
 5.08000081e-02  3.04816063e+00 
 5.08000163e-02  3.04815367e+00 
 5.08000327e-02  3.04813976e+00 
 5.08000655e-02  3.04811197e+00 
 5.08001310e-02  3.04805656e+00 
 5.08002621e-02  3.04794643e+00 
 5.08005242e-02  3.04772885e+00 
 5.08010485e-02  3.04730422e+00 
 5.08020971e-02  3.04649536e+00 
 5.08041942e-02  3.04502690e+00 
 5.08083885e-02  3.04260049e+00 
 5.08167772e-02  3.03925955e+00 
 5.08335544e-02  3.03602507e+00 
 5.08671088e-02  3.03452288e+00 
 5.09071088e-02  3.03456154e+00 
 5.09471088e-02  3.03455724e+00 
 5.09871088e-02  3.03455772e+00 
 5.10271088e-02  3.03455767e+00 
 5.10671088e-02  3.03455767e+00 
 5.11071088e-02  3.03455767e+00 
 5.11471088e-02  3.03455767e+00 
 5.11871088e-02  3.03455767e+00 
 5.11999992e-02  3.03455767e+00 
 5.11999993e-02  3.03455767e+00 
 5.11999994e-02  3.03455767e+00 
 5.11999998e-02  3.03455767e+00 
 5.12000000e-02  3.03455767e+00 
 5.12000001e-02  3.03455767e+00 
 5.12000002e-02  3.03455767e+00 
 5.12000004e-02  3.03455767e+00 
 5.12000010e-02  3.03455767e+00 
 5.12000020e-02  3.03455767e+00 
 5.12000040e-02  3.03455767e+00 
 5.12000081e-02  3.03455767e+00 
 5.12000163e-02  3.03455767e+00 
 5.12000327e-02  3.03455767e+00 
 5.12000655e-02  3.03455767e+00 
 5.12001310e-02  3.03455767e+00 
 5.12002621e-02  3.03455767e+00 
 5.12005242e-02  3.03455767e+00 
 5.12010485e-02  3.03455767e+00 
 5.12020971e-02  3.03455767e+00 
 5.12041942e-02  3.03455767e+00 
 5.12083885e-02  3.03455767e+00 
 5.12167772e-02  3.03455767e+00 
 5.12335544e-02  3.03455767e+00 
 5.12671088e-02  3.03455767e+00 
 5.13071088e-02  3.03455767e+00 
 5.13471088e-02  3.03455767e+00 
 5.13871088e-02  3.03455767e+00 
 5.14271088e-02  3.03455767e+00 
 5.14671088e-02  3.03455767e+00 
 5.15071088e-02  3.03455767e+00 
 5.15471088e-02  3.03455767e+00 
 5.15871088e-02  3.03455767e+00 
 5.15999992e-02  3.03455767e+00 
 5.15999993e-02  3.03455767e+00 
 5.15999994e-02  3.03455767e+00 
 5.15999998e-02  3.03455767e+00 
 5.16000000e-02  3.03455756e+00 
 5.16000001e-02  3.03455751e+00 
 5.16000002e-02  3.03455739e+00 
 5.16000004e-02  3.03455716e+00 
 5.16000010e-02  3.03455669e+00 
 5.16000020e-02  3.03455577e+00 
 5.16000040e-02  3.03455391e+00 
 5.16000081e-02  3.03455020e+00 
 5.16000163e-02  3.03454278e+00 
 5.16000327e-02  3.03452796e+00 
 5.16000655e-02  3.03449835e+00 
 5.16001310e-02  3.03443933e+00 
 5.16002621e-02  3.03432200e+00 
 5.16005242e-02  3.03409020e+00 
 5.16010485e-02  3.03363781e+00 
 5.16020971e-02  3.03277609e+00 
 5.16041942e-02  3.03121166e+00 
 5.16083885e-02  3.02862667e+00 
 5.16167772e-02  3.02506737e+00 
 5.16335544e-02  3.02162151e+00 
 5.16671088e-02  3.02002114e+00 
 5.17071088e-02  3.02006232e+00 
 5.17471088e-02  3.02005775e+00 
 5.17871088e-02  3.02005826e+00 
 5.18271088e-02  3.02005820e+00 
 5.18671088e-02  3.02005821e+00 
 5.19071088e-02  3.02005820e+00 
 5.19471088e-02  3.02005821e+00 
 5.19871088e-02  3.02005821e+00 
 5.19999992e-02  3.02005821e+00 
 5.19999993e-02  3.02005821e+00 
 5.19999994e-02  3.02005821e+00 
 5.19999998e-02  3.02005821e+00 
 5.20000000e-02  3.02005821e+00 
 5.20000001e-02  3.02005821e+00 
 5.20000002e-02  3.02005821e+00 
 5.20000004e-02  3.02005821e+00 
 5.20000010e-02  3.02005821e+00 
 5.20000020e-02  3.02005821e+00 
 5.20000040e-02  3.02005821e+00 
 5.20000081e-02  3.02005821e+00 
 5.20000163e-02  3.02005821e+00 
 5.20000327e-02  3.02005821e+00 
 5.20000655e-02  3.02005821e+00 
 5.20001310e-02  3.02005821e+00 
 5.20002621e-02  3.02005821e+00 
 5.20005242e-02  3.02005821e+00 
 5.20010485e-02  3.02005821e+00 
 5.20020971e-02  3.02005821e+00 
 5.20041942e-02  3.02005821e+00 
 5.20083885e-02  3.02005821e+00 
 5.20167772e-02  3.02005821e+00 
 5.20335544e-02  3.02005821e+00 
 5.20671088e-02  3.02005821e+00 
 5.21071088e-02  3.02005821e+00 
 5.21471088e-02  3.02005821e+00 
 5.21871088e-02  3.02005821e+00 
 5.22271088e-02  3.02005821e+00 
 5.22671088e-02  3.02005821e+00 
 5.23071088e-02  3.02005821e+00 
 5.23471088e-02  3.02005821e+00 
 5.23871088e-02  3.02005821e+00 
 5.23999992e-02  3.02005821e+00 
 5.23999993e-02  3.02005821e+00 
 5.23999994e-02  3.02005821e+00 
 5.23999998e-02  3.02005821e+00 
 5.24000000e-02  3.02005809e+00 
 5.24000001e-02  3.02005803e+00 
 5.24000002e-02  3.02005790e+00 
 5.24000004e-02  3.02005766e+00 
 5.24000010e-02  3.02005716e+00 
 5.24000020e-02  3.02005618e+00 
 5.24000040e-02  3.02005420e+00 
 5.24000081e-02  3.02005026e+00 
 5.24000163e-02  3.02004237e+00 
 5.24000327e-02  3.02002660e+00 
 5.24000655e-02  3.01999511e+00 
 5.24001310e-02  3.01993232e+00 
 5.24002621e-02  3.01980752e+00 
 5.24005242e-02  3.01956096e+00 
 5.24010485e-02  3.01907975e+00 
 5.24020971e-02  3.01816315e+00 
 5.24041942e-02  3.01649907e+00 
 5.24083885e-02  3.01374942e+00 
 5.24167772e-02  3.00996341e+00 
 5.24335544e-02  3.00629805e+00 
 5.24671088e-02  3.00459574e+00 
 5.25071088e-02  3.00463956e+00 
 5.25471088e-02  3.00463469e+00 
 5.25871088e-02  3.00463523e+00 
 5.26271088e-02  3.00463517e+00 
 5.26671088e-02  3.00463518e+00 
 5.27071088e-02  3.00463517e+00 
 5.27471088e-02  3.00463517e+00 
 5.27871088e-02  3.00463517e+00 
 5.27999992e-02  3.00463517e+00 
 5.27999993e-02  3.00463517e+00 
 5.27999994e-02  3.00463517e+00 
 5.27999998e-02  3.00463517e+00 
 5.28000000e-02  3.00463517e+00 
 5.28000001e-02  3.00463517e+00 
 5.28000002e-02  3.00463517e+00 
 5.28000004e-02  3.00463517e+00 
 5.28000010e-02  3.00463517e+00 
 5.28000020e-02  3.00463517e+00 
 5.28000040e-02  3.00463517e+00 
 5.28000081e-02  3.00463517e+00 
 5.28000163e-02  3.00463517e+00 
 5.28000327e-02  3.00463517e+00 
 5.28000655e-02  3.00463517e+00 
 5.28001310e-02  3.00463517e+00 
 5.28002621e-02  3.00463517e+00 
 5.28005242e-02  3.00463517e+00 
 5.28010485e-02  3.00463517e+00 
 5.28020971e-02  3.00463517e+00 
 5.28041942e-02  3.00463517e+00 
 5.28083885e-02  3.00463517e+00 
 5.28167772e-02  3.00463517e+00 
 5.28335544e-02  3.00463517e+00 
 5.28671088e-02  3.00463517e+00 
 5.29071088e-02  3.00463517e+00 
 5.29471088e-02  3.00463517e+00 
 5.29871088e-02  3.00463517e+00 
 5.30271088e-02  3.00463517e+00 
 5.30671088e-02  3.00463517e+00 
 5.31071088e-02  3.00463517e+00 
 5.31471088e-02  3.00463517e+00 
 5.31871088e-02  3.00463517e+00 
 5.31999992e-02  3.00463517e+00 
 5.31999993e-02  3.00463517e+00 
 5.31999994e-02  3.00463517e+00 
 5.31999998e-02  3.00463517e+00 
 5.32000000e-02  3.00463505e+00 
 5.32000001e-02  3.00463499e+00 
 5.32000002e-02  3.00463486e+00 
 5.32000004e-02  3.00463459e+00 
 5.32000010e-02  3.00463407e+00 
 5.32000020e-02  3.00463302e+00 
 5.32000040e-02  3.00463092e+00 
 5.32000081e-02  3.00462673e+00 
 5.32000163e-02  3.00461835e+00 
 5.32000327e-02  3.00460160e+00 
 5.32000655e-02  3.00456816e+00 
 5.32001310e-02  3.00450148e+00 
 5.32002621e-02  3.00436893e+00 
 5.32005242e-02  3.00410706e+00 
 5.32010485e-02  3.00359598e+00 
 5.32020971e-02  3.00262248e+00 
 5.32041942e-02  3.00085510e+00 
 5.32083885e-02  2.99793476e+00 
 5.32167772e-02  2.99391374e+00 
 5.32335544e-02  2.99002085e+00 
 5.32671088e-02  2.98821287e+00 
 5.33071088e-02  2.98825940e+00 
 5.33471088e-02  2.98825423e+00 
 5.33871088e-02  2.98825480e+00 
 5.34271088e-02  2.98825474e+00 
 5.34671088e-02  2.98825475e+00 
 5.35071088e-02  2.98825474e+00 
 5.35471088e-02  2.98825474e+00 
 5.35871088e-02  2.98825474e+00 
 5.35999992e-02  2.98825474e+00 
 5.35999993e-02  2.98825474e+00 
 5.35999994e-02  2.98825474e+00 
 5.35999998e-02  2.98825474e+00 
 5.36000000e-02  2.98825474e+00 
 5.36000001e-02  2.98825474e+00 
 5.36000002e-02  2.98825474e+00 
 5.36000004e-02  2.98825474e+00 
 5.36000010e-02  2.98825474e+00 
 5.36000020e-02  2.98825474e+00 
 5.36000040e-02  2.98825474e+00 
 5.36000081e-02  2.98825474e+00 
 5.36000163e-02  2.98825474e+00 
 5.36000327e-02  2.98825474e+00 
 5.36000655e-02  2.98825474e+00 
 5.36001310e-02  2.98825474e+00 
 5.36002621e-02  2.98825474e+00 
 5.36005242e-02  2.98825474e+00 
 5.36010485e-02  2.98825474e+00 
 5.36020971e-02  2.98825474e+00 
 5.36041942e-02  2.98825474e+00 
 5.36083885e-02  2.98825474e+00 
 5.36167772e-02  2.98825474e+00 
 5.36335544e-02  2.98825474e+00 
 5.36671088e-02  2.98825474e+00 
 5.37071088e-02  2.98825474e+00 
 5.37471088e-02  2.98825474e+00 
 5.37871088e-02  2.98825474e+00 
 5.38271088e-02  2.98825474e+00 
 5.38671088e-02  2.98825474e+00 
 5.39071088e-02  2.98825474e+00 
 5.39471088e-02  2.98825474e+00 
 5.39871088e-02  2.98825474e+00 
 5.39999992e-02  2.98825474e+00 
 5.39999993e-02  2.98825474e+00 
 5.39999994e-02  2.98825474e+00 
 5.39999998e-02  2.98825474e+00 
 5.40000000e-02  2.98825461e+00 
 5.40000001e-02  2.98825454e+00 
 5.40000002e-02  2.98825441e+00 
 5.40000004e-02  2.98825413e+00 
 5.40000010e-02  2.98825357e+00 
 5.40000020e-02  2.98825246e+00 
 5.40000040e-02  2.98825024e+00 
 5.40000081e-02  2.98824579e+00 
 5.40000163e-02  2.98823690e+00 
 5.40000327e-02  2.98821914e+00 
 5.40000655e-02  2.98818368e+00 
 5.40001310e-02  2.98811296e+00 
 5.40002621e-02  2.98797239e+00 
 5.40005242e-02  2.98769469e+00 
 5.40010485e-02  2.98715270e+00 
 5.40020971e-02  2.98612032e+00 
 5.40041942e-02  2.98424605e+00 
 5.40083885e-02  2.98114910e+00 
 5.40167772e-02  2.97688489e+00 
 5.40335544e-02  2.97275656e+00 
 5.40671088e-02  2.97083923e+00 
 5.41071088e-02  2.97088858e+00 
 5.41471088e-02  2.97088310e+00 
 5.41871088e-02  2.97088371e+00 
 5.42271088e-02  2.97088364e+00 
 5.42671088e-02  2.97088365e+00 
 5.43071088e-02  2.97088365e+00 
 5.43471088e-02  2.97088365e+00 
 5.43871088e-02  2.97088365e+00 
 5.43999992e-02  2.97088365e+00 
 5.43999993e-02  2.97088365e+00 
 5.43999994e-02  2.97088365e+00 
 5.43999998e-02  2.97088365e+00 
 5.44000000e-02  2.97088365e+00 
 5.44000001e-02  2.97088365e+00 
 5.44000002e-02  2.97088365e+00 
 5.44000004e-02  2.97088365e+00 
 5.44000010e-02  2.97088365e+00 
 5.44000020e-02  2.97088365e+00 
 5.44000040e-02  2.97088365e+00 
 5.44000081e-02  2.97088365e+00 
 5.44000163e-02  2.97088365e+00 
 5.44000327e-02  2.97088365e+00 
 5.44000655e-02  2.97088365e+00 
 5.44001310e-02  2.97088365e+00 
 5.44002621e-02  2.97088365e+00 
 5.44005242e-02  2.97088365e+00 
 5.44010485e-02  2.97088365e+00 
 5.44020971e-02  2.97088365e+00 
 5.44041942e-02  2.97088365e+00 
 5.44083885e-02  2.97088365e+00 
 5.44167772e-02  2.97088365e+00 
 5.44335544e-02  2.97088365e+00 
 5.44671088e-02  2.97088365e+00 
 5.45071088e-02  2.97088365e+00 
 5.45471088e-02  2.97088365e+00 
 5.45871088e-02  2.97088365e+00 
 5.46271088e-02  2.97088365e+00 
 5.46671088e-02  2.97088365e+00 
 5.47071088e-02  2.97088365e+00 
 5.47471088e-02  2.97088365e+00 
 5.47871088e-02  2.97088365e+00 
 5.47999992e-02  2.97088365e+00 
 5.47999993e-02  2.97088365e+00 
 5.47999994e-02  2.97088365e+00 
 5.47999998e-02  2.97088365e+00 
 5.48000000e-02  2.97088351e+00 
 5.48000001e-02  2.97088343e+00 
 5.48000002e-02  2.97088329e+00 
 5.48000004e-02  2.97088299e+00 
 5.48000010e-02  2.97088240e+00 
 5.48000020e-02  2.97088123e+00 
 5.48000040e-02  2.97087887e+00 
 5.48000081e-02  2.97087417e+00 
 5.48000163e-02  2.97086476e+00 
 5.48000327e-02  2.97084595e+00 
 5.48000655e-02  2.97080839e+00 
 5.48001310e-02  2.97073351e+00 
 5.48002621e-02  2.97058467e+00 
 5.48005242e-02  2.97029061e+00 
 5.48010485e-02  2.96971670e+00 
 5.48020971e-02  2.96862353e+00 
 5.48041942e-02  2.96663888e+00 
 5.48083885e-02  2.96335955e+00 
 5.48167772e-02  2.95884421e+00 
 5.48335544e-02  2.95447276e+00 
 5.48671088e-02  2.95244252e+00 
 5.49071088e-02  2.95249477e+00 
 5.49471088e-02  2.95248897e+00 
 5.49871088e-02  2.95248961e+00 
 5.50271088e-02  2.95248954e+00 
 5.50671088e-02  2.95248955e+00 
 5.51071088e-02  2.95248955e+00 
 5.51471088e-02  2.95248955e+00 
 5.51871088e-02  2.95248955e+00 
 5.51999992e-02  2.95248955e+00 
 5.51999993e-02  2.95248955e+00 
 5.51999994e-02  2.95248955e+00 
 5.51999998e-02  2.95248955e+00 
 5.52000000e-02  2.95248955e+00 
 5.52000001e-02  2.95248955e+00 
 5.52000002e-02  2.95248955e+00 
 5.52000004e-02  2.95248955e+00 
 5.52000010e-02  2.95248955e+00 
 5.52000020e-02  2.95248955e+00 
 5.52000040e-02  2.95248955e+00 
 5.52000081e-02  2.95248955e+00 
 5.52000163e-02  2.95248955e+00 
 5.52000327e-02  2.95248955e+00 
 5.52000655e-02  2.95248955e+00 
 5.52001310e-02  2.95248955e+00 
 5.52002621e-02  2.95248955e+00 
 5.52005242e-02  2.95248955e+00 
 5.52010485e-02  2.95248955e+00 
 5.52020971e-02  2.95248955e+00 
 5.52041942e-02  2.95248955e+00 
 5.52083885e-02  2.95248955e+00 
 5.52167772e-02  2.95248955e+00 
 5.52335544e-02  2.95248955e+00 
 5.52671088e-02  2.95248955e+00 
 5.53071088e-02  2.95248955e+00 
 5.53471088e-02  2.95248955e+00 
 5.53871088e-02  2.95248955e+00 
 5.54271088e-02  2.95248955e+00 
 5.54671088e-02  2.95248955e+00 
 5.55071088e-02  2.95248955e+00 
 5.55471088e-02  2.95248955e+00 
 5.55871088e-02  2.95248955e+00 
 5.55999992e-02  2.95248955e+00 
 5.55999993e-02  2.95248955e+00 
 5.55999994e-02  2.95248955e+00 
 5.55999998e-02  2.95248955e+00 
 5.56000000e-02  2.95248940e+00 
 5.56000001e-02  2.95248933e+00 
 5.56000002e-02  2.95248917e+00 
 5.56000004e-02  2.95248886e+00 
 5.56000010e-02  2.95248824e+00 
 5.56000020e-02  2.95248699e+00 
 5.56000040e-02  2.95248450e+00 
 5.56000081e-02  2.95247953e+00 
 5.56000163e-02  2.95246958e+00 
 5.56000327e-02  2.95244969e+00 
 5.56000655e-02  2.95240999e+00 
 5.56001310e-02  2.95233081e+00 
 5.56002621e-02  2.95217344e+00 
 5.56005242e-02  2.95186253e+00 
 5.56010485e-02  2.95125574e+00 
 5.56020971e-02  2.95009993e+00 
 5.56041942e-02  2.94800156e+00 
 5.56083885e-02  2.94453433e+00 
 5.56167772e-02  2.93976026e+00 
 5.56335544e-02  2.93513833e+00 
 5.56671088e-02  2.93299176e+00 
 5.57071088e-02  2.93304701e+00 
 5.57471088e-02  2.93304087e+00 
 5.57871088e-02  2.93304155e+00 
 5.58271088e-02  2.93304148e+00 
 5.58671088e-02  2.93304149e+00 
 5.59071088e-02  2.93304149e+00 
 5.59471088e-02  2.93304149e+00 
 5.59871088e-02  2.93304149e+00 
 5.59999992e-02  2.93304149e+00 
 5.59999993e-02  2.93304149e+00 
 5.59999994e-02  2.93304149e+00 
 5.59999998e-02  2.93304149e+00 
 5.60000000e-02  2.93304149e+00 
 5.60000001e-02  2.93304149e+00 
 5.60000002e-02  2.93304149e+00 
 5.60000004e-02  2.93304149e+00 
 5.60000010e-02  2.93304149e+00 
 5.60000020e-02  2.93304149e+00 
 5.60000040e-02  2.93304149e+00 
 5.60000081e-02  2.93304149e+00 
 5.60000163e-02  2.93304149e+00 
 5.60000327e-02  2.93304149e+00 
 5.60000655e-02  2.93304149e+00 
 5.60001310e-02  2.93304149e+00 
 5.60002621e-02  2.93304149e+00 
 5.60005242e-02  2.93304149e+00 
 5.60010485e-02  2.93304149e+00 
 5.60020971e-02  2.93304149e+00 
 5.60041942e-02  2.93304149e+00 
 5.60083885e-02  2.93304149e+00 
 5.60167772e-02  2.93304149e+00 
 5.60335544e-02  2.93304149e+00 
 5.60671088e-02  2.93304149e+00 
 5.61071088e-02  2.93304149e+00 
 5.61471088e-02  2.93304149e+00 
 5.61871088e-02  2.93304149e+00 
 5.62271088e-02  2.93304149e+00 
 5.62671088e-02  2.93304149e+00 
 5.63071088e-02  2.93304149e+00 
 5.63471088e-02  2.93304149e+00 
 5.63871088e-02  2.93304149e+00 
 5.63999992e-02  2.93304149e+00 
 5.63999993e-02  2.93304149e+00 
 5.63999994e-02  2.93304149e+00 
 5.63999998e-02  2.93304149e+00 
 5.64000000e-02  2.93304133e+00 
 5.64000001e-02  2.93304125e+00 
 5.64000002e-02  2.93304108e+00 
 5.64000004e-02  2.93304076e+00 
 5.64000010e-02  2.93304010e+00 
 5.64000020e-02  2.93303879e+00 
 5.64000040e-02  2.93303616e+00 
 5.64000081e-02  2.93303090e+00 
 5.64000163e-02  2.93302040e+00 
 5.64000327e-02  2.93299941e+00 
 5.64000655e-02  2.93295749e+00 
 5.64001310e-02  2.93287391e+00 
 5.64002621e-02  2.93270777e+00 
 5.64005242e-02  2.93237955e+00 
 5.64010485e-02  2.93173897e+00 
 5.64020971e-02  2.93051878e+00 
 5.64041942e-02  2.92830355e+00 
 5.64083885e-02  2.92464322e+00 
 5.64167772e-02  2.91960327e+00 
 5.64335544e-02  2.91472394e+00 
 5.64671088e-02  2.91245782e+00 
 5.65071088e-02  2.91251615e+00 
 5.65471088e-02  2.91250967e+00 
 5.65871088e-02  2.91251039e+00 
 5.66271088e-02  2.91251031e+00 
 5.66671088e-02  2.91251031e+00 
 5.67071088e-02  2.91251031e+00 
 5.67471088e-02  2.91251031e+00 
 5.67871088e-02  2.91251031e+00 
 5.67999992e-02  2.91251031e+00 
 5.67999993e-02  2.91251031e+00 
 5.67999994e-02  2.91251031e+00 
 5.67999998e-02  2.91251031e+00 
 5.68000000e-02  2.91251031e+00 
 5.68000001e-02  2.91251031e+00 
 5.68000002e-02  2.91251031e+00 
 5.68000004e-02  2.91251031e+00 
 5.68000010e-02  2.91251031e+00 
 5.68000020e-02  2.91251031e+00 
 5.68000040e-02  2.91251031e+00 
 5.68000081e-02  2.91251031e+00 
 5.68000163e-02  2.91251031e+00 
 5.68000327e-02  2.91251031e+00 
 5.68000655e-02  2.91251031e+00 
 5.68001310e-02  2.91251031e+00 
 5.68002621e-02  2.91251031e+00 
 5.68005242e-02  2.91251031e+00 
 5.68010485e-02  2.91251031e+00 
 5.68020971e-02  2.91251031e+00 
 5.68041942e-02  2.91251031e+00 
 5.68083885e-02  2.91251031e+00 
 5.68167772e-02  2.91251031e+00 
 5.68335544e-02  2.91251031e+00 
 5.68671088e-02  2.91251031e+00 
 5.69071088e-02  2.91251031e+00 
 5.69471088e-02  2.91251031e+00 
 5.69871088e-02  2.91251031e+00 
 5.70271088e-02  2.91251031e+00 
 5.70671088e-02  2.91251031e+00 
 5.71071088e-02  2.91251031e+00 
 5.71471088e-02  2.91251031e+00 
 5.71871088e-02  2.91251031e+00 
 5.71999992e-02  2.91251031e+00 
 5.71999993e-02  2.91251031e+00 
 5.71999994e-02  2.91251031e+00 
 5.71999998e-02  2.91251031e+00 
 5.72000000e-02  2.91251015e+00 
 5.72000001e-02  2.91251007e+00 
 5.72000002e-02  2.91250989e+00 
 5.72000004e-02  2.91250955e+00 
 5.72000010e-02  2.91250885e+00 
 5.72000020e-02  2.91250747e+00 
 5.72000040e-02  2.91250470e+00 
 5.72000081e-02  2.91249916e+00 
 5.72000163e-02  2.91248809e+00 
 5.72000327e-02  2.91246596e+00 
 5.72000655e-02  2.91242178e+00 
 5.72001310e-02  2.91233368e+00 
 5.72002621e-02  2.91215856e+00 
 5.72005242e-02  2.91181259e+00 
 5.72010485e-02  2.91113738e+00 
 5.72020971e-02  2.90985123e+00 
 5.72041942e-02  2.90751625e+00 
 5.72083885e-02  2.90365804e+00 
 5.72167772e-02  2.89834564e+00 
 5.72335544e-02  2.89320254e+00 
 5.72671088e-02  2.89081392e+00 
 5.73071088e-02  2.89087539e+00 
 5.73471088e-02  2.89086856e+00 
 5.73871088e-02  2.89086932e+00 
 5.74271088e-02  2.89086924e+00 
 5.74671088e-02  2.89086925e+00 
 5.75071088e-02  2.89086925e+00 
 5.75471088e-02  2.89086925e+00 
 5.75871088e-02  2.89086925e+00 
 5.75999992e-02  2.89086925e+00 
 5.75999993e-02  2.89086925e+00 
 5.75999994e-02  2.89086925e+00 
 5.75999998e-02  2.89086925e+00 
 5.76000000e-02  2.89086925e+00 
 5.76000001e-02  2.89086925e+00 
 5.76000002e-02  2.89086925e+00 
 5.76000004e-02  2.89086925e+00 
 5.76000010e-02  2.89086925e+00 
 5.76000020e-02  2.89086925e+00 
 5.76000040e-02  2.89086925e+00 
 5.76000081e-02  2.89086925e+00 
 5.76000163e-02  2.89086925e+00 
 5.76000327e-02  2.89086925e+00 
 5.76000655e-02  2.89086925e+00 
 5.76001310e-02  2.89086925e+00 
 5.76002621e-02  2.89086925e+00 
 5.76005242e-02  2.89086925e+00 
 5.76010485e-02  2.89086925e+00 
 5.76020971e-02  2.89086925e+00 
 5.76041942e-02  2.89086925e+00 
 5.76083885e-02  2.89086925e+00 
 5.76167772e-02  2.89086925e+00 
 5.76335544e-02  2.89086925e+00 
 5.76671088e-02  2.89086925e+00 
 5.77071088e-02  2.89086925e+00 
 5.77471088e-02  2.89086925e+00 
 5.77871088e-02  2.89086925e+00 
 5.78271088e-02  2.89086925e+00 
 5.78671088e-02  2.89086925e+00 
 5.79071088e-02  2.89086925e+00 
 5.79471088e-02  2.89086925e+00 
 5.79871088e-02  2.89086925e+00 
 5.79999992e-02  2.89086925e+00 
 5.79999993e-02  2.89086925e+00 
 5.79999994e-02  2.89086925e+00 
 5.79999998e-02  2.89086925e+00 
 5.80000000e-02  2.89086908e+00 
 5.80000001e-02  2.89086899e+00 
 5.80000002e-02  2.89086880e+00 
 5.80000004e-02  2.89086844e+00 
 5.80000010e-02  2.89086771e+00 
 5.80000020e-02  2.89086625e+00 
 5.80000040e-02  2.89086334e+00 
 5.80000081e-02  2.89085751e+00 
 5.80000163e-02  2.89084586e+00 
 5.80000327e-02  2.89082257e+00 
 5.80000655e-02  2.89077607e+00 
 5.80001310e-02  2.89068336e+00 
 5.80002621e-02  2.89049907e+00 
 5.80005242e-02  2.89013497e+00 
 5.80010485e-02  2.88942439e+00 
 5.80020971e-02  2.88807086e+00 
 5.80041942e-02  2.88561355e+00 
 5.80083885e-02  2.88155322e+00 
 5.80167772e-02  2.87596251e+00 
 5.80335544e-02  2.87054997e+00 
 5.80671088e-02  2.86803621e+00 
 5.81071088e-02  2.86810091e+00 
 5.81471088e-02  2.86809372e+00 
 5.81871088e-02  2.86809452e+00 
 5.82271088e-02  2.86809443e+00 
 5.82671088e-02  2.86809444e+00 
 5.83071088e-02  2.86809444e+00 
 5.83471088e-02  2.86809444e+00 
 5.83871088e-02  2.86809444e+00 
 5.83999992e-02  2.86809444e+00 
 5.83999993e-02  2.86809444e+00 
 5.83999994e-02  2.86809444e+00 
 5.83999998e-02  2.86809444e+00 
 5.84000000e-02  2.86809444e+00 
 5.84000001e-02  2.86809444e+00 
 5.84000002e-02  2.86809444e+00 
 5.84000004e-02  2.86809444e+00 
 5.84000010e-02  2.86809444e+00 
 5.84000020e-02  2.86809444e+00 
 5.84000040e-02  2.86809444e+00 
 5.84000081e-02  2.86809444e+00 
 5.84000163e-02  2.86809444e+00 
 5.84000327e-02  2.86809444e+00 
 5.84000655e-02  2.86809444e+00 
 5.84001310e-02  2.86809444e+00 
 5.84002621e-02  2.86809444e+00 
 5.84005242e-02  2.86809444e+00 
 5.84010485e-02  2.86809444e+00 
 5.84020971e-02  2.86809444e+00 
 5.84041942e-02  2.86809444e+00 
 5.84083885e-02  2.86809444e+00 
 5.84167772e-02  2.86809444e+00 
 5.84335544e-02  2.86809444e+00 
 5.84671088e-02  2.86809444e+00 
 5.85071088e-02  2.86809444e+00 
 5.85471088e-02  2.86809444e+00 
 5.85871088e-02  2.86809444e+00 
 5.86271088e-02  2.86809444e+00 
 5.86671088e-02  2.86809444e+00 
 5.87071088e-02  2.86809444e+00 
 5.87471088e-02  2.86809444e+00 
 5.87871088e-02  2.86809444e+00 
 5.87999992e-02  2.86809444e+00 
 5.87999993e-02  2.86809444e+00 
 5.87999994e-02  2.86809444e+00 
 5.87999998e-02  2.86809444e+00 
 5.88000000e-02  2.86809426e+00 
 5.88000001e-02  2.86809416e+00 
 5.88000002e-02  2.86809397e+00 
 5.88000004e-02  2.86809359e+00 
 5.88000010e-02  2.86809282e+00 
 5.88000020e-02  2.86809129e+00 
 5.88000040e-02  2.86808823e+00 
 5.88000081e-02  2.86808210e+00 
 5.88000163e-02  2.86806986e+00 
 5.88000327e-02  2.86804540e+00 
 5.88000655e-02  2.86799654e+00 
 5.88001310e-02  2.86789913e+00 
 5.88002621e-02  2.86770550e+00 
 5.88005242e-02  2.86732295e+00 
 5.88010485e-02  2.86657637e+00 
 5.88020971e-02  2.86515426e+00 
 5.88041942e-02  2.86257243e+00 
 5.88083885e-02  2.85830636e+00 
 5.88167772e-02  2.85243237e+00 
 5.88335544e-02  2.84674557e+00 
 5.88671088e-02  2.84410444e+00 
 5.89071088e-02  2.84417242e+00 
 5.89471088e-02  2.84416486e+00 
 5.89871088e-02  2.84416570e+00 
 5.90271088e-02  2.84416561e+00 
 5.90671088e-02  2.84416562e+00 
 5.91071088e-02  2.84416562e+00 
 5.91471088e-02  2.84416562e+00 
 5.91871088e-02  2.84416562e+00 
 5.91999992e-02  2.84416562e+00 
 5.91999993e-02  2.84416562e+00 
 5.91999994e-02  2.84416562e+00 
 5.91999998e-02  2.84416562e+00 
 5.92000000e-02  2.84416562e+00 
 5.92000001e-02  2.84416562e+00 
 5.92000002e-02  2.84416562e+00 
 5.92000004e-02  2.84416562e+00 
 5.92000010e-02  2.84416562e+00 
 5.92000020e-02  2.84416562e+00 
 5.92000040e-02  2.84416562e+00 
 5.92000081e-02  2.84416562e+00 
 5.92000163e-02  2.84416562e+00 
 5.92000327e-02  2.84416562e+00 
 5.92000655e-02  2.84416562e+00 
 5.92001310e-02  2.84416562e+00 
 5.92002621e-02  2.84416562e+00 
 5.92005242e-02  2.84416562e+00 
 5.92010485e-02  2.84416562e+00 
 5.92020971e-02  2.84416562e+00 
 5.92041942e-02  2.84416562e+00 
 5.92083885e-02  2.84416562e+00 
 5.92167772e-02  2.84416562e+00 
 5.92335544e-02  2.84416562e+00 
 5.92671088e-02  2.84416562e+00 
 5.93071088e-02  2.84416562e+00 
 5.93471088e-02  2.84416562e+00 
 5.93871088e-02  2.84416562e+00 
 5.94271088e-02  2.84416562e+00 
 5.94671088e-02  2.84416562e+00 
 5.95071088e-02  2.84416562e+00 
 5.95471088e-02  2.84416562e+00 
 5.95871088e-02  2.84416562e+00 
 5.95999992e-02  2.84416562e+00 
 5.95999993e-02  2.84416562e+00 
 5.95999994e-02  2.84416562e+00 
 5.95999998e-02  2.84416562e+00 
 5.96000000e-02  2.84416543e+00 
 5.96000001e-02  2.84416533e+00 
 5.96000002e-02  2.84416513e+00 
 5.96000004e-02  2.84416473e+00 
 5.96000010e-02  2.84416393e+00 
 5.96000020e-02  2.84416232e+00 
 5.96000040e-02  2.84415911e+00 
 5.96000081e-02  2.84415268e+00 
 5.96000163e-02  2.84413984e+00 
 5.96000327e-02  2.84411418e+00 
 5.96000655e-02  2.84406294e+00 
 5.96001310e-02  2.84396076e+00 
 5.96002621e-02  2.84375766e+00 
 5.96005242e-02  2.84335642e+00 
 5.96010485e-02  2.84257333e+00 
 5.96020971e-02  2.84108168e+00 
 5.96041942e-02  2.83837363e+00 
 5.96083885e-02  2.83389897e+00 
 5.96167772e-02  2.82773777e+00 
 5.96335544e-02  2.82177292e+00 
 5.96671088e-02  2.81900266e+00 
 5.97071088e-02  2.81907396e+00 
 5.97471088e-02  2.81906603e+00 
 5.97871088e-02  2.81906691e+00 
 5.98271088e-02  2.81906682e+00 
 5.98671088e-02  2.81906683e+00 
 5.99071088e-02  2.81906683e+00 
 5.99471088e-02  2.81906683e+00 
 5.99871088e-02  2.81906683e+00 
 5.99999992e-02  2.81906683e+00 
 5.99999993e-02  2.81906683e+00 
 5.99999994e-02  2.81906683e+00 
 5.99999998e-02  2.81906683e+00 
 6.00000000e-02  2.81906683e+00 
 6.00000001e-02  2.81906683e+00 
 6.00000002e-02  2.81906683e+00 
 6.00000004e-02  2.81906683e+00 
 6.00000010e-02  2.81906683e+00 
 6.00000020e-02  2.81906683e+00 
 6.00000040e-02  2.81906683e+00 
 6.00000081e-02  2.81906683e+00 
 6.00000163e-02  2.81906683e+00 
 6.00000327e-02  2.81906683e+00 
 6.00000655e-02  2.81906683e+00 
 6.00001310e-02  2.81906683e+00 
 6.00002621e-02  2.81906683e+00 
 6.00005242e-02  2.81906683e+00 
 6.00010485e-02  2.81906683e+00 
 6.00020971e-02  2.81906683e+00 
 6.00041942e-02  2.81906683e+00 
 6.00083885e-02  2.81906683e+00 
 6.00167772e-02  2.81906683e+00 
 6.00335544e-02  2.81906683e+00 
 6.00671088e-02  2.81906683e+00 
 6.01071088e-02  2.81906683e+00 
 6.01471088e-02  2.81906683e+00 
 6.01871088e-02  2.81906683e+00 
 6.02271088e-02  2.81906683e+00 
 6.02671088e-02  2.81906683e+00 
 6.03071088e-02  2.81906683e+00 
 6.03471088e-02  2.81906683e+00 
 6.03871088e-02  2.81906683e+00 
 6.03999992e-02  2.81906683e+00 
 6.03999993e-02  2.81906683e+00 
 6.03999994e-02  2.81906683e+00 
 6.03999998e-02  2.81906683e+00 
 6.04000000e-02  2.81906663e+00 
 6.04000001e-02  2.81906652e+00 
 6.04000002e-02  2.81906631e+00 
 6.04000004e-02  2.81906589e+00 
 6.04000010e-02  2.81906505e+00 
 6.04000020e-02  2.81906337e+00 
 6.04000040e-02  2.81906001e+00 
 6.04000081e-02  2.81905328e+00 
 6.04000163e-02  2.81903984e+00 
 6.04000327e-02  2.81901297e+00 
 6.04000655e-02  2.81895931e+00 
 6.04001310e-02  2.81885233e+00 
 6.04002621e-02  2.81863968e+00 
 6.04005242e-02  2.81821955e+00 
 6.04010485e-02  2.81739961e+00 
 6.04020971e-02  2.81583779e+00 
 6.04041942e-02  2.81300232e+00 
 6.04083885e-02  2.80831713e+00 
 6.04167772e-02  2.80186606e+00 
 6.04335544e-02  2.79562057e+00 
 6.04671088e-02  2.79271996e+00 
 6.05071088e-02  2.79279461e+00 
 6.05471088e-02  2.79278632e+00 
 6.05871088e-02  2.79278724e+00 
 6.06271088e-02  2.79278714e+00 
 6.06671088e-02  2.79278715e+00 
 6.07071088e-02  2.79278715e+00 
 6.07471088e-02  2.79278715e+00 
 6.07871088e-02  2.79278715e+00 
 6.07999992e-02  2.79278715e+00 
 6.07999993e-02  2.79278715e+00 
 6.07999994e-02  2.79278715e+00 
 6.07999998e-02  2.79278715e+00 
 6.08000000e-02  2.79278715e+00 
 6.08000001e-02  2.79278715e+00 
 6.08000002e-02  2.79278715e+00 
 6.08000004e-02  2.79278715e+00 
 6.08000010e-02  2.79278715e+00 
 6.08000020e-02  2.79278715e+00 
 6.08000040e-02  2.79278715e+00 
 6.08000081e-02  2.79278715e+00 
 6.08000163e-02  2.79278715e+00 
 6.08000327e-02  2.79278715e+00 
 6.08000655e-02  2.79278715e+00 
 6.08001310e-02  2.79278715e+00 
 6.08002621e-02  2.79278715e+00 
 6.08005242e-02  2.79278715e+00 
 6.08010485e-02  2.79278715e+00 
 6.08020971e-02  2.79278715e+00 
 6.08041942e-02  2.79278715e+00 
 6.08083885e-02  2.79278715e+00 
 6.08167772e-02  2.79278715e+00 
 6.08335544e-02  2.79278715e+00 
 6.08671088e-02  2.79278715e+00 
 6.09071088e-02  2.79278715e+00 
 6.09471088e-02  2.79278715e+00 
 6.09871088e-02  2.79278715e+00 
 6.10271088e-02  2.79278715e+00 
 6.10671088e-02  2.79278715e+00 
 6.11071088e-02  2.79278715e+00 
 6.11471088e-02  2.79278715e+00 
 6.11871088e-02  2.79278715e+00 
 6.11999992e-02  2.79278715e+00 
 6.11999993e-02  2.79278715e+00 
 6.11999994e-02  2.79278715e+00 
 6.11999998e-02  2.79278715e+00 
 6.12000000e-02  2.79278694e+00 
 6.12000001e-02  2.79278683e+00 
 6.12000002e-02  2.79278661e+00 
 6.12000004e-02  2.79278617e+00 
 6.12000010e-02  2.79278529e+00 
 6.12000020e-02  2.79278354e+00 
 6.12000040e-02  2.79278002e+00 
 6.12000081e-02  2.79277299e+00 
 6.12000163e-02  2.79275894e+00 
 6.12000327e-02  2.79273086e+00 
 6.12000655e-02  2.79267478e+00 
 6.12001310e-02  2.79256297e+00 
 6.12002621e-02  2.79234072e+00 
 6.12005242e-02  2.79190164e+00 
 6.12010485e-02  2.79104470e+00 
 6.12020971e-02  2.78941240e+00 
 6.12041942e-02  2.78644898e+00 
 6.12083885e-02  2.78155237e+00 
 6.12167772e-02  2.77481019e+00 
 6.12335544e-02  2.76828287e+00 
 6.12671088e-02  2.76525137e+00 
 6.13071088e-02  2.76532939e+00 
 6.13471088e-02  2.76532072e+00 
 6.13871088e-02  2.76532168e+00 
 6.14271088e-02  2.76532158e+00 
 6.14671088e-02  2.76532159e+00 
 6.15071088e-02  2.76532159e+00 
 6.15471088e-02  2.76532159e+00 
 6.15871088e-02  2.76532159e+00 
 6.15999992e-02  2.76532159e+00 
 6.15999993e-02  2.76532159e+00 
 6.15999994e-02  2.76532159e+00 
 6.15999998e-02  2.76532159e+00 
 6.16000000e-02  2.76532159e+00 
 6.16000001e-02  2.76532159e+00 
 6.16000002e-02  2.76532159e+00 
 6.16000004e-02  2.76532159e+00 
 6.16000010e-02  2.76532159e+00 
 6.16000020e-02  2.76532159e+00 
 6.16000040e-02  2.76532159e+00 
 6.16000081e-02  2.76532159e+00 
 6.16000163e-02  2.76532159e+00 
 6.16000327e-02  2.76532159e+00 
 6.16000655e-02  2.76532159e+00 
 6.16001310e-02  2.76532159e+00 
 6.16002621e-02  2.76532159e+00 
 6.16005242e-02  2.76532159e+00 
 6.16010485e-02  2.76532159e+00 
 6.16020971e-02  2.76532159e+00 
 6.16041942e-02  2.76532159e+00 
 6.16083885e-02  2.76532159e+00 
 6.16167772e-02  2.76532159e+00 
 6.16335544e-02  2.76532159e+00 
 6.16671088e-02  2.76532159e+00 
 6.17071088e-02  2.76532159e+00 
 6.17471088e-02  2.76532159e+00 
 6.17871088e-02  2.76532159e+00 
 6.18271088e-02  2.76532159e+00 
 6.18671088e-02  2.76532159e+00 
 6.19071088e-02  2.76532159e+00 
 6.19471088e-02  2.76532159e+00 
 6.19871088e-02  2.76532159e+00 
 6.19999992e-02  2.76532159e+00 
 6.19999993e-02  2.76532159e+00 
 6.19999994e-02  2.76532159e+00 
 6.19999998e-02  2.76532159e+00 
 6.20000000e-02  2.76532137e+00 
 6.20000001e-02  2.76532126e+00 
 6.20000002e-02  2.76532103e+00 
 6.20000004e-02  2.76532057e+00 
 6.20000010e-02  2.76531965e+00 
 6.20000020e-02  2.76531782e+00 
 6.20000040e-02  2.76531415e+00 
 6.20000081e-02  2.76530682e+00 
 6.20000163e-02  2.76529216e+00 
 6.20000327e-02  2.76526287e+00 
 6.20000655e-02  2.76520438e+00 
 6.20001310e-02  2.76508775e+00 
 6.20002621e-02  2.76485592e+00 
 6.20005242e-02  2.76439790e+00 
 6.20010485e-02  2.76350402e+00 
 6.20020971e-02  2.76180135e+00 
 6.20041942e-02  2.75871017e+00 
 6.20083885e-02  2.75360246e+00 
 6.20167772e-02  2.74656961e+00 
 6.20335544e-02  2.73976089e+00 
 6.20671088e-02  2.73659870e+00 
 6.21071088e-02  2.73668008e+00 
 6.21471088e-02  2.73667104e+00 
 6.21871088e-02  2.73667204e+00 
 6.22271088e-02  2.73667193e+00 
 6.22671088e-02  2.73667194e+00 
 6.23071088e-02  2.73667194e+00 
 6.23471088e-02  2.73667194e+00 
 6.23871088e-02  2.73667194e+00 
 6.23999992e-02  2.73667194e+00 
 6.23999993e-02  2.73667194e+00 
 6.23999994e-02  2.73667194e+00 
 6.23999998e-02  2.73667194e+00 
 6.24000000e-02  2.73667194e+00 
 6.24000001e-02  2.73667194e+00 
 6.24000002e-02  2.73667194e+00 
 6.24000004e-02  2.73667194e+00 
 6.24000010e-02  2.73667194e+00 
 6.24000020e-02  2.73667194e+00 
 6.24000040e-02  2.73667194e+00 
 6.24000081e-02  2.73667194e+00 
 6.24000163e-02  2.73667194e+00 
 6.24000327e-02  2.73667194e+00 
 6.24000655e-02  2.73667194e+00 
 6.24001310e-02  2.73667194e+00 
 6.24002621e-02  2.73667194e+00 
 6.24005242e-02  2.73667194e+00 
 6.24010485e-02  2.73667194e+00 
 6.24020971e-02  2.73667194e+00 
 6.24041942e-02  2.73667194e+00 
 6.24083885e-02  2.73667194e+00 
 6.24167772e-02  2.73667194e+00 
 6.24335544e-02  2.73667194e+00 
 6.24671088e-02  2.73667194e+00 
 6.25071088e-02  2.73667194e+00 
 6.25471088e-02  2.73667194e+00 
 6.25871088e-02  2.73667194e+00 
 6.26271088e-02  2.73667194e+00 
 6.26671088e-02  2.73667194e+00 
 6.27071088e-02  2.73667194e+00 
 6.27471088e-02  2.73667194e+00 
 6.27871088e-02  2.73667194e+00 
 6.27999992e-02  2.73667194e+00 
 6.27999993e-02  2.73667194e+00 
 6.27999994e-02  2.73667194e+00 
 6.27999998e-02  2.73667194e+00 
 6.28000000e-02  2.73667172e+00 
 6.28000001e-02  2.73667160e+00 
 6.28000002e-02  2.73667136e+00 
 6.28000004e-02  2.73667088e+00 
 6.28000010e-02  2.73666993e+00 
 6.28000020e-02  2.73666802e+00 
 6.28000040e-02  2.73666420e+00 
 6.28000081e-02  2.73665657e+00 
 6.28000163e-02  2.73664131e+00 
 6.28000327e-02  2.73661082e+00 
 6.28000655e-02  2.73654993e+00 
 6.28001310e-02  2.73642852e+00 
 6.28002621e-02  2.73618718e+00 
 6.28005242e-02  2.73571039e+00 
 6.28010485e-02  2.73477986e+00 
 6.28020971e-02  2.73300739e+00 
 6.28041942e-02  2.72978948e+00 
 6.28083885e-02  2.72447238e+00 
 6.28167772e-02  2.71715121e+00 
 6.28335544e-02  2.71006336e+00 
 6.28671088e-02  2.70677153e+00 
 6.29071088e-02  2.70685625e+00 
 6.29471088e-02  2.70684684e+00 
 6.29871088e-02  2.70684788e+00 
 6.30271088e-02  2.70684777e+00 
 6.30671088e-02  2.70684778e+00 
 6.31071088e-02  2.70684778e+00 
 6.31471088e-02  2.70684778e+00 
 6.31871088e-02  2.70684778e+00 
 6.31999992e-02  2.70684778e+00 
 6.31999993e-02  2.70684778e+00 
 6.31999994e-02  2.70684778e+00 
 6.31999998e-02  2.70684778e+00 
 6.32000000e-02  2.70684778e+00 
 6.32000001e-02  2.70684778e+00 
 6.32000002e-02  2.70684778e+00 
 6.32000004e-02  2.70684778e+00 
 6.32000010e-02  2.70684778e+00 
 6.32000020e-02  2.70684778e+00 
 6.32000040e-02  2.70684778e+00 
 6.32000081e-02  2.70684778e+00 
 6.32000163e-02  2.70684778e+00 
 6.32000327e-02  2.70684778e+00 
 6.32000655e-02  2.70684778e+00 
 6.32001310e-02  2.70684778e+00 
 6.32002621e-02  2.70684778e+00 
 6.32005242e-02  2.70684778e+00 
 6.32010485e-02  2.70684778e+00 
 6.32020971e-02  2.70684778e+00 
 6.32041942e-02  2.70684778e+00 
 6.32083885e-02  2.70684778e+00 
 6.32167772e-02  2.70684778e+00 
 6.32335544e-02  2.70684778e+00 
 6.32671088e-02  2.70684778e+00 
 6.33071088e-02  2.70684778e+00 
 6.33471088e-02  2.70684778e+00 
 6.33871088e-02  2.70684778e+00 
 6.34271088e-02  2.70684778e+00 
 6.34671088e-02  2.70684778e+00 
 6.35071088e-02  2.70684778e+00 
 6.35471088e-02  2.70684778e+00 
 6.35871088e-02  2.70684778e+00 
 6.35999992e-02  2.70684778e+00 
 6.35999993e-02  2.70684778e+00 
 6.35999994e-02  2.70684778e+00 
 6.35999998e-02  2.70684778e+00 
 6.36000000e-02  2.70684755e+00 
 6.36000001e-02  2.70684742e+00 
 6.36000002e-02  2.70684717e+00 
 6.36000004e-02  2.70684668e+00 
 6.36000010e-02  2.70684569e+00 
 6.36000020e-02  2.70684370e+00 
 6.36000040e-02  2.70683974e+00 
 6.36000081e-02  2.70683181e+00 
 6.36000163e-02  2.70681596e+00 
 6.36000327e-02  2.70678429e+00 
 6.36000655e-02  2.70672103e+00 
 6.36001310e-02  2.70659492e+00 
 6.36002621e-02  2.70634422e+00 
 6.36005242e-02  2.70584895e+00 
 6.36010485e-02  2.70488235e+00 
 6.36020971e-02  2.70304116e+00 
 6.36041942e-02  2.69969851e+00 
 6.36083885e-02  2.69417528e+00 
 6.36167772e-02  2.68657029e+00 
 6.36335544e-02  2.67920766e+00 
 6.36671088e-02  2.67578822e+00 
 6.37071088e-02  2.67587623e+00 
 6.37471088e-02  2.67586645e+00 
 6.37871088e-02  2.67586753e+00 
 6.38271088e-02  2.67586741e+00 
 6.38671088e-02  2.67586743e+00 
 6.39071088e-02  2.67586743e+00 
 6.39471088e-02  2.67586743e+00 
 6.39871088e-02  2.67586743e+00 
 6.39999992e-02  2.67586743e+00 
 6.39999993e-02  2.67586743e+00 
 6.39999994e-02  2.67586743e+00 
 6.39999998e-02  2.67586743e+00 
 6.40000000e-02  2.67586743e+00 
 6.40000001e-02  2.67586743e+00 
 6.40000002e-02  2.67586743e+00 
 6.40000004e-02  2.67586743e+00 
 6.40000010e-02  2.67586743e+00 
 6.40000020e-02  2.67586743e+00 
 6.40000040e-02  2.67586743e+00 
 6.40000081e-02  2.67586743e+00 
 6.40000163e-02  2.67586743e+00 
 6.40000327e-02  2.67586743e+00 
 6.40000655e-02  2.67586743e+00 
 6.40001310e-02  2.67586743e+00 
 6.40002621e-02  2.67586743e+00 
 6.40005242e-02  2.67586743e+00 
 6.40010485e-02  2.67586743e+00 
 6.40020971e-02  2.67586743e+00 
 6.40041942e-02  2.67586743e+00 
 6.40083885e-02  2.67586743e+00 
 6.40167772e-02  2.67586743e+00 
 6.40335544e-02  2.67586743e+00 
 6.40671088e-02  2.67586743e+00 
 6.41071088e-02  2.67586743e+00 
 6.41471088e-02  2.67586743e+00 
 6.41871088e-02  2.67586743e+00 
 6.42271088e-02  2.67586743e+00 
 6.42671088e-02  2.67586743e+00 
 6.43071088e-02  2.67586743e+00 
 6.43471088e-02  2.67586743e+00 
 6.43871088e-02  2.67586743e+00 
 6.43999992e-02  2.67586743e+00 
 6.43999993e-02  2.67586743e+00 
 6.43999994e-02  2.67586743e+00 
 6.43999998e-02  2.67586743e+00 
 6.44000000e-02  2.67586719e+00 
 6.44000001e-02  2.67586706e+00 
 6.44000002e-02  2.67586680e+00 
 6.44000004e-02  2.67586629e+00 
 6.44000010e-02  2.67586526e+00 
 6.44000020e-02  2.67586320e+00 
 6.44000040e-02  2.67585909e+00 
 6.44000081e-02  2.67585088e+00 
 6.44000163e-02  2.67583445e+00 
 6.44000327e-02  2.67580162e+00 
 6.44000655e-02  2.67573607e+00 
 6.44001310e-02  2.67560536e+00 
 6.44002621e-02  2.67534554e+00 
 6.44005242e-02  2.67483223e+00 
 6.44010485e-02  2.67383043e+00 
 6.44020971e-02  2.67192220e+00 
 6.44041942e-02  2.66845784e+00 
 6.44083885e-02  2.66273350e+00 
 6.44167772e-02  2.65485160e+00 
 6.44335544e-02  2.64722089e+00 
 6.44671088e-02  2.64367694e+00 
 6.45071088e-02  2.64376815e+00 
 6.45471088e-02  2.64375802e+00 
 6.45871088e-02  2.64375914e+00 
 6.46271088e-02  2.64375902e+00 
 6.46671088e-02  2.64375903e+00 
 6.47071088e-02  2.64375903e+00 
 6.47471088e-02  2.64375903e+00 
 6.47871088e-02  2.64375903e+00 
 6.47999992e-02  2.64375903e+00 
 6.47999993e-02  2.64375903e+00 
 6.47999994e-02  2.64375903e+00 
 6.47999998e-02  2.64375903e+00 
 6.48000000e-02  2.64375903e+00 
 6.48000001e-02  2.64375903e+00 
 6.48000002e-02  2.64375903e+00 
 6.48000004e-02  2.64375903e+00 
 6.48000010e-02  2.64375903e+00 
 6.48000020e-02  2.64375903e+00 
 6.48000040e-02  2.64375903e+00 
 6.48000081e-02  2.64375903e+00 
 6.48000163e-02  2.64375903e+00 
 6.48000327e-02  2.64375903e+00 
 6.48000655e-02  2.64375903e+00 
 6.48001310e-02  2.64375903e+00 
 6.48002621e-02  2.64375903e+00 
 6.48005242e-02  2.64375903e+00 
 6.48010485e-02  2.64375903e+00 
 6.48020971e-02  2.64375903e+00 
 6.48041942e-02  2.64375903e+00 
 6.48083885e-02  2.64375903e+00 
 6.48167772e-02  2.64375903e+00 
 6.48335544e-02  2.64375903e+00 
 6.48671088e-02  2.64375903e+00 
 6.49071088e-02  2.64375903e+00 
 6.49471088e-02  2.64375903e+00 
 6.49871088e-02  2.64375903e+00 
 6.50271088e-02  2.64375903e+00 
 6.50671088e-02  2.64375903e+00 
 6.51071088e-02  2.64375903e+00 
 6.51471088e-02  2.64375903e+00 
 6.51871088e-02  2.64375903e+00 
 6.51999992e-02  2.64375903e+00 
 6.51999993e-02  2.64375903e+00 
 6.51999994e-02  2.64375903e+00 
 6.51999998e-02  2.64375903e+00 
 6.52000000e-02  2.64375878e+00 
 6.52000001e-02  2.64375865e+00 
 6.52000002e-02  2.64375838e+00 
 6.52000004e-02  2.64375785e+00 
 6.52000010e-02  2.64375679e+00 
 6.52000020e-02  2.64375466e+00 
 6.52000040e-02  2.64375042e+00 
 6.52000081e-02  2.64374192e+00 
 6.52000163e-02  2.64372494e+00 
 6.52000327e-02  2.64369099e+00 
 6.52000655e-02  2.64362322e+00 
 6.52001310e-02  2.64348807e+00 
 6.52002621e-02  2.64321944e+00 
 6.52005242e-02  2.64268872e+00 
 6.52010485e-02  2.64165295e+00 
 6.52020971e-02  2.63968000e+00 
 6.52041942e-02  2.63609813e+00 
 6.52083885e-02  2.63017964e+00 
 6.52167772e-02  2.62203042e+00 
 6.52335544e-02  2.61414089e+00 
 6.52671088e-02  2.61047675e+00 
 6.53071088e-02  2.61057105e+00 
 6.53471088e-02  2.61056057e+00 
 6.53871088e-02  2.61056174e+00 
 6.54271088e-02  2.61056161e+00 
 6.54671088e-02  2.61056162e+00 
 6.55071088e-02  2.61056162e+00 
 6.55471088e-02  2.61056162e+00 
 6.55871088e-02  2.61056162e+00 
 6.55999992e-02  2.61056162e+00 
 6.55999993e-02  2.61056162e+00 
 6.55999994e-02  2.61056162e+00 
 6.55999998e-02  2.61056162e+00 
 6.56000000e-02  2.61056162e+00 
 6.56000001e-02  2.61056162e+00 
 6.56000002e-02  2.61056162e+00 
 6.56000004e-02  2.61056162e+00 
 6.56000010e-02  2.61056162e+00 
 6.56000020e-02  2.61056162e+00 
 6.56000040e-02  2.61056162e+00 
 6.56000081e-02  2.61056162e+00 
 6.56000163e-02  2.61056162e+00 
 6.56000327e-02  2.61056162e+00 
 6.56000655e-02  2.61056162e+00 
 6.56001310e-02  2.61056162e+00 
 6.56002621e-02  2.61056162e+00 
 6.56005242e-02  2.61056162e+00 
 6.56010485e-02  2.61056162e+00 
 6.56020971e-02  2.61056162e+00 
 6.56041942e-02  2.61056162e+00 
 6.56083885e-02  2.61056162e+00 
 6.56167772e-02  2.61056162e+00 
 6.56335544e-02  2.61056162e+00 
 6.56671088e-02  2.61056162e+00 
 6.57071088e-02  2.61056162e+00 
 6.57471088e-02  2.61056162e+00 
 6.57871088e-02  2.61056162e+00 
 6.58271088e-02  2.61056162e+00 
 6.58671088e-02  2.61056162e+00 
 6.59071088e-02  2.61056162e+00 
 6.59471088e-02  2.61056162e+00 
 6.59871088e-02  2.61056162e+00 
 6.59999992e-02  2.61056162e+00 
 6.59999993e-02  2.61056162e+00 
 6.59999994e-02  2.61056162e+00 
 6.59999998e-02  2.61056162e+00 
 6.60000000e-02  2.61056136e+00 
 6.60000001e-02  2.61056123e+00 
 6.60000002e-02  2.61056095e+00 
 6.60000004e-02  2.61056040e+00 
 6.60000010e-02  2.61055931e+00 
 6.60000020e-02  2.61055712e+00 
 6.60000040e-02  2.61055274e+00 
 6.60000081e-02  2.61054397e+00 
 6.60000163e-02  2.61052646e+00 
 6.60000327e-02  2.61049146e+00 
 6.60000655e-02  2.61042156e+00 
 6.60001310e-02  2.61028219e+00 
 6.60002621e-02  2.61000516e+00 
 6.60005242e-02  2.60945784e+00 
 6.60010485e-02  2.60838969e+00 
 6.60020971e-02  2.60635504e+00 
 6.60041942e-02  2.60266118e+00 
 6.60083885e-02  2.59655763e+00 
 6.60167772e-02  2.58815360e+00 
 6.60335544e-02  2.58001738e+00 
 6.60671088e-02  2.57623867e+00 
 6.61071088e-02  2.57633592e+00 
 6.61471088e-02  2.57632511e+00 
 6.61871088e-02  2.57632631e+00 
 6.62271088e-02  2.57632618e+00 
 6.62671088e-02  2.57632619e+00 
 6.63071088e-02  2.57632619e+00 
 6.63471088e-02  2.57632619e+00 
 6.63871088e-02  2.57632619e+00 
 6.63999992e-02  2.57632619e+00 
 6.63999993e-02  2.57632619e+00 
 6.63999994e-02  2.57632619e+00 
 6.63999998e-02  2.57632619e+00 
 6.64000000e-02  2.57632619e+00 
 6.64000001e-02  2.57632619e+00 
 6.64000002e-02  2.57632619e+00 
 6.64000004e-02  2.57632619e+00 
 6.64000010e-02  2.57632619e+00 
 6.64000020e-02  2.57632619e+00 
 6.64000040e-02  2.57632619e+00 
 6.64000081e-02  2.57632619e+00 
 6.64000163e-02  2.57632619e+00 
 6.64000327e-02  2.57632619e+00 
 6.64000655e-02  2.57632619e+00 
 6.64001310e-02  2.57632619e+00 
 6.64002621e-02  2.57632619e+00 
 6.64005242e-02  2.57632619e+00 
 6.64010485e-02  2.57632619e+00 
 6.64020971e-02  2.57632619e+00 
 6.64041942e-02  2.57632619e+00 
 6.64083885e-02  2.57632619e+00 
 6.64167772e-02  2.57632619e+00 
 6.64335544e-02  2.57632619e+00 
 6.64671088e-02  2.57632619e+00 
 6.65071088e-02  2.57632619e+00 
 6.65471088e-02  2.57632619e+00 
 6.65871088e-02  2.57632619e+00 
 6.66271088e-02  2.57632619e+00 
 6.66671088e-02  2.57632619e+00 
 6.67071088e-02  2.57632619e+00 
 6.67471088e-02  2.57632619e+00 
 6.67871088e-02  2.57632619e+00 
 6.67999992e-02  2.57632619e+00 
 6.67999993e-02  2.57632619e+00 
 6.67999994e-02  2.57632619e+00 
 6.67999998e-02  2.57632619e+00 
 6.68000000e-02  2.57632593e+00 
 6.68000001e-02  2.57632579e+00 
 6.68000002e-02  2.57632550e+00 
 6.68000004e-02  2.57632494e+00 
 6.68000010e-02  2.57632381e+00 
 6.68000020e-02  2.57632156e+00 
 6.68000040e-02  2.57631706e+00 
 6.68000081e-02  2.57630805e+00 
 6.68000163e-02  2.57629003e+00 
 6.68000327e-02  2.57625403e+00 
 6.68000655e-02  2.57618215e+00 
 6.68001310e-02  2.57603881e+00 
 6.68002621e-02  2.57575390e+00 
 6.68005242e-02  2.57519101e+00 
 6.68010485e-02  2.57409247e+00 
 6.68020971e-02  2.57199994e+00 
 6.68041942e-02  2.56820099e+00 
 6.68083885e-02  2.56192380e+00 
 6.68167772e-02  2.55328067e+00 
 6.68335544e-02  2.54491299e+00 
 6.68671088e-02  2.54102677e+00 
 6.69071088e-02  2.54112679e+00 
 6.69471088e-02  2.54111567e+00 
 6.69871088e-02  2.54111691e+00 
 6.70271088e-02  2.54111677e+00 
 6.70671088e-02  2.54111679e+00 
 6.71071088e-02  2.54111678e+00 
 6.71471088e-02  2.54111678e+00 
 6.71871088e-02  2.54111678e+00 
 6.71999992e-02  2.54111678e+00 
 6.71999993e-02  2.54111678e+00 
 6.71999994e-02  2.54111678e+00 
 6.71999998e-02  2.54111678e+00 
 6.72000000e-02  2.54111678e+00 
 6.72000001e-02  2.54111678e+00 
 6.72000002e-02  2.54111678e+00 
 6.72000004e-02  2.54111678e+00 
 6.72000010e-02  2.54111678e+00 
 6.72000020e-02  2.54111678e+00 
 6.72000040e-02  2.54111678e+00 
 6.72000081e-02  2.54111678e+00 
 6.72000163e-02  2.54111678e+00 
 6.72000327e-02  2.54111678e+00 
 6.72000655e-02  2.54111678e+00 
 6.72001310e-02  2.54111678e+00 
 6.72002621e-02  2.54111678e+00 
 6.72005242e-02  2.54111678e+00 
 6.72010485e-02  2.54111678e+00 
 6.72020971e-02  2.54111678e+00 
 6.72041942e-02  2.54111678e+00 
 6.72083885e-02  2.54111678e+00 
 6.72167772e-02  2.54111678e+00 
 6.72335544e-02  2.54111678e+00 
 6.72671088e-02  2.54111678e+00 
 6.73071088e-02  2.54111678e+00 
 6.73471088e-02  2.54111678e+00 
 6.73871088e-02  2.54111678e+00 
 6.74271088e-02  2.54111678e+00 
 6.74671088e-02  2.54111678e+00 
 6.75071088e-02  2.54111678e+00 
 6.75471088e-02  2.54111678e+00 
 6.75871088e-02  2.54111678e+00 
 6.75999992e-02  2.54111678e+00 
 6.75999993e-02  2.54111678e+00 
 6.75999994e-02  2.54111678e+00 
 6.75999998e-02  2.54111678e+00 
 6.76000000e-02  2.54111651e+00 
 6.76000001e-02  2.54111637e+00 
 6.76000002e-02  2.54111608e+00 
 6.76000004e-02  2.54111550e+00 
 6.76000010e-02  2.54111435e+00 
 6.76000020e-02  2.54111204e+00 
 6.76000040e-02  2.54110742e+00 
 6.76000081e-02  2.54109818e+00 
 6.76000163e-02  2.54107971e+00 
 6.76000327e-02  2.54104279e+00 
 6.76000655e-02  2.54096907e+00 
 6.76001310e-02  2.54082209e+00 
 6.76002621e-02  2.54052993e+00 
 6.76005242e-02  2.53995272e+00 
 6.76010485e-02  2.53882623e+00 
 6.76020971e-02  2.53668046e+00 
 6.76041942e-02  2.53278485e+00 
 6.76083885e-02  2.52634793e+00 
 6.76167772e-02  2.51748489e+00 
 6.76335544e-02  2.50890430e+00 
 6.76671088e-02  2.50491920e+00 
 6.77071088e-02  2.50502176e+00 
 6.77471088e-02  2.50501037e+00 
 6.77871088e-02  2.50501163e+00 
 6.78271088e-02  2.50501149e+00 
 6.78671088e-02  2.50501151e+00 
 6.79071088e-02  2.50501151e+00 
 6.79471088e-02  2.50501151e+00 
 6.79871088e-02  2.50501151e+00 
 6.79999992e-02  2.50501151e+00 
 6.79999993e-02  2.50501151e+00 
 6.79999994e-02  2.50501151e+00 
 6.79999998e-02  2.50501151e+00 
 6.80000000e-02  2.50501151e+00 
 6.80000001e-02  2.50501151e+00 
 6.80000002e-02  2.50501151e+00 
 6.80000004e-02  2.50501151e+00 
 6.80000010e-02  2.50501151e+00 
 6.80000020e-02  2.50501151e+00 
 6.80000040e-02  2.50501151e+00 
 6.80000081e-02  2.50501151e+00 
 6.80000163e-02  2.50501151e+00 
 6.80000327e-02  2.50501151e+00 
 6.80000655e-02  2.50501151e+00 
 6.80001310e-02  2.50501151e+00 
 6.80002621e-02  2.50501151e+00 
 6.80005242e-02  2.50501151e+00 
 6.80010485e-02  2.50501151e+00 
 6.80020971e-02  2.50501151e+00 
 6.80041942e-02  2.50501151e+00 
 6.80083885e-02  2.50501151e+00 
 6.80167772e-02  2.50501151e+00 
 6.80335544e-02  2.50501151e+00 
 6.80671088e-02  2.50501151e+00 
 6.81071088e-02  2.50501151e+00 
 6.81471088e-02  2.50501151e+00 
 6.81871088e-02  2.50501151e+00 
 6.82271088e-02  2.50501151e+00 
 6.82671088e-02  2.50501151e+00 
 6.83071088e-02  2.50501151e+00 
 6.83471088e-02  2.50501151e+00 
 6.83871088e-02  2.50501151e+00 
 6.83999992e-02  2.50501151e+00 
 6.83999993e-02  2.50501151e+00 
 6.83999994e-02  2.50501151e+00 
 6.83999998e-02  2.50501151e+00 
 6.84000000e-02  2.50501123e+00 
 6.84000001e-02  2.50501108e+00 
 6.84000002e-02  2.50501079e+00 
 6.84000004e-02  2.50501020e+00 
 6.84000010e-02  2.50500902e+00 
 6.84000020e-02  2.50500665e+00 
 6.84000040e-02  2.50500193e+00 
 6.84000081e-02  2.50499249e+00 
 6.84000163e-02  2.50497360e+00 
 6.84000327e-02  2.50493587e+00 
 6.84000655e-02  2.50486051e+00 
 6.84001310e-02  2.50471026e+00 
 6.84002621e-02  2.50441160e+00 
 6.84005242e-02  2.50382157e+00 
 6.84010485e-02  2.50267002e+00 
 6.84020971e-02  2.50047655e+00 
 6.84041942e-02  2.49649433e+00 
 6.84083885e-02  2.48991430e+00 
 6.84167772e-02  2.48085421e+00 
 6.84335544e-02  2.47208285e+00 
 6.84671088e-02  2.46800915e+00 
 6.85071088e-02  2.46811399e+00 
 6.85471088e-02  2.46810234e+00 
 6.85871088e-02  2.46810364e+00 
 6.86271088e-02  2.46810349e+00 
 6.86671088e-02  2.46810351e+00 
 6.87071088e-02  2.46810351e+00 
 6.87471088e-02  2.46810351e+00 
 6.87871088e-02  2.46810351e+00 
 6.87999992e-02  2.46810351e+00 
 6.87999993e-02  2.46810351e+00 
 6.87999994e-02  2.46810351e+00 
 6.87999998e-02  2.46810351e+00 
 6.88000000e-02  2.46810351e+00 
 6.88000001e-02  2.46810351e+00 
 6.88000002e-02  2.46810351e+00 
 6.88000004e-02  2.46810351e+00 
 6.88000010e-02  2.46810351e+00 
 6.88000020e-02  2.46810351e+00 
 6.88000040e-02  2.46810351e+00 
 6.88000081e-02  2.46810351e+00 
 6.88000163e-02  2.46810351e+00 
 6.88000327e-02  2.46810351e+00 
 6.88000655e-02  2.46810351e+00 
 6.88001310e-02  2.46810351e+00 
 6.88002621e-02  2.46810351e+00 
 6.88005242e-02  2.46810351e+00 
 6.88010485e-02  2.46810351e+00 
 6.88020971e-02  2.46810351e+00 
 6.88041942e-02  2.46810351e+00 
 6.88083885e-02  2.46810351e+00 
 6.88167772e-02  2.46810351e+00 
 6.88335544e-02  2.46810351e+00 
 6.88671088e-02  2.46810351e+00 
 6.89071088e-02  2.46810351e+00 
 6.89471088e-02  2.46810351e+00 
 6.89871088e-02  2.46810351e+00 
 6.90271088e-02  2.46810351e+00 
 6.90671088e-02  2.46810351e+00 
 6.91071088e-02  2.46810351e+00 
 6.91471088e-02  2.46810351e+00 
 6.91871088e-02  2.46810351e+00 
 6.91999992e-02  2.46810351e+00 
 6.91999993e-02  2.46810351e+00 
 6.91999994e-02  2.46810351e+00 
 6.91999998e-02  2.46810351e+00 
 6.92000000e-02  2.46810322e+00 
 6.92000001e-02  2.46810307e+00 
 6.92000002e-02  2.46810277e+00 
 6.92000004e-02  2.46810217e+00 
 6.92000010e-02  2.46810097e+00 
 6.92000020e-02  2.46809856e+00 
 6.92000040e-02  2.46809375e+00 
 6.92000081e-02  2.46808413e+00 
 6.92000163e-02  2.46806489e+00 
 6.92000327e-02  2.46802645e+00 
 6.92000655e-02  2.46794967e+00 
 6.92001310e-02  2.46779660e+00 
 6.92002621e-02  2.46749233e+00 
 6.92005242e-02  2.46689120e+00 
 6.92010485e-02  2.46571802e+00 
 6.92020971e-02  2.46348331e+00 
 6.92041942e-02  2.45942625e+00 
 6.92083885e-02  2.45272256e+00 
 6.92167772e-02  2.44349219e+00 
 6.92335544e-02  2.43455597e+00 
 6.92671088e-02  2.43040571e+00 
 6.93071088e-02  2.43051252e+00 
 6.93471088e-02  2.43050065e+00 
 6.93871088e-02  2.43050197e+00 
 6.94271088e-02  2.43050183e+00 
 6.94671088e-02  2.43050184e+00 
 6.95071088e-02  2.43050184e+00 
 6.95471088e-02  2.43050184e+00 
 6.95871088e-02  2.43050184e+00 
 6.95999992e-02  2.43050184e+00 
 6.95999993e-02  2.43050184e+00 
 6.95999994e-02  2.43050184e+00 
 6.95999998e-02  2.43050184e+00 
 6.96000000e-02  2.43050184e+00 
 6.96000001e-02  2.43050184e+00 
 6.96000002e-02  2.43050184e+00 
 6.96000004e-02  2.43050184e+00 
 6.96000010e-02  2.43050184e+00 
 6.96000020e-02  2.43050184e+00 
 6.96000040e-02  2.43050184e+00 
 6.96000081e-02  2.43050184e+00 
 6.96000163e-02  2.43050184e+00 
 6.96000327e-02  2.43050184e+00 
 6.96000655e-02  2.43050184e+00 
 6.96001310e-02  2.43050184e+00 
 6.96002621e-02  2.43050184e+00 
 6.96005242e-02  2.43050184e+00 
 6.96010485e-02  2.43050184e+00 
 6.96020971e-02  2.43050184e+00 
 6.96041942e-02  2.43050184e+00 
 6.96083885e-02  2.43050184e+00 
 6.96167772e-02  2.43050184e+00 
 6.96335544e-02  2.43050184e+00 
 6.96671088e-02  2.43050184e+00 
 6.97071088e-02  2.43050184e+00 
 6.97471088e-02  2.43050184e+00 
 6.97871088e-02  2.43050184e+00 
 6.98271088e-02  2.43050184e+00 
 6.98671088e-02  2.43050184e+00 
 6.99071088e-02  2.43050184e+00 
 6.99471088e-02  2.43050184e+00 
 6.99871088e-02  2.43050184e+00 
 6.99999992e-02  2.43050184e+00 
 6.99999993e-02  2.43050184e+00 
 6.99999994e-02  2.43050184e+00 
 6.99999998e-02  2.43050184e+00 
 7.00000000e-02  2.43050155e+00 
 7.00000001e-02  2.43050140e+00 
 7.00000002e-02  2.43050110e+00 
 7.00000004e-02  2.43050049e+00 
 7.00000010e-02  2.43049926e+00 
 7.00000020e-02  2.43049682e+00 
 7.00000040e-02  2.43049194e+00 
 7.00000081e-02  2.43048217e+00 
 7.00000163e-02  2.43046264e+00 
 7.00000327e-02  2.43042362e+00 
 7.00000655e-02  2.43034568e+00 
 7.00001310e-02  2.43019030e+00 
 7.00002621e-02  2.42988143e+00 
 7.00005242e-02  2.42927122e+00 
 7.00010485e-02  2.42808032e+00 
 7.00020971e-02  2.42581186e+00 
 7.00041942e-02  2.42169352e+00 
 7.00083885e-02  2.41488857e+00 
 7.00167772e-02  2.40551877e+00 
 7.00335544e-02  2.39644758e+00 
 7.00671088e-02  2.39223463e+00 
 7.01071088e-02  2.39234305e+00 
 7.01471088e-02  2.39233101e+00 
 7.01871088e-02  2.39233234e+00 
 7.02271088e-02  2.39233220e+00 
 7.02671088e-02  2.39233221e+00 
 7.03071088e-02  2.39233221e+00 
 7.03471088e-02  2.39233221e+00 
 7.03871088e-02  2.39233221e+00 
 7.03999992e-02  2.39233221e+00 
 7.03999993e-02  2.39233221e+00 
 7.03999994e-02  2.39233221e+00 
 7.03999998e-02  2.39233221e+00 
 7.04000000e-02  2.39233221e+00 
 7.04000001e-02  2.39233221e+00 
 7.04000002e-02  2.39233221e+00 
 7.04000004e-02  2.39233221e+00 
 7.04000010e-02  2.39233221e+00 
 7.04000020e-02  2.39233221e+00 
 7.04000040e-02  2.39233221e+00 
 7.04000081e-02  2.39233221e+00 
 7.04000163e-02  2.39233221e+00 
 7.04000327e-02  2.39233221e+00 
 7.04000655e-02  2.39233221e+00 
 7.04001310e-02  2.39233221e+00 
 7.04002621e-02  2.39233221e+00 
 7.04005242e-02  2.39233221e+00 
 7.04010485e-02  2.39233221e+00 
 7.04020971e-02  2.39233221e+00 
 7.04041942e-02  2.39233221e+00 
 7.04083885e-02  2.39233221e+00 
 7.04167772e-02  2.39233221e+00 
 7.04335544e-02  2.39233221e+00 
 7.04671088e-02  2.39233221e+00 
 7.05071088e-02  2.39233221e+00 
 7.05471088e-02  2.39233221e+00 
 7.05871088e-02  2.39233221e+00 
 7.06271088e-02  2.39233221e+00 
 7.06671088e-02  2.39233221e+00 
 7.07071088e-02  2.39233221e+00 
 7.07471088e-02  2.39233221e+00 
 7.07871088e-02  2.39233221e+00 
 7.07999992e-02  2.39233221e+00 
 7.07999993e-02  2.39233221e+00 
 7.07999994e-02  2.39233221e+00 
 7.07999998e-02  2.39233221e+00 
 7.08000000e-02  2.39233192e+00 
 7.08000001e-02  2.39233177e+00 
 7.08000002e-02  2.39233146e+00 
 7.08000004e-02  2.39233084e+00 
 7.08000010e-02  2.39232961e+00 
 7.08000020e-02  2.39232714e+00 
 7.08000040e-02  2.39232220e+00 
 7.08000081e-02  2.39231232e+00 
 7.08000163e-02  2.39229258e+00 
 7.08000327e-02  2.39225312e+00 
 7.08000655e-02  2.39217432e+00 
 7.08001310e-02  2.39201720e+00 
 7.08002621e-02  2.39170489e+00 
 7.08005242e-02  2.39108789e+00 
 7.08010485e-02  2.38988372e+00 
 7.08020971e-02  2.38759001e+00 
 7.08041942e-02  2.38342580e+00 
 7.08083885e-02  2.37654507e+00 
 7.08167772e-02  2.36707093e+00 
 7.08335544e-02  2.35789872e+00 
 7.08671088e-02  2.35363885e+00 
 7.09071088e-02  2.35374849e+00 
 7.09471088e-02  2.35373631e+00 
 7.09871088e-02  2.35373766e+00 
 7.10271088e-02  2.35373751e+00 
 7.10671088e-02  2.35373753e+00 
 7.11071088e-02  2.35373752e+00 
 7.11471088e-02  2.35373752e+00 
 7.11871088e-02  2.35373752e+00 
 7.11999992e-02  2.35373752e+00 
 7.11999993e-02  2.35373752e+00 
 7.11999994e-02  2.35373752e+00 
 7.11999998e-02  2.35373752e+00 
 7.12000000e-02  2.35373752e+00 
 7.12000001e-02  2.35373752e+00 
 7.12000002e-02  2.35373752e+00 
 7.12000004e-02  2.35373752e+00 
 7.12000010e-02  2.35373752e+00 
 7.12000020e-02  2.35373752e+00 
 7.12000040e-02  2.35373752e+00 
 7.12000081e-02  2.35373752e+00 
 7.12000163e-02  2.35373752e+00 
 7.12000327e-02  2.35373752e+00 
 7.12000655e-02  2.35373752e+00 
 7.12001310e-02  2.35373752e+00 
 7.12002621e-02  2.35373752e+00 
 7.12005242e-02  2.35373752e+00 
 7.12010485e-02  2.35373752e+00 
 7.12020971e-02  2.35373752e+00 
 7.12041942e-02  2.35373752e+00 
 7.12083885e-02  2.35373752e+00 
 7.12167772e-02  2.35373752e+00 
 7.12335544e-02  2.35373752e+00 
 7.12671088e-02  2.35373752e+00 
 7.13071088e-02  2.35373752e+00 
 7.13471088e-02  2.35373752e+00 
 7.13871088e-02  2.35373752e+00 
 7.14271088e-02  2.35373752e+00 
 7.14671088e-02  2.35373752e+00 
 7.15071088e-02  2.35373752e+00 
 7.15471088e-02  2.35373752e+00 
 7.15871088e-02  2.35373752e+00 
 7.15999992e-02  2.35373752e+00 
 7.15999993e-02  2.35373752e+00 
 7.15999994e-02  2.35373752e+00 
 7.15999998e-02  2.35373752e+00 
 7.16000000e-02  2.35373723e+00 
 7.16000001e-02  2.35373708e+00 
 7.16000002e-02  2.35373677e+00 
 7.16000004e-02  2.35373615e+00 
 7.16000010e-02  2.35373490e+00 
 7.16000020e-02  2.35373242e+00 
 7.16000040e-02  2.35372744e+00 
 7.16000081e-02  2.35371750e+00 
 7.16000163e-02  2.35369762e+00 
 7.16000327e-02  2.35365789e+00 
 7.16000655e-02  2.35357855e+00 
 7.16001310e-02  2.35342035e+00 
 7.16002621e-02  2.35310591e+00 
 7.16005242e-02  2.35248467e+00 
 7.16010485e-02  2.35127225e+00 
 7.16020971e-02  2.34896281e+00 
 7.16041942e-02  2.34477005e+00 
 7.16083885e-02  2.33784215e+00 
 7.16167772e-02  2.32830306e+00 
 7.16335544e-02  2.31906797e+00 
 7.16671088e-02  2.31477890e+00 
 7.17071088e-02  2.31488929e+00 
 7.17471088e-02  2.31487702e+00 
 7.17871088e-02  2.31487838e+00 
 7.18271088e-02  2.31487823e+00 
 7.18671088e-02  2.31487825e+00 
 7.19071088e-02  2.31487825e+00 
 7.19471088e-02  2.31487825e+00 
 7.19871088e-02  2.31487825e+00 
 7.19999992e-02  2.31487825e+00 
 7.19999993e-02  2.31487825e+00 
 7.19999994e-02  2.31487825e+00 
 7.19999998e-02  2.31487825e+00 
 7.20000000e-02  2.31487825e+00 
 7.20000001e-02  2.31487825e+00 
 7.20000002e-02  2.31487825e+00 
 7.20000004e-02  2.31487825e+00 
 7.20000010e-02  2.31487825e+00 
 7.20000020e-02  2.31487825e+00 
 7.20000040e-02  2.31487825e+00 
 7.20000081e-02  2.31487825e+00 
 7.20000163e-02  2.31487825e+00 
 7.20000327e-02  2.31487825e+00 
 7.20000655e-02  2.31487825e+00 
 7.20001310e-02  2.31487825e+00 
 7.20002621e-02  2.31487825e+00 
 7.20005242e-02  2.31487825e+00 
 7.20010485e-02  2.31487825e+00 
 7.20020971e-02  2.31487825e+00 
 7.20041942e-02  2.31487825e+00 
 7.20083885e-02  2.31487825e+00 
 7.20167772e-02  2.31487825e+00 
 7.20335544e-02  2.31487825e+00 
 7.20671088e-02  2.31487825e+00 
 7.21071088e-02  2.31487825e+00 
 7.21471088e-02  2.31487825e+00 
 7.21871088e-02  2.31487825e+00 
 7.22271088e-02  2.31487825e+00 
 7.22671088e-02  2.31487825e+00 
 7.23071088e-02  2.31487825e+00 
 7.23471088e-02  2.31487825e+00 
 7.23871088e-02  2.31487825e+00 
 7.23999992e-02  2.31487825e+00 
 7.23999993e-02  2.31487825e+00 
 7.23999994e-02  2.31487825e+00 
 7.23999998e-02  2.31487825e+00 
 7.24000000e-02  2.31487795e+00 
 7.24000001e-02  2.31487780e+00 
 7.24000002e-02  2.31487749e+00 
 7.24000004e-02  2.31487686e+00 
 7.24000010e-02  2.31487562e+00 
 7.24000020e-02  2.31487313e+00 
 7.24000040e-02  2.31486814e+00 
 7.24000081e-02  2.31485818e+00 
 7.24000163e-02  2.31483825e+00 
 7.24000327e-02  2.31479843e+00 
 7.24000655e-02  2.31471892e+00 
 7.24001310e-02  2.31456037e+00 
 7.24002621e-02  2.31424522e+00 
 7.24005242e-02  2.31362261e+00 
 7.24010485e-02  2.31240749e+00 
 7.24020971e-02  2.31009291e+00 
 7.24041942e-02  2.30589082e+00 
 7.24083885e-02  2.29894750e+00 
 7.24167772e-02  2.28938719e+00 
 7.24335544e-02  2.28013155e+00 
 7.24671088e-02  2.27583293e+00 
 7.25071088e-02  2.27594356e+00 
 7.25471088e-02  2.27593127e+00 
 7.25871088e-02  2.27593264e+00 
 7.26271088e-02  2.27593248e+00 
 7.26671088e-02  2.27593250e+00 
 7.27071088e-02  2.27593250e+00 
 7.27471088e-02  2.27593250e+00 
 7.27871088e-02  2.27593250e+00 
 7.27999992e-02  2.27593250e+00 
 7.27999993e-02  2.27593250e+00 
 7.27999994e-02  2.27593250e+00 
 7.27999998e-02  2.27593250e+00 
 7.28000000e-02  2.27593250e+00 
 7.28000001e-02  2.27593250e+00 
 7.28000002e-02  2.27593250e+00 
 7.28000004e-02  2.27593250e+00 
 7.28000010e-02  2.27593250e+00 
 7.28000020e-02  2.27593250e+00 
 7.28000040e-02  2.27593250e+00 
 7.28000081e-02  2.27593250e+00 
 7.28000163e-02  2.27593250e+00 
 7.28000327e-02  2.27593250e+00 
 7.28000655e-02  2.27593250e+00 
 7.28001310e-02  2.27593250e+00 
 7.28002621e-02  2.27593250e+00 
 7.28005242e-02  2.27593250e+00 
 7.28010485e-02  2.27593250e+00 
 7.28020971e-02  2.27593250e+00 
 7.28041942e-02  2.27593250e+00 
 7.28083885e-02  2.27593250e+00 
 7.28167772e-02  2.27593250e+00 
 7.28335544e-02  2.27593250e+00 
 7.28671088e-02  2.27593250e+00 
 7.29071088e-02  2.27593250e+00 
 7.29471088e-02  2.27593250e+00 
 7.29871088e-02  2.27593250e+00 
 7.30271088e-02  2.27593250e+00 
 7.30671088e-02  2.27593250e+00 
 7.31071088e-02  2.27593250e+00 
 7.31471088e-02  2.27593250e+00 
 7.31871088e-02  2.27593250e+00 
 7.31999992e-02  2.27593250e+00 
 7.31999993e-02  2.27593250e+00 
 7.31999994e-02  2.27593250e+00 
 7.31999998e-02  2.27593250e+00 
 7.32000000e-02  2.27593221e+00 
 7.32000001e-02  2.27593205e+00 
 7.32000002e-02  2.27593174e+00 
 7.32000004e-02  2.27593112e+00 
 7.32000010e-02  2.27592988e+00 
 7.32000020e-02  2.27592739e+00 
 7.32000040e-02  2.27592242e+00 
 7.32000081e-02  2.27591248e+00 
 7.32000163e-02  2.27589262e+00 
 7.32000327e-02  2.27585291e+00 
 7.32000655e-02  2.27577361e+00 
 7.32001310e-02  2.27561551e+00 
 7.32002621e-02  2.27530125e+00 
 7.32005242e-02  2.27468038e+00 
 7.32010485e-02  2.27346866e+00 
 7.32020971e-02  2.27116057e+00 
 7.32041942e-02  2.26697026e+00 
 7.32083885e-02  2.26004639e+00 
 7.32167772e-02  2.25051287e+00 
 7.32335544e-02  2.24128316e+00 
 7.32671088e-02  2.23699659e+00 
 7.33071088e-02  2.23710691e+00 
 7.33471088e-02  2.23709465e+00 
 7.33871088e-02  2.23709602e+00 
 7.34271088e-02  2.23709586e+00 
 7.34671088e-02  2.23709588e+00 
 7.35071088e-02  2.23709588e+00 
 7.35471088e-02  2.23709588e+00 
 7.35871088e-02  2.23709588e+00 
 7.35999992e-02  2.23709588e+00 
 7.35999993e-02  2.23709588e+00 
 7.35999994e-02  2.23709588e+00 
 7.35999998e-02  2.23709588e+00 
 7.36000000e-02  2.23709588e+00 
 7.36000001e-02  2.23709588e+00 
 7.36000002e-02  2.23709588e+00 
 7.36000004e-02  2.23709588e+00 
 7.36000010e-02  2.23709588e+00 
 7.36000020e-02  2.23709588e+00 
 7.36000040e-02  2.23709588e+00 
 7.36000081e-02  2.23709588e+00 
 7.36000163e-02  2.23709588e+00 
 7.36000327e-02  2.23709588e+00 
 7.36000655e-02  2.23709588e+00 
 7.36001310e-02  2.23709588e+00 
 7.36002621e-02  2.23709588e+00 
 7.36005242e-02  2.23709588e+00 
 7.36010485e-02  2.23709588e+00 
 7.36020971e-02  2.23709588e+00 
 7.36041942e-02  2.23709588e+00 
 7.36083885e-02  2.23709588e+00 
 7.36167772e-02  2.23709588e+00 
 7.36335544e-02  2.23709588e+00 
 7.36671088e-02  2.23709588e+00 
 7.37071088e-02  2.23709588e+00 
 7.37471088e-02  2.23709588e+00 
 7.37871088e-02  2.23709588e+00 
 7.38271088e-02  2.23709588e+00 
 7.38671088e-02  2.23709588e+00 
 7.39071088e-02  2.23709588e+00 
 7.39471088e-02  2.23709588e+00 
 7.39871088e-02  2.23709588e+00 
 7.39999992e-02  2.23709588e+00 
 7.39999993e-02  2.23709588e+00 
 7.39999994e-02  2.23709588e+00 
 7.39999998e-02  2.23709588e+00 
 7.40000000e-02  2.23709559e+00 
 7.40000001e-02  2.23709544e+00 
 7.40000002e-02  2.23709513e+00 
 7.40000004e-02  2.23709451e+00 
 7.40000010e-02  2.23709328e+00 
 7.40000020e-02  2.23709081e+00 
 7.40000040e-02  2.23708589e+00 
 7.40000081e-02  2.23707603e+00 
 7.40000163e-02  2.23705633e+00 
 7.40000327e-02  2.23701695e+00 
 7.40000655e-02  2.23693831e+00 
 7.40001310e-02  2.23678152e+00 
 7.40002621e-02  2.23646986e+00 
 7.40005242e-02  2.23585413e+00 
 7.40010485e-02  2.23465245e+00 
 7.40020971e-02  2.23236347e+00 
 7.40041942e-02  2.22820787e+00 
 7.40083885e-02  2.22134136e+00 
 7.40167772e-02  2.21188680e+00 
 7.40335544e-02  2.20273355e+00 
 7.40671088e-02  2.19848248e+00 
 7.41071088e-02  2.19859189e+00 
 7.41471088e-02  2.19857973e+00 
 7.41871088e-02  2.19858108e+00 
 7.42271088e-02  2.19858093e+00 
 7.42671088e-02  2.19858095e+00 
 7.43071088e-02  2.19858095e+00 
 7.43471088e-02  2.19858095e+00 
 7.43871088e-02  2.19858095e+00 
 7.43999992e-02  2.19858095e+00 
 7.43999993e-02  2.19858095e+00 
 7.43999994e-02  2.19858095e+00 
 7.43999998e-02  2.19858095e+00 
 7.44000000e-02  2.19858095e+00 
 7.44000001e-02  2.19858095e+00 
 7.44000002e-02  2.19858095e+00 
 7.44000004e-02  2.19858095e+00 
 7.44000010e-02  2.19858095e+00 
 7.44000020e-02  2.19858095e+00 
 7.44000040e-02  2.19858095e+00 
 7.44000081e-02  2.19858095e+00 
 7.44000163e-02  2.19858095e+00 
 7.44000327e-02  2.19858095e+00 
 7.44000655e-02  2.19858095e+00 
 7.44001310e-02  2.19858095e+00 
 7.44002621e-02  2.19858095e+00 
 7.44005242e-02  2.19858095e+00 
 7.44010485e-02  2.19858095e+00 
 7.44020971e-02  2.19858095e+00 
 7.44041942e-02  2.19858095e+00 
 7.44083885e-02  2.19858095e+00 
 7.44167772e-02  2.19858095e+00 
 7.44335544e-02  2.19858095e+00 
 7.44637915e-02  2.19858095e+00 
 7.45037915e-02  2.19858095e+00 
 7.45437915e-02  2.19858095e+00 
 7.45837915e-02  2.19858095e+00 
 7.46237915e-02  2.19858095e+00 
 7.46637915e-02  2.19858095e+00 
 7.47037915e-02  2.19858095e+00 
 7.47437915e-02  2.19858095e+00 
 7.47837915e-02  2.19858095e+00 
 7.47999992e-02  2.19858095e+00 
 7.47999993e-02  2.19858095e+00 
 7.47999994e-02  2.19858095e+00 
 7.47999998e-02  2.19858095e+00 
 7.48000000e-02  2.19858067e+00 
 7.48000001e-02  2.19858051e+00 
 7.48000002e-02  2.19858021e+00 
 7.48000004e-02  2.19857960e+00 
 7.48000010e-02  2.19857839e+00 
 7.48000020e-02  2.19857596e+00 
 7.48000040e-02  2.19857110e+00 
 7.48000081e-02  2.19856138e+00 
 7.48000163e-02  2.19854196e+00 
 7.48000327e-02  2.19850315e+00 
 7.48000655e-02  2.19842563e+00 
 7.48001310e-02  2.19827108e+00 
 7.48002621e-02  2.19796387e+00 
 7.48005242e-02  2.19735694e+00 
 7.48010485e-02  2.19617244e+00 
 7.48020971e-02  2.19391617e+00 
 7.48041942e-02  2.18981995e+00 
 7.48083885e-02  2.18305156e+00 
 7.48167772e-02  2.17373211e+00 
 7.48335544e-02  2.16470966e+00 
 7.48637915e-02  2.16073234e+00 
 7.49037915e-02  2.16060352e+00 
 7.49437915e-02  2.16061783e+00 
 7.49837915e-02  2.16061624e+00 
 7.50237915e-02  2.16061642e+00 
 7.50637915e-02  2.16061640e+00 
 7.51037915e-02  2.16061640e+00 
 7.51437915e-02  2.16061640e+00 
 7.51837915e-02  2.16061640e+00 
 7.51999992e-02  2.16061640e+00 
 7.51999993e-02  2.16061640e+00 
 7.51999994e-02  2.16061640e+00 
 7.51999998e-02  2.16061640e+00 
 7.52000000e-02  2.16061640e+00 
 7.52000001e-02  2.16061640e+00 
 7.52000002e-02  2.16061640e+00 
 7.52000004e-02  2.16061640e+00 
 7.52000010e-02  2.16061640e+00 
 7.52000020e-02  2.16061640e+00 
 7.52000040e-02  2.16061640e+00 
 7.52000081e-02  2.16061640e+00 
 7.52000163e-02  2.16061640e+00 
 7.52000327e-02  2.16061640e+00 
 7.52000655e-02  2.16061640e+00 
 7.52001310e-02  2.16061640e+00 
 7.52002621e-02  2.16061640e+00 
 7.52005242e-02  2.16061640e+00 
 7.52010485e-02  2.16061640e+00 
 7.52020971e-02  2.16061640e+00 
 7.52041942e-02  2.16061640e+00 
 7.52083885e-02  2.16061640e+00 
 7.52167772e-02  2.16061640e+00 
 7.52335544e-02  2.16061640e+00 
 7.52624865e-02  2.16061640e+00 
 7.53024865e-02  2.16061640e+00 
 7.53424865e-02  2.16061640e+00 
 7.53824865e-02  2.16061640e+00 
 7.54224865e-02  2.16061640e+00 
 7.54624865e-02  2.16061640e+00 
 7.55024865e-02  2.16061640e+00 
 7.55424865e-02  2.16061640e+00 
 7.55824865e-02  2.16061640e+00 
 7.55999992e-02  2.16061640e+00 
 7.55999993e-02  2.16061640e+00 
 7.55999994e-02  2.16061640e+00 
 7.55999998e-02  2.16061640e+00 
 7.56000000e-02  2.16061612e+00 
 7.56000001e-02  2.16061597e+00 
 7.56000002e-02  2.16061568e+00 
 7.56000004e-02  2.16061508e+00 
 7.56000010e-02  2.16061389e+00 
 7.56000020e-02  2.16061151e+00 
 7.56000040e-02  2.16060676e+00 
 7.56000081e-02  2.16059724e+00 
 7.56000163e-02  2.16057823e+00 
 7.56000327e-02  2.16054022e+00 
 7.56000655e-02  2.16046433e+00 
 7.56001310e-02  2.16031301e+00 
 7.56002621e-02  2.16001223e+00 
 7.56005242e-02  2.15941799e+00 
 7.56010485e-02  2.15825826e+00 
 7.56020971e-02  2.15604918e+00 
 7.56041942e-02  2.15203863e+00 
 7.56083885e-02  2.14541180e+00 
 7.56167772e-02  2.13628725e+00 
 7.56335544e-02  2.12745349e+00 
 7.56624865e-02  2.12364762e+00 
 7.57024865e-02  2.12342342e+00 
 7.57424865e-02  2.12344833e+00 
 7.57824865e-02  2.12344557e+00 
 7.58224865e-02  2.12344587e+00 
 7.58624865e-02  2.12344584e+00 
 7.59024865e-02  2.12344584e+00 
 7.59424865e-02  2.12344584e+00 
 7.59824865e-02  2.12344584e+00 
 7.59999992e-02  2.12344584e+00 
 7.59999993e-02  2.12344584e+00 
 7.59999994e-02  2.12344584e+00 
 7.59999998e-02  2.12344584e+00 
 7.60000000e-02  2.12344584e+00 
 7.60000001e-02  2.12344584e+00 
 7.60000002e-02  2.12344584e+00 
 7.60000004e-02  2.12344584e+00 
 7.60000010e-02  2.12344584e+00 
 7.60000020e-02  2.12344584e+00 
 7.60000040e-02  2.12344584e+00 
 7.60000081e-02  2.12344584e+00 
 7.60000163e-02  2.12344584e+00 
 7.60000327e-02  2.12344584e+00 
 7.60000655e-02  2.12344584e+00 
 7.60001310e-02  2.12344584e+00 
 7.60002621e-02  2.12344584e+00 
 7.60005242e-02  2.12344584e+00 
 7.60010485e-02  2.12344584e+00 
 7.60020971e-02  2.12344584e+00 
 7.60041942e-02  2.12344584e+00 
 7.60083885e-02  2.12344584e+00 
 7.60167772e-02  2.12344584e+00 
 7.60335544e-02  2.12344584e+00 
 7.60622870e-02  2.12344584e+00 
 7.61022870e-02  2.12344584e+00 
 7.61422870e-02  2.12344584e+00 
 7.61822870e-02  2.12344584e+00 
 7.62222870e-02  2.12344584e+00 
 7.62622870e-02  2.12344584e+00 
 7.63022870e-02  2.12344584e+00 
 7.63422870e-02  2.12344584e+00 
 7.63822870e-02  2.12344584e+00 
 7.63999992e-02  2.12344584e+00 
 7.63999993e-02  2.12344584e+00 
 7.63999994e-02  2.12344584e+00 
 7.63999998e-02  2.12344584e+00 
 7.64000000e-02  2.12344557e+00 
 7.64000001e-02  2.12344543e+00 
 7.64000002e-02  2.12344514e+00 
 7.64000004e-02  2.12344456e+00 
 7.64000010e-02  2.12344340e+00 
 7.64000020e-02  2.12344109e+00 
 7.64000040e-02  2.12343647e+00 
 7.64000081e-02  2.12342723e+00 
 7.64000163e-02  2.12340875e+00 
 7.64000327e-02  2.12337182e+00 
 7.64000655e-02  2.12329807e+00 
 7.64001310e-02  2.12315103e+00 
 7.64002621e-02  2.12285875e+00 
 7.64005242e-02  2.12228132e+00 
 7.64010485e-02  2.12115437e+00 
 7.64020971e-02  2.11900775e+00 
 7.64041942e-02  2.11511060e+00 
 7.64083885e-02  2.10867113e+00 
 7.64167772e-02  2.09980457e+00 
 7.64335544e-02  2.09122058e+00 
 7.64622870e-02  2.08753575e+00 
 7.65022870e-02  2.08730296e+00 
 7.65422870e-02  2.08732882e+00 
 7.65822870e-02  2.08732595e+00 
 7.66222870e-02  2.08732627e+00 
 7.66622870e-02  2.08732623e+00 
 7.67022870e-02  2.08732624e+00 
 7.67422870e-02  2.08732624e+00 
 7.67822870e-02  2.08732624e+00 
 7.67999992e-02  2.08732624e+00 
 7.67999993e-02  2.08732624e+00 
 7.67999994e-02  2.08732624e+00 
 7.67999998e-02  2.08732624e+00 
 7.68000000e-02  2.08732624e+00 
 7.68000001e-02  2.08732624e+00 
 7.68000002e-02  2.08732624e+00 
 7.68000004e-02  2.08732624e+00 
 7.68000010e-02  2.08732624e+00 
 7.68000020e-02  2.08732624e+00 
 7.68000040e-02  2.08732624e+00 
 7.68000081e-02  2.08732624e+00 
 7.68000163e-02  2.08732624e+00 
 7.68000327e-02  2.08732624e+00 
 7.68000655e-02  2.08732624e+00 
 7.68001310e-02  2.08732624e+00 
 7.68002621e-02  2.08732624e+00 
 7.68005242e-02  2.08732624e+00 
 7.68010485e-02  2.08732624e+00 
 7.68020971e-02  2.08732624e+00 
 7.68041942e-02  2.08732624e+00 
 7.68083885e-02  2.08732624e+00 
 7.68167772e-02  2.08732624e+00 
 7.68335544e-02  2.08732624e+00 
 7.68621629e-02  2.08732624e+00 
 7.69021629e-02  2.08732624e+00 
 7.69421629e-02  2.08732624e+00 
 7.69821629e-02  2.08732624e+00 
 7.70221629e-02  2.08732624e+00 
 7.70621629e-02  2.08732624e+00 
 7.71021629e-02  2.08732624e+00 
 7.71421629e-02  2.08732624e+00 
 7.71821629e-02  2.08732624e+00 
 7.71999992e-02  2.08732624e+00 
 7.71999993e-02  2.08732624e+00 
 7.71999994e-02  2.08732624e+00 
 7.71999998e-02  2.08732624e+00 
 7.72000000e-02  2.08732598e+00 
 7.72000001e-02  2.08732584e+00 
 7.72000002e-02  2.08732556e+00 
 7.72000004e-02  2.08732500e+00 
 7.72000010e-02  2.08732389e+00 
 7.72000020e-02  2.08732166e+00 
 7.72000040e-02  2.08731721e+00 
 7.72000081e-02  2.08730830e+00 
 7.72000163e-02  2.08729050e+00 
 7.72000327e-02  2.08725492e+00 
 7.72000655e-02  2.08718386e+00 
 7.72001310e-02  2.08704220e+00 
 7.72002621e-02  2.08676059e+00 
 7.72005242e-02  2.08620425e+00 
 7.72010485e-02  2.08511847e+00 
 7.72020971e-02  2.08305026e+00 
 7.72041942e-02  2.07929546e+00 
 7.72083885e-02  2.07309121e+00 
 7.72167772e-02  2.06454852e+00 
 7.72335544e-02  2.05627808e+00 
 7.72621629e-02  2.05273594e+00 
 7.73021629e-02  2.05250266e+00 
 7.73421629e-02  2.05252858e+00 
 7.73821629e-02  2.05252570e+00 
 7.74221629e-02  2.05252602e+00 
 7.74621629e-02  2.05252598e+00 
 7.75021629e-02  2.05252599e+00 
 7.75421629e-02  2.05252599e+00 
 7.75821629e-02  2.05252599e+00 
 7.75999992e-02  2.05252599e+00 
 7.75999993e-02  2.05252599e+00 
 7.75999994e-02  2.05252599e+00 
 7.75999998e-02  2.05252599e+00 
 7.76000000e-02  2.05252599e+00 
 7.76000001e-02  2.05252599e+00 
 7.76000002e-02  2.05252599e+00 
 7.76000004e-02  2.05252599e+00 
 7.76000010e-02  2.05252599e+00 
 7.76000020e-02  2.05252599e+00 
 7.76000040e-02  2.05252599e+00 
 7.76000081e-02  2.05252599e+00 
 7.76000163e-02  2.05252599e+00 
 7.76000327e-02  2.05252599e+00 
 7.76000655e-02  2.05252599e+00 
 7.76001310e-02  2.05252599e+00 
 7.76002621e-02  2.05252599e+00 
 7.76005242e-02  2.05252599e+00 
 7.76010485e-02  2.05252599e+00 
 7.76020971e-02  2.05252599e+00 
 7.76041942e-02  2.05252599e+00 
 7.76083885e-02  2.05252599e+00 
 7.76167772e-02  2.05252599e+00 
 7.76335544e-02  2.05252599e+00 
 7.76621133e-02  2.05252599e+00 
 7.77021133e-02  2.05252599e+00 
 7.77421133e-02  2.05252599e+00 
 7.77821133e-02  2.05252599e+00 
 7.78221133e-02  2.05252599e+00 
 7.78621133e-02  2.05252599e+00 
 7.79021133e-02  2.05252599e+00 
 7.79421133e-02  2.05252599e+00 
 7.79821133e-02  2.05252599e+00 
 7.79999992e-02  2.05252599e+00 
 7.79999993e-02  2.05252599e+00 
 7.79999994e-02  2.05252599e+00 
 7.79999998e-02  2.05252599e+00 
 7.80000000e-02  2.05252574e+00 
 7.80000001e-02  2.05252561e+00 
 7.80000002e-02  2.05252534e+00 
 7.80000004e-02  2.05252481e+00 
 7.80000010e-02  2.05252375e+00 
 7.80000020e-02  2.05252162e+00 
 7.80000040e-02  2.05251737e+00 
 7.80000081e-02  2.05250888e+00 
 7.80000163e-02  2.05249189e+00 
 7.80000327e-02  2.05245794e+00 
 7.80000655e-02  2.05239015e+00 
 7.80001310e-02  2.05225498e+00 
 7.80002621e-02  2.05198630e+00 
 7.80005242e-02  2.05145549e+00 
 7.80010485e-02  2.05041953e+00 
 7.80020971e-02  2.04844623e+00 
 7.80041942e-02  2.04486373e+00 
 7.80083885e-02  2.03894419e+00 
 7.80167772e-02  2.03079352e+00 
 7.80335544e-02  2.02290260e+00 
 7.80621133e-02  2.01952610e+00 
 7.81021133e-02  2.01930008e+00 
 7.81421133e-02  2.01932520e+00 
 7.81821133e-02  2.01932241e+00 
 7.82221133e-02  2.01932272e+00 
 7.82621133e-02  2.01932268e+00 
 7.83021133e-02  2.01932269e+00 
 7.83421133e-02  2.01932269e+00 
 7.83821133e-02  2.01932269e+00 
 7.83999992e-02  2.01932269e+00 
 7.83999993e-02  2.01932269e+00 
 7.83999994e-02  2.01932269e+00 
 7.83999998e-02  2.01932269e+00 
 7.84000000e-02  2.01932269e+00 
 7.84000001e-02  2.01932269e+00 
 7.84000002e-02  2.01932269e+00 
 7.84000004e-02  2.01932269e+00 
 7.84000010e-02  2.01932269e+00 
 7.84000020e-02  2.01932269e+00 
 7.84000040e-02  2.01932269e+00 
 7.84000081e-02  2.01932269e+00 
 7.84000163e-02  2.01932269e+00 
 7.84000327e-02  2.01932269e+00 
 7.84000655e-02  2.01932269e+00 
 7.84001310e-02  2.01932269e+00 
 7.84002621e-02  2.01932269e+00 
 7.84005242e-02  2.01932269e+00 
 7.84010485e-02  2.01932269e+00 
 7.84020971e-02  2.01932269e+00 
 7.84041942e-02  2.01932269e+00 
 7.84083885e-02  2.01932269e+00 
 7.84167772e-02  2.01932269e+00 
 7.84335544e-02  2.01932269e+00 
 7.84621389e-02  2.01932269e+00 
 7.85021389e-02  2.01932269e+00 
 7.85421389e-02  2.01932269e+00 
 7.85821389e-02  2.01932269e+00 
 7.86221389e-02  2.01932269e+00 
 7.86621389e-02  2.01932269e+00 
 7.87021389e-02  2.01932269e+00 
 7.87421389e-02  2.01932269e+00 
 7.87821389e-02  2.01932269e+00 
 7.87999992e-02  2.01932269e+00 
 7.87999993e-02  2.01932269e+00 
 7.87999994e-02  2.01932269e+00 
 7.87999998e-02  2.01932269e+00 
 7.88000000e-02  2.01932245e+00 
 7.88000001e-02  2.01932233e+00 
 7.88000002e-02  2.01932208e+00 
 7.88000004e-02  2.01932157e+00 
 7.88000010e-02  2.01932057e+00 
 7.88000020e-02  2.01931857e+00 
 7.88000040e-02  2.01931456e+00 
 7.88000081e-02  2.01930654e+00 
 7.88000163e-02  2.01929052e+00 
 7.88000327e-02  2.01925849e+00 
 7.88000655e-02  2.01919454e+00 
 7.88001310e-02  2.01906703e+00 
 7.88002621e-02  2.01881358e+00 
 7.88005242e-02  2.01831284e+00 
 7.88010485e-02  2.01733558e+00 
 7.88020971e-02  2.01547408e+00 
 7.88041942e-02  2.01209455e+00 
 7.88083885e-02  2.00651039e+00 
 7.88167772e-02  1.99882151e+00 
 7.88335544e-02  1.99137766e+00 
 7.88621389e-02  1.98819096e+00 
 7.89021389e-02  1.98797942e+00 
 7.89421389e-02  1.98800292e+00 
 7.89821389e-02  1.98800031e+00 
 7.90221389e-02  1.98800060e+00 
 7.90621389e-02  1.98800057e+00 
 7.91021389e-02  1.98800057e+00 
 7.91421389e-02  1.98800057e+00 
 7.91821389e-02  1.98800057e+00 
 7.91999992e-02  1.98800057e+00 
 7.91999993e-02  1.98800057e+00 
 7.91999994e-02  1.98800057e+00 
 7.91999998e-02  1.98800057e+00 
 7.92000000e-02  1.98800057e+00 
 7.92000001e-02  1.98800057e+00 
 7.92000002e-02  1.98800057e+00 
 7.92000004e-02  1.98800057e+00 
 7.92000010e-02  1.98800057e+00 
 7.92000020e-02  1.98800057e+00 
 7.92000040e-02  1.98800057e+00 
 7.92000081e-02  1.98800057e+00 
 7.92000163e-02  1.98800057e+00 
 7.92000327e-02  1.98800057e+00 
 7.92000655e-02  1.98800057e+00 
 7.92001310e-02  1.98800057e+00 
 7.92002621e-02  1.98800057e+00 
 7.92005242e-02  1.98800057e+00 
 7.92010485e-02  1.98800057e+00 
 7.92020971e-02  1.98800057e+00 
 7.92041942e-02  1.98800057e+00 
 7.92083885e-02  1.98800057e+00 
 7.92167772e-02  1.98800057e+00 
 7.92335544e-02  1.98800057e+00 
 7.92671088e-02  1.98800057e+00 
 7.93071088e-02  1.98800057e+00 
 7.93471088e-02  1.98800057e+00 
 7.93871088e-02  1.98800057e+00 
 7.94271088e-02  1.98800057e+00 
 7.94671088e-02  1.98800057e+00 
 7.95071088e-02  1.98800057e+00 
 7.95471088e-02  1.98800057e+00 
 7.95871088e-02  1.98800057e+00 
 7.95999992e-02  1.98800057e+00 
 7.95999993e-02  1.98800057e+00 
 7.95999994e-02  1.98800057e+00 
 7.95999998e-02  1.98800057e+00 
 7.96000000e-02  1.98800036e+00 
 7.96000001e-02  1.98800024e+00 
 7.96000002e-02  1.98800001e+00 
 7.96000004e-02  1.98799954e+00 
 7.96000010e-02  1.98799861e+00 
 7.96000020e-02  1.98799674e+00 
 7.96000040e-02  1.98799301e+00 
 7.96000081e-02  1.98798555e+00 
 7.96000163e-02  1.98797063e+00 
 7.96000327e-02  1.98794083e+00 
 7.96000655e-02  1.98788131e+00 
 7.96001310e-02  1.98776263e+00 
 7.96002621e-02  1.98752672e+00 
 7.96005242e-02  1.98706067e+00 
 7.96010485e-02  1.98615109e+00 
 7.96020971e-02  1.98441851e+00 
 7.96041942e-02  1.98127304e+00 
 7.96083885e-02  1.97607562e+00 
 7.96167772e-02  1.96891925e+00 
 7.96335544e-02  1.96199094e+00 
 7.96671088e-02  1.95877321e+00 
 7.97071088e-02  1.95885602e+00 
 7.97471088e-02  1.95884682e+00 
 7.97871088e-02  1.95884784e+00 
 7.98271088e-02  1.95884773e+00 
 7.98671088e-02  1.95884774e+00 
 7.99071088e-02  1.95884774e+00 
 7.99471088e-02  1.95884774e+00 
 7.99871088e-02  1.95884774e+00 
 7.99999992e-02  1.95884774e+00 
 7.99999993e-02  1.95884774e+00 
 7.99999994e-02  1.95884774e+00 
 7.99999998e-02  1.95884774e+00 
 8.00000000e-02  1.95884774e+00 
 8.00000001e-02  1.95884774e+00 
 8.00000002e-02  1.95884774e+00 
 8.00000004e-02  1.95884774e+00 
 8.00000010e-02  1.95884774e+00 
 8.00000020e-02  1.95884774e+00 
 8.00000040e-02  1.95884774e+00 
 8.00000081e-02  1.95884774e+00 
 8.00000163e-02  1.95884774e+00 
 8.00000327e-02  1.95884774e+00 
 8.00000655e-02  1.95884774e+00 
 8.00001310e-02  1.95884774e+00 
 8.00002621e-02  1.95884774e+00 
 8.00005242e-02  1.95884774e+00 
 8.00010485e-02  1.95884774e+00 
 8.00020971e-02  1.95884774e+00 
 8.00041942e-02  1.95884774e+00 
 8.00083885e-02  1.95884774e+00 
 8.00167772e-02  1.95884774e+00 
 8.00335544e-02  1.95884774e+00 
 8.00671088e-02  1.95884774e+00 
 8.01071088e-02  1.95884774e+00 
 8.01471088e-02  1.95884774e+00 
 8.01871088e-02  1.95884774e+00 
 8.02271088e-02  1.95884774e+00 
 8.02671088e-02  1.95884774e+00 
 8.03071088e-02  1.95884774e+00 
 8.03471088e-02  1.95884774e+00 
 8.03871088e-02  1.95884774e+00 
 8.03999992e-02  1.95884774e+00 
 8.03999993e-02  1.95884774e+00 
 8.03999994e-02  1.95884774e+00 
 8.03999998e-02  1.95884774e+00 
 8.04000000e-02  1.95884754e+00 
 8.04000001e-02  1.95884744e+00 
 8.04000002e-02  1.95884722e+00 
 8.04000004e-02  1.95884679e+00 
 8.04000010e-02  1.95884594e+00 
 8.04000020e-02  1.95884423e+00 
 8.04000040e-02  1.95884082e+00 
 8.04000081e-02  1.95883398e+00 
 8.04000163e-02  1.95882033e+00 
 8.04000327e-02  1.95879303e+00 
 8.04000655e-02  1.95873853e+00 
 8.04001310e-02  1.95862986e+00 
 8.04002621e-02  1.95841385e+00 
 8.04005242e-02  1.95798709e+00 
 8.04010485e-02  1.95715421e+00 
 8.04020971e-02  1.95556772e+00 
 8.04041942e-02  1.95268749e+00 
 8.04083885e-02  1.94792833e+00 
 8.04167772e-02  1.94137540e+00 
 8.04335544e-02  1.93503130e+00 
 8.04671088e-02  1.93208490e+00 
 8.05071088e-02  1.93216073e+00 
 8.05471088e-02  1.93215230e+00 
 8.05871088e-02  1.93215324e+00 
 8.06271088e-02  1.93215313e+00 
 8.06671088e-02  1.93215314e+00 
 8.07071088e-02  1.93215314e+00 
 8.07471088e-02  1.93215314e+00 
 8.07871088e-02  1.93215314e+00 
 8.07999992e-02  1.93215314e+00 
 8.07999993e-02  1.93215314e+00 
 8.07999994e-02  1.93215314e+00 
 8.07999998e-02  1.93215314e+00 
 8.08000000e-02  1.93215314e+00 
 8.08000001e-02  1.93215314e+00 
 8.08000002e-02  1.93215314e+00 
 8.08000004e-02  1.93215314e+00 
 8.08000010e-02  1.93215314e+00 
 8.08000020e-02  1.93215314e+00 
 8.08000040e-02  1.93215314e+00 
 8.08000081e-02  1.93215314e+00 
 8.08000163e-02  1.93215314e+00 
 8.08000327e-02  1.93215314e+00 
 8.08000655e-02  1.93215314e+00 
 8.08001310e-02  1.93215314e+00 
 8.08002621e-02  1.93215314e+00 
 8.08005242e-02  1.93215314e+00 
 8.08010485e-02  1.93215314e+00 
 8.08020971e-02  1.93215314e+00 
 8.08041942e-02  1.93215314e+00 
 8.08083885e-02  1.93215314e+00 
 8.08167772e-02  1.93215314e+00 
 8.08335544e-02  1.93215314e+00 
 8.08671088e-02  1.93215314e+00 
 8.09071088e-02  1.93215314e+00 
 8.09471088e-02  1.93215314e+00 
 8.09871088e-02  1.93215314e+00 
 8.10271088e-02  1.93215314e+00 
 8.10671088e-02  1.93215314e+00 
 8.11071088e-02  1.93215314e+00 
 8.11471088e-02  1.93215314e+00 
 8.11871088e-02  1.93215314e+00 
 8.11999992e-02  1.93215314e+00 
 8.11999993e-02  1.93215314e+00 
 8.11999994e-02  1.93215314e+00 
 8.11999998e-02  1.93215314e+00 
 8.12000000e-02  1.93215296e+00 
 8.12000001e-02  1.93215287e+00 
 8.12000002e-02  1.93215268e+00 
 8.12000004e-02  1.93215229e+00 
 8.12000010e-02  1.93215153e+00 
 8.12000020e-02  1.93214999e+00 
 8.12000040e-02  1.93214693e+00 
 8.12000081e-02  1.93214080e+00 
 8.12000163e-02  1.93212855e+00 
 8.12000327e-02  1.93210406e+00 
 8.12000655e-02  1.93205516e+00 
 8.12001310e-02  1.93195767e+00 
 8.12002621e-02  1.93176387e+00 
 8.12005242e-02  1.93138099e+00 
 8.12010485e-02  1.93063375e+00 
 8.12020971e-02  1.92921040e+00 
 8.12041942e-02  1.92662633e+00 
 8.12083885e-02  1.92235653e+00 
 8.12167772e-02  1.91647742e+00 
 8.12335544e-02  1.91078566e+00 
 8.12671088e-02  1.90814223e+00 
 8.13071088e-02  1.90821026e+00 
 8.13471088e-02  1.90820270e+00 
 8.13871088e-02  1.90820354e+00 
 8.14271088e-02  1.90820345e+00 
 8.14671088e-02  1.90820346e+00 
 8.15071088e-02  1.90820346e+00 
 8.15471088e-02  1.90820346e+00 
 8.15871088e-02  1.90820346e+00 
 8.15999992e-02  1.90820346e+00 
 8.15999993e-02  1.90820346e+00 
 8.15999994e-02  1.90820346e+00 
 8.15999998e-02  1.90820346e+00 
 8.16000000e-02  1.90820346e+00 
 8.16000001e-02  1.90820346e+00 
 8.16000002e-02  1.90820346e+00 
 8.16000004e-02  1.90820346e+00 
 8.16000010e-02  1.90820346e+00 
 8.16000020e-02  1.90820346e+00 
 8.16000040e-02  1.90820346e+00 
 8.16000081e-02  1.90820346e+00 
 8.16000163e-02  1.90820346e+00 
 8.16000327e-02  1.90820346e+00 
 8.16000655e-02  1.90820346e+00 
 8.16001310e-02  1.90820346e+00 
 8.16002621e-02  1.90820346e+00 
 8.16005242e-02  1.90820346e+00 
 8.16010485e-02  1.90820346e+00 
 8.16020971e-02  1.90820346e+00 
 8.16041942e-02  1.90820346e+00 
 8.16083885e-02  1.90820346e+00 
 8.16167772e-02  1.90820346e+00 
 8.16335544e-02  1.90820346e+00 
 8.16671088e-02  1.90820346e+00 
 8.17071088e-02  1.90820346e+00 
 8.17471088e-02  1.90820346e+00 
 8.17871088e-02  1.90820346e+00 
 8.18271088e-02  1.90820346e+00 
 8.18671088e-02  1.90820346e+00 
 8.19071088e-02  1.90820346e+00 
 8.19471088e-02  1.90820346e+00 
 8.19871088e-02  1.90820346e+00 
 8.19999992e-02  1.90820346e+00 
 8.19999993e-02  1.90820346e+00 
 8.19999994e-02  1.90820346e+00 
 8.19999998e-02  1.90820346e+00 
 8.20000000e-02  1.90820330e+00 
 8.20000001e-02  1.90820321e+00 
 8.20000002e-02  1.90820305e+00 
 8.20000004e-02  1.90820271e+00 
 8.20000010e-02  1.90820204e+00 
 8.20000020e-02  1.90820070e+00 
 8.20000040e-02  1.90819803e+00 
 8.20000081e-02  1.90819267e+00 
 8.20000163e-02  1.90818197e+00 
 8.20000327e-02  1.90816057e+00 
 8.20000655e-02  1.90811785e+00 
 8.20001310e-02  1.90803268e+00 
 8.20002621e-02  1.90786336e+00 
 8.20005242e-02  1.90752886e+00 
 8.20010485e-02  1.90687604e+00 
 8.20020971e-02  1.90563253e+00 
 8.20041942e-02  1.90337496e+00 
 8.20083885e-02  1.89964466e+00 
 8.20167772e-02  1.89450838e+00 
 8.20335544e-02  1.88953579e+00 
 8.20671088e-02  1.88722636e+00 
 8.21071088e-02  1.88728579e+00 
 8.21471088e-02  1.88727919e+00 
 8.21871088e-02  1.88727992e+00 
 8.22271088e-02  1.88727984e+00 
 8.22671088e-02  1.88727985e+00 
 8.23071088e-02  1.88727985e+00 
 8.23471088e-02  1.88727985e+00 
 8.23871088e-02  1.88727985e+00 
 8.23999992e-02  1.88727985e+00 
 8.23999993e-02  1.88727985e+00 
 8.23999994e-02  1.88727985e+00 
 8.23999998e-02  1.88727985e+00 
 8.24000000e-02  1.88727985e+00 
 8.24000001e-02  1.88727985e+00 
 8.24000002e-02  1.88727985e+00 
 8.24000004e-02  1.88727985e+00 
 8.24000010e-02  1.88727985e+00 
 8.24000020e-02  1.88727985e+00 
 8.24000040e-02  1.88727985e+00 
 8.24000081e-02  1.88727985e+00 
 8.24000163e-02  1.88727985e+00 
 8.24000327e-02  1.88727985e+00 
 8.24000655e-02  1.88727985e+00 
 8.24001310e-02  1.88727985e+00 
 8.24002621e-02  1.88727985e+00 
 8.24005242e-02  1.88727985e+00 
 8.24010485e-02  1.88727985e+00 
 8.24020971e-02  1.88727985e+00 
 8.24041942e-02  1.88727985e+00 
 8.24083885e-02  1.88727985e+00 
 8.24167772e-02  1.88727985e+00 
 8.24335544e-02  1.88727985e+00 
 8.24671088e-02  1.88727985e+00 
 8.25071088e-02  1.88727985e+00 
 8.25471088e-02  1.88727985e+00 
 8.25871088e-02  1.88727985e+00 
 8.26271088e-02  1.88727985e+00 
 8.26671088e-02  1.88727985e+00 
 8.27071088e-02  1.88727985e+00 
 8.27471088e-02  1.88727985e+00 
 8.27871088e-02  1.88727985e+00 
 8.27999992e-02  1.88727985e+00 
 8.27999993e-02  1.88727985e+00 
 8.27999994e-02  1.88727985e+00 
 8.27999998e-02  1.88727985e+00 
 8.28000000e-02  1.88727972e+00 
 8.28000001e-02  1.88727965e+00 
 8.28000002e-02  1.88727951e+00 
 8.28000004e-02  1.88727922e+00 
 8.28000010e-02  1.88727866e+00 
 8.28000020e-02  1.88727753e+00 
 8.28000040e-02  1.88727528e+00 
 8.28000081e-02  1.88727077e+00 
 8.28000163e-02  1.88726175e+00 
 8.28000327e-02  1.88724373e+00 
 8.28000655e-02  1.88720774e+00 
 8.28001310e-02  1.88713599e+00 
 8.28002621e-02  1.88699337e+00 
 8.28005242e-02  1.88671160e+00 
 8.28010485e-02  1.88616169e+00 
 8.28020971e-02  1.88511421e+00 
 8.28041942e-02  1.88321253e+00 
 8.28083885e-02  1.88007029e+00 
 8.28167772e-02  1.87574371e+00 
 8.28335544e-02  1.87155501e+00 
 8.28671088e-02  1.86960964e+00 
 8.29071088e-02  1.86965971e+00 
 8.29471088e-02  1.86965415e+00 
 8.29871088e-02  1.86965476e+00 
 8.30271088e-02  1.86965470e+00 
 8.30671088e-02  1.86965470e+00 
 8.31071088e-02  1.86965470e+00 
 8.31471088e-02  1.86965470e+00 
 8.31871088e-02  1.86965470e+00 
 8.31999992e-02  1.86965470e+00 
 8.31999993e-02  1.86965470e+00 
 8.31999994e-02  1.86965470e+00 
 8.31999998e-02  1.86965470e+00 
 8.32000000e-02  1.86965470e+00 
 8.32000001e-02  1.86965470e+00 
 8.32000002e-02  1.86965470e+00 
 8.32000004e-02  1.86965470e+00 
 8.32000010e-02  1.86965470e+00 
 8.32000020e-02  1.86965470e+00 
 8.32000040e-02  1.86965470e+00 
 8.32000081e-02  1.86965470e+00 
 8.32000163e-02  1.86965470e+00 
 8.32000327e-02  1.86965470e+00 
 8.32000655e-02  1.86965470e+00 
 8.32001310e-02  1.86965470e+00 
 8.32002621e-02  1.86965470e+00 
 8.32005242e-02  1.86965470e+00 
 8.32010485e-02  1.86965470e+00 
 8.32020971e-02  1.86965470e+00 
 8.32041942e-02  1.86965470e+00 
 8.32083885e-02  1.86965470e+00 
 8.32167772e-02  1.86965470e+00 
 8.32335544e-02  1.86965470e+00 
 8.32671088e-02  1.86965470e+00 
 8.33071088e-02  1.86965470e+00 
 8.33471088e-02  1.86965470e+00 
 8.33871088e-02  1.86965470e+00 
 8.34271088e-02  1.86965470e+00 
 8.34671088e-02  1.86965470e+00 
 8.35071088e-02  1.86965470e+00 
 8.35471088e-02  1.86965470e+00 
 8.35871088e-02  1.86965470e+00 
 8.35999992e-02  1.86965470e+00 
 8.35999993e-02  1.86965470e+00 
 8.35999994e-02  1.86965470e+00 
 8.35999998e-02  1.86965470e+00 
 8.36000000e-02  1.86965460e+00 
 8.36000001e-02  1.86965454e+00 
 8.36000002e-02  1.86965443e+00 
 8.36000004e-02  1.86965420e+00 
 8.36000010e-02  1.86965375e+00 
 8.36000020e-02  1.86965285e+00 
 8.36000040e-02  1.86965105e+00 
 8.36000081e-02  1.86964745e+00 
 8.36000163e-02  1.86964026e+00 
 8.36000327e-02  1.86962588e+00 
 8.36000655e-02  1.86959716e+00 
 8.36001310e-02  1.86953989e+00 
 8.36002621e-02  1.86942607e+00 
 8.36005242e-02  1.86920119e+00 
 8.36010485e-02  1.86876231e+00 
 8.36020971e-02  1.86792633e+00 
 8.36041942e-02  1.86640863e+00 
 8.36083885e-02  1.86390084e+00 
 8.36167772e-02  1.86044785e+00 
 8.36335544e-02  1.85710490e+00 
 8.36671088e-02  1.85555232e+00 
 8.37071088e-02  1.85559228e+00 
 8.37471088e-02  1.85558784e+00 
 8.37871088e-02  1.85558833e+00 
 8.38271088e-02  1.85558828e+00 
 8.38671088e-02  1.85558829e+00 
 8.39071088e-02  1.85558828e+00 
 8.39471088e-02  1.85558828e+00 
 8.39871088e-02  1.85558828e+00 
 8.39999992e-02  1.85558828e+00 
 8.39999993e-02  1.85558828e+00 
 8.39999994e-02  1.85558828e+00 
 8.39999998e-02  1.85558828e+00 
 8.40000000e-02  1.85558828e+00 
 8.40000001e-02  1.85558828e+00 
 8.40000002e-02  1.85558828e+00 
 8.40000004e-02  1.85558828e+00 
 8.40000010e-02  1.85558828e+00 
 8.40000020e-02  1.85558828e+00 
 8.40000040e-02  1.85558828e+00 
 8.40000081e-02  1.85558828e+00 
 8.40000163e-02  1.85558828e+00 
 8.40000327e-02  1.85558828e+00 
 8.40000655e-02  1.85558828e+00 
 8.40001310e-02  1.85558828e+00 
 8.40002621e-02  1.85558828e+00 
 8.40005242e-02  1.85558828e+00 
 8.40010485e-02  1.85558828e+00 
 8.40020971e-02  1.85558828e+00 
 8.40041942e-02  1.85558828e+00 
 8.40083885e-02  1.85558828e+00 
 8.40167772e-02  1.85558828e+00 
 8.40335544e-02  1.85558828e+00 
 8.40671088e-02  1.85558828e+00 
 8.41071088e-02  1.85558828e+00 
 8.41471088e-02  1.85558828e+00 
 8.41871088e-02  1.85558828e+00 
 8.42271088e-02  1.85558828e+00 
 8.42671088e-02  1.85558828e+00 
 8.43071088e-02  1.85558828e+00 
 8.43471088e-02  1.85558828e+00 
 8.43871088e-02  1.85558828e+00 
 8.43999992e-02  1.85558828e+00 
 8.43999993e-02  1.85558828e+00 
 8.43999994e-02  1.85558828e+00 
 8.43999998e-02  1.85558828e+00 
 8.44000000e-02  1.85558821e+00 
 8.44000001e-02  1.85558817e+00 
 8.44000002e-02  1.85558808e+00 
 8.44000004e-02  1.85558792e+00 
 8.44000010e-02  1.85558759e+00 
 8.44000020e-02  1.85558694e+00 
 8.44000040e-02  1.85558562e+00 
 8.44000081e-02  1.85558300e+00 
 8.44000163e-02  1.85557774e+00 
 8.44000327e-02  1.85556725e+00 
 8.44000655e-02  1.85554630e+00 
 8.44001310e-02  1.85550452e+00 
 8.44002621e-02  1.85542147e+00 
 8.44005242e-02  1.85525740e+00 
 8.44010485e-02  1.85493720e+00 
 8.44020971e-02  1.85432726e+00 
 8.44041942e-02  1.85321994e+00 
 8.44083885e-02  1.85139025e+00 
 8.44167772e-02  1.84887094e+00 
 8.44335544e-02  1.84643192e+00 
 8.44671088e-02  1.84529916e+00 
 8.45071088e-02  1.84532831e+00 
 8.45471088e-02  1.84532507e+00 
 8.45871088e-02  1.84532543e+00 
 8.46271088e-02  1.84532539e+00 
 8.46671088e-02  1.84532540e+00 
 8.47071088e-02  1.84532540e+00 
 8.47471088e-02  1.84532540e+00 
 8.47871088e-02  1.84532540e+00 
 8.47999992e-02  1.84532540e+00 
 8.47999993e-02  1.84532540e+00 
 8.47999994e-02  1.84532540e+00 
 8.47999998e-02  1.84532540e+00 
 8.48000000e-02  1.84532540e+00 
 8.48000001e-02  1.84532540e+00 
 8.48000002e-02  1.84532540e+00 
 8.48000004e-02  1.84532540e+00 
 8.48000010e-02  1.84532540e+00 
 8.48000020e-02  1.84532540e+00 
 8.48000040e-02  1.84532540e+00 
 8.48000081e-02  1.84532540e+00 
 8.48000163e-02  1.84532540e+00 
 8.48000327e-02  1.84532540e+00 
 8.48000655e-02  1.84532540e+00 
 8.48001310e-02  1.84532540e+00 
 8.48002621e-02  1.84532540e+00 
 8.48005242e-02  1.84532540e+00 
 8.48010485e-02  1.84532540e+00 
 8.48020971e-02  1.84532540e+00 
 8.48041942e-02  1.84532540e+00 
 8.48083885e-02  1.84532540e+00 
 8.48167772e-02  1.84532540e+00 
 8.48335544e-02  1.84532540e+00 
 8.48671088e-02  1.84532540e+00 
 8.49071088e-02  1.84532540e+00 
 8.49471088e-02  1.84532540e+00 
 8.49871088e-02  1.84532540e+00 
 8.50271088e-02  1.84532540e+00 
 8.50671088e-02  1.84532540e+00 
 8.51071088e-02  1.84532540e+00 
 8.51471088e-02  1.84532540e+00 
 8.51871088e-02  1.84532540e+00 
 8.51999992e-02  1.84532540e+00 
 8.51999993e-02  1.84532540e+00 
 8.51999994e-02  1.84532540e+00 
 8.51999998e-02  1.84532540e+00 
 8.52000000e-02  1.84532535e+00 
 8.52000001e-02  1.84532533e+00 
 8.52000002e-02  1.84532528e+00 
 8.52000004e-02  1.84532518e+00 
 8.52000010e-02  1.84532498e+00 
 8.52000020e-02  1.84532458e+00 
 8.52000040e-02  1.84532378e+00 
 8.52000081e-02  1.84532218e+00 
 8.52000163e-02  1.84531900e+00 
 8.52000327e-02  1.84531262e+00 
 8.52000655e-02  1.84529990e+00 
 8.52001310e-02  1.84527452e+00 
 8.52002621e-02  1.84522408e+00 
 8.52005242e-02  1.84512443e+00 
 8.52010485e-02  1.84492994e+00 
 8.52020971e-02  1.84455948e+00 
 8.52041942e-02  1.84388692e+00 
 8.52083885e-02  1.84277561e+00 
 8.52167772e-02  1.84124545e+00 
 8.52335544e-02  1.83976404e+00 
 8.52671088e-02  1.83907603e+00 
 8.53071088e-02  1.83909374e+00 
 8.53471088e-02  1.83909177e+00 
 8.53871088e-02  1.83909199e+00 
 8.54271088e-02  1.83909196e+00 
 8.54671088e-02  1.83909197e+00 
 8.55071088e-02  1.83909197e+00 
 8.55471088e-02  1.83909197e+00 
 8.55871088e-02  1.83909197e+00 
 8.55999992e-02  1.83909197e+00 
 8.55999993e-02  1.83909197e+00 
 8.55999994e-02  1.83909197e+00 
 8.55999998e-02  1.83909197e+00 
 8.56000000e-02  1.83909197e+00 
 8.56000001e-02  1.83909197e+00 
 8.56000002e-02  1.83909197e+00 
 8.56000004e-02  1.83909197e+00 
 8.56000010e-02  1.83909197e+00 
 8.56000020e-02  1.83909197e+00 
 8.56000040e-02  1.83909197e+00 
 8.56000081e-02  1.83909197e+00 
 8.56000163e-02  1.83909197e+00 
 8.56000327e-02  1.83909197e+00 
 8.56000655e-02  1.83909197e+00 
 8.56001310e-02  1.83909197e+00 
 8.56002621e-02  1.83909197e+00 
 8.56005242e-02  1.83909197e+00 
 8.56010485e-02  1.83909197e+00 
 8.56020971e-02  1.83909197e+00 
 8.56041942e-02  1.83909197e+00 
 8.56083885e-02  1.83909197e+00 
 8.56167772e-02  1.83909197e+00 
 8.56335544e-02  1.83909197e+00 
 8.56671088e-02  1.83909197e+00 
 8.57071088e-02  1.83909197e+00 
 8.57471088e-02  1.83909197e+00 
 8.57871088e-02  1.83909197e+00 
 8.58271088e-02  1.83909197e+00 
 8.58671088e-02  1.83909197e+00 
 8.59071088e-02  1.83909197e+00 
 8.59471088e-02  1.83909197e+00 
 8.59871088e-02  1.83909197e+00 
 8.59999992e-02  1.83909197e+00 
 8.59999993e-02  1.83909197e+00 
 8.59999994e-02  1.83909197e+00 
 8.59999998e-02  1.83909197e+00 
 8.60000000e-02  1.83909195e+00 
 8.60000001e-02  1.83909194e+00 
 8.60000002e-02  1.83909193e+00 
 8.60000004e-02  1.83909190e+00 
 8.60000010e-02  1.83909183e+00 
 8.60000020e-02  1.83909170e+00 
 8.60000040e-02  1.83909145e+00 
 8.60000081e-02  1.83909094e+00 
 8.60000163e-02  1.83908991e+00 
 8.60000327e-02  1.83908787e+00 
 8.60000655e-02  1.83908378e+00 
 8.60001310e-02  1.83907564e+00 
 8.60002621e-02  1.83905945e+00 
 8.60005242e-02  1.83902747e+00 
 8.60010485e-02  1.83896506e+00 
 8.60020971e-02  1.83884617e+00 
 8.60041942e-02  1.83863033e+00 
 8.60083885e-02  1.83827368e+00 
 8.60167772e-02  1.83778262e+00 
 8.60335544e-02  1.83730720e+00 
 8.60671088e-02  1.83708640e+00 
 8.61071088e-02  1.83709208e+00 
 8.61471088e-02  1.83709145e+00 
 8.61871088e-02  1.83709152e+00 
 8.62271088e-02  1.83709152e+00 
 8.62671088e-02  1.83709152e+00 
 8.63071088e-02  1.83709152e+00 
 8.63471088e-02  1.83709152e+00 
 8.63871088e-02  1.83709152e+00 
 8.63999992e-02  1.83709152e+00 
 8.63999993e-02  1.83709152e+00 
 8.63999994e-02  1.83709152e+00 
 8.63999998e-02  1.83709152e+00 
 8.64000000e-02  1.83709152e+00 
 8.64000001e-02  1.83709152e+00 
 8.64000002e-02  1.83709152e+00 
 8.64000004e-02  1.83709152e+00 
 8.64000010e-02  1.83709152e+00 
 8.64000020e-02  1.83709152e+00 
 8.64000040e-02  1.83709152e+00 
 8.64000081e-02  1.83709152e+00 
 8.64000163e-02  1.83709152e+00 
 8.64000327e-02  1.83709152e+00 
 8.64000655e-02  1.83709152e+00 
 8.64001310e-02  1.83709152e+00 
 8.64002621e-02  1.83709152e+00 
 8.64005242e-02  1.83709152e+00 
 8.64010485e-02  1.83709152e+00 
 8.64020971e-02  1.83709152e+00 
 8.64041942e-02  1.83709152e+00 
 8.64083885e-02  1.83709152e+00 
 8.64167772e-02  1.83709152e+00 
 8.64335544e-02  1.83709152e+00 
 8.64671088e-02  1.83709152e+00 
 8.65071088e-02  1.83709152e+00 
 8.65471088e-02  1.83709152e+00 
 8.65871088e-02  1.83709152e+00 
 8.66271088e-02  1.83709152e+00 
 8.66671088e-02  1.83709152e+00 
 8.67071088e-02  1.83709152e+00 
 8.67471088e-02  1.83709152e+00 
 8.67871088e-02  1.83709152e+00 
 8.67999992e-02  1.83709152e+00 
 8.67999993e-02  1.83709152e+00 
 8.67999994e-02  1.83709152e+00 
 8.67999998e-02  1.83709152e+00 
 8.68000000e-02  1.83709153e+00 
 8.68000001e-02  1.83709154e+00 
 8.68000002e-02  1.83709156e+00 
 8.68000004e-02  1.83709160e+00 
 8.68000010e-02  1.83709168e+00 
 8.68000020e-02  1.83709183e+00 
 8.68000040e-02  1.83709214e+00 
 8.68000081e-02  1.83709276e+00 
 8.68000163e-02  1.83709399e+00 
 8.68000327e-02  1.83709645e+00 
 8.68000655e-02  1.83710138e+00 
 8.68001310e-02  1.83711119e+00 
 8.68002621e-02  1.83713069e+00 
 8.68005242e-02  1.83716921e+00 
 8.68010485e-02  1.83724440e+00 
 8.68020971e-02  1.83738763e+00 
 8.68041942e-02  1.83764765e+00 
 8.68083885e-02  1.83807729e+00 
 8.68167772e-02  1.83866888e+00 
 8.68335544e-02  1.83924161e+00 
 8.68671088e-02  1.83950760e+00 
 8.69071088e-02  1.83950075e+00 
 8.69471088e-02  1.83950151e+00 
 8.69871088e-02  1.83950143e+00 
 8.70271088e-02  1.83950144e+00 
 8.70671088e-02  1.83950144e+00 
 8.71071088e-02  1.83950144e+00 
 8.71471088e-02  1.83950144e+00 
 8.71871088e-02  1.83950144e+00 
 8.71999992e-02  1.83950144e+00 
 8.71999993e-02  1.83950144e+00 
 8.71999994e-02  1.83950144e+00 
 8.71999998e-02  1.83950144e+00 
 8.72000000e-02  1.83950144e+00 
 8.72000001e-02  1.83950144e+00 
 8.72000002e-02  1.83950144e+00 
 8.72000004e-02  1.83950144e+00 
 8.72000010e-02  1.83950144e+00 
 8.72000020e-02  1.83950144e+00 
 8.72000040e-02  1.83950144e+00 
 8.72000081e-02  1.83950144e+00 
 8.72000163e-02  1.83950144e+00 
 8.72000327e-02  1.83950144e+00 
 8.72000655e-02  1.83950144e+00 
 8.72001310e-02  1.83950144e+00 
 8.72002621e-02  1.83950144e+00 
 8.72005242e-02  1.83950144e+00 
 8.72010485e-02  1.83950144e+00 
 8.72020971e-02  1.83950144e+00 
 8.72041942e-02  1.83950144e+00 
 8.72083885e-02  1.83950144e+00 
 8.72167772e-02  1.83950144e+00 
 8.72335544e-02  1.83950144e+00 
 8.72671088e-02  1.83950144e+00 
 8.73071088e-02  1.83950144e+00 
 8.73471088e-02  1.83950144e+00 
 8.73871088e-02  1.83950144e+00 
 8.74271088e-02  1.83950144e+00 
 8.74671088e-02  1.83950144e+00 
 8.75071088e-02  1.83950144e+00 
 8.75471088e-02  1.83950144e+00 
 8.75871088e-02  1.83950144e+00 
 8.75999992e-02  1.83950144e+00 
 8.75999993e-02  1.83950144e+00 
 8.75999994e-02  1.83950144e+00 
 8.75999998e-02  1.83950144e+00 
 8.76000000e-02  1.83950149e+00 
 8.76000001e-02  1.83950152e+00 
 8.76000002e-02  1.83950157e+00 
 8.76000004e-02  1.83950169e+00 
 8.76000010e-02  1.83950191e+00 
 8.76000020e-02  1.83950235e+00 
 8.76000040e-02  1.83950325e+00 
 8.76000081e-02  1.83950503e+00 
 8.76000163e-02  1.83950859e+00 
 8.76000327e-02  1.83951572e+00 
 8.76000655e-02  1.83952994e+00 
 8.76001310e-02  1.83955831e+00 
 8.76002621e-02  1.83961469e+00 
 8.76005242e-02  1.83972608e+00 
 8.76010485e-02  1.83994347e+00 
 8.76020971e-02  1.84035755e+00 
 8.76041942e-02  1.84110932e+00 
 8.76083885e-02  1.84235151e+00 
 8.76167772e-02  1.84406188e+00 
 8.76335544e-02  1.84571775e+00 
 8.76671088e-02  1.84648679e+00 
 8.77071088e-02  1.84646700e+00 
 8.77471088e-02  1.84646920e+00 
 8.77871088e-02  1.84646896e+00 
 8.78271088e-02  1.84646898e+00 
 8.78671088e-02  1.84646898e+00 
 8.79071088e-02  1.84646898e+00 
 8.79471088e-02  1.84646898e+00 
 8.79871088e-02  1.84646898e+00 
 8.79999992e-02  1.84646898e+00 
 8.79999993e-02  1.84646898e+00 
 8.79999994e-02  1.84646898e+00 
 8.79999998e-02  1.84646898e+00 
 8.80000000e-02  1.84646898e+00 
 8.80000001e-02  1.84646898e+00 
 8.80000002e-02  1.84646898e+00 
 8.80000004e-02  1.84646898e+00 
 8.80000010e-02  1.84646898e+00 
 8.80000020e-02  1.84646898e+00 
 8.80000040e-02  1.84646898e+00 
 8.80000081e-02  1.84646898e+00 
 8.80000163e-02  1.84646898e+00 
 8.80000327e-02  1.84646898e+00 
 8.80000655e-02  1.84646898e+00 
 8.80001310e-02  1.84646898e+00 
 8.80002621e-02  1.84646898e+00 
 8.80005242e-02  1.84646898e+00 
 8.80010485e-02  1.84646898e+00 
 8.80020971e-02  1.84646898e+00 
 8.80041942e-02  1.84646898e+00 
 8.80083885e-02  1.84646898e+00 
 8.80167772e-02  1.84646898e+00 
 8.80335544e-02  1.84646898e+00 
 8.80671088e-02  1.84646898e+00 
 8.81071088e-02  1.84646898e+00 
 8.81471088e-02  1.84646898e+00 
 8.81871088e-02  1.84646898e+00 
 8.82271088e-02  1.84646898e+00 
 8.82671088e-02  1.84646898e+00 
 8.83071088e-02  1.84646898e+00 
 8.83471088e-02  1.84646898e+00 
 8.83871088e-02  1.84646898e+00 
 8.83999992e-02  1.84646898e+00 
 8.83999993e-02  1.84646898e+00 
 8.83999994e-02  1.84646898e+00 
 8.83999998e-02  1.84646898e+00 
 8.84000000e-02  1.84646907e+00 
 8.84000001e-02  1.84646911e+00 
 8.84000002e-02  1.84646921e+00 
 8.84000004e-02  1.84646939e+00 
 8.84000010e-02  1.84646977e+00 
 8.84000020e-02  1.84647051e+00 
 8.84000040e-02  1.84647200e+00 
 8.84000081e-02  1.84647498e+00 
 8.84000163e-02  1.84648093e+00 
 8.84000327e-02  1.84649283e+00 
 8.84000655e-02  1.84651659e+00 
 8.84001310e-02  1.84656397e+00 
 8.84002621e-02  1.84665814e+00 
 8.84005242e-02  1.84684419e+00 
 8.84010485e-02  1.84720730e+00 
 8.84020971e-02  1.84789894e+00 
 8.84041942e-02  1.84915462e+00 
 8.84083885e-02  1.85122944e+00 
 8.84167772e-02  1.85408627e+00 
 8.84335544e-02  1.85685206e+00 
 8.84671088e-02  1.85813658e+00 
 8.85071088e-02  1.85810352e+00 
 8.85471088e-02  1.85810719e+00 
 8.85871088e-02  1.85810679e+00 
 8.86271088e-02  1.85810683e+00 
 8.86671088e-02  1.85810683e+00 
 8.87071088e-02  1.85810683e+00 
 8.87471088e-02  1.85810683e+00 
 8.87871088e-02  1.85810683e+00 
 8.87999992e-02  1.85810683e+00 
 8.87999993e-02  1.85810683e+00 
 8.87999994e-02  1.85810683e+00 
 8.87999998e-02  1.85810683e+00 
 8.88000000e-02  1.85810683e+00 
 8.88000001e-02  1.85810683e+00 
 8.88000002e-02  1.85810683e+00 
 8.88000004e-02  1.85810683e+00 
 8.88000010e-02  1.85810683e+00 
 8.88000020e-02  1.85810683e+00 
 8.88000040e-02  1.85810683e+00 
 8.88000081e-02  1.85810683e+00 
 8.88000163e-02  1.85810683e+00 
 8.88000327e-02  1.85810683e+00 
 8.88000655e-02  1.85810683e+00 
 8.88001310e-02  1.85810683e+00 
 8.88002621e-02  1.85810683e+00 
 8.88005242e-02  1.85810683e+00 
 8.88010485e-02  1.85810683e+00 
 8.88020971e-02  1.85810683e+00 
 8.88041942e-02  1.85810683e+00 
 8.88083885e-02  1.85810683e+00 
 8.88167772e-02  1.85810683e+00 
 8.88335544e-02  1.85810683e+00 
 8.88671088e-02  1.85810683e+00 
 8.89071088e-02  1.85810683e+00 
 8.89471088e-02  1.85810683e+00 
 8.89871088e-02  1.85810683e+00 
 8.90271088e-02  1.85810683e+00 
 8.90671088e-02  1.85810683e+00 
 8.91071088e-02  1.85810683e+00 
 8.91471088e-02  1.85810683e+00 
 8.91871088e-02  1.85810683e+00 
 8.91999992e-02  1.85810683e+00 
 8.91999993e-02  1.85810683e+00 
 8.91999994e-02  1.85810683e+00 
 8.91999998e-02  1.85810683e+00 
 8.92000000e-02  1.85810695e+00 
 8.92000001e-02  1.85810701e+00 
 8.92000002e-02  1.85810715e+00 
 8.92000004e-02  1.85810741e+00 
 8.92000010e-02  1.85810793e+00 
 8.92000020e-02  1.85810898e+00 
 8.92000040e-02  1.85811108e+00 
 8.92000081e-02  1.85811527e+00 
 8.92000163e-02  1.85812365e+00 
 8.92000327e-02  1.85814040e+00 
 8.92000655e-02  1.85817384e+00 
 8.92001310e-02  1.85824053e+00 
 8.92002621e-02  1.85837309e+00 
 8.92005242e-02  1.85863497e+00 
 8.92010485e-02  1.85914608e+00 
 8.92020971e-02  1.86011964e+00 
 8.92041942e-02  1.86188712e+00 
 8.92083885e-02  1.86480762e+00 
 8.92167772e-02  1.86882888e+00 
 8.92335544e-02  1.87272199e+00 
 8.92671088e-02  1.87453007e+00 
 8.93071088e-02  1.87448354e+00 
 8.93471088e-02  1.87448871e+00 
 8.93871088e-02  1.87448814e+00 
 8.94271088e-02  1.87448820e+00 
 8.94671088e-02  1.87448819e+00 
 8.95071088e-02  1.87448819e+00 
 8.95471088e-02  1.87448819e+00 
 8.95871088e-02  1.87448819e+00 
 8.95999992e-02  1.87448819e+00 
 8.95999993e-02  1.87448819e+00 
 8.95999994e-02  1.87448819e+00 
 8.95999998e-02  1.87448819e+00 
 8.96000000e-02  1.87448819e+00 
 8.96000001e-02  1.87448819e+00 
 8.96000002e-02  1.87448819e+00 
 8.96000004e-02  1.87448819e+00 
 8.96000010e-02  1.87448819e+00 
 8.96000020e-02  1.87448819e+00 
 8.96000040e-02  1.87448819e+00 
 8.96000081e-02  1.87448819e+00 
 8.96000163e-02  1.87448819e+00 
 8.96000327e-02  1.87448819e+00 
 8.96000655e-02  1.87448819e+00 
 8.96001310e-02  1.87448819e+00 
 8.96002621e-02  1.87448819e+00 
 8.96005242e-02  1.87448819e+00 
 8.96010485e-02  1.87448819e+00 
 8.96020971e-02  1.87448819e+00 
 8.96041942e-02  1.87448819e+00 
 8.96083885e-02  1.87448819e+00 
 8.96167772e-02  1.87448819e+00 
 8.96335544e-02  1.87448819e+00 
 8.96671088e-02  1.87448819e+00 
 8.97071088e-02  1.87448819e+00 
 8.97471088e-02  1.87448819e+00 
 8.97871088e-02  1.87448819e+00 
 8.98271088e-02  1.87448819e+00 
 8.98671088e-02  1.87448819e+00 
 8.99071088e-02  1.87448819e+00 
 8.99471088e-02  1.87448819e+00 
 8.99871088e-02  1.87448819e+00 
 8.99999992e-02  1.87448819e+00 
 8.99999993e-02  1.87448819e+00 
 8.99999994e-02  1.87448819e+00 
 8.99999998e-02  1.87448819e+00 
 9.00000000e-02  1.87448835e+00 
 9.00000001e-02  1.87448844e+00 
 9.00000002e-02  1.87448861e+00 
 9.00000004e-02  1.87448894e+00 
 9.00000010e-02  1.87448962e+00 
 9.00000020e-02  1.87449098e+00 
 9.00000040e-02  1.87449368e+00 
 9.00000081e-02  1.87449910e+00 
 9.00000163e-02  1.87450992e+00 
 9.00000327e-02  1.87453155e+00 
 9.00000655e-02  1.87457473e+00 
 9.00001310e-02  1.87466085e+00 
 9.00002621e-02  1.87483202e+00 
 9.00005242e-02  1.87517019e+00 
 9.00010485e-02  1.87583017e+00 
 9.00020971e-02  1.87708733e+00 
 9.00041942e-02  1.87936967e+00 
 9.00083885e-02  1.88314090e+00 
 9.00167772e-02  1.88833353e+00 
 9.00335544e-02  1.89336068e+00 
 9.00671088e-02  1.89569546e+00 
 9.01071088e-02  1.89563537e+00 
 9.01471088e-02  1.89564204e+00 
 9.01871088e-02  1.89564130e+00 
 9.02271088e-02  1.89564138e+00 
 9.02671088e-02  1.89564137e+00 
 9.03071088e-02  1.89564138e+00 
 9.03471088e-02  1.89564138e+00 
 9.03871088e-02  1.89564138e+00 
 9.03999992e-02  1.89564138e+00 
 9.03999993e-02  1.89564138e+00 
 9.03999994e-02  1.89564138e+00 
 9.03999998e-02  1.89564138e+00 
 9.04000000e-02  1.89564138e+00 
 9.04000001e-02  1.89564138e+00 
 9.04000002e-02  1.89564138e+00 
 9.04000004e-02  1.89564138e+00 
 9.04000010e-02  1.89564138e+00 
 9.04000020e-02  1.89564138e+00 
 9.04000040e-02  1.89564138e+00 
 9.04000081e-02  1.89564138e+00 
 9.04000163e-02  1.89564138e+00 
 9.04000327e-02  1.89564138e+00 
 9.04000655e-02  1.89564138e+00 
 9.04001310e-02  1.89564138e+00 
 9.04002621e-02  1.89564138e+00 
 9.04005242e-02  1.89564138e+00 
 9.04010485e-02  1.89564138e+00 
 9.04020971e-02  1.89564138e+00 
 9.04041942e-02  1.89564138e+00 
 9.04083885e-02  1.89564138e+00 
 9.04167772e-02  1.89564138e+00 
 9.04335544e-02  1.89564138e+00 
 9.04671088e-02  1.89564138e+00 
 9.05071088e-02  1.89564138e+00 
 9.05471088e-02  1.89564138e+00 
 9.05871088e-02  1.89564138e+00 
 9.06271088e-02  1.89564138e+00 
 9.06671088e-02  1.89564138e+00 
 9.07071088e-02  1.89564138e+00 
 9.07471088e-02  1.89564138e+00 
 9.07871088e-02  1.89564138e+00 
 9.07999992e-02  1.89564138e+00 
 9.07999993e-02  1.89564138e+00 
 9.07999994e-02  1.89564138e+00 
 9.07999998e-02  1.89564138e+00 
 9.08000000e-02  1.89564157e+00 
 9.08000001e-02  1.89564167e+00 
 9.08000002e-02  1.89564188e+00 
 9.08000004e-02  1.89564229e+00 
 9.08000010e-02  1.89564312e+00 
 9.08000020e-02  1.89564478e+00 
 9.08000040e-02  1.89564810e+00 
 9.08000081e-02  1.89565472e+00 
 9.08000163e-02  1.89566798e+00 
 9.08000327e-02  1.89569446e+00 
 9.08000655e-02  1.89574734e+00 
 9.08001310e-02  1.89585279e+00 
 9.08002621e-02  1.89606239e+00 
 9.08005242e-02  1.89647649e+00 
 9.08010485e-02  1.89728465e+00 
 9.08020971e-02  1.89882405e+00 
 9.08041942e-02  1.90161881e+00 
 9.08083885e-02  1.90623674e+00 
 9.08167772e-02  1.91259519e+00 
 9.08335544e-02  1.91875102e+00 
 9.08671088e-02  1.92160998e+00 
 9.09071088e-02  1.92153640e+00 
 9.09471088e-02  1.92154457e+00 
 9.09871088e-02  1.92154367e+00 
 9.10271088e-02  1.92154377e+00 
 9.10671088e-02  1.92154376e+00 
 9.11071088e-02  1.92154376e+00 
 9.11471088e-02  1.92154376e+00 
 9.11871088e-02  1.92154376e+00 
 9.11999992e-02  1.92154376e+00 
 9.11999993e-02  1.92154376e+00 
 9.11999994e-02  1.92154376e+00 
 9.11999998e-02  1.92154376e+00 
 9.12000000e-02  1.92154376e+00 
 9.12000001e-02  1.92154376e+00 
 9.12000002e-02  1.92154376e+00 
 9.12000004e-02  1.92154376e+00 
 9.12000010e-02  1.92154376e+00 
 9.12000020e-02  1.92154376e+00 
 9.12000040e-02  1.92154376e+00 
 9.12000081e-02  1.92154376e+00 
 9.12000163e-02  1.92154376e+00 
 9.12000327e-02  1.92154376e+00 
 9.12000655e-02  1.92154376e+00 
 9.12001310e-02  1.92154376e+00 
 9.12002621e-02  1.92154376e+00 
 9.12005242e-02  1.92154376e+00 
 9.12010485e-02  1.92154376e+00 
 9.12020971e-02  1.92154376e+00 
 9.12041942e-02  1.92154376e+00 
 9.12083885e-02  1.92154376e+00 
 9.12167772e-02  1.92154376e+00 
 9.12335544e-02  1.92154376e+00 
 9.12671088e-02  1.92154376e+00 
 9.13071088e-02  1.92154376e+00 
 9.13471088e-02  1.92154376e+00 
 9.13871088e-02  1.92154376e+00 
 9.14271088e-02  1.92154376e+00 
 9.14671088e-02  1.92154376e+00 
 9.15071088e-02  1.92154376e+00 
 9.15471088e-02  1.92154376e+00 
 9.15871088e-02  1.92154376e+00 
 9.15999992e-02  1.92154376e+00 
 9.15999993e-02  1.92154376e+00 
 9.15999994e-02  1.92154376e+00 
 9.15999998e-02  1.92154376e+00 
 9.16000000e-02  1.92154399e+00 
 9.16000001e-02  1.92154411e+00 
 9.16000002e-02  1.92154435e+00 
 9.16000004e-02  1.92154484e+00 
 9.16000010e-02  1.92154582e+00 
 9.16000020e-02  1.92154778e+00 
 9.16000040e-02  1.92155169e+00 
 9.16000081e-02  1.92155951e+00 
 9.16000163e-02  1.92157515e+00 
 9.16000327e-02  1.92160641e+00 
 9.16000655e-02  1.92166883e+00 
 9.16001310e-02  1.92179328e+00 
 9.16002621e-02  1.92204067e+00 
 9.16005242e-02  1.92252941e+00 
 9.16010485e-02  1.92348326e+00 
 9.16020971e-02  1.92530016e+00 
 9.16041942e-02  1.92859872e+00 
 9.16083885e-02  1.93404909e+00 
 9.16167772e-02  1.94155375e+00 
 9.16335544e-02  1.94881926e+00 
 9.16671088e-02  1.95219359e+00 
 9.17071088e-02  1.95210674e+00 
 9.17471088e-02  1.95211639e+00 
 9.17871088e-02  1.95211532e+00 
 9.18271088e-02  1.95211544e+00 
 9.18671088e-02  1.95211543e+00 
 9.19071088e-02  1.95211543e+00 
 9.19471088e-02  1.95211543e+00 
 9.19871088e-02  1.95211543e+00 
 9.19999992e-02  1.95211543e+00 
 9.19999993e-02  1.95211543e+00 
 9.19999994e-02  1.95211543e+00 
 9.19999998e-02  1.95211543e+00 
 9.20000000e-02  1.95211543e+00 
 9.20000001e-02  1.95211543e+00 
 9.20000002e-02  1.95211543e+00 
 9.20000004e-02  1.95211543e+00 
 9.20000010e-02  1.95211543e+00 
 9.20000020e-02  1.95211543e+00 
 9.20000040e-02  1.95211543e+00 
 9.20000081e-02  1.95211543e+00 
 9.20000163e-02  1.95211543e+00 
 9.20000327e-02  1.95211543e+00 
 9.20000655e-02  1.95211543e+00 
 9.20001310e-02  1.95211543e+00 
 9.20002621e-02  1.95211543e+00 
 9.20005242e-02  1.95211543e+00 
 9.20010485e-02  1.95211543e+00 
 9.20020971e-02  1.95211543e+00 
 9.20041942e-02  1.95211543e+00 
 9.20083885e-02  1.95211543e+00 
 9.20167772e-02  1.95211543e+00 
 9.20335544e-02  1.95211543e+00 
 9.20671088e-02  1.95211543e+00 
 9.21071088e-02  1.95211543e+00 
 9.21471088e-02  1.95211543e+00 
 9.21871088e-02  1.95211543e+00 
 9.22271088e-02  1.95211543e+00 
 9.22671088e-02  1.95211543e+00 
 9.23071088e-02  1.95211543e+00 
 9.23471088e-02  1.95211543e+00 
 9.23871088e-02  1.95211543e+00 
 9.23999992e-02  1.95211543e+00 
 9.23999993e-02  1.95211543e+00 
 9.23999994e-02  1.95211543e+00 
 9.23999998e-02  1.95211543e+00 
 9.24000000e-02  1.95211569e+00 
 9.24000001e-02  1.95211583e+00 
 9.24000002e-02  1.95211611e+00 
 9.24000004e-02  1.95211667e+00 
 9.24000010e-02  1.95211780e+00 
 9.24000020e-02  1.95212004e+00 
 9.24000040e-02  1.95212453e+00 
 9.24000081e-02  1.95213352e+00 
 9.24000163e-02  1.95215147e+00 
 9.24000327e-02  1.95218736e+00 
 9.24000655e-02  1.95225901e+00 
 9.24001310e-02  1.95240189e+00 
 9.24002621e-02  1.95268590e+00 
 9.24005242e-02  1.95324699e+00 
 9.24010485e-02  1.95434203e+00 
 9.24020971e-02  1.95642789e+00 
 9.24041942e-02  1.96021474e+00 
 9.24083885e-02  1.96647194e+00 
 9.24167772e-02  1.97508752e+00 
 9.24335544e-02  1.98342855e+00 
 9.24671088e-02  1.98730238e+00 
 9.25071088e-02  1.98720268e+00 
 9.25471088e-02  1.98721376e+00 
 9.25871088e-02  1.98721253e+00 
 9.26271088e-02  1.98721267e+00 
 9.26671088e-02  1.98721265e+00 
 9.27071088e-02  1.98721265e+00 
 9.27471088e-02  1.98721265e+00 
 9.27871088e-02  1.98721265e+00 
 9.27999992e-02  1.98721265e+00 
 9.27999993e-02  1.98721265e+00 
 9.27999994e-02  1.98721265e+00 
 9.27999998e-02  1.98721265e+00 
 9.28000000e-02  1.98721265e+00 
 9.28000001e-02  1.98721265e+00 
 9.28000002e-02  1.98721265e+00 
 9.28000004e-02  1.98721265e+00 
 9.28000010e-02  1.98721265e+00 
 9.28000020e-02  1.98721265e+00 
 9.28000040e-02  1.98721265e+00 
 9.28000081e-02  1.98721265e+00 
 9.28000163e-02  1.98721265e+00 
 9.28000327e-02  1.98721265e+00 
 9.28000655e-02  1.98721265e+00 
 9.28001310e-02  1.98721265e+00 
 9.28002621e-02  1.98721265e+00 
 9.28005242e-02  1.98721265e+00 
 9.28010485e-02  1.98721265e+00 
 9.28020971e-02  1.98721265e+00 
 9.28041942e-02  1.98721265e+00 
 9.28083885e-02  1.98721265e+00 
 9.28167772e-02  1.98721265e+00 
 9.28335544e-02  1.98721265e+00 
 9.28671088e-02  1.98721265e+00 
 9.29071088e-02  1.98721265e+00 
 9.29471088e-02  1.98721265e+00 
 9.29871088e-02  1.98721265e+00 
 9.30271088e-02  1.98721265e+00 
 9.30671088e-02  1.98721265e+00 
 9.31071088e-02  1.98721265e+00 
 9.31471088e-02  1.98721265e+00 
 9.31871088e-02  1.98721265e+00 
 9.31999992e-02  1.98721265e+00 
 9.31999993e-02  1.98721265e+00 
 9.31999994e-02  1.98721265e+00 
 9.31999998e-02  1.98721265e+00 
 9.32000000e-02  1.98721295e+00 
 9.32000001e-02  1.98721311e+00 
 9.32000002e-02  1.98721342e+00 
 9.32000004e-02  1.98721405e+00 
 9.32000010e-02  1.98721531e+00 
 9.32000020e-02  1.98721784e+00 
 9.32000040e-02  1.98722288e+00 
 9.32000081e-02  1.98723296e+00 
 9.32000163e-02  1.98725313e+00 
 9.32000327e-02  1.98729342e+00 
 9.32000655e-02  1.98737388e+00 
 9.32001310e-02  1.98753431e+00 
 9.32002621e-02  1.98785321e+00 
 9.32005242e-02  1.98848323e+00 
 9.32010485e-02  1.98971281e+00 
 9.32020971e-02  1.99205492e+00 
 9.32041942e-02  1.99630699e+00 
 9.32083885e-02  2.00333291e+00 
 9.32167772e-02  2.01300695e+00 
 9.32335544e-02  2.02237270e+00 
 9.32671088e-02  2.02672245e+00 
 9.33071088e-02  2.02661050e+00 
 9.33471088e-02  2.02662294e+00 
 9.33871088e-02  2.02662156e+00 
 9.34271088e-02  2.02662171e+00 
 9.34671088e-02  2.02662169e+00 
 9.35071088e-02  2.02662170e+00 
 9.35471088e-02  2.02662170e+00 
 9.35871088e-02  2.02662170e+00 
 9.35999992e-02  2.02662170e+00 
 9.35999993e-02  2.02662170e+00 
 9.35999994e-02  2.02662170e+00 
 9.35999998e-02  2.02662170e+00 
 9.36000000e-02  2.02662170e+00 
 9.36000001e-02  2.02662170e+00 
 9.36000002e-02  2.02662170e+00 
 9.36000004e-02  2.02662170e+00 
 9.36000010e-02  2.02662170e+00 
 9.36000020e-02  2.02662170e+00 
 9.36000040e-02  2.02662170e+00 
 9.36000081e-02  2.02662170e+00 
 9.36000163e-02  2.02662170e+00 
 9.36000327e-02  2.02662170e+00 
 9.36000655e-02  2.02662170e+00 
 9.36001310e-02  2.02662170e+00 
 9.36002621e-02  2.02662170e+00 
 9.36005242e-02  2.02662170e+00 
 9.36010485e-02  2.02662170e+00 
 9.36020971e-02  2.02662170e+00 
 9.36041942e-02  2.02662170e+00 
 9.36083885e-02  2.02662170e+00 
 9.36167772e-02  2.02662170e+00 
 9.36335544e-02  2.02662170e+00 
 9.36671088e-02  2.02662170e+00 
 9.37071088e-02  2.02662170e+00 
 9.37471088e-02  2.02662170e+00 
 9.37871088e-02  2.02662170e+00 
 9.38271088e-02  2.02662170e+00 
 9.38671088e-02  2.02662170e+00 
 9.39071088e-02  2.02662170e+00 
 9.39471088e-02  2.02662170e+00 
 9.39871088e-02  2.02662170e+00 
 9.39999992e-02  2.02662170e+00 
 9.39999993e-02  2.02662170e+00 
 9.39999994e-02  2.02662170e+00 
 9.39999998e-02  2.02662170e+00 
 9.40000000e-02  2.02662202e+00 
 9.40000001e-02  2.02662220e+00 
 9.40000002e-02  2.02662254e+00 
 9.40000004e-02  2.02662324e+00 
 9.40000010e-02  2.02662463e+00 
 9.40000020e-02  2.02662741e+00 
 9.40000040e-02  2.02663296e+00 
 9.40000081e-02  2.02664408e+00 
 9.40000163e-02  2.02666630e+00 
 9.40000327e-02  2.02671071e+00 
 9.40000655e-02  2.02679938e+00 
 9.40001310e-02  2.02697619e+00 
 9.40002621e-02  2.02732764e+00 
 9.40005242e-02  2.02802197e+00 
 9.40010485e-02  2.02937706e+00 
 9.40020971e-02  2.03195826e+00 
 9.40041942e-02  2.03664439e+00 
 9.40083885e-02  2.04438751e+00 
 9.40167772e-02  2.05504908e+00 
 9.40335544e-02  2.06537088e+00 
 9.40671088e-02  2.07016466e+00 
 9.41071088e-02  2.07004128e+00 
 9.41471088e-02  2.07005499e+00 
 9.41871088e-02  2.07005347e+00 
 9.42271088e-02  2.07005364e+00 
 9.42671088e-02  2.07005362e+00 
 9.43071088e-02  2.07005362e+00 
 9.43471088e-02  2.07005362e+00 
 9.43871088e-02  2.07005362e+00 
 9.43999992e-02  2.07005362e+00 
 9.43999993e-02  2.07005362e+00 
 9.43999994e-02  2.07005362e+00 
 9.43999998e-02  2.07005362e+00 
 9.44000000e-02  2.07005362e+00 
 9.44000001e-02  2.07005362e+00 
 9.44000002e-02  2.07005362e+00 
 9.44000004e-02  2.07005362e+00 
 9.44000010e-02  2.07005362e+00 
 9.44000020e-02  2.07005362e+00 
 9.44000040e-02  2.07005362e+00 
 9.44000081e-02  2.07005362e+00 
 9.44000163e-02  2.07005362e+00 
 9.44000327e-02  2.07005362e+00 
 9.44000655e-02  2.07005362e+00 
 9.44001310e-02  2.07005362e+00 
 9.44002621e-02  2.07005362e+00 
 9.44005242e-02  2.07005362e+00 
 9.44010485e-02  2.07005362e+00 
 9.44020971e-02  2.07005362e+00 
 9.44041942e-02  2.07005362e+00 
 9.44083885e-02  2.07005362e+00 
 9.44167772e-02  2.07005362e+00 
 9.44335544e-02  2.07005362e+00 
 9.44671088e-02  2.07005362e+00 
 9.45071088e-02  2.07005362e+00 
 9.45471088e-02  2.07005362e+00 
 9.45871088e-02  2.07005362e+00 
 9.46271088e-02  2.07005362e+00 
 9.46671088e-02  2.07005362e+00 
 9.47071088e-02  2.07005362e+00 
 9.47471088e-02  2.07005362e+00 
 9.47871088e-02  2.07005362e+00 
 9.47999992e-02  2.07005362e+00 
 9.47999993e-02  2.07005362e+00 
 9.47999994e-02  2.07005362e+00 
 9.47999998e-02  2.07005362e+00 
 9.48000000e-02  2.07005397e+00 
 9.48000001e-02  2.07005416e+00 
 9.48000002e-02  2.07005454e+00 
 9.48000004e-02  2.07005529e+00 
 9.48000010e-02  2.07005680e+00 
 9.48000020e-02  2.07005981e+00 
 9.48000040e-02  2.07006584e+00 
 9.48000081e-02  2.07007789e+00 
 9.48000163e-02  2.07010198e+00 
 9.48000327e-02  2.07015012e+00 
 9.48000655e-02  2.07024626e+00 
 9.48001310e-02  2.07043795e+00 
 9.48002621e-02  2.07081898e+00 
 9.48005242e-02  2.07157175e+00 
 9.48010485e-02  2.07304090e+00 
 9.48020971e-02  2.07583934e+00 
 9.48041942e-02  2.08091988e+00 
 9.48083885e-02  2.08931470e+00 
 9.48167772e-02  2.10087361e+00 
 9.48335544e-02  2.11206415e+00 
 9.48671088e-02  2.11726140e+00 
 9.49071088e-02  2.11712764e+00 
 9.49471088e-02  2.11714250e+00 
 9.49871088e-02  2.11714085e+00 
 9.50271088e-02  2.11714103e+00 
 9.50671088e-02  2.11714101e+00 
 9.51071088e-02  2.11714101e+00 
 9.51471088e-02  2.11714101e+00 
 9.51871088e-02  2.11714101e+00 
 9.51999992e-02  2.11714101e+00 
 9.51999993e-02  2.11714101e+00 
 9.51999994e-02  2.11714101e+00 
 9.51999998e-02  2.11714101e+00 
 9.52000000e-02  2.11714101e+00 
 9.52000001e-02  2.11714101e+00 
 9.52000002e-02  2.11714101e+00 
 9.52000004e-02  2.11714101e+00 
 9.52000010e-02  2.11714101e+00 
 9.52000020e-02  2.11714101e+00 
 9.52000040e-02  2.11714101e+00 
 9.52000081e-02  2.11714101e+00 
 9.52000163e-02  2.11714101e+00 
 9.52000327e-02  2.11714101e+00 
 9.52000655e-02  2.11714101e+00 
 9.52001310e-02  2.11714101e+00 
 9.52002621e-02  2.11714101e+00 
 9.52005242e-02  2.11714101e+00 
 9.52010485e-02  2.11714101e+00 
 9.52020971e-02  2.11714101e+00 
 9.52041942e-02  2.11714101e+00 
 9.52083885e-02  2.11714101e+00 
 9.52167772e-02  2.11714101e+00 
 9.52335544e-02  2.11714101e+00 
 9.52671088e-02  2.11714101e+00 
 9.53071088e-02  2.11714101e+00 
 9.53471088e-02  2.11714101e+00 
 9.53871088e-02  2.11714101e+00 
 9.54271088e-02  2.11714101e+00 
 9.54671088e-02  2.11714101e+00 
 9.55071088e-02  2.11714101e+00 
 9.55471088e-02  2.11714101e+00 
 9.55871088e-02  2.11714101e+00 
 9.55999992e-02  2.11714101e+00 
 9.55999993e-02  2.11714101e+00 
 9.55999994e-02  2.11714101e+00 
 9.55999998e-02  2.11714101e+00 
 9.56000000e-02  2.11714139e+00 
 9.56000001e-02  2.11714159e+00 
 9.56000002e-02  2.11714199e+00 
 9.56000004e-02  2.11714280e+00 
 9.56000010e-02  2.11714441e+00 
 9.56000020e-02  2.11714763e+00 
 9.56000040e-02  2.11715406e+00 
 9.56000081e-02  2.11716693e+00 
 9.56000163e-02  2.11719267e+00 
 9.56000327e-02  2.11724409e+00 
 9.56000655e-02  2.11734678e+00 
 9.56001310e-02  2.11755153e+00 
 9.56002621e-02  2.11795853e+00 
 9.56005242e-02  2.11876261e+00 
 9.56010485e-02  2.12033188e+00 
 9.56020971e-02  2.12332105e+00 
 9.56041942e-02  2.12874784e+00 
 9.56083885e-02  2.13771480e+00 
 9.56167772e-02  2.15006148e+00 
 9.56335544e-02  2.16201470e+00 
 9.56671088e-02  2.16756615e+00 
 9.57071088e-02  2.16742328e+00 
 9.57471088e-02  2.16743915e+00 
 9.57871088e-02  2.16743739e+00 
 9.58271088e-02  2.16743759e+00 
 9.58671088e-02  2.16743756e+00 
 9.59071088e-02  2.16743757e+00 
 9.59471088e-02  2.16743757e+00 
 9.59871088e-02  2.16743757e+00 
 9.59999992e-02  2.16743757e+00 
 9.59999993e-02  2.16743757e+00 
 9.59999994e-02  2.16743757e+00 
 9.59999998e-02  2.16743757e+00 
 9.60000000e-02  2.16743757e+00 
 9.60000001e-02  2.16743757e+00 
 9.60000002e-02  2.16743757e+00 
 9.60000004e-02  2.16743757e+00 
 9.60000010e-02  2.16743757e+00 
 9.60000020e-02  2.16743757e+00 
 9.60000040e-02  2.16743757e+00 
 9.60000081e-02  2.16743757e+00 
 9.60000163e-02  2.16743757e+00 
 9.60000327e-02  2.16743757e+00 
 9.60000655e-02  2.16743757e+00 
 9.60001310e-02  2.16743757e+00 
 9.60002621e-02  2.16743757e+00 
 9.60005242e-02  2.16743757e+00 
 9.60010485e-02  2.16743757e+00 
 9.60020971e-02  2.16743757e+00 
 9.60041942e-02  2.16743757e+00 
 9.60083885e-02  2.16743757e+00 
 9.60167772e-02  2.16743757e+00 
 9.60335544e-02  2.16743757e+00 
 9.60671088e-02  2.16743757e+00 
 9.61071088e-02  2.16743757e+00 
 9.61471088e-02  2.16743757e+00 
 9.61871088e-02  2.16743757e+00 
 9.62271088e-02  2.16743757e+00 
 9.62671088e-02  2.16743757e+00 
 9.63071088e-02  2.16743757e+00 
 9.63471088e-02  2.16743757e+00 
 9.63871088e-02  2.16743757e+00 
 9.63999992e-02  2.16743757e+00 
 9.63999993e-02  2.16743757e+00 
 9.63999994e-02  2.16743757e+00 
 9.63999998e-02  2.16743757e+00 
 9.64000000e-02  2.16743796e+00 
 9.64000001e-02  2.16743818e+00 
 9.64000002e-02  2.16743860e+00 
 9.64000004e-02  2.16743945e+00 
 9.64000010e-02  2.16744114e+00 
 9.64000020e-02  2.16744453e+00 
 9.64000040e-02  2.16745131e+00 
 9.64000081e-02  2.16746487e+00 
 9.64000163e-02  2.16749198e+00 
 9.64000327e-02  2.16754615e+00 
 9.64000655e-02  2.16765433e+00 
 9.64001310e-02  2.16787002e+00 
 9.64002621e-02  2.16829877e+00 
 9.64005242e-02  2.16914581e+00 
 9.64010485e-02  2.17079893e+00 
 9.64020971e-02  2.17394782e+00 
 9.64041942e-02  2.17966458e+00 
 9.64083885e-02  2.18911068e+00 
 9.64167772e-02  2.20211708e+00 
 9.64335544e-02  2.21470900e+00 
 9.64671088e-02  2.22055708e+00 
 9.65071088e-02  2.22040657e+00 
 9.65471088e-02  2.22042330e+00 
 9.65871088e-02  2.22042144e+00 
 9.66271088e-02  2.22042165e+00 
 9.66671088e-02  2.22042162e+00 
 9.67071088e-02  2.22042163e+00 
 9.67471088e-02  2.22042163e+00 
 9.67871088e-02  2.22042163e+00 
 9.67999992e-02  2.22042163e+00 
 9.67999993e-02  2.22042163e+00 
 9.67999994e-02  2.22042163e+00 
 9.67999998e-02  2.22042163e+00 
 9.68000000e-02  2.22042163e+00 
 9.68000001e-02  2.22042163e+00 
 9.68000002e-02  2.22042163e+00 
 9.68000004e-02  2.22042163e+00 
 9.68000010e-02  2.22042163e+00 
 9.68000020e-02  2.22042163e+00 
 9.68000040e-02  2.22042163e+00 
 9.68000081e-02  2.22042163e+00 
 9.68000163e-02  2.22042163e+00 
 9.68000327e-02  2.22042163e+00 
 9.68000655e-02  2.22042163e+00 
 9.68001310e-02  2.22042163e+00 
 9.68002621e-02  2.22042163e+00 
 9.68005242e-02  2.22042163e+00 
 9.68010485e-02  2.22042163e+00 
 9.68020971e-02  2.22042163e+00 
 9.68041942e-02  2.22042163e+00 
 9.68083885e-02  2.22042163e+00 
 9.68167772e-02  2.22042163e+00 
 9.68335544e-02  2.22042163e+00 
 9.68671088e-02  2.22042163e+00 
 9.69071088e-02  2.22042163e+00 
 9.69471088e-02  2.22042163e+00 
 9.69871088e-02  2.22042163e+00 
 9.70271088e-02  2.22042163e+00 
 9.70671088e-02  2.22042163e+00 
 9.71071088e-02  2.22042163e+00 
 9.71471088e-02  2.22042163e+00 
 9.71871088e-02  2.22042163e+00 
 9.71999992e-02  2.22042163e+00 
 9.71999993e-02  2.22042163e+00 
 9.71999994e-02  2.22042163e+00 
 9.71999998e-02  2.22042163e+00 
 9.72000000e-02  2.22042204e+00 
 9.72000001e-02  2.22042226e+00 
 9.72000002e-02  2.22042270e+00 
 9.72000004e-02  2.22042358e+00 
 9.72000010e-02  2.22042534e+00 
 9.72000020e-02  2.22042887e+00 
 9.72000040e-02  2.22043592e+00 
 9.72000081e-02  2.22045001e+00 
 9.72000163e-02  2.22047819e+00 
 9.72000327e-02  2.22053451e+00 
 9.72000655e-02  2.22064698e+00 
 9.72001310e-02  2.22087121e+00 
 9.72002621e-02  2.22131694e+00 
 9.72005242e-02  2.22219754e+00 
 9.72010485e-02  2.22391615e+00 
 9.72020971e-02  2.22718977e+00 
 9.72041942e-02  2.23313299e+00 
 9.72083885e-02  2.24295328e+00 
 9.72167772e-02  2.25647490e+00 
 9.72335544e-02  2.26956562e+00 
 9.72671088e-02  2.27564537e+00 
 9.73071088e-02  2.27548890e+00 
 9.73471088e-02  2.27550628e+00 
 9.73871088e-02  2.27550435e+00 
 9.74271088e-02  2.27550456e+00 
 9.74671088e-02  2.27550454e+00 
 9.75071088e-02  2.27550454e+00 
 9.75471088e-02  2.27550454e+00 
 9.75871088e-02  2.27550454e+00 
 9.75999992e-02  2.27550454e+00 
 9.75999993e-02  2.27550454e+00 
 9.75999994e-02  2.27550454e+00 
 9.75999998e-02  2.27550454e+00 
 9.76000000e-02  2.27550454e+00 
 9.76000001e-02  2.27550454e+00 
 9.76000002e-02  2.27550454e+00 
 9.76000004e-02  2.27550454e+00 
 9.76000010e-02  2.27550454e+00 
 9.76000020e-02  2.27550454e+00 
 9.76000040e-02  2.27550454e+00 
 9.76000081e-02  2.27550454e+00 
 9.76000163e-02  2.27550454e+00 
 9.76000327e-02  2.27550454e+00 
 9.76000655e-02  2.27550454e+00 
 9.76001310e-02  2.27550454e+00 
 9.76002621e-02  2.27550454e+00 
 9.76005242e-02  2.27550454e+00 
 9.76010485e-02  2.27550454e+00 
 9.76020971e-02  2.27550454e+00 
 9.76041942e-02  2.27550454e+00 
 9.76083885e-02  2.27550454e+00 
 9.76167772e-02  2.27550454e+00 
 9.76335544e-02  2.27550454e+00 
 9.76671088e-02  2.27550454e+00 
 9.77071088e-02  2.27550454e+00 
 9.77471088e-02  2.27550454e+00 
 9.77871088e-02  2.27550454e+00 
 9.78271088e-02  2.27550454e+00 
 9.78671088e-02  2.27550454e+00 
 9.79071088e-02  2.27550454e+00 
 9.79471088e-02  2.27550454e+00 
 9.79871088e-02  2.27550454e+00 
 9.79999992e-02  2.27550454e+00 
 9.79999993e-02  2.27550454e+00 
 9.79999994e-02  2.27550454e+00 
 9.79999998e-02  2.27550454e+00 
 9.80000000e-02  2.27550497e+00 
 9.80000001e-02  2.27550519e+00 
 9.80000002e-02  2.27550565e+00 
 9.80000004e-02  2.27550655e+00 
 9.80000010e-02  2.27550836e+00 
 9.80000020e-02  2.27551198e+00 
 9.80000040e-02  2.27551921e+00 
 9.80000081e-02  2.27553368e+00 
 9.80000163e-02  2.27556261e+00 
 9.80000327e-02  2.27562042e+00 
 9.80000655e-02  2.27573585e+00 
 9.80001310e-02  2.27596602e+00 
 9.80002621e-02  2.27642354e+00 
 9.80005242e-02  2.27732743e+00 
 9.80010485e-02  2.27909149e+00 
 9.80020971e-02  2.28245170e+00 
 9.80041942e-02  2.28855212e+00 
 9.80083885e-02  2.29863214e+00 
 9.80167772e-02  2.31251140e+00 
 9.80335544e-02  2.32594836e+00 
 9.80671088e-02  2.33218891e+00 
 9.81071088e-02  2.33202830e+00 
 9.81471088e-02  2.33204615e+00 
 9.81871088e-02  2.33204417e+00 
 9.82271088e-02  2.33204439e+00 
 9.82671088e-02  2.33204436e+00 
 9.83071088e-02  2.33204437e+00 
 9.83471088e-02  2.33204437e+00 
 9.83871088e-02  2.33204437e+00 
 9.83999992e-02  2.33204437e+00 
 9.83999993e-02  2.33204437e+00 
 9.83999994e-02  2.33204437e+00 
 9.83999998e-02  2.33204437e+00 
 9.84000000e-02  2.33204437e+00 
 9.84000001e-02  2.33204437e+00 
 9.84000002e-02  2.33204437e+00 
 9.84000004e-02  2.33204437e+00 
 9.84000010e-02  2.33204437e+00 
 9.84000020e-02  2.33204437e+00 
 9.84000040e-02  2.33204437e+00 
 9.84000081e-02  2.33204437e+00 
 9.84000163e-02  2.33204437e+00 
 9.84000327e-02  2.33204437e+00 
 9.84000655e-02  2.33204437e+00 
 9.84001310e-02  2.33204437e+00 
 9.84002621e-02  2.33204437e+00 
 9.84005242e-02  2.33204437e+00 
 9.84010485e-02  2.33204437e+00 
 9.84020971e-02  2.33204437e+00 
 9.84041942e-02  2.33204437e+00 
 9.84083885e-02  2.33204437e+00 
 9.84167772e-02  2.33204437e+00 
 9.84335544e-02  2.33204437e+00 
 9.84671088e-02  2.33204437e+00 
 9.85071088e-02  2.33204437e+00 
 9.85471088e-02  2.33204437e+00 
 9.85871088e-02  2.33204437e+00 
 9.86271088e-02  2.33204437e+00 
 9.86671088e-02  2.33204437e+00 
 9.87071088e-02  2.33204437e+00 
 9.87471088e-02  2.33204437e+00 
 9.87871088e-02  2.33204437e+00 
 9.87999992e-02  2.33204437e+00 
 9.87999993e-02  2.33204437e+00 
 9.87999994e-02  2.33204437e+00 
 9.87999998e-02  2.33204437e+00 
 9.88000000e-02  2.33204480e+00 
 9.88000001e-02  2.33204502e+00 
 9.88000002e-02  2.33204548e+00 
 9.88000004e-02  2.33204640e+00 
 9.88000010e-02  2.33204823e+00 
 9.88000020e-02  2.33205190e+00 
 9.88000040e-02  2.33205924e+00 
 9.88000081e-02  2.33207391e+00 
 9.88000163e-02  2.33210323e+00 
 9.88000327e-02  2.33216184e+00 
 9.88000655e-02  2.33227887e+00 
 9.88001310e-02  2.33251221e+00 
 9.88002621e-02  2.33297605e+00 
 9.88005242e-02  2.33389242e+00 
 9.88010485e-02  2.33568083e+00 
 9.88020971e-02  2.33908743e+00 
 9.88041942e-02  2.34527205e+00 
 9.88083885e-02  2.35549123e+00 
 9.88167772e-02  2.36956208e+00 
 9.88335544e-02  2.38318453e+00 
 9.88671088e-02  2.38951123e+00 
 9.89071088e-02  2.38934840e+00 
 9.89471088e-02  2.38936650e+00 
 9.89871088e-02  2.38936449e+00 
 9.90271088e-02  2.38936471e+00 
 9.90671088e-02  2.38936468e+00 
 9.91071088e-02  2.38936469e+00 
 9.91471088e-02  2.38936469e+00 
 9.91871088e-02  2.38936469e+00 
 9.91999992e-02  2.38936469e+00 
 9.91999993e-02  2.38936469e+00 
 9.91999994e-02  2.38936469e+00 
 9.91999998e-02  2.38936469e+00 
 9.92000000e-02  2.38936469e+00 
 9.92000001e-02  2.38936469e+00 
 9.92000002e-02  2.38936469e+00 
 9.92000004e-02  2.38936469e+00 
 9.92000010e-02  2.38936469e+00 
 9.92000020e-02  2.38936469e+00 
 9.92000040e-02  2.38936469e+00 
 9.92000081e-02  2.38936469e+00 
 9.92000163e-02  2.38936469e+00 
 9.92000327e-02  2.38936469e+00 
 9.92000655e-02  2.38936469e+00 
 9.92001310e-02  2.38936469e+00 
 9.92002621e-02  2.38936469e+00 
 9.92005242e-02  2.38936469e+00 
 9.92010485e-02  2.38936469e+00 
 9.92020971e-02  2.38936469e+00 
 9.92041942e-02  2.38936469e+00 
 9.92083885e-02  2.38936469e+00 
 9.92167772e-02  2.38936469e+00 
 9.92335544e-02  2.38936469e+00 
 9.92671088e-02  2.38936469e+00 
 9.93071088e-02  2.38936469e+00 
 9.93471088e-02  2.38936469e+00 
 9.93871088e-02  2.38936469e+00 
 9.94271088e-02  2.38936469e+00 
 9.94671088e-02  2.38936469e+00 
 9.95071088e-02  2.38936469e+00 
 9.95471088e-02  2.38936469e+00 
 9.95871088e-02  2.38936469e+00 
 9.95999992e-02  2.38936469e+00 
 9.95999993e-02  2.38936469e+00 
 9.95999994e-02  2.38936469e+00 
 9.95999998e-02  2.38936469e+00 
 9.96000000e-02  2.38936512e+00 
 9.96000001e-02  2.38936535e+00 
 9.96000002e-02  2.38936581e+00 
 9.96000004e-02  2.38936672e+00 
 9.96000010e-02  2.38936856e+00 
 9.96000020e-02  2.38937224e+00 
 9.96000040e-02  2.38937958e+00 
 9.96000081e-02  2.38939427e+00 
 9.96000163e-02  2.38942365e+00 
 9.96000327e-02  2.38948235e+00 
 9.96000655e-02  2.38959957e+00 
 9.96001310e-02  2.38983329e+00 
 9.96002621e-02  2.39029788e+00 
 9.96005242e-02  2.39121573e+00 
 9.96010485e-02  2.39300704e+00 
 9.96020971e-02  2.39641915e+00 
 9.96041942e-02  2.40261379e+00 
 9.96083885e-02  2.41284951e+00 
 9.96167772e-02  2.42694314e+00 
 9.96335544e-02  2.44058765e+00 
 9.96671088e-02  2.44692459e+00 
 9.97071088e-02  2.44676150e+00 
 9.97471088e-02  2.44677962e+00 
 9.97871088e-02  2.44677761e+00 
 9.98271088e-02  2.44677783e+00 
 9.98671088e-02  2.44677781e+00 
 9.99071088e-02  2.44677781e+00 
 9.99471088e-02  2.44677781e+00 
 9.99871088e-02  2.44677781e+00 
 9.99999992e-02  2.44677781e+00 
 9.99999993e-02  2.44677781e+00 
 9.99999994e-02  2.44677781e+00 
 9.99999998e-02  2.44677781e+00 
 1.00000000e-01  2.44677781e+00 
 1.00000000e-01  2.44677781e+00 
 1.00000000e-01  2.44677781e+00 
 1.00000000e-01  2.44677781e+00 
 1.00000001e-01  2.44677781e+00 
 1.00000002e-01  2.44677781e+00 
 1.00000004e-01  2.44677781e+00 
 1.00000008e-01  2.44677781e+00 
 1.00000016e-01  2.44677781e+00 
 1.00000033e-01  2.44677781e+00 
 1.00000065e-01  2.44677781e+00 
 1.00000131e-01  2.44677781e+00 
 1.00000262e-01  2.44677781e+00 
 1.00000524e-01  2.44677781e+00 
 1.00001049e-01  2.44677781e+00 
 1.00002097e-01  2.44677781e+00 
 1.00004194e-01  2.44677781e+00 
 1.00008389e-01  2.44677781e+00 
 1.00016777e-01  2.44677781e+00 
 1.00033554e-01  2.44677781e+00 
 1.00067109e-01  2.44677781e+00 
 1.00107109e-01  2.44677781e+00 
 1.00147109e-01  2.44677781e+00 
 1.00187109e-01  2.44677781e+00 
 1.00227109e-01  2.44677781e+00 
 1.00267109e-01  2.44677781e+00 
 1.00307109e-01  2.44677781e+00 
 1.00347109e-01  2.44677781e+00 
 1.00387109e-01  2.44677781e+00 
 1.00399999e-01  2.44677781e+00 
 1.00399999e-01  2.44677781e+00 
 1.00399999e-01  2.44677781e+00 
 1.00400000e-01  2.44677781e+00 
 1.00400000e-01  2.44677824e+00 
 1.00400000e-01  2.44677846e+00 
 1.00400000e-01  2.44677892e+00 
 1.00400000e-01  2.44677983e+00 
 1.00400001e-01  2.44678164e+00 
 1.00400002e-01  2.44678528e+00 
 1.00400004e-01  2.44679255e+00 
 1.00400008e-01  2.44680710e+00 
 1.00400016e-01  2.44683617e+00 
 1.00400033e-01  2.44689428e+00 
 1.00400065e-01  2.44701032e+00 
 1.00400131e-01  2.44724168e+00 
 1.00400262e-01  2.44770157e+00 
 1.00400524e-01  2.44861014e+00 
 1.00401049e-01  2.45038334e+00 
 1.00402097e-01  2.45376096e+00 
 1.00404194e-01  2.45989297e+00 
 1.00408389e-01  2.47002521e+00 
 1.00416777e-01  2.48397636e+00 
 1.00433554e-01  2.49748293e+00 
 1.00467109e-01  2.50375581e+00 
 1.00507109e-01  2.50359436e+00 
 1.00547109e-01  2.50361230e+00 
 1.00587109e-01  2.50361031e+00 
 1.00627109e-01  2.50361053e+00 
 1.00667109e-01  2.50361050e+00 
 1.00707109e-01  2.50361051e+00 
 1.00747109e-01  2.50361051e+00 
 1.00787109e-01  2.50361051e+00 
 1.00799999e-01  2.50361051e+00 
 1.00799999e-01  2.50361051e+00 
 1.00799999e-01  2.50361051e+00 
 1.00800000e-01  2.50361051e+00 
 1.00800000e-01  2.50361051e+00 
 1.00800000e-01  2.50361051e+00 
 1.00800000e-01  2.50361051e+00 
 1.00800000e-01  2.50361051e+00 
 1.00800001e-01  2.50361051e+00 
 1.00800002e-01  2.50361051e+00 
 1.00800004e-01  2.50361051e+00 
 1.00800008e-01  2.50361051e+00 
 1.00800016e-01  2.50361051e+00 
 1.00800033e-01  2.50361051e+00 
 1.00800065e-01  2.50361051e+00 
 1.00800131e-01  2.50361051e+00 
 1.00800262e-01  2.50361051e+00 
 1.00800524e-01  2.50361051e+00 
 1.00801049e-01  2.50361051e+00 
 1.00802097e-01  2.50361051e+00 
 1.00804194e-01  2.50361051e+00 
 1.00808389e-01  2.50361051e+00 
 1.00816777e-01  2.50361051e+00 
 1.00833554e-01  2.50361051e+00 
 1.00867109e-01  2.50361051e+00 
 1.00907109e-01  2.50361051e+00 
 1.00947109e-01  2.50361051e+00 
 1.00987109e-01  2.50361051e+00 
 1.01027109e-01  2.50361051e+00 
 1.01067109e-01  2.50361051e+00 
 1.01107109e-01  2.50361051e+00 
 1.01147109e-01  2.50361051e+00 
 1.01187109e-01  2.50361051e+00 
 1.01199999e-01  2.50361051e+00 
 1.01199999e-01  2.50361051e+00 
 1.01199999e-01  2.50361051e+00 
 1.01200000e-01  2.50361051e+00 
 1.01200000e-01  2.50361092e+00 
 1.01200000e-01  2.50361115e+00 
 1.01200000e-01  2.50361159e+00 
 1.01200000e-01  2.50361248e+00 
 1.01200001e-01  2.50361426e+00 
 1.01200002e-01  2.50361782e+00 
 1.01200004e-01  2.50362494e+00 
 1.01200008e-01  2.50363917e+00 
 1.01200016e-01  2.50366763e+00 
 1.01200033e-01  2.50372449e+00 
 1.01200065e-01  2.50383805e+00 
 1.01200131e-01  2.50406448e+00 
 1.01200262e-01  2.50451455e+00 
 1.01200524e-01  2.50540372e+00 
 1.01201049e-01  2.50713908e+00 
 1.01202097e-01  2.51044460e+00 
 1.01204194e-01  2.51644572e+00 
 1.01208389e-01  2.52636169e+00 
 1.01216777e-01  2.54001506e+00 
 1.01233554e-01  2.55323332e+00 
 1.01267109e-01  2.55937231e+00 
 1.01307109e-01  2.55921431e+00 
 1.01347109e-01  2.55923187e+00 
 1.01387109e-01  2.55922992e+00 
 1.01427109e-01  2.55923013e+00 
 1.01467109e-01  2.55923011e+00 
 1.01507109e-01  2.55923011e+00 
 1.01547109e-01  2.55923011e+00 
 1.01587109e-01  2.55923011e+00 
 1.01599999e-01  2.55923011e+00 
 1.01599999e-01  2.55923011e+00 
 1.01599999e-01  2.55923011e+00 
 1.01600000e-01  2.55923011e+00 
 1.01600000e-01  2.55923011e+00 
 1.01600000e-01  2.55923011e+00 
 1.01600000e-01  2.55923011e+00 
 1.01600000e-01  2.55923011e+00 
 1.01600001e-01  2.55923011e+00 
 1.01600002e-01  2.55923011e+00 
 1.01600004e-01  2.55923011e+00 
 1.01600008e-01  2.55923011e+00 
 1.01600016e-01  2.55923011e+00 
 1.01600033e-01  2.55923011e+00 
 1.01600065e-01  2.55923011e+00 
 1.01600131e-01  2.55923011e+00 
 1.01600262e-01  2.55923011e+00 
 1.01600524e-01  2.55923011e+00 
 1.01601049e-01  2.55923011e+00 
 1.01602097e-01  2.55923011e+00 
 1.01604194e-01  2.55923011e+00 
 1.01608389e-01  2.55923011e+00 
 1.01616777e-01  2.55923011e+00 
 1.01633554e-01  2.55923011e+00 
 1.01667109e-01  2.55923011e+00 
 1.01707109e-01  2.55923011e+00 
 1.01747109e-01  2.55923011e+00 
 1.01787109e-01  2.55923011e+00 
 1.01827109e-01  2.55923011e+00 
 1.01867109e-01  2.55923011e+00 
 1.01907109e-01  2.55923011e+00 
 1.01947109e-01  2.55923011e+00 
 1.01987109e-01  2.55923011e+00 
 1.01999999e-01  2.55923011e+00 
 1.01999999e-01  2.55923011e+00 
 1.01999999e-01  2.55923011e+00 
 1.02000000e-01  2.55923011e+00 
 1.02000000e-01  2.55923052e+00 
 1.02000000e-01  2.55923073e+00 
 1.02000000e-01  2.55923116e+00 
 1.02000000e-01  2.55923202e+00 
 1.02000001e-01  2.55923375e+00 
 1.02000002e-01  2.55923719e+00 
 1.02000004e-01  2.55924408e+00 
 1.02000008e-01  2.55925786e+00 
 1.02000016e-01  2.55928540e+00 
 1.02000033e-01  2.55934045e+00 
 1.02000065e-01  2.55945037e+00 
 1.02000131e-01  2.55966954e+00 
 1.02000262e-01  2.56010520e+00 
 1.02000524e-01  2.56096590e+00 
 1.02001049e-01  2.56264567e+00 
 1.02002097e-01  2.56584532e+00 
 1.02004194e-01  2.57165425e+00 
 1.02008389e-01  2.58125263e+00 
 1.02016777e-01  2.59446872e+00 
 1.02033554e-01  2.60726364e+00 
 1.02067109e-01  2.61320601e+00 
 1.02107109e-01  2.61305308e+00 
 1.02147109e-01  2.61307007e+00 
 1.02187109e-01  2.61306818e+00 
 1.02227109e-01  2.61306839e+00 
 1.02267109e-01  2.61306837e+00 
 1.02307109e-01  2.61306837e+00 
 1.02347109e-01  2.61306837e+00 
 1.02387109e-01  2.61306837e+00 
 1.02399999e-01  2.61306837e+00 
 1.02399999e-01  2.61306837e+00 
 1.02399999e-01  2.61306837e+00 
 1.02400000e-01  2.61306837e+00 
 1.02400000e-01  2.61306837e+00 
 1.02400000e-01  2.61306837e+00 
 1.02400000e-01  2.61306837e+00 
 1.02400000e-01  2.61306837e+00 
 1.02400001e-01  2.61306837e+00 
 1.02400002e-01  2.61306837e+00 
 1.02400004e-01  2.61306837e+00 
 1.02400008e-01  2.61306837e+00 
 1.02400016e-01  2.61306837e+00 
 1.02400033e-01  2.61306837e+00 
 1.02400065e-01  2.61306837e+00 
 1.02400131e-01  2.61306837e+00 
 1.02400262e-01  2.61306837e+00 
 1.02400524e-01  2.61306837e+00 
 1.02401049e-01  2.61306837e+00 
 1.02402097e-01  2.61306837e+00 
 1.02404194e-01  2.61306837e+00 
 1.02408389e-01  2.61306837e+00 
 1.02416777e-01  2.61306837e+00 
 1.02433554e-01  2.61306837e+00 
 1.02467109e-01  2.61306837e+00 
 1.02507109e-01  2.61306837e+00 
 1.02547109e-01  2.61306837e+00 
 1.02587109e-01  2.61306837e+00 
 1.02627109e-01  2.61306837e+00 
 1.02667109e-01  2.61306837e+00 
 1.02707109e-01  2.61306837e+00 
 1.02747109e-01  2.61306837e+00 
 1.02787109e-01  2.61306837e+00 
 1.02799999e-01  2.61306837e+00 
 1.02799999e-01  2.61306837e+00 
 1.02799999e-01  2.61306837e+00 
 1.02800000e-01  2.61306837e+00 
 1.02800000e-01  2.61306876e+00 
 1.02800000e-01  2.61306896e+00 
 1.02800000e-01  2.61306937e+00 
 1.02800000e-01  2.61307020e+00 
 1.02800001e-01  2.61307185e+00 
 1.02800002e-01  2.61307515e+00 
 1.02800004e-01  2.61308175e+00 
 1.02800008e-01  2.61309495e+00 
 1.02800016e-01  2.61312133e+00 
 1.02800033e-01  2.61317406e+00 
 1.02800065e-01  2.61327936e+00 
 1.02800131e-01  2.61348930e+00 
 1.02800262e-01  2.61390663e+00 
 1.02800524e-01  2.61473110e+00 
 1.02801049e-01  2.61634018e+00 
 1.02802097e-01  2.61940517e+00 
 1.02804194e-01  2.62496962e+00 
 1.02808389e-01  2.63416404e+00 
 1.02816777e-01  2.64682391e+00 
 1.02833554e-01  2.65908034e+00 
 1.02867109e-01  2.66477261e+00 
 1.02907109e-01  2.66462611e+00 
 1.02947109e-01  2.66464239e+00 
 1.02987109e-01  2.66464058e+00 
 1.03027109e-01  2.66464078e+00 
 1.03067109e-01  2.66464076e+00 
 1.03107109e-01  2.66464076e+00 
 1.03147109e-01  2.66464076e+00 
 1.03187109e-01  2.66464076e+00 
 1.03199999e-01  2.66464076e+00 
 1.03199999e-01  2.66464076e+00 
 1.03199999e-01  2.66464076e+00 
 1.03200000e-01  2.66464076e+00 
 1.03200000e-01  2.66464076e+00 
 1.03200000e-01  2.66464076e+00 
 1.03200000e-01  2.66464076e+00 
 1.03200000e-01  2.66464076e+00 
 1.03200001e-01  2.66464076e+00 
 1.03200002e-01  2.66464076e+00 
 1.03200004e-01  2.66464076e+00 
 1.03200008e-01  2.66464076e+00 
 1.03200016e-01  2.66464076e+00 
 1.03200033e-01  2.66464076e+00 
 1.03200065e-01  2.66464076e+00 
 1.03200131e-01  2.66464076e+00 
 1.03200262e-01  2.66464076e+00 
 1.03200524e-01  2.66464076e+00 
 1.03201049e-01  2.66464076e+00 
 1.03202097e-01  2.66464076e+00 
 1.03204194e-01  2.66464076e+00 
 1.03208389e-01  2.66464076e+00 
 1.03216777e-01  2.66464076e+00 
 1.03233554e-01  2.66464076e+00 
 1.03267109e-01  2.66464076e+00 
 1.03307109e-01  2.66464076e+00 
 1.03347109e-01  2.66464076e+00 
 1.03387109e-01  2.66464076e+00 
 1.03427109e-01  2.66464076e+00 
 1.03467109e-01  2.66464076e+00 
 1.03507109e-01  2.66464076e+00 
 1.03547109e-01  2.66464076e+00 
 1.03587109e-01  2.66464076e+00 
 1.03599999e-01  2.66464076e+00 
 1.03599999e-01  2.66464076e+00 
 1.03599999e-01  2.66464076e+00 
 1.03600000e-01  2.66464076e+00 
 1.03600000e-01  2.66464113e+00 
 1.03600000e-01  2.66464133e+00 
 1.03600000e-01  2.66464172e+00 
 1.03600000e-01  2.66464250e+00 
 1.03600001e-01  2.66464407e+00 
 1.03600002e-01  2.66464720e+00 
 1.03600004e-01  2.66465346e+00 
 1.03600008e-01  2.66466598e+00 
 1.03600016e-01  2.66469100e+00 
 1.03600033e-01  2.66474102e+00 
 1.03600065e-01  2.66484090e+00 
 1.03600131e-01  2.66504004e+00 
 1.03600262e-01  2.66543589e+00 
 1.03600524e-01  2.66621794e+00 
 1.03601049e-01  2.66774423e+00 
 1.03602097e-01  2.67065151e+00 
 1.03604194e-01  2.67592965e+00 
 1.03608389e-01  2.68465099e+00 
 1.03616777e-01  2.69665946e+00 
 1.03633554e-01  2.70828525e+00 
 1.03667109e-01  2.71368463e+00 
 1.03707109e-01  2.71354567e+00 
 1.03747109e-01  2.71356111e+00 
 1.03787109e-01  2.71355940e+00 
 1.03827109e-01  2.71355959e+00 
 1.03867109e-01  2.71355957e+00 
 1.03907109e-01  2.71355957e+00 
 1.03947109e-01  2.71355957e+00 
 1.03987109e-01  2.71355957e+00 
 1.03999999e-01  2.71355957e+00 
 1.03999999e-01  2.71355957e+00 
 1.03999999e-01  2.71355957e+00 
 1.04000000e-01  2.71355957e+00 
 1.04000000e-01  2.71355957e+00 
 1.04000000e-01  2.71355957e+00 
 1.04000000e-01  2.71355957e+00 
 1.04000000e-01  2.71355957e+00 
 1.04000001e-01  2.71355957e+00 
 1.04000002e-01  2.71355957e+00 
 1.04000004e-01  2.71355957e+00 
 1.04000008e-01  2.71355957e+00 
 1.04000016e-01  2.71355957e+00 
 1.04000033e-01  2.71355957e+00 
 1.04000065e-01  2.71355957e+00 
 1.04000131e-01  2.71355957e+00 
 1.04000262e-01  2.71355957e+00 
 1.04000524e-01  2.71355957e+00 
 1.04001049e-01  2.71355957e+00 
 1.04002097e-01  2.71355957e+00 
 1.04004194e-01  2.71355957e+00 
 1.04008389e-01  2.71355957e+00 
 1.04016777e-01  2.71355957e+00 
 1.04033554e-01  2.71355957e+00 
 1.04067109e-01  2.71355957e+00 
 1.04107109e-01  2.71355957e+00 
 1.04147109e-01  2.71355957e+00 
 1.04187109e-01  2.71355957e+00 
 1.04227109e-01  2.71355957e+00 
 1.04267109e-01  2.71355957e+00 
 1.04307109e-01  2.71355957e+00 
 1.04347109e-01  2.71355957e+00 
 1.04387109e-01  2.71355957e+00 
 1.04399999e-01  2.71355957e+00 
 1.04399999e-01  2.71355957e+00 
 1.04399999e-01  2.71355957e+00 
 1.04400000e-01  2.71355957e+00 
 1.04400000e-01  2.71355991e+00 
 1.04400000e-01  2.71356010e+00 
 1.04400000e-01  2.71356046e+00 
 1.04400000e-01  2.71356120e+00 
 1.04400001e-01  2.71356267e+00 
 1.04400002e-01  2.71356561e+00 
 1.04400004e-01  2.71357150e+00 
 1.04400008e-01  2.71358326e+00 
 1.04400016e-01  2.71360679e+00 
 1.04400033e-01  2.71365380e+00 
 1.04400065e-01  2.71374768e+00 
 1.04400131e-01  2.71393486e+00 
 1.04400262e-01  2.71430693e+00 
 1.04400524e-01  2.71504200e+00 
 1.04401049e-01  2.71647660e+00 
 1.04402097e-01  2.71920925e+00 
 1.04404194e-01  2.72417033e+00 
 1.04408389e-01  2.73236777e+00 
 1.04416777e-01  2.74365489e+00 
 1.04433554e-01  2.75458231e+00 
 1.04467109e-01  2.75965735e+00 
 1.04507109e-01  2.75952674e+00 
 1.04547109e-01  2.75954125e+00 
 1.04587109e-01  2.75953964e+00 
 1.04627109e-01  2.75953982e+00 
 1.04667109e-01  2.75953980e+00 
 1.04707109e-01  2.75953980e+00 
 1.04747109e-01  2.75953980e+00 
 1.04787109e-01  2.75953980e+00 
 1.04799999e-01  2.75953980e+00 
 1.04799999e-01  2.75953980e+00 
 1.04799999e-01  2.75953980e+00 
 1.04800000e-01  2.75953980e+00 
 1.04800000e-01  2.75953980e+00 
 1.04800000e-01  2.75953980e+00 
 1.04800000e-01  2.75953980e+00 
 1.04800000e-01  2.75953980e+00 
 1.04800001e-01  2.75953980e+00 
 1.04800002e-01  2.75953980e+00 
 1.04800004e-01  2.75953980e+00 
 1.04800008e-01  2.75953980e+00 
 1.04800016e-01  2.75953980e+00 
 1.04800033e-01  2.75953980e+00 
 1.04800065e-01  2.75953980e+00 
 1.04800131e-01  2.75953980e+00 
 1.04800262e-01  2.75953980e+00 
 1.04800524e-01  2.75953980e+00 
 1.04801049e-01  2.75953980e+00 
 1.04802097e-01  2.75953980e+00 
 1.04804194e-01  2.75953980e+00 
 1.04808389e-01  2.75953980e+00 
 1.04816777e-01  2.75953980e+00 
 1.04833554e-01  2.75953980e+00 
 1.04867109e-01  2.75953980e+00 
 1.04907109e-01  2.75953980e+00 
 1.04947109e-01  2.75953980e+00 
 1.04987109e-01  2.75953980e+00 
 1.05027109e-01  2.75953980e+00 
 1.05067109e-01  2.75953980e+00 
 1.05107109e-01  2.75953980e+00 
 1.05147109e-01  2.75953980e+00 
 1.05187109e-01  2.75953980e+00 
 1.05199999e-01  2.75953980e+00 
 1.05199999e-01  2.75953980e+00 
 1.05199999e-01  2.75953980e+00 
 1.05200000e-01  2.75953980e+00 
 1.05200000e-01  2.75954012e+00 
 1.05200000e-01  2.75954029e+00 
 1.05200000e-01  2.75954064e+00 
 1.05200000e-01  2.75954132e+00 
 1.05200001e-01  2.75954269e+00 
 1.05200002e-01  2.75954544e+00 
 1.05200004e-01  2.75955092e+00 
 1.05200008e-01  2.75956189e+00 
 1.05200016e-01  2.75958381e+00 
 1.05200033e-01  2.75962763e+00 
 1.05200065e-01  2.75971514e+00 
 1.05200131e-01  2.75988961e+00 
 1.05200262e-01  2.76023642e+00 
 1.05200524e-01  2.76092159e+00 
 1.05201049e-01  2.76225879e+00 
 1.05202097e-01  2.76480591e+00 
 1.05204194e-01  2.76943017e+00 
 1.05208389e-01  2.77707106e+00 
 1.05216777e-01  2.78759187e+00 
 1.05233554e-01  2.79777740e+00 
 1.05267109e-01  2.80250789e+00 
 1.05307109e-01  2.80238614e+00 
 1.05347109e-01  2.80239967e+00 
 1.05387109e-01  2.80239816e+00 
 1.05427109e-01  2.80239833e+00 
 1.05467109e-01  2.80239831e+00 
 1.05507109e-01  2.80239831e+00 
 1.05547109e-01  2.80239831e+00 
 1.05587109e-01  2.80239831e+00 
 1.05599999e-01  2.80239831e+00 
 1.05599999e-01  2.80239831e+00 
 1.05599999e-01  2.80239831e+00 
 1.05600000e-01  2.80239831e+00 
 1.05600000e-01  2.80239831e+00 
 1.05600000e-01  2.80239831e+00 
 1.05600000e-01  2.80239831e+00 
 1.05600000e-01  2.80239831e+00 
 1.05600001e-01  2.80239831e+00 
 1.05600002e-01  2.80239831e+00 
 1.05600004e-01  2.80239831e+00 
 1.05600008e-01  2.80239831e+00 
 1.05600016e-01  2.80239831e+00 
 1.05600033e-01  2.80239831e+00 
 1.05600065e-01  2.80239831e+00 
 1.05600131e-01  2.80239831e+00 
 1.05600262e-01  2.80239831e+00 
 1.05600524e-01  2.80239831e+00 
 1.05601049e-01  2.80239831e+00 
 1.05602097e-01  2.80239831e+00 
 1.05604194e-01  2.80239831e+00 
 1.05608389e-01  2.80239831e+00 
 1.05616777e-01  2.80239831e+00 
 1.05633554e-01  2.80239831e+00 
 1.05667109e-01  2.80239831e+00 
 1.05707109e-01  2.80239831e+00 
 1.05747109e-01  2.80239831e+00 
 1.05787109e-01  2.80239831e+00 
 1.05827109e-01  2.80239831e+00 
 1.05867109e-01  2.80239831e+00 
 1.05907109e-01  2.80239831e+00 
 1.05947109e-01  2.80239831e+00 
 1.05987109e-01  2.80239831e+00 
 1.05999999e-01  2.80239831e+00 
 1.05999999e-01  2.80239831e+00 
 1.05999999e-01  2.80239831e+00 
 1.06000000e-01  2.80239831e+00 
 1.06000000e-01  2.80239861e+00 
 1.06000000e-01  2.80239877e+00 
 1.06000000e-01  2.80239909e+00 
 1.06000000e-01  2.80239972e+00 
 1.06000001e-01  2.80240099e+00 
 1.06000002e-01  2.80240353e+00 
 1.06000004e-01  2.80240860e+00 
 1.06000008e-01  2.80241875e+00 
 1.06000016e-01  2.80243903e+00 
 1.06000033e-01  2.80247957e+00 
 1.06000065e-01  2.80256052e+00 
 1.06000131e-01  2.80272193e+00 
 1.06000262e-01  2.80304276e+00 
 1.06000524e-01  2.80367661e+00 
 1.06001049e-01  2.80491366e+00 
 1.06002097e-01  2.80727002e+00 
 1.06004194e-01  2.81154794e+00 
 1.06008389e-01  2.81861657e+00 
 1.06016777e-01  2.82834941e+00 
 1.06033554e-01  2.83777210e+00 
 1.06067109e-01  2.84214829e+00 
 1.06107109e-01  2.84203566e+00 
 1.06147109e-01  2.84204818e+00 
 1.06187109e-01  2.84204679e+00 
 1.06227109e-01  2.84204694e+00 
 1.06267109e-01  2.84204692e+00 
 1.06307109e-01  2.84204692e+00 
 1.06347109e-01  2.84204692e+00 
 1.06387109e-01  2.84204692e+00 
 1.06399999e-01  2.84204692e+00 
 1.06399999e-01  2.84204692e+00 
 1.06399999e-01  2.84204692e+00 
 1.06400000e-01  2.84204692e+00 
 1.06400000e-01  2.84204692e+00 
 1.06400000e-01  2.84204692e+00 
 1.06400000e-01  2.84204692e+00 
 1.06400000e-01  2.84204692e+00 
 1.06400001e-01  2.84204692e+00 
 1.06400002e-01  2.84204692e+00 
 1.06400004e-01  2.84204692e+00 
 1.06400008e-01  2.84204692e+00 
 1.06400016e-01  2.84204692e+00 
 1.06400033e-01  2.84204692e+00 
 1.06400065e-01  2.84204692e+00 
 1.06400131e-01  2.84204692e+00 
 1.06400262e-01  2.84204692e+00 
 1.06400524e-01  2.84204692e+00 
 1.06401049e-01  2.84204692e+00 
 1.06402097e-01  2.84204692e+00 
 1.06404194e-01  2.84204692e+00 
 1.06408389e-01  2.84204692e+00 
 1.06416777e-01  2.84204692e+00 
 1.06433554e-01  2.84204692e+00 
 1.06467109e-01  2.84204692e+00 
 1.06507109e-01  2.84204692e+00 
 1.06547109e-01  2.84204692e+00 
 1.06587109e-01  2.84204692e+00 
 1.06627109e-01  2.84204692e+00 
 1.06667109e-01  2.84204692e+00 
 1.06707109e-01  2.84204692e+00 
 1.06747109e-01  2.84204692e+00 
 1.06787109e-01  2.84204692e+00 
 1.06799999e-01  2.84204692e+00 
 1.06799999e-01  2.84204692e+00 
 1.06799999e-01  2.84204692e+00 
 1.06800000e-01  2.84204692e+00 
 1.06800000e-01  2.84204720e+00 
 1.06800000e-01  2.84204734e+00 
 1.06800000e-01  2.84204764e+00 
 1.06800000e-01  2.84204822e+00 
 1.06800001e-01  2.84204938e+00 
 1.06800002e-01  2.84205172e+00 
 1.06800004e-01  2.84205638e+00 
 1.06800008e-01  2.84206570e+00 
 1.06800016e-01  2.84208434e+00 
 1.06800033e-01  2.84212159e+00 
 1.06800065e-01  2.84219598e+00 
 1.06800131e-01  2.84234430e+00 
 1.06800262e-01  2.84263913e+00 
 1.06800524e-01  2.84322159e+00 
 1.06801049e-01  2.84435835e+00 
 1.06802097e-01  2.84652367e+00 
 1.06804194e-01  2.85045477e+00 
 1.06808389e-01  2.85695033e+00 
 1.06816777e-01  2.86589411e+00 
 1.06833554e-01  2.87455288e+00 
 1.06867109e-01  2.87857428e+00 
 1.06907109e-01  2.87847079e+00 
 1.06947109e-01  2.87848229e+00 
 1.06987109e-01  2.87848101e+00 
 1.07027109e-01  2.87848115e+00 
 1.07067109e-01  2.87848113e+00 
 1.07107109e-01  2.87848114e+00 
 1.07147109e-01  2.87848114e+00 
 1.07187109e-01  2.87848114e+00 
 1.07199999e-01  2.87848114e+00 
 1.07199999e-01  2.87848114e+00 
 1.07199999e-01  2.87848114e+00 
 1.07200000e-01  2.87848114e+00 
 1.07200000e-01  2.87848114e+00 
 1.07200000e-01  2.87848114e+00 
 1.07200000e-01  2.87848114e+00 
 1.07200000e-01  2.87848114e+00 
 1.07200001e-01  2.87848114e+00 
 1.07200002e-01  2.87848114e+00 
 1.07200004e-01  2.87848114e+00 
 1.07200008e-01  2.87848114e+00 
 1.07200016e-01  2.87848114e+00 
 1.07200033e-01  2.87848114e+00 
 1.07200065e-01  2.87848114e+00 
 1.07200131e-01  2.87848114e+00 
 1.07200262e-01  2.87848114e+00 
 1.07200524e-01  2.87848114e+00 
 1.07201049e-01  2.87848114e+00 
 1.07202097e-01  2.87848114e+00 
 1.07204194e-01  2.87848114e+00 
 1.07208389e-01  2.87848114e+00 
 1.07216777e-01  2.87848114e+00 
 1.07233554e-01  2.87848114e+00 
 1.07267109e-01  2.87848114e+00 
 1.07307109e-01  2.87848114e+00 
 1.07347109e-01  2.87848114e+00 
 1.07387109e-01  2.87848114e+00 
 1.07427109e-01  2.87848114e+00 
 1.07467109e-01  2.87848114e+00 
 1.07507109e-01  2.87848114e+00 
 1.07547109e-01  2.87848114e+00 
 1.07587109e-01  2.87848114e+00 
 1.07599999e-01  2.87848114e+00 
 1.07599999e-01  2.87848114e+00 
 1.07599999e-01  2.87848114e+00 
 1.07600000e-01  2.87848114e+00 
 1.07600000e-01  2.87848139e+00 
 1.07600000e-01  2.87848152e+00 
 1.07600000e-01  2.87848178e+00 
 1.07600000e-01  2.87848232e+00 
 1.07600001e-01  2.87848338e+00 
 1.07600002e-01  2.87848551e+00 
 1.07600004e-01  2.87848977e+00 
 1.07600008e-01  2.87849829e+00 
 1.07600016e-01  2.87851532e+00 
 1.07600033e-01  2.87854935e+00 
 1.07600065e-01  2.87861731e+00 
 1.07600131e-01  2.87875281e+00 
 1.07600262e-01  2.87902215e+00 
 1.07600524e-01  2.87955427e+00 
 1.07601049e-01  2.88059277e+00 
 1.07602097e-01  2.88257093e+00 
 1.07604194e-01  2.88616225e+00 
 1.07608389e-01  2.89209637e+00 
 1.07616777e-01  2.90026710e+00 
 1.07633554e-01  2.90817745e+00 
 1.07667109e-01  2.91185126e+00 
 1.07707109e-01  2.91175671e+00 
 1.07747109e-01  2.91176722e+00 
 1.07787109e-01  2.91176605e+00 
 1.07827109e-01  2.91176618e+00 
 1.07867109e-01  2.91176617e+00 
 1.07907109e-01  2.91176617e+00 
 1.07947109e-01  2.91176617e+00 
 1.07987109e-01  2.91176617e+00 
 1.07999999e-01  2.91176617e+00 
 1.07999999e-01  2.91176617e+00 
 1.07999999e-01  2.91176617e+00 
 1.08000000e-01  2.91176617e+00 
 1.08000000e-01  2.91176617e+00 
 1.08000000e-01  2.91176617e+00 
 1.08000000e-01  2.91176617e+00 
 1.08000000e-01  2.91176617e+00 
 1.08000001e-01  2.91176617e+00 
 1.08000002e-01  2.91176617e+00 
 1.08000004e-01  2.91176617e+00 
 1.08000008e-01  2.91176617e+00 
 1.08000016e-01  2.91176617e+00 
 1.08000033e-01  2.91176617e+00 
 1.08000065e-01  2.91176617e+00 
 1.08000131e-01  2.91176617e+00 
 1.08000262e-01  2.91176617e+00 
 1.08000524e-01  2.91176617e+00 
 1.08001049e-01  2.91176617e+00 
 1.08002097e-01  2.91176617e+00 
 1.08004194e-01  2.91176617e+00 
 1.08008389e-01  2.91176617e+00 
 1.08016777e-01  2.91176617e+00 
 1.08033554e-01  2.91176617e+00 
 1.08067109e-01  2.91176617e+00 
 1.08107109e-01  2.91176617e+00 
 1.08147109e-01  2.91176617e+00 
 1.08187109e-01  2.91176617e+00 
 1.08227109e-01  2.91176617e+00 
 1.08267109e-01  2.91176617e+00 
 1.08307109e-01  2.91176617e+00 
 1.08347109e-01  2.91176617e+00 
 1.08387109e-01  2.91176617e+00 
 1.08399999e-01  2.91176617e+00 
 1.08399999e-01  2.91176617e+00 
 1.08399999e-01  2.91176617e+00 
 1.08400000e-01  2.91176617e+00 
 1.08400000e-01  2.91176639e+00 
 1.08400000e-01  2.91176651e+00 
 1.08400000e-01  2.91176676e+00 
 1.08400000e-01  2.91176724e+00 
 1.08400001e-01  2.91176821e+00 
 1.08400002e-01  2.91177015e+00 
 1.08400004e-01  2.91177402e+00 
 1.08400008e-01  2.91178176e+00 
 1.08400016e-01  2.91179724e+00 
 1.08400033e-01  2.91182817e+00 
 1.08400065e-01  2.91188995e+00 
 1.08400131e-01  2.91201311e+00 
 1.08400262e-01  2.91225794e+00 
 1.08400524e-01  2.91274163e+00 
 1.08401049e-01  2.91368562e+00 
 1.08402097e-01  2.91548375e+00 
 1.08404194e-01  2.91874822e+00 
 1.08408389e-01  2.92414227e+00 
 1.08416777e-01  2.93156938e+00 
 1.08433554e-01  2.93875981e+00 
 1.08467109e-01  2.94209927e+00 
 1.08507109e-01  2.94201332e+00 
 1.08547109e-01  2.94202287e+00 
 1.08587109e-01  2.94202181e+00 
 1.08627109e-01  2.94202193e+00 
 1.08667109e-01  2.94202192e+00 
 1.08707109e-01  2.94202192e+00 
 1.08747109e-01  2.94202192e+00 
 1.08787109e-01  2.94202192e+00 
 1.08799999e-01  2.94202192e+00 
 1.08799999e-01  2.94202192e+00 
 1.08799999e-01  2.94202192e+00 
 1.08800000e-01  2.94202192e+00 
 1.08800000e-01  2.94202192e+00 
 1.08800000e-01  2.94202192e+00 
 1.08800000e-01  2.94202192e+00 
 1.08800000e-01  2.94202192e+00 
 1.08800001e-01  2.94202192e+00 
 1.08800002e-01  2.94202192e+00 
 1.08800004e-01  2.94202192e+00 
 1.08800008e-01  2.94202192e+00 
 1.08800016e-01  2.94202192e+00 
 1.08800033e-01  2.94202192e+00 
 1.08800065e-01  2.94202192e+00 
 1.08800131e-01  2.94202192e+00 
 1.08800262e-01  2.94202192e+00 
 1.08800524e-01  2.94202192e+00 
 1.08801049e-01  2.94202192e+00 
 1.08802097e-01  2.94202192e+00 
 1.08804194e-01  2.94202192e+00 
 1.08808389e-01  2.94202192e+00 
 1.08816777e-01  2.94202192e+00 
 1.08833554e-01  2.94202192e+00 
 1.08867109e-01  2.94202192e+00 
 1.08907109e-01  2.94202192e+00 
 1.08947109e-01  2.94202192e+00 
 1.08987109e-01  2.94202192e+00 
 1.09027109e-01  2.94202192e+00 
 1.09067109e-01  2.94202192e+00 
 1.09107109e-01  2.94202192e+00 
 1.09147109e-01  2.94202192e+00 
 1.09187109e-01  2.94202192e+00 
 1.09199999e-01  2.94202192e+00 
 1.09199999e-01  2.94202192e+00 
 1.09199999e-01  2.94202192e+00 
 1.09200000e-01  2.94202192e+00 
 1.09200000e-01  2.94202212e+00 
 1.09200000e-01  2.94202223e+00 
 1.09200000e-01  2.94202245e+00 
 1.09200000e-01  2.94202289e+00 
 1.09200001e-01  2.94202377e+00 
 1.09200002e-01  2.94202552e+00 
 1.09200004e-01  2.94202902e+00 
 1.09200008e-01  2.94203603e+00 
 1.09200016e-01  2.94205004e+00 
 1.09200033e-01  2.94207804e+00 
 1.09200065e-01  2.94213396e+00 
 1.09200131e-01  2.94224545e+00 
 1.09200262e-01  2.94246706e+00 
 1.09200524e-01  2.94290487e+00 
 1.09201049e-01  2.94375934e+00 
 1.09202097e-01  2.94538693e+00 
 1.09204194e-01  2.94834180e+00 
 1.09208389e-01  2.95322428e+00 
 1.09216777e-01  2.95994701e+00 
 1.09233554e-01  2.96645549e+00 
 1.09267109e-01  2.96947824e+00 
 1.09307109e-01  2.96940045e+00 
 1.09347109e-01  2.96940909e+00 
 1.09387109e-01  2.96940813e+00 
 1.09427109e-01  2.96940824e+00 
 1.09467109e-01  2.96940822e+00 
 1.09507109e-01  2.96940823e+00 
 1.09547109e-01  2.96940823e+00 
 1.09587109e-01  2.96940823e+00 
 1.09599999e-01  2.96940823e+00 
 1.09599999e-01  2.96940823e+00 
 1.09599999e-01  2.96940823e+00 
 1.09600000e-01  2.96940823e+00 
 1.09600000e-01  2.96940823e+00 
 1.09600000e-01  2.96940823e+00 
 1.09600000e-01  2.96940823e+00 
 1.09600000e-01  2.96940823e+00 
 1.09600001e-01  2.96940823e+00 
 1.09600002e-01  2.96940823e+00 
 1.09600004e-01  2.96940823e+00 
 1.09600008e-01  2.96940823e+00 
 1.09600016e-01  2.96940823e+00 
 1.09600033e-01  2.96940823e+00 
 1.09600065e-01  2.96940823e+00 
 1.09600131e-01  2.96940823e+00 
 1.09600262e-01  2.96940823e+00 
 1.09600524e-01  2.96940823e+00 
 1.09601049e-01  2.96940823e+00 
 1.09602097e-01  2.96940823e+00 
 1.09604194e-01  2.96940823e+00 
 1.09608389e-01  2.96940823e+00 
 1.09616777e-01  2.96940823e+00 
 1.09633554e-01  2.96940823e+00 
 1.09667109e-01  2.96940823e+00 
 1.09707109e-01  2.96940823e+00 
 1.09747109e-01  2.96940823e+00 
 1.09787109e-01  2.96940823e+00 
 1.09827109e-01  2.96940823e+00 
 1.09867109e-01  2.96940823e+00 
 1.09907109e-01  2.96940823e+00 
 1.09947109e-01  2.96940823e+00 
 1.09987109e-01  2.96940823e+00 
 1.09999999e-01  2.96940823e+00 
 1.09999999e-01  2.96940823e+00 
 1.09999999e-01  2.96940823e+00 
 1.10000000e-01  2.96940823e+00 
 1.10000000e-01  2.96940841e+00 
 1.10000000e-01  2.96940851e+00 
 1.10000000e-01  2.96940871e+00 
 1.10000000e-01  2.96940910e+00 
 1.10000001e-01  2.96940989e+00 
 1.10000002e-01  2.96941147e+00 
 1.10000004e-01  2.96941463e+00 
 1.10000008e-01  2.96942096e+00 
 1.10000016e-01  2.96943359e+00 
 1.10000033e-01  2.96945885e+00 
 1.10000065e-01  2.96950929e+00 
 1.10000131e-01  2.96960985e+00 
 1.10000262e-01  2.96980975e+00 
 1.10000524e-01  2.97020467e+00 
 1.10001049e-01  2.97097542e+00 
 1.10002097e-01  2.97244355e+00 
 1.10004194e-01  2.97510892e+00 
 1.10008389e-01  2.97951304e+00 
 1.10016777e-01  2.98557710e+00 
 1.10033554e-01  2.99144792e+00 
 1.10067109e-01  2.99417452e+00 
 1.10107109e-01  2.99410435e+00 
 1.10147109e-01  2.99411214e+00 
 1.10187109e-01  2.99411128e+00 
 1.10227109e-01  2.99411137e+00 
 1.10267109e-01  2.99411136e+00 
 1.10307109e-01  2.99411136e+00 
 1.10347109e-01  2.99411136e+00 
 1.10387109e-01  2.99411136e+00 
 1.10399999e-01  2.99411136e+00 
 1.10399999e-01  2.99411136e+00 
 1.10399999e-01  2.99411136e+00 
 1.10400000e-01  2.99411136e+00 
 1.10400000e-01  2.99411136e+00 
 1.10400000e-01  2.99411136e+00 
 1.10400000e-01  2.99411136e+00 
 1.10400000e-01  2.99411136e+00 
 1.10400001e-01  2.99411136e+00 
 1.10400002e-01  2.99411136e+00 
 1.10400004e-01  2.99411136e+00 
 1.10400008e-01  2.99411136e+00 
 1.10400016e-01  2.99411136e+00 
 1.10400033e-01  2.99411136e+00 
 1.10400065e-01  2.99411136e+00 
 1.10400131e-01  2.99411136e+00 
 1.10400262e-01  2.99411136e+00 
 1.10400524e-01  2.99411136e+00 
 1.10401049e-01  2.99411136e+00 
 1.10402097e-01  2.99411136e+00 
 1.10404194e-01  2.99411136e+00 
 1.10408389e-01  2.99411136e+00 
 1.10416777e-01  2.99411136e+00 
 1.10433554e-01  2.99411136e+00 
 1.10467109e-01  2.99411136e+00 
 1.10507109e-01  2.99411136e+00 
 1.10547109e-01  2.99411136e+00 
 1.10587109e-01  2.99411136e+00 
 1.10627109e-01  2.99411136e+00 
 1.10667109e-01  2.99411136e+00 
 1.10707109e-01  2.99411136e+00 
 1.10747109e-01  2.99411136e+00 
 1.10787109e-01  2.99411136e+00 
 1.10799999e-01  2.99411136e+00 
 1.10799999e-01  2.99411136e+00 
 1.10799999e-01  2.99411136e+00 
 1.10800000e-01  2.99411136e+00 
 1.10800000e-01  2.99411153e+00 
 1.10800000e-01  2.99411162e+00 
 1.10800000e-01  2.99411180e+00 
 1.10800000e-01  2.99411215e+00 
 1.10800001e-01  2.99411286e+00 
 1.10800002e-01  2.99411429e+00 
 1.10800004e-01  2.99411713e+00 
 1.10800008e-01  2.99412282e+00 
 1.10800016e-01  2.99413418e+00 
 1.10800033e-01  2.99415690e+00 
 1.10800065e-01  2.99420227e+00 
 1.10800131e-01  2.99429273e+00 
 1.10800262e-01  2.99447254e+00 
 1.10800524e-01  2.99482779e+00 
 1.10801049e-01  2.99552109e+00 
 1.10802097e-01  2.99684171e+00 
 1.10804194e-01  2.99923927e+00 
 1.10808389e-01  3.00320088e+00 
 1.10816777e-01  3.00865565e+00 
 1.10833554e-01  3.01393660e+00 
 1.10867109e-01  3.01638923e+00 
 1.10907109e-01  3.01632611e+00 
 1.10947109e-01  3.01633312e+00 
 1.10987109e-01  3.01633235e+00 
 1.11027109e-01  3.01633243e+00 
 1.11067109e-01  3.01633242e+00 
 1.11107109e-01  3.01633242e+00 
 1.11147109e-01  3.01633242e+00 
 1.11187109e-01  3.01633242e+00 
 1.11199999e-01  3.01633242e+00 
 1.11199999e-01  3.01633242e+00 
 1.11199999e-01  3.01633242e+00 
 1.11200000e-01  3.01633242e+00 
 1.11200000e-01  3.01633242e+00 
 1.11200000e-01  3.01633242e+00 
 1.11200000e-01  3.01633242e+00 
 1.11200000e-01  3.01633242e+00 
 1.11200001e-01  3.01633242e+00 
 1.11200002e-01  3.01633242e+00 
 1.11200004e-01  3.01633242e+00 
 1.11200008e-01  3.01633242e+00 
 1.11200016e-01  3.01633242e+00 
 1.11200033e-01  3.01633242e+00 
 1.11200065e-01  3.01633242e+00 
 1.11200131e-01  3.01633242e+00 
 1.11200262e-01  3.01633242e+00 
 1.11200524e-01  3.01633242e+00 
 1.11201049e-01  3.01633242e+00 
 1.11202097e-01  3.01633242e+00 
 1.11204194e-01  3.01633242e+00 
 1.11208389e-01  3.01633242e+00 
 1.11216777e-01  3.01633242e+00 
 1.11233554e-01  3.01633242e+00 
 1.11267109e-01  3.01633242e+00 
 1.11307109e-01  3.01633242e+00 
 1.11347109e-01  3.01633242e+00 
 1.11387109e-01  3.01633242e+00 
 1.11427109e-01  3.01633242e+00 
 1.11467109e-01  3.01633242e+00 
 1.11507109e-01  3.01633242e+00 
 1.11547109e-01  3.01633242e+00 
 1.11587109e-01  3.01633242e+00 
 1.11599999e-01  3.01633242e+00 
 1.11599999e-01  3.01633242e+00 
 1.11599999e-01  3.01633242e+00 
 1.11600000e-01  3.01633242e+00 
 1.11600000e-01  3.01633257e+00 
 1.11600000e-01  3.01633265e+00 
 1.11600000e-01  3.01633281e+00 
 1.11600000e-01  3.01633313e+00 
 1.11600001e-01  3.01633377e+00 
 1.11600002e-01  3.01633505e+00 
 1.11600004e-01  3.01633760e+00 
 1.11600008e-01  3.01634270e+00 
 1.11600016e-01  3.01635291e+00 
 1.11600033e-01  3.01637330e+00 
 1.11600065e-01  3.01641402e+00 
 1.11600131e-01  3.01649522e+00 
 1.11600262e-01  3.01665662e+00 
 1.11600524e-01  3.01697548e+00 
 1.11601049e-01  3.01759778e+00 
 1.11602097e-01  3.01878315e+00 
 1.11604194e-01  3.02093517e+00 
 1.11608389e-01  3.02449106e+00 
 1.11616777e-01  3.02938720e+00 
 1.11633554e-01  3.03412731e+00 
 1.11667109e-01  3.03632877e+00 
 1.11707109e-01  3.03627211e+00 
 1.11747109e-01  3.03627840e+00 
 1.11787109e-01  3.03627770e+00 
 1.11827109e-01  3.03627778e+00 
 1.11867109e-01  3.03627777e+00 
 1.11907109e-01  3.03627777e+00 
 1.11947109e-01  3.03627777e+00 
 1.11987109e-01  3.03627777e+00 
 1.11999999e-01  3.03627777e+00 
 1.11999999e-01  3.03627777e+00 
 1.11999999e-01  3.03627777e+00 
 1.12000000e-01  3.03627777e+00 
 1.12000000e-01  3.03627777e+00 
 1.12000000e-01  3.03627777e+00 
 1.12000000e-01  3.03627777e+00 
 1.12000000e-01  3.03627777e+00 
 1.12000001e-01  3.03627777e+00 
 1.12000002e-01  3.03627777e+00 
 1.12000004e-01  3.03627777e+00 
 1.12000008e-01  3.03627777e+00 
 1.12000016e-01  3.03627777e+00 
 1.12000033e-01  3.03627777e+00 
 1.12000065e-01  3.03627777e+00 
 1.12000131e-01  3.03627777e+00 
 1.12000262e-01  3.03627777e+00 
 1.12000524e-01  3.03627777e+00 
 1.12001049e-01  3.03627777e+00 
 1.12002097e-01  3.03627777e+00 
 1.12004194e-01  3.03627777e+00 
 1.12008389e-01  3.03627777e+00 
 1.12016777e-01  3.03627777e+00 
 1.12033554e-01  3.03627777e+00 
 1.12067109e-01  3.03627777e+00 
 1.12107109e-01  3.03627777e+00 
 1.12147109e-01  3.03627777e+00 
 1.12187109e-01  3.03627777e+00 
 1.12227109e-01  3.03627777e+00 
 1.12267109e-01  3.03627777e+00 
 1.12307109e-01  3.03627777e+00 
 1.12347109e-01  3.03627777e+00 
 1.12387109e-01  3.03627777e+00 
 1.12399999e-01  3.03627777e+00 
 1.12399999e-01  3.03627777e+00 
 1.12399999e-01  3.03627777e+00 
 1.12400000e-01  3.03627777e+00 
 1.12400000e-01  3.03627791e+00 
 1.12400000e-01  3.03627798e+00 
 1.12400000e-01  3.03627812e+00 
 1.12400000e-01  3.03627841e+00 
 1.12400001e-01  3.03627898e+00 
 1.12400002e-01  3.03628012e+00 
 1.12400004e-01  3.03628241e+00 
 1.12400008e-01  3.03628698e+00 
 1.12400016e-01  3.03629613e+00 
 1.12400033e-01  3.03631440e+00 
 1.12400065e-01  3.03635090e+00 
 1.12400131e-01  3.03642366e+00 
 1.12400262e-01  3.03656830e+00 
 1.12400524e-01  3.03685404e+00 
 1.12401049e-01  3.03741171e+00 
 1.12402097e-01  3.03847397e+00 
 1.12404194e-01  3.04040249e+00 
 1.12408389e-01  3.04358908e+00 
 1.12416777e-01  3.04797672e+00 
 1.12433554e-01  3.05222454e+00 
 1.12467109e-01  3.05419736e+00 
 1.12507109e-01  3.05414659e+00 
 1.12547109e-01  3.05415223e+00 
 1.12587109e-01  3.05415160e+00 
 1.12627109e-01  3.05415167e+00 
 1.12667109e-01  3.05415166e+00 
 1.12707109e-01  3.05415166e+00 
 1.12747109e-01  3.05415166e+00 
 1.12787109e-01  3.05415166e+00 
 1.12799999e-01  3.05415166e+00 
 1.12799999e-01  3.05415166e+00 
 1.12799999e-01  3.05415166e+00 
 1.12800000e-01  3.05415166e+00 
 1.12800000e-01  3.05415166e+00 
 1.12800000e-01  3.05415166e+00 
 1.12800000e-01  3.05415166e+00 
 1.12800000e-01  3.05415166e+00 
 1.12800001e-01  3.05415166e+00 
 1.12800002e-01  3.05415166e+00 
 1.12800004e-01  3.05415166e+00 
 1.12800008e-01  3.05415166e+00 
 1.12800016e-01  3.05415166e+00 
 1.12800033e-01  3.05415166e+00 
 1.12800065e-01  3.05415166e+00 
 1.12800131e-01  3.05415166e+00 
 1.12800262e-01  3.05415166e+00 
 1.12800524e-01  3.05415166e+00 
 1.12801049e-01  3.05415166e+00 
 1.12802097e-01  3.05415166e+00 
 1.12804194e-01  3.05415166e+00 
 1.12808389e-01  3.05415166e+00 
 1.12816777e-01  3.05415166e+00 
 1.12833554e-01  3.05415166e+00 
 1.12867109e-01  3.05415166e+00 
 1.12907109e-01  3.05415166e+00 
 1.12947109e-01  3.05415166e+00 
 1.12987109e-01  3.05415166e+00 
 1.13027109e-01  3.05415166e+00 
 1.13067109e-01  3.05415166e+00 
 1.13107109e-01  3.05415166e+00 
 1.13147109e-01  3.05415166e+00 
 1.13187109e-01  3.05415166e+00 
 1.13199999e-01  3.05415166e+00 
 1.13199999e-01  3.05415166e+00 
 1.13199999e-01  3.05415166e+00 
 1.13200000e-01  3.05415166e+00 
 1.13200000e-01  3.05415178e+00 
 1.13200000e-01  3.05415185e+00 
 1.13200000e-01  3.05415198e+00 
 1.13200000e-01  3.05415223e+00 
 1.13200001e-01  3.05415274e+00 
 1.13200002e-01  3.05415377e+00 
 1.13200004e-01  3.05415581e+00 
 1.13200008e-01  3.05415991e+00 
 1.13200016e-01  3.05416809e+00 
 1.13200033e-01  3.05418445e+00 
 1.13200065e-01  3.05421712e+00 
 1.13200131e-01  3.05428225e+00 
 1.13200262e-01  3.05441171e+00 
 1.13200524e-01  3.05466749e+00 
 1.13201049e-01  3.05516666e+00 
 1.13202097e-01  3.05611751e+00 
 1.13204194e-01  3.05784375e+00 
 1.13208389e-01  3.06069610e+00 
 1.13216777e-01  3.06462352e+00 
 1.13233554e-01  3.06842579e+00 
 1.13267109e-01  3.07019168e+00 
 1.13307109e-01  3.07014624e+00 
 1.13347109e-01  3.07015129e+00 
 1.13387109e-01  3.07015072e+00 
 1.13427109e-01  3.07015079e+00 
 1.13467109e-01  3.07015078e+00 
 1.13507109e-01  3.07015078e+00 
 1.13547109e-01  3.07015078e+00 
 1.13587109e-01  3.07015078e+00 
 1.13599999e-01  3.07015078e+00 
 1.13599999e-01  3.07015078e+00 
 1.13599999e-01  3.07015078e+00 
 1.13600000e-01  3.07015078e+00 
 1.13600000e-01  3.07015078e+00 
 1.13600000e-01  3.07015078e+00 
 1.13600000e-01  3.07015078e+00 
 1.13600000e-01  3.07015078e+00 
 1.13600001e-01  3.07015078e+00 
 1.13600002e-01  3.07015078e+00 
 1.13600004e-01  3.07015078e+00 
 1.13600008e-01  3.07015078e+00 
 1.13600016e-01  3.07015078e+00 
 1.13600033e-01  3.07015078e+00 
 1.13600065e-01  3.07015078e+00 
 1.13600131e-01  3.07015078e+00 
 1.13600262e-01  3.07015078e+00 
 1.13600524e-01  3.07015078e+00 
 1.13601049e-01  3.07015078e+00 
 1.13602097e-01  3.07015078e+00 
 1.13604194e-01  3.07015078e+00 
 1.13608389e-01  3.07015078e+00 
 1.13616777e-01  3.07015078e+00 
 1.13633554e-01  3.07015078e+00 
 1.13667109e-01  3.07015078e+00 
 1.13707109e-01  3.07015078e+00 
 1.13747109e-01  3.07015078e+00 
 1.13787109e-01  3.07015078e+00 
 1.13827109e-01  3.07015078e+00 
 1.13867109e-01  3.07015078e+00 
 1.13907109e-01  3.07015078e+00 
 1.13947109e-01  3.07015078e+00 
 1.13987109e-01  3.07015078e+00 
 1.13999999e-01  3.07015078e+00 
 1.13999999e-01  3.07015078e+00 
 1.13999999e-01  3.07015078e+00 
 1.14000000e-01  3.07015078e+00 
 1.14000000e-01  3.07015089e+00 
 1.14000000e-01  3.07015095e+00 
 1.14000000e-01  3.07015106e+00 
 1.14000000e-01  3.07015129e+00 
 1.14000001e-01  3.07015175e+00 
 1.14000002e-01  3.07015266e+00 
 1.14000004e-01  3.07015449e+00 
 1.14000008e-01  3.07015816e+00 
 1.14000016e-01  3.07016548e+00 
 1.14000033e-01  3.07018011e+00 
 1.14000065e-01  3.07020932e+00 
 1.14000131e-01  3.07026758e+00 
 1.14000262e-01  3.07038337e+00 
 1.14000524e-01  3.07061214e+00 
 1.14001049e-01  3.07105861e+00 
 1.14002097e-01  3.07190905e+00 
 1.14004194e-01  3.07345301e+00 
 1.14008389e-01  3.07600418e+00 
 1.14016777e-01  3.07951690e+00 
 1.14033554e-01  3.08291768e+00 
 1.14067109e-01  3.08449711e+00 
 1.14107109e-01  3.08445646e+00 
 1.14147109e-01  3.08446098e+00 
 1.14187109e-01  3.08446047e+00 
 1.14227109e-01  3.08446053e+00 
 1.14267109e-01  3.08446052e+00 
 1.14307109e-01  3.08446053e+00 
 1.14347109e-01  3.08446053e+00 
 1.14387109e-01  3.08446053e+00 
 1.14399999e-01  3.08446053e+00 
 1.14399999e-01  3.08446053e+00 
 1.14399999e-01  3.08446053e+00 
 1.14400000e-01  3.08446053e+00 
 1.14400000e-01  3.08446053e+00 
 1.14400000e-01  3.08446053e+00 
 1.14400000e-01  3.08446053e+00 
 1.14400000e-01  3.08446053e+00 
 1.14400001e-01  3.08446053e+00 
 1.14400002e-01  3.08446053e+00 
 1.14400004e-01  3.08446053e+00 
 1.14400008e-01  3.08446053e+00 
 1.14400016e-01  3.08446053e+00 
 1.14400033e-01  3.08446053e+00 
 1.14400065e-01  3.08446053e+00 
 1.14400131e-01  3.08446053e+00 
 1.14400262e-01  3.08446053e+00 
 1.14400524e-01  3.08446053e+00 
 1.14401049e-01  3.08446053e+00 
 1.14402097e-01  3.08446053e+00 
 1.14404194e-01  3.08446053e+00 
 1.14408389e-01  3.08446053e+00 
 1.14416777e-01  3.08446053e+00 
 1.14433554e-01  3.08446053e+00 
 1.14467109e-01  3.08446053e+00 
 1.14507109e-01  3.08446053e+00 
 1.14547109e-01  3.08446053e+00 
 1.14587109e-01  3.08446053e+00 
 1.14627109e-01  3.08446053e+00 
 1.14667109e-01  3.08446053e+00 
 1.14707109e-01  3.08446053e+00 
 1.14747109e-01  3.08446053e+00 
 1.14787109e-01  3.08446053e+00 
 1.14799999e-01  3.08446053e+00 
 1.14799999e-01  3.08446053e+00 
 1.14799999e-01  3.08446053e+00 
 1.14800000e-01  3.08446053e+00 
 1.14800000e-01  3.08446062e+00 
 1.14800000e-01  3.08446067e+00 
 1.14800000e-01  3.08446077e+00 
 1.14800000e-01  3.08446098e+00 
 1.14800001e-01  3.08446139e+00 
 1.14800002e-01  3.08446221e+00 
 1.14800004e-01  3.08446384e+00 
 1.14800008e-01  3.08446712e+00 
 1.14800016e-01  3.08447366e+00 
 1.14800033e-01  3.08448674e+00 
 1.14800065e-01  3.08451286e+00 
 1.14800131e-01  3.08456493e+00 
 1.14800262e-01  3.08466845e+00 
 1.14800524e-01  3.08487295e+00 
 1.14801049e-01  3.08527207e+00 
 1.14802097e-01  3.08603232e+00 
 1.14804194e-01  3.08741254e+00 
 1.14808389e-01  3.08969315e+00 
 1.14816777e-01  3.09283334e+00 
 1.14833554e-01  3.09587345e+00 
 1.14867109e-01  3.09728538e+00 
 1.14907109e-01  3.09724904e+00 
 1.14947109e-01  3.09725308e+00 
 1.14987109e-01  3.09725263e+00 
 1.15027109e-01  3.09725268e+00 
 1.15067109e-01  3.09725268e+00 
 1.15107109e-01  3.09725268e+00 
 1.15147109e-01  3.09725268e+00 
 1.15187109e-01  3.09725268e+00 
 1.15199999e-01  3.09725268e+00 
 1.15199999e-01  3.09725268e+00 
 1.15199999e-01  3.09725268e+00 
 1.15200000e-01  3.09725268e+00 
 1.15200000e-01  3.09725268e+00 
 1.15200000e-01  3.09725268e+00 
 1.15200000e-01  3.09725268e+00 
 1.15200000e-01  3.09725268e+00 
 1.15200001e-01  3.09725268e+00 
 1.15200002e-01  3.09725268e+00 
 1.15200004e-01  3.09725268e+00 
 1.15200008e-01  3.09725268e+00 
 1.15200016e-01  3.09725268e+00 
 1.15200033e-01  3.09725268e+00 
 1.15200065e-01  3.09725268e+00 
 1.15200131e-01  3.09725268e+00 
 1.15200262e-01  3.09725268e+00 
 1.15200524e-01  3.09725268e+00 
 1.15201049e-01  3.09725268e+00 
 1.15202097e-01  3.09725268e+00 
 1.15204194e-01  3.09725268e+00 
 1.15208389e-01  3.09725268e+00 
 1.15216777e-01  3.09725268e+00 
 1.15233554e-01  3.09725268e+00 
 1.15267109e-01  3.09725268e+00 
 1.15307109e-01  3.09725268e+00 
 1.15347109e-01  3.09725268e+00 
 1.15387109e-01  3.09725268e+00 
 1.15427109e-01  3.09725268e+00 
 1.15467109e-01  3.09725268e+00 
 1.15507109e-01  3.09725268e+00 
 1.15547109e-01  3.09725268e+00 
 1.15587109e-01  3.09725268e+00 
 1.15599999e-01  3.09725268e+00 
 1.15599999e-01  3.09725268e+00 
 1.15599999e-01  3.09725268e+00 
 1.15600000e-01  3.09725268e+00 
 1.15600000e-01  3.09725276e+00 
 1.15600000e-01  3.09725281e+00 
 1.15600000e-01  3.09725290e+00 
 1.15600000e-01  3.09725308e+00 
 1.15600001e-01  3.09725345e+00 
 1.15600002e-01  3.09725418e+00 
 1.15600004e-01  3.09725564e+00 
 1.15600008e-01  3.09725857e+00 
 1.15600016e-01  3.09726442e+00 
 1.15600033e-01  3.09727610e+00 
 1.15600065e-01  3.09729944e+00 
 1.15600131e-01  3.09734598e+00 
 1.15600262e-01  3.09743848e+00 
 1.15600524e-01  3.09762124e+00 
 1.15601049e-01  3.09797790e+00 
 1.15602097e-01  3.09865729e+00 
 1.15604194e-01  3.09989070e+00 
 1.15608389e-01  3.10192874e+00 
 1.15616777e-01  3.10473492e+00 
 1.15633554e-01  3.10745167e+00 
 1.15667109e-01  3.10871342e+00 
 1.15707109e-01  3.10868095e+00 
 1.15747109e-01  3.10868456e+00 
 1.15787109e-01  3.10868416e+00 
 1.15827109e-01  3.10868420e+00 
 1.15867109e-01  3.10868420e+00 
 1.15907109e-01  3.10868420e+00 
 1.15947109e-01  3.10868420e+00 
 1.15987109e-01  3.10868420e+00 
 1.15999999e-01  3.10868420e+00 
 1.15999999e-01  3.10868420e+00 
 1.15999999e-01  3.10868420e+00 
 1.16000000e-01  3.10868420e+00 
 1.16000000e-01  3.10868420e+00 
 1.16000000e-01  3.10868420e+00 
 1.16000000e-01  3.10868420e+00 
 1.16000000e-01  3.10868420e+00 
 1.16000001e-01  3.10868420e+00 
 1.16000002e-01  3.10868420e+00 
 1.16000004e-01  3.10868420e+00 
 1.16000008e-01  3.10868420e+00 
 1.16000016e-01  3.10868420e+00 
 1.16000033e-01  3.10868420e+00 
 1.16000065e-01  3.10868420e+00 
 1.16000131e-01  3.10868420e+00 
 1.16000262e-01  3.10868420e+00 
 1.16000524e-01  3.10868420e+00 
 1.16001049e-01  3.10868420e+00 
 1.16002097e-01  3.10868420e+00 
 1.16004194e-01  3.10868420e+00 
 1.16008389e-01  3.10868420e+00 
 1.16016777e-01  3.10868420e+00 
 1.16033554e-01  3.10868420e+00 
 1.16067109e-01  3.10868420e+00 
 1.16107109e-01  3.10868420e+00 
 1.16147109e-01  3.10868420e+00 
 1.16187109e-01  3.10868420e+00 
 1.16227109e-01  3.10868420e+00 
 1.16267109e-01  3.10868420e+00 
 1.16307109e-01  3.10868420e+00 
 1.16347109e-01  3.10868420e+00 
 1.16387109e-01  3.10868420e+00 
 1.16399999e-01  3.10868420e+00 
 1.16399999e-01  3.10868420e+00 
 1.16399999e-01  3.10868420e+00 
 1.16400000e-01  3.10868420e+00 
 1.16400000e-01  3.10868427e+00 
 1.16400000e-01  3.10868431e+00 
 1.16400000e-01  3.10868440e+00 
 1.16400000e-01  3.10868456e+00 
 1.16400001e-01  3.10868489e+00 
 1.16400002e-01  3.10868554e+00 
 1.16400004e-01  3.10868685e+00 
 1.16400008e-01  3.10868946e+00 
 1.16400016e-01  3.10869468e+00 
 1.16400033e-01  3.10870513e+00 
 1.16400065e-01  3.10872598e+00 
 1.16400131e-01  3.10876755e+00 
 1.16400262e-01  3.10885019e+00 
 1.16400524e-01  3.10901346e+00 
 1.16401049e-01  3.10933210e+00 
 1.16402097e-01  3.10993905e+00 
 1.16404194e-01  3.11104095e+00 
 1.16408389e-01  3.11286168e+00 
 1.16416777e-01  3.11536866e+00 
 1.16433554e-01  3.11779575e+00 
 1.16467109e-01  3.11892297e+00 
 1.16507109e-01  3.11889396e+00 
 1.16547109e-01  3.11889718e+00 
 1.16587109e-01  3.11889682e+00 
 1.16627109e-01  3.11889686e+00 
 1.16667109e-01  3.11889686e+00 
 1.16707109e-01  3.11889686e+00 
 1.16747109e-01  3.11889686e+00 
 1.16787109e-01  3.11889686e+00 
 1.16799999e-01  3.11889686e+00 
 1.16799999e-01  3.11889686e+00 
 1.16799999e-01  3.11889686e+00 
 1.16800000e-01  3.11889686e+00 
 1.16800000e-01  3.11889686e+00 
 1.16800000e-01  3.11889686e+00 
 1.16800000e-01  3.11889686e+00 
 1.16800000e-01  3.11889686e+00 
 1.16800001e-01  3.11889686e+00 
 1.16800002e-01  3.11889686e+00 
 1.16800004e-01  3.11889686e+00 
 1.16800008e-01  3.11889686e+00 
 1.16800016e-01  3.11889686e+00 
 1.16800033e-01  3.11889686e+00 
 1.16800065e-01  3.11889686e+00 
 1.16800131e-01  3.11889686e+00 
 1.16800262e-01  3.11889686e+00 
 1.16800524e-01  3.11889686e+00 
 1.16801049e-01  3.11889686e+00 
 1.16802097e-01  3.11889686e+00 
 1.16804194e-01  3.11889686e+00 
 1.16808389e-01  3.11889686e+00 
 1.16816777e-01  3.11889686e+00 
 1.16833554e-01  3.11889686e+00 
 1.16867109e-01  3.11889686e+00 
 1.16907109e-01  3.11889686e+00 
 1.16947109e-01  3.11889686e+00 
 1.16987109e-01  3.11889686e+00 
 1.17027109e-01  3.11889686e+00 
 1.17067109e-01  3.11889686e+00 
 1.17107109e-01  3.11889686e+00 
 1.17147109e-01  3.11889686e+00 
 1.17187109e-01  3.11889686e+00 
 1.17199999e-01  3.11889686e+00 
 1.17199999e-01  3.11889686e+00 
 1.17199999e-01  3.11889686e+00 
 1.17200000e-01  3.11889686e+00 
 1.17200000e-01  3.11889693e+00 
 1.17200000e-01  3.11889697e+00 
 1.17200000e-01  3.11889704e+00 
 1.17200000e-01  3.11889718e+00 
 1.17200001e-01  3.11889748e+00 
 1.17200002e-01  3.11889806e+00 
 1.17200004e-01  3.11889923e+00 
 1.17200008e-01  3.11890156e+00 
 1.17200016e-01  3.11890623e+00 
 1.17200033e-01  3.11891555e+00 
 1.17200065e-01  3.11893417e+00 
 1.17200131e-01  3.11897130e+00 
 1.17200262e-01  3.11904511e+00 
 1.17200524e-01  3.11919092e+00 
 1.17201049e-01  3.11947548e+00 
 1.17202097e-01  3.12001753e+00 
 1.17204194e-01  3.12100161e+00 
 1.17208389e-01  3.12262765e+00 
 1.17216777e-01  3.12486657e+00 
 1.17233554e-01  3.12703413e+00 
 1.17267109e-01  3.12804082e+00 
 1.17307109e-01  3.12801491e+00 
 1.17347109e-01  3.12801779e+00 
 1.17387109e-01  3.12801747e+00 
 1.17427109e-01  3.12801750e+00 
 1.17467109e-01  3.12801750e+00 
 1.17507109e-01  3.12801750e+00 
 1.17547109e-01  3.12801750e+00 
 1.17587109e-01  3.12801750e+00 
 1.17599999e-01  3.12801750e+00 
 1.17599999e-01  3.12801750e+00 
 1.17599999e-01  3.12801750e+00 
 1.17600000e-01  3.12801750e+00 
 1.17600000e-01  3.12801750e+00 
 1.17600000e-01  3.12801750e+00 
 1.17600000e-01  3.12801750e+00 
 1.17600000e-01  3.12801750e+00 
 1.17600001e-01  3.12801750e+00 
 1.17600002e-01  3.12801750e+00 
 1.17600004e-01  3.12801750e+00 
 1.17600008e-01  3.12801750e+00 
 1.17600016e-01  3.12801750e+00 
 1.17600033e-01  3.12801750e+00 
 1.17600065e-01  3.12801750e+00 
 1.17600131e-01  3.12801750e+00 
 1.17600262e-01  3.12801750e+00 
 1.17600524e-01  3.12801750e+00 
 1.17601049e-01  3.12801750e+00 
 1.17602097e-01  3.12801750e+00 
 1.17604194e-01  3.12801750e+00 
 1.17608389e-01  3.12801750e+00 
 1.17616777e-01  3.12801750e+00 
 1.17633554e-01  3.12801750e+00 
 1.17667109e-01  3.12801750e+00 
 1.17707109e-01  3.12801750e+00 
 1.17747109e-01  3.12801750e+00 
 1.17787109e-01  3.12801750e+00 
 1.17827109e-01  3.12801750e+00 
 1.17867109e-01  3.12801750e+00 
 1.17907109e-01  3.12801750e+00 
 1.17947109e-01  3.12801750e+00 
 1.17987109e-01  3.12801750e+00 
 1.17999999e-01  3.12801750e+00 
 1.17999999e-01  3.12801750e+00 
 1.17999999e-01  3.12801750e+00 
 1.18000000e-01  3.12801750e+00 
 1.18000000e-01  3.12801756e+00 
 1.18000000e-01  3.12801759e+00 
 1.18000000e-01  3.12801766e+00 
 1.18000000e-01  3.12801779e+00 
 1.18000001e-01  3.12801805e+00 
 1.18000002e-01  3.12801857e+00 
 1.18000004e-01  3.12801961e+00 
 1.18000008e-01  3.12802169e+00 
 1.18000016e-01  3.12802586e+00 
 1.18000033e-01  3.12803418e+00 
 1.18000065e-01  3.12805080e+00 
 1.18000131e-01  3.12808395e+00 
 1.18000262e-01  3.12814982e+00 
 1.18000524e-01  3.12827998e+00 
 1.18001049e-01  3.12853398e+00 
 1.18002097e-01  3.12901782e+00 
 1.18004194e-01  3.12989621e+00 
 1.18008389e-01  3.13134763e+00 
 1.18016777e-01  3.13334611e+00 
 1.18033554e-01  3.13528089e+00 
 1.18067109e-01  3.13617946e+00 
 1.18107109e-01  3.13615634e+00 
 1.18147109e-01  3.13615891e+00 
 1.18187109e-01  3.13615862e+00 
 1.18227109e-01  3.13615865e+00 
 1.18267109e-01  3.13615865e+00 
 1.18307109e-01  3.13615865e+00 
 1.18347109e-01  3.13615865e+00 
 1.18387109e-01  3.13615865e+00 
 1.18399999e-01  3.13615865e+00 
 1.18399999e-01  3.13615865e+00 
 1.18399999e-01  3.13615865e+00 
 1.18400000e-01  3.13615865e+00 
 1.18400000e-01  3.13615865e+00 
 1.18400000e-01  3.13615865e+00 
 1.18400000e-01  3.13615865e+00 
 1.18400000e-01  3.13615865e+00 
 1.18400001e-01  3.13615865e+00 
 1.18400002e-01  3.13615865e+00 
 1.18400004e-01  3.13615865e+00 
 1.18400008e-01  3.13615865e+00 
 1.18400016e-01  3.13615865e+00 
 1.18400033e-01  3.13615865e+00 
 1.18400065e-01  3.13615865e+00 
 1.18400131e-01  3.13615865e+00 
 1.18400262e-01  3.13615865e+00 
 1.18400524e-01  3.13615865e+00 
 1.18401049e-01  3.13615865e+00 
 1.18402097e-01  3.13615865e+00 
 1.18404194e-01  3.13615865e+00 
 1.18408389e-01  3.13615865e+00 
 1.18416777e-01  3.13615865e+00 
 1.18433554e-01  3.13615865e+00 
 1.18467109e-01  3.13615865e+00 
 1.18507109e-01  3.13615865e+00 
 1.18547109e-01  3.13615865e+00 
 1.18587109e-01  3.13615865e+00 
 1.18627109e-01  3.13615865e+00 
 1.18667109e-01  3.13615865e+00 
 1.18707109e-01  3.13615865e+00 
 1.18747109e-01  3.13615865e+00 
 1.18787109e-01  3.13615865e+00 
 1.18799999e-01  3.13615865e+00 
 1.18799999e-01  3.13615865e+00 
 1.18799999e-01  3.13615865e+00 
 1.18800000e-01  3.13615865e+00 
 1.18800000e-01  3.13615871e+00 
 1.18800000e-01  3.13615873e+00 
 1.18800000e-01  3.13615879e+00 
 1.18800000e-01  3.13615891e+00 
 1.18800001e-01  3.13615914e+00 
 1.18800002e-01  3.13615961e+00 
 1.18800004e-01  3.13616053e+00 
 1.18800008e-01  3.13616239e+00 
 1.18800016e-01  3.13616611e+00 
 1.18800033e-01  3.13617353e+00 
 1.18800065e-01  3.13618836e+00 
 1.18800131e-01  3.13621791e+00 
 1.18800262e-01  3.13627667e+00 
 1.18800524e-01  3.13639275e+00 
 1.18801049e-01  3.13661929e+00 
 1.18802097e-01  3.13705080e+00 
 1.18804194e-01  3.13783422e+00 
 1.18808389e-01  3.13912869e+00 
 1.18816777e-01  3.14091106e+00 
 1.18833554e-01  3.14263663e+00 
 1.18867109e-01  3.14343805e+00 
 1.18907109e-01  3.14341742e+00 
 1.18947109e-01  3.14341971e+00 
 1.18987109e-01  3.14341946e+00 
 1.19027109e-01  3.14341948e+00 
 1.19067109e-01  3.14341948e+00 
 1.19107109e-01  3.14341948e+00 
 1.19147109e-01  3.14341948e+00 
 1.19187109e-01  3.14341948e+00 
 1.19199999e-01  3.14341948e+00 
 1.19199999e-01  3.14341948e+00 
 1.19199999e-01  3.14341948e+00 
 1.19200000e-01  3.14341948e+00 
 1.19200000e-01  3.14341948e+00 
 1.19200000e-01  3.14341948e+00 
 1.19200000e-01  3.14341948e+00 
 1.19200000e-01  3.14341948e+00 
 1.19200001e-01  3.14341948e+00 
 1.19200002e-01  3.14341948e+00 
 1.19200004e-01  3.14341948e+00 
 1.19200008e-01  3.14341948e+00 
 1.19200016e-01  3.14341948e+00 
 1.19200033e-01  3.14341948e+00 
 1.19200065e-01  3.14341948e+00 
 1.19200131e-01  3.14341948e+00 
 1.19200262e-01  3.14341948e+00 
 1.19200524e-01  3.14341948e+00 
 1.19201049e-01  3.14341948e+00 
 1.19202097e-01  3.14341948e+00 
 1.19204194e-01  3.14341948e+00 
 1.19208389e-01  3.14341948e+00 
 1.19216777e-01  3.14341948e+00 
 1.19233554e-01  3.14341948e+00 
 1.19267109e-01  3.14341948e+00 
 1.19307109e-01  3.14341948e+00 
 1.19347109e-01  3.14341948e+00 
 1.19387109e-01  3.14341948e+00 
 1.19427109e-01  3.14341948e+00 
 1.19467109e-01  3.14341948e+00 
 1.19507109e-01  3.14341948e+00 
 1.19547109e-01  3.14341948e+00 
 1.19587109e-01  3.14341948e+00 
 1.19599999e-01  3.14341948e+00 
 1.19599999e-01  3.14341948e+00 
 1.19599999e-01  3.14341948e+00 
 1.19600000e-01  3.14341948e+00 
 1.19600000e-01  3.14341953e+00 
 1.19600000e-01  3.14341956e+00 
 1.19600000e-01  3.14341961e+00 
 1.19600000e-01  3.14341971e+00 
 1.19600001e-01  3.14341992e+00 
 1.19600002e-01  3.14342033e+00 
 1.19600004e-01  3.14342116e+00 
 1.19600008e-01  3.14342282e+00 
 1.19600016e-01  3.14342612e+00 
 1.19600033e-01  3.14343274e+00 
 1.19600065e-01  3.14344594e+00 
 1.19600131e-01  3.14347227e+00 
 1.19600262e-01  3.14352460e+00 
 1.19600524e-01  3.14362799e+00 
 1.19601049e-01  3.14382978e+00 
 1.19602097e-01  3.14421414e+00 
 1.19604194e-01  3.14491194e+00 
 1.19608389e-01  3.14606495e+00 
 1.19616777e-01  3.14765254e+00 
 1.19633554e-01  3.14918954e+00 
 1.19667109e-01  3.14990337e+00 
 1.19707109e-01  3.14988500e+00 
 1.19747109e-01  3.14988704e+00 
 1.19787109e-01  3.14988681e+00 
 1.19827109e-01  3.14988684e+00 
 1.19867109e-01  3.14988683e+00 
 1.19907109e-01  3.14988683e+00 
 1.19947109e-01  3.14988683e+00 
 1.19987109e-01  3.14988683e+00 
 1.19999999e-01  3.14988683e+00 
 1.19999999e-01  3.14988683e+00 
 1.19999999e-01  3.14988683e+00 
 1.20000000e-01  3.14988683e+00 
 1.20000000e-01  3.14988683e+00 
 1.20000000e-01  3.14988683e+00 
 1.20000000e-01  3.14988683e+00 
 1.20000000e-01  3.14988683e+00 
 1.20000001e-01  3.14988683e+00 
 1.20000002e-01  3.14988683e+00 
 1.20000004e-01  3.14988683e+00 
 1.20000008e-01  3.14988683e+00 
 1.20000016e-01  3.14988683e+00 
 1.20000033e-01  3.14988683e+00 
 1.20000065e-01  3.14988683e+00 
 1.20000131e-01  3.14988683e+00 
 1.20000262e-01  3.14988683e+00 
 1.20000524e-01  3.14988683e+00 
 1.20001049e-01  3.14988683e+00 
 1.20002097e-01  3.14988683e+00 
 1.20004194e-01  3.14988683e+00 
 1.20008389e-01  3.14988683e+00 
 1.20016777e-01  3.14988683e+00 
 1.20033554e-01  3.14988683e+00 
 1.20067109e-01  3.14988683e+00 
 1.20107109e-01  3.14988683e+00 
 1.20147109e-01  3.14988683e+00 
 1.20187109e-01  3.14988683e+00 
 1.20227109e-01  3.14988683e+00 
 1.20267109e-01  3.14988683e+00 
 1.20307109e-01  3.14988683e+00 
 1.20347109e-01  3.14988683e+00 
 1.20387109e-01  3.14988683e+00 
 1.20399999e-01  3.14988683e+00 
 1.20399999e-01  3.14988683e+00 
 1.20399999e-01  3.14988683e+00 
 1.20400000e-01  3.14988683e+00 
 1.20400000e-01  3.14988688e+00 
 1.20400000e-01  3.14988690e+00 
 1.20400000e-01  3.14988695e+00 
 1.20400000e-01  3.14988704e+00 
 1.20400001e-01  3.14988722e+00 
 1.20400002e-01  3.14988759e+00 
 1.20400004e-01  3.14988832e+00 
 1.20400008e-01  3.14988980e+00 
 1.20400016e-01  3.14989274e+00 
 1.20400033e-01  3.14989862e+00 
 1.20400065e-01  3.14991035e+00 
 1.20400131e-01  3.14993376e+00 
 1.20400262e-01  3.14998029e+00 
 1.20400524e-01  3.15007220e+00 
 1.20401049e-01  3.15025159e+00 
 1.20402097e-01  3.15059328e+00 
 1.20404194e-01  3.15121363e+00 
 1.20408389e-01  3.15223866e+00 
 1.20416777e-01  3.15365003e+00 
 1.20433554e-01  3.15501643e+00 
 1.20467109e-01  3.15565103e+00 
 1.20507109e-01  3.15563469e+00 
 1.20547109e-01  3.15563651e+00 
 1.20587109e-01  3.15563631e+00 
 1.20627109e-01  3.15563633e+00 
 1.20667109e-01  3.15563633e+00 
 1.20707109e-01  3.15563633e+00 
 1.20747109e-01  3.15563633e+00 
 1.20787109e-01  3.15563633e+00 
 1.20799999e-01  3.15563633e+00 
 1.20799999e-01  3.15563633e+00 
 1.20799999e-01  3.15563633e+00 
 1.20800000e-01  3.15563633e+00 
 1.20800000e-01  3.15563633e+00 
 1.20800000e-01  3.15563633e+00 
 1.20800000e-01  3.15563633e+00 
 1.20800000e-01  3.15563633e+00 
 1.20800001e-01  3.15563633e+00 
 1.20800002e-01  3.15563633e+00 
 1.20800004e-01  3.15563633e+00 
 1.20800008e-01  3.15563633e+00 
 1.20800016e-01  3.15563633e+00 
 1.20800033e-01  3.15563633e+00 
 1.20800065e-01  3.15563633e+00 
 1.20800131e-01  3.15563633e+00 
 1.20800262e-01  3.15563633e+00 
 1.20800524e-01  3.15563633e+00 
 1.20801049e-01  3.15563633e+00 
 1.20802097e-01  3.15563633e+00 
 1.20804194e-01  3.15563633e+00 
 1.20808389e-01  3.15563633e+00 
 1.20816777e-01  3.15563633e+00 
 1.20833554e-01  3.15563633e+00 
 1.20867109e-01  3.15563633e+00 
 1.20907109e-01  3.15563633e+00 
 1.20947109e-01  3.15563633e+00 
 1.20987109e-01  3.15563633e+00 
 1.21027109e-01  3.15563633e+00 
 1.21067109e-01  3.15563633e+00 
 1.21107109e-01  3.15563633e+00 
 1.21147109e-01  3.15563633e+00 
 1.21187109e-01  3.15563633e+00 
 1.21199999e-01  3.15563633e+00 
 1.21199999e-01  3.15563633e+00 
 1.21199999e-01  3.15563633e+00 
 1.21200000e-01  3.15563633e+00 
 1.21200000e-01  3.15563637e+00 
 1.21200000e-01  3.15563639e+00 
 1.21200000e-01  3.15563643e+00 
 1.21200000e-01  3.15563651e+00 
 1.21200001e-01  3.15563667e+00 
 1.21200002e-01  3.15563700e+00 
 1.21200004e-01  3.15563765e+00 
 1.21200008e-01  3.15563895e+00 
 1.21200016e-01  3.15564156e+00 
 1.21200033e-01  3.15564677e+00 
 1.21200065e-01  3.15565718e+00 
 1.21200131e-01  3.15567793e+00 
 1.21200262e-01  3.15571918e+00 
 1.21200524e-01  3.15580066e+00 
 1.21201049e-01  3.15595970e+00 
 1.21202097e-01  3.15626262e+00 
 1.21204194e-01  3.15681258e+00 
 1.21208389e-01  3.15772131e+00 
 1.21216777e-01  3.15897255e+00 
 1.21233554e-01  3.16018391e+00 
 1.21267109e-01  3.16074650e+00 
 1.21307109e-01  3.16073202e+00 
 1.21347109e-01  3.16073363e+00 
 1.21387109e-01  3.16073345e+00 
 1.21427109e-01  3.16073347e+00 
 1.21467109e-01  3.16073347e+00 
 1.21507109e-01  3.16073347e+00 
 1.21547109e-01  3.16073347e+00 
 1.21587109e-01  3.16073347e+00 
 1.21599999e-01  3.16073347e+00 
 1.21599999e-01  3.16073347e+00 
 1.21599999e-01  3.16073347e+00 
 1.21600000e-01  3.16073347e+00 
 1.21600000e-01  3.16073347e+00 
 1.21600000e-01  3.16073347e+00 
 1.21600000e-01  3.16073347e+00 
 1.21600000e-01  3.16073347e+00 
 1.21600001e-01  3.16073347e+00 
 1.21600002e-01  3.16073347e+00 
 1.21600004e-01  3.16073347e+00 
 1.21600008e-01  3.16073347e+00 
 1.21600016e-01  3.16073347e+00 
 1.21600033e-01  3.16073347e+00 
 1.21600065e-01  3.16073347e+00 
 1.21600131e-01  3.16073347e+00 
 1.21600262e-01  3.16073347e+00 
 1.21600524e-01  3.16073347e+00 
 1.21601049e-01  3.16073347e+00 
 1.21602097e-01  3.16073347e+00 
 1.21604194e-01  3.16073347e+00 
 1.21608389e-01  3.16073347e+00 
 1.21616777e-01  3.16073347e+00 
 1.21633554e-01  3.16073347e+00 
 1.21667109e-01  3.16073347e+00 
 1.21707109e-01  3.16073347e+00 
 1.21747109e-01  3.16073347e+00 
 1.21787109e-01  3.16073347e+00 
 1.21827109e-01  3.16073347e+00 
 1.21867109e-01  3.16073347e+00 
 1.21907109e-01  3.16073347e+00 
 1.21947109e-01  3.16073347e+00 
 1.21987109e-01  3.16073347e+00 
 1.21999999e-01  3.16073347e+00 
 1.21999999e-01  3.16073347e+00 
 1.21999999e-01  3.16073347e+00 
 1.22000000e-01  3.16073347e+00 
 1.22000000e-01  3.16073351e+00 
 1.22000000e-01  3.16073352e+00 
 1.22000000e-01  3.16073356e+00 
 1.22000000e-01  3.16073363e+00 
 1.22000001e-01  3.16073378e+00 
 1.22000002e-01  3.16073406e+00 
 1.22000004e-01  3.16073464e+00 
 1.22000008e-01  3.16073579e+00 
 1.22000016e-01  3.16073809e+00 
 1.22000033e-01  3.16074270e+00 
 1.22000065e-01  3.16075189e+00 
 1.22000131e-01  3.16077021e+00 
 1.22000262e-01  3.16080663e+00 
 1.22000524e-01  3.16087859e+00 
 1.22001049e-01  3.16101903e+00 
 1.22002097e-01  3.16128655e+00 
 1.22004194e-01  3.16177221e+00 
 1.22008389e-01  3.16257470e+00 
 1.22016777e-01  3.16367965e+00 
 1.22033554e-01  3.16474940e+00 
 1.22067109e-01  3.16524622e+00 
 1.22107109e-01  3.16523343e+00 
 1.22147109e-01  3.16523485e+00 
 1.22187109e-01  3.16523469e+00 
 1.22227109e-01  3.16523471e+00 
 1.22267109e-01  3.16523471e+00 
 1.22307109e-01  3.16523471e+00 
 1.22347109e-01  3.16523471e+00 
 1.22387109e-01  3.16523471e+00 
 1.22399999e-01  3.16523471e+00 
 1.22399999e-01  3.16523471e+00 
 1.22399999e-01  3.16523471e+00 
 1.22400000e-01  3.16523471e+00 
 1.22400000e-01  3.16523471e+00 
 1.22400000e-01  3.16523471e+00 
 1.22400000e-01  3.16523471e+00 
 1.22400000e-01  3.16523471e+00 
 1.22400001e-01  3.16523471e+00 
 1.22400002e-01  3.16523471e+00 
 1.22400004e-01  3.16523471e+00 
 1.22400008e-01  3.16523471e+00 
 1.22400016e-01  3.16523471e+00 
 1.22400033e-01  3.16523471e+00 
 1.22400065e-01  3.16523471e+00 
 1.22400131e-01  3.16523471e+00 
 1.22400262e-01  3.16523471e+00 
 1.22400524e-01  3.16523471e+00 
 1.22401049e-01  3.16523471e+00 
 1.22402097e-01  3.16523471e+00 
 1.22404194e-01  3.16523471e+00 
 1.22408389e-01  3.16523471e+00 
 1.22416777e-01  3.16523471e+00 
 1.22433554e-01  3.16523471e+00 
 1.22467109e-01  3.16523471e+00 
 1.22507109e-01  3.16523471e+00 
 1.22547109e-01  3.16523471e+00 
 1.22587109e-01  3.16523471e+00 
 1.22627109e-01  3.16523471e+00 
 1.22667109e-01  3.16523471e+00 
 1.22707109e-01  3.16523471e+00 
 1.22747109e-01  3.16523471e+00 
 1.22787109e-01  3.16523471e+00 
 1.22799999e-01  3.16523471e+00 
 1.22799999e-01  3.16523471e+00 
 1.22799999e-01  3.16523471e+00 
 1.22800000e-01  3.16523471e+00 
 1.22800000e-01  3.16523474e+00 
 1.22800000e-01  3.16523475e+00 
 1.22800000e-01  3.16523479e+00 
 1.22800000e-01  3.16523485e+00 
 1.22800001e-01  3.16523498e+00 
 1.22800002e-01  3.16523523e+00 
 1.22800004e-01  3.16523574e+00 
 1.22800008e-01  3.16523675e+00 
 1.22800016e-01  3.16523877e+00 
 1.22800033e-01  3.16524281e+00 
 1.22800065e-01  3.16525088e+00 
 1.22800131e-01  3.16526698e+00 
 1.22800262e-01  3.16529897e+00 
 1.22800524e-01  3.16536218e+00 
 1.22801049e-01  3.16548554e+00 
 1.22802097e-01  3.16572051e+00 
 1.22804194e-01  3.16614709e+00 
 1.22808389e-01  3.16685197e+00 
 1.22816777e-01  3.16782251e+00 
 1.22833554e-01  3.16876212e+00 
 1.22867109e-01  3.16919851e+00 
 1.22907109e-01  3.16918728e+00 
 1.22947109e-01  3.16918852e+00 
 1.22987109e-01  3.16918839e+00 
 1.23027109e-01  3.16918840e+00 
 1.23067109e-01  3.16918840e+00 
 1.23107109e-01  3.16918840e+00 
 1.23147109e-01  3.16918840e+00 
 1.23187109e-01  3.16918840e+00 
 1.23199999e-01  3.16918840e+00 
 1.23199999e-01  3.16918840e+00 
 1.23199999e-01  3.16918840e+00 
 1.23200000e-01  3.16918840e+00 
 1.23200000e-01  3.16918840e+00 
 1.23200000e-01  3.16918840e+00 
 1.23200000e-01  3.16918840e+00 
 1.23200000e-01  3.16918840e+00 
 1.23200001e-01  3.16918840e+00 
 1.23200002e-01  3.16918840e+00 
 1.23200004e-01  3.16918840e+00 
 1.23200008e-01  3.16918840e+00 
 1.23200016e-01  3.16918840e+00 
 1.23200033e-01  3.16918840e+00 
 1.23200065e-01  3.16918840e+00 
 1.23200131e-01  3.16918840e+00 
 1.23200262e-01  3.16918840e+00 
 1.23200524e-01  3.16918840e+00 
 1.23201049e-01  3.16918840e+00 
 1.23202097e-01  3.16918840e+00 
 1.23204194e-01  3.16918840e+00 
 1.23208389e-01  3.16918840e+00 
 1.23216777e-01  3.16918840e+00 
 1.23233554e-01  3.16918840e+00 
 1.23267109e-01  3.16918840e+00 
 1.23307109e-01  3.16918840e+00 
 1.23347109e-01  3.16918840e+00 
 1.23387109e-01  3.16918840e+00 
 1.23427109e-01  3.16918840e+00 
 1.23467109e-01  3.16918840e+00 
 1.23507109e-01  3.16918840e+00 
 1.23547109e-01  3.16918840e+00 
 1.23587109e-01  3.16918840e+00 
 1.23599999e-01  3.16918840e+00 
 1.23599999e-01  3.16918840e+00 
 1.23599999e-01  3.16918840e+00 
 1.23600000e-01  3.16918840e+00 
 1.23600000e-01  3.16918843e+00 
 1.23600000e-01  3.16918844e+00 
 1.23600000e-01  3.16918847e+00 
 1.23600000e-01  3.16918852e+00 
 1.23600001e-01  3.16918863e+00 
 1.23600002e-01  3.16918885e+00 
 1.23600004e-01  3.16918929e+00 
 1.23600008e-01  3.16919018e+00 
 1.23600016e-01  3.16919194e+00 
 1.23600033e-01  3.16919546e+00 
 1.23600065e-01  3.16920250e+00 
 1.23600131e-01  3.16921654e+00 
 1.23600262e-01  3.16924443e+00 
 1.23600524e-01  3.16929954e+00 
 1.23601049e-01  3.16940710e+00 
 1.23602097e-01  3.16961198e+00 
 1.23604194e-01  3.16998393e+00 
 1.23608389e-01  3.17059852e+00 
 1.23616777e-01  3.17144476e+00 
 1.23633554e-01  3.17226403e+00 
 1.23667109e-01  3.17264453e+00 
 1.23707109e-01  3.17263474e+00 
 1.23747109e-01  3.17263583e+00 
 1.23787109e-01  3.17263571e+00 
 1.23827109e-01  3.17263572e+00 
 1.23867109e-01  3.17263572e+00 
 1.23907109e-01  3.17263572e+00 
 1.23947109e-01  3.17263572e+00 
 1.23987109e-01  3.17263572e+00 
 1.23999999e-01  3.17263572e+00 
 1.23999999e-01  3.17263572e+00 
 1.23999999e-01  3.17263572e+00 
 1.24000000e-01  3.17263572e+00 
 1.24000000e-01  3.17263572e+00 
 1.24000000e-01  3.17263572e+00 
 1.24000000e-01  3.17263572e+00 
 1.24000000e-01  3.17263572e+00 
 1.24000001e-01  3.17263572e+00 
 1.24000002e-01  3.17263572e+00 
 1.24000004e-01  3.17263572e+00 
 1.24000008e-01  3.17263572e+00 
 1.24000016e-01  3.17263572e+00 
 1.24000033e-01  3.17263572e+00 
 1.24000065e-01  3.17263572e+00 
 1.24000131e-01  3.17263572e+00 
 1.24000262e-01  3.17263572e+00 
 1.24000524e-01  3.17263572e+00 
 1.24001049e-01  3.17263572e+00 
 1.24002097e-01  3.17263572e+00 
 1.24004194e-01  3.17263572e+00 
 1.24008389e-01  3.17263572e+00 
 1.24016777e-01  3.17263572e+00 
 1.24033554e-01  3.17263572e+00 
 1.24067109e-01  3.17263572e+00 
 1.24107109e-01  3.17263572e+00 
 1.24147109e-01  3.17263572e+00 
 1.24187109e-01  3.17263572e+00 
 1.24227109e-01  3.17263572e+00 
 1.24267109e-01  3.17263572e+00 
 1.24307109e-01  3.17263572e+00 
 1.24347109e-01  3.17263572e+00 
 1.24387109e-01  3.17263572e+00 
 1.24399999e-01  3.17263572e+00 
 1.24399999e-01  3.17263572e+00 
 1.24399999e-01  3.17263572e+00 
 1.24400000e-01  3.17263572e+00 
 1.24400000e-01  3.17263574e+00 
 1.24400000e-01  3.17263575e+00 
 1.24400000e-01  3.17263578e+00 
 1.24400000e-01  3.17263582e+00 
 1.24400001e-01  3.17263592e+00 
 1.24400002e-01  3.17263611e+00 
 1.24400004e-01  3.17263649e+00 
 1.24400008e-01  3.17263725e+00 
 1.24400016e-01  3.17263877e+00 
 1.24400033e-01  3.17264182e+00 
 1.24400065e-01  3.17264789e+00 
 1.24400131e-01  3.17266001e+00 
 1.24400262e-01  3.17268408e+00 
 1.24400524e-01  3.17273166e+00 
 1.24401049e-01  3.17282450e+00 
 1.24402097e-01  3.17300135e+00 
 1.24404194e-01  3.17332242e+00 
 1.24408389e-01  3.17385294e+00 
 1.24416777e-01  3.17458341e+00 
 1.24433554e-01  3.17529061e+00 
 1.24467109e-01  3.17561905e+00 
 1.24507109e-01  3.17561060e+00 
 1.24547109e-01  3.17561154e+00 
 1.24587109e-01  3.17561143e+00 
 1.24627109e-01  3.17561145e+00 
 1.24667109e-01  3.17561145e+00 
 1.24707109e-01  3.17561145e+00 
 1.24747109e-01  3.17561145e+00 
 1.24787109e-01  3.17561145e+00 
 1.24799999e-01  3.17561145e+00 
 1.24799999e-01  3.17561145e+00 
 1.24799999e-01  3.17561145e+00 
 1.24800000e-01  3.17561145e+00 
 1.24800000e-01  3.17561145e+00 
 1.24800000e-01  3.17561145e+00 
 1.24800000e-01  3.17561145e+00 
 1.24800000e-01  3.17561145e+00 
 1.24800001e-01  3.17561145e+00 
 1.24800002e-01  3.17561145e+00 
 1.24800004e-01  3.17561145e+00 
 1.24800008e-01  3.17561145e+00 
 1.24800016e-01  3.17561145e+00 
 1.24800033e-01  3.17561145e+00 
 1.24800065e-01  3.17561145e+00 
 1.24800131e-01  3.17561145e+00 
 1.24800262e-01  3.17561145e+00 
 1.24800524e-01  3.17561145e+00 
 1.24801049e-01  3.17561145e+00 
 1.24802097e-01  3.17561145e+00 
 1.24804194e-01  3.17561145e+00 
 1.24808389e-01  3.17561145e+00 
 1.24816777e-01  3.17561145e+00 
 1.24833554e-01  3.17561145e+00 
 1.24867109e-01  3.17561145e+00 
 1.24907109e-01  3.17561145e+00 
 1.24947109e-01  3.17561145e+00 
 1.24987109e-01  3.17561145e+00 
 1.25027109e-01  3.17561145e+00 
 1.25067109e-01  3.17561145e+00 
 1.25107109e-01  3.17561145e+00 
 1.25147109e-01  3.17561145e+00 
 1.25187109e-01  3.17561145e+00 
 1.25199999e-01  3.17561145e+00 
 1.25199999e-01  3.17561145e+00 
 1.25199999e-01  3.17561145e+00 
 1.25200000e-01  3.17561145e+00 
 1.25200000e-01  3.17561146e+00 
 1.25200000e-01  3.17561147e+00 
 1.25200000e-01  3.17561149e+00 
 1.25200000e-01  3.17561154e+00 
 1.25200001e-01  3.17561162e+00 
 1.25200002e-01  3.17561178e+00 
 1.25200004e-01  3.17561210e+00 
 1.25200008e-01  3.17561275e+00 
 1.25200016e-01  3.17561405e+00 
 1.25200033e-01  3.17561664e+00 
 1.25200065e-01  3.17562181e+00 
 1.25200131e-01  3.17563212e+00 
 1.25200262e-01  3.17565262e+00 
 1.25200524e-01  3.17569312e+00 
 1.25201049e-01  3.17577216e+00 
 1.25202097e-01  3.17592271e+00 
 1.25204194e-01  3.17619604e+00 
 1.25208389e-01  3.17664767e+00 
 1.25216777e-01  3.17726953e+00 
 1.25233554e-01  3.17787157e+00 
 1.25267109e-01  3.17815117e+00 
 1.25307109e-01  3.17814398e+00 
 1.25347109e-01  3.17814478e+00 
 1.25387109e-01  3.17814469e+00 
 1.25427109e-01  3.17814470e+00 
 1.25467109e-01  3.17814470e+00 
 1.25507109e-01  3.17814470e+00 
 1.25547109e-01  3.17814470e+00 
 1.25587109e-01  3.17814470e+00 
 1.25599999e-01  3.17814470e+00 
 1.25599999e-01  3.17814470e+00 
 1.25599999e-01  3.17814470e+00 
 1.25600000e-01  3.17814470e+00 
 1.25600000e-01  3.17814470e+00 
 1.25600000e-01  3.17814470e+00 
 1.25600000e-01  3.17814470e+00 
 1.25600000e-01  3.17814470e+00 
 1.25600001e-01  3.17814470e+00 
 1.25600002e-01  3.17814470e+00 
 1.25600004e-01  3.17814470e+00 
 1.25600008e-01  3.17814470e+00 
 1.25600016e-01  3.17814470e+00 
 1.25600033e-01  3.17814470e+00 
 1.25600065e-01  3.17814470e+00 
 1.25600131e-01  3.17814470e+00 
 1.25600262e-01  3.17814470e+00 
 1.25600524e-01  3.17814470e+00 
 1.25601049e-01  3.17814470e+00 
 1.25602097e-01  3.17814470e+00 
 1.25604194e-01  3.17814470e+00 
 1.25608389e-01  3.17814470e+00 
 1.25616777e-01  3.17814470e+00 
 1.25633554e-01  3.17814470e+00 
 1.25667109e-01  3.17814470e+00 
 1.25707109e-01  3.17814470e+00 
 1.25747109e-01  3.17814470e+00 
 1.25787109e-01  3.17814470e+00 
 1.25827109e-01  3.17814470e+00 
 1.25867109e-01  3.17814470e+00 
 1.25907109e-01  3.17814470e+00 
 1.25947109e-01  3.17814470e+00 
 1.25987109e-01  3.17814470e+00 
 1.25999999e-01  3.17814470e+00 
 1.25999999e-01  3.17814470e+00 
 1.25999999e-01  3.17814470e+00 
 1.26000000e-01  3.17814470e+00 
 1.26000000e-01  3.17814471e+00 
 1.26000000e-01  3.17814472e+00 
 1.26000000e-01  3.17814474e+00 
 1.26000000e-01  3.17814477e+00 
 1.26000001e-01  3.17814484e+00 
 1.26000002e-01  3.17814497e+00 
 1.26000004e-01  3.17814524e+00 
 1.26000008e-01  3.17814579e+00 
 1.26000016e-01  3.17814687e+00 
 1.26000033e-01  3.17814903e+00 
 1.26000065e-01  3.17815335e+00 
 1.26000131e-01  3.17816196e+00 
 1.26000262e-01  3.17817907e+00 
 1.26000524e-01  3.17821288e+00 
 1.26001049e-01  3.17827886e+00 
 1.26002097e-01  3.17840455e+00 
 1.26004194e-01  3.17863273e+00 
 1.26008389e-01  3.17900977e+00 
 1.26016777e-01  3.17952891e+00 
 1.26033554e-01  3.18003151e+00 
 1.26067109e-01  3.18026494e+00 
 1.26107109e-01  3.18025893e+00 
 1.26147109e-01  3.18025960e+00 
 1.26187109e-01  3.18025952e+00 
 1.26227109e-01  3.18025953e+00 
 1.26267109e-01  3.18025953e+00 
 1.26307109e-01  3.18025953e+00 
 1.26347109e-01  3.18025953e+00 
 1.26387109e-01  3.18025953e+00 
 1.26399999e-01  3.18025953e+00 
 1.26399999e-01  3.18025953e+00 
 1.26399999e-01  3.18025953e+00 
 1.26400000e-01  3.18025953e+00 
 1.26400000e-01  3.18025953e+00 
 1.26400000e-01  3.18025953e+00 
 1.26400000e-01  3.18025953e+00 
 1.26400000e-01  3.18025953e+00 
 1.26400001e-01  3.18025953e+00 
 1.26400002e-01  3.18025953e+00 
 1.26400004e-01  3.18025953e+00 
 1.26400008e-01  3.18025953e+00 
 1.26400016e-01  3.18025953e+00 
 1.26400033e-01  3.18025953e+00 
 1.26400065e-01  3.18025953e+00 
 1.26400131e-01  3.18025953e+00 
 1.26400262e-01  3.18025953e+00 
 1.26400524e-01  3.18025953e+00 
 1.26401049e-01  3.18025953e+00 
 1.26402097e-01  3.18025953e+00 
 1.26404194e-01  3.18025953e+00 
 1.26408389e-01  3.18025953e+00 
 1.26416777e-01  3.18025953e+00 
 1.26433554e-01  3.18025953e+00 
 1.26467109e-01  3.18025953e+00 
 1.26507109e-01  3.18025953e+00 
 1.26547109e-01  3.18025953e+00 
 1.26587109e-01  3.18025953e+00 
 1.26627109e-01  3.18025953e+00 
 1.26667109e-01  3.18025953e+00 
 1.26707109e-01  3.18025953e+00 
 1.26747109e-01  3.18025953e+00 
 1.26787109e-01  3.18025953e+00 
 1.26799999e-01  3.18025953e+00 
 1.26799999e-01  3.18025953e+00 
 1.26799999e-01  3.18025953e+00 
 1.26800000e-01  3.18025953e+00 
 1.26800000e-01  3.18025954e+00 
 1.26800000e-01  3.18025955e+00 
 1.26800000e-01  3.18025957e+00 
 1.26800000e-01  3.18025959e+00 
 1.26800001e-01  3.18025965e+00 
 1.26800002e-01  3.18025976e+00 
 1.26800004e-01  3.18025998e+00 
 1.26800008e-01  3.18026042e+00 
 1.26800016e-01  3.18026129e+00 
 1.26800033e-01  3.18026305e+00 
 1.26800065e-01  3.18026655e+00 
 1.26800131e-01  3.18027354e+00 
 1.26800262e-01  3.18028742e+00 
 1.26800524e-01  3.18031486e+00 
 1.26801049e-01  3.18036840e+00 
 1.26802097e-01  3.18047038e+00 
 1.26804194e-01  3.18065552e+00 
 1.26808389e-01  3.18096145e+00 
 1.26816777e-01  3.18138269e+00 
 1.26833554e-01  3.18179050e+00 
 1.26867109e-01  3.18197990e+00 
 1.26907109e-01  3.18197502e+00 
 1.26947109e-01  3.18197556e+00 
 1.26987109e-01  3.18197550e+00 
 1.27027109e-01  3.18197551e+00 
 1.27067109e-01  3.18197551e+00 
 1.27107109e-01  3.18197551e+00 
 1.27147109e-01  3.18197551e+00 
 1.27187109e-01  3.18197551e+00 
 1.27199999e-01  3.18197551e+00 
 1.27199999e-01  3.18197551e+00 
 1.27199999e-01  3.18197551e+00 
 1.27200000e-01  3.18197551e+00 
 1.27200000e-01  3.18197551e+00 
 1.27200000e-01  3.18197551e+00 
 1.27200000e-01  3.18197551e+00 
 1.27200000e-01  3.18197551e+00 
 1.27200001e-01  3.18197551e+00 
 1.27200002e-01  3.18197551e+00 
 1.27200004e-01  3.18197551e+00 
 1.27200008e-01  3.18197551e+00 
 1.27200016e-01  3.18197551e+00 
 1.27200033e-01  3.18197551e+00 
 1.27200065e-01  3.18197551e+00 
 1.27200131e-01  3.18197551e+00 
 1.27200262e-01  3.18197551e+00 
 1.27200524e-01  3.18197551e+00 
 1.27201049e-01  3.18197551e+00 
 1.27202097e-01  3.18197551e+00 
 1.27204194e-01  3.18197551e+00 
 1.27208389e-01  3.18197551e+00 
 1.27216777e-01  3.18197551e+00 
 1.27233554e-01  3.18197551e+00 
 1.27267109e-01  3.18197551e+00 
 1.27307109e-01  3.18197551e+00 
 1.27347109e-01  3.18197551e+00 
 1.27387109e-01  3.18197551e+00 
 1.27427109e-01  3.18197551e+00 
 1.27467109e-01  3.18197551e+00 
 1.27507109e-01  3.18197551e+00 
 1.27547109e-01  3.18197551e+00 
 1.27587109e-01  3.18197551e+00 
 1.27599999e-01  3.18197551e+00 
 1.27599999e-01  3.18197551e+00 
 1.27599999e-01  3.18197551e+00 
 1.27600000e-01  3.18197551e+00 
 1.27600000e-01  3.18197552e+00 
 1.27600000e-01  3.18197552e+00 
 1.27600000e-01  3.18197554e+00 
 1.27600000e-01  3.18197556e+00 
 1.27600001e-01  3.18197560e+00 
 1.27600002e-01  3.18197568e+00 
 1.27600004e-01  3.18197585e+00 
 1.27600008e-01  3.18197620e+00 
 1.27600016e-01  3.18197688e+00 
 1.27600033e-01  3.18197824e+00 
 1.27600065e-01  3.18198096e+00 
 1.27600131e-01  3.18198639e+00 
 1.27600262e-01  3.18199717e+00 
 1.27600524e-01  3.18201847e+00 
 1.27601049e-01  3.18206005e+00 
 1.27602097e-01  3.18213925e+00 
 1.27604194e-01  3.18228304e+00 
 1.27608389e-01  3.18252062e+00 
 1.27616777e-01  3.18284775e+00 
 1.27633554e-01  3.18316446e+00 
 1.27667109e-01  3.18331155e+00 
 1.27707109e-01  3.18330776e+00 
 1.27747109e-01  3.18330818e+00 
 1.27787109e-01  3.18330814e+00 
 1.27827109e-01  3.18330814e+00 
 1.27867109e-01  3.18330814e+00 
 1.27907109e-01  3.18330814e+00 
 1.27947109e-01  3.18330814e+00 
 1.27987109e-01  3.18330814e+00 
 1.27999999e-01  3.18330814e+00 
 1.27999999e-01  3.18330814e+00 
 1.27999999e-01  3.18330814e+00 
 1.28000000e-01  3.18330814e+00 
 1.28000000e-01  3.18330814e+00 
 1.28000000e-01  3.18330814e+00 
 1.28000000e-01  3.18330814e+00 
 1.28000000e-01  3.18330814e+00 
 1.28000001e-01  3.18330814e+00 
 1.28000002e-01  3.18330814e+00 
 1.28000004e-01  3.18330814e+00 
 1.28000008e-01  3.18330814e+00 
 1.28000016e-01  3.18330814e+00 
 1.28000033e-01  3.18330814e+00 
 1.28000065e-01  3.18330814e+00 
 1.28000131e-01  3.18330814e+00 
 1.28000262e-01  3.18330814e+00 
 1.28000524e-01  3.18330814e+00 
 1.28001049e-01  3.18330814e+00 
 1.28002097e-01  3.18330814e+00 
 1.28004194e-01  3.18330814e+00 
 1.28008389e-01  3.18330814e+00 
 1.28016777e-01  3.18330814e+00 
 1.28033554e-01  3.18330814e+00 
 1.28067109e-01  3.18330814e+00 
 1.28107109e-01  3.18330814e+00 
 1.28147109e-01  3.18330814e+00 
 1.28187109e-01  3.18330814e+00 
 1.28227109e-01  3.18330814e+00 
 1.28267109e-01  3.18330814e+00 
 1.28307109e-01  3.18330814e+00 
 1.28347109e-01  3.18330814e+00 
 1.28387109e-01  3.18330814e+00 
 1.28399999e-01  3.18330814e+00 
 1.28399999e-01  3.18330814e+00 
 1.28399999e-01  3.18330814e+00 
 1.28400000e-01  3.18330814e+00 
 1.28400000e-01  3.18330815e+00 
 1.28400000e-01  3.18330815e+00 
 1.28400000e-01  3.18330816e+00 
 1.28400000e-01  3.18330818e+00 
 1.28400001e-01  3.18330821e+00 
 1.28400002e-01  3.18330827e+00 
 1.28400004e-01  3.18330839e+00 
 1.28400008e-01  3.18330864e+00 
 1.28400016e-01  3.18330913e+00 
 1.28400033e-01  3.18331011e+00 
 1.28400065e-01  3.18331207e+00 
 1.28400131e-01  3.18331599e+00 
 1.28400262e-01  3.18332377e+00 
 1.28400524e-01  3.18333913e+00 
 1.28401049e-01  3.18336912e+00 
 1.28402097e-01  3.18342624e+00 
 1.28404194e-01  3.18352995e+00 
 1.28408389e-01  3.18370131e+00 
 1.28416777e-01  3.18393726e+00 
 1.28433554e-01  3.18416569e+00 
 1.28467109e-01  3.18427178e+00 
 1.28507109e-01  3.18426905e+00 
 1.28547109e-01  3.18426935e+00 
 1.28587109e-01  3.18426932e+00 
 1.28627109e-01  3.18426932e+00 
 1.28667109e-01  3.18426932e+00 
 1.28707109e-01  3.18426932e+00 
 1.28747109e-01  3.18426932e+00 
 1.28787109e-01  3.18426932e+00 
 1.28799999e-01  3.18426932e+00 
 1.28799999e-01  3.18426932e+00 
 1.28799999e-01  3.18426932e+00 
 1.28800000e-01  3.18426932e+00 
 1.28800000e-01  3.18426932e+00 
 1.28800000e-01  3.18426932e+00 
 1.28800000e-01  3.18426932e+00 
 1.28800000e-01  3.18426932e+00 
 1.28800001e-01  3.18426932e+00 
 1.28800002e-01  3.18426932e+00 
 1.28800004e-01  3.18426932e+00 
 1.28800008e-01  3.18426932e+00 
 1.28800016e-01  3.18426932e+00 
 1.28800033e-01  3.18426932e+00 
 1.28800065e-01  3.18426932e+00 
 1.28800131e-01  3.18426932e+00 
 1.28800262e-01  3.18426932e+00 
 1.28800524e-01  3.18426932e+00 
 1.28801049e-01  3.18426932e+00 
 1.28802097e-01  3.18426932e+00 
 1.28804194e-01  3.18426932e+00 
 1.28808389e-01  3.18426932e+00 
 1.28816777e-01  3.18426932e+00 
 1.28833554e-01  3.18426932e+00 
 1.28867109e-01  3.18426932e+00 
 1.28907109e-01  3.18426932e+00 
 1.28947109e-01  3.18426932e+00 
 1.28987109e-01  3.18426932e+00 
 1.29027109e-01  3.18426932e+00 
 1.29067109e-01  3.18426932e+00 
 1.29107109e-01  3.18426932e+00 
 1.29147109e-01  3.18426932e+00 
 1.29187109e-01  3.18426932e+00 
 1.29199999e-01  3.18426932e+00 
 1.29199999e-01  3.18426932e+00 
 1.29199999e-01  3.18426932e+00 
 1.29200000e-01  3.18426932e+00 
 1.29200000e-01  3.18426932e+00 
 1.29200000e-01  3.18426933e+00 
 1.29200000e-01  3.18426933e+00 
 1.29200000e-01  3.18426934e+00 
 1.29200001e-01  3.18426936e+00 
 1.29200002e-01  3.18426940e+00 
 1.29200004e-01  3.18426947e+00 
 1.29200008e-01  3.18426963e+00 
 1.29200016e-01  3.18426993e+00 
 1.29200033e-01  3.18427055e+00 
 1.29200065e-01  3.18427177e+00 
 1.29200131e-01  3.18427420e+00 
 1.29200262e-01  3.18427904e+00 
 1.29200524e-01  3.18428861e+00 
 1.29201049e-01  3.18430728e+00 
 1.29202097e-01  3.18434284e+00 
 1.29204194e-01  3.18440739e+00 
 1.29208389e-01  3.18451406e+00 
 1.29216777e-01  3.18466093e+00 
 1.29233554e-01  3.18480312e+00 
 1.29267109e-01  3.18486916e+00 
 1.29307109e-01  3.18486746e+00 
 1.29347109e-01  3.18486765e+00 
 1.29387109e-01  3.18486763e+00 
 1.29427109e-01  3.18486763e+00 
 1.29467109e-01  3.18486763e+00 
 1.29507109e-01  3.18486763e+00 
 1.29547109e-01  3.18486763e+00 
 1.29587109e-01  3.18486763e+00 
 1.29599999e-01  3.18486763e+00 
 1.29599999e-01  3.18486763e+00 
 1.29599999e-01  3.18486763e+00 
 1.29600000e-01  3.18486763e+00 
 1.29600000e-01  3.18486763e+00 
 1.29600000e-01  3.18486763e+00 
 1.29600000e-01  3.18486763e+00 
 1.29600000e-01  3.18486763e+00 
 1.29600001e-01  3.18486763e+00 
 1.29600002e-01  3.18486763e+00 
 1.29600004e-01  3.18486763e+00 
 1.29600008e-01  3.18486763e+00 
 1.29600016e-01  3.18486763e+00 
 1.29600033e-01  3.18486763e+00 
 1.29600065e-01  3.18486763e+00 
 1.29600131e-01  3.18486763e+00 
 1.29600262e-01  3.18486763e+00 
 1.29600524e-01  3.18486763e+00 
 1.29601049e-01  3.18486763e+00 
 1.29602097e-01  3.18486763e+00 
 1.29604194e-01  3.18486763e+00 
 1.29608389e-01  3.18486763e+00 
 1.29616777e-01  3.18486763e+00 
 1.29633554e-01  3.18486763e+00 
 1.29667109e-01  3.18486763e+00 
 1.29707109e-01  3.18486763e+00 
 1.29747109e-01  3.18486763e+00 
 1.29787109e-01  3.18486763e+00 
 1.29827109e-01  3.18486763e+00 
 1.29867109e-01  3.18486763e+00 
 1.29907109e-01  3.18486763e+00 
 1.29947109e-01  3.18486763e+00 
 1.29987109e-01  3.18486763e+00 
 1.29999999e-01  3.18486763e+00 
 1.29999999e-01  3.18486763e+00 
 1.29999999e-01  3.18486763e+00 
 1.30000000e-01  3.18486763e+00 
 1.30000000e-01  3.18486763e+00 
 1.30000000e-01  3.18486764e+00 
 1.30000000e-01  3.18486764e+00 
 1.30000000e-01  3.18486764e+00 
 1.30000001e-01  3.18486765e+00 
 1.30000002e-01  3.18486766e+00 
 1.30000004e-01  3.18486769e+00 
 1.30000008e-01  3.18486776e+00 
 1.30000016e-01  3.18486788e+00 
 1.30000033e-01  3.18486813e+00 
 1.30000065e-01  3.18486862e+00 
 1.30000131e-01  3.18486960e+00 
 1.30000262e-01  3.18487155e+00 
 1.30000524e-01  3.18487540e+00 
 1.30001049e-01  3.18488292e+00 
 1.30002097e-01  3.18489725e+00 
 1.30004194e-01  3.18492326e+00 
 1.30008389e-01  3.18496623e+00 
 1.30016777e-01  3.18502540e+00 
 1.30033554e-01  3.18508269e+00 
 1.30067109e-01  3.18510930e+00 
 1.30107109e-01  3.18510861e+00 
 1.30147109e-01  3.18510869e+00 
 1.30187109e-01  3.18510868e+00 
 1.30227109e-01  3.18510868e+00 
 1.30267109e-01  3.18510868e+00 
 1.30307109e-01  3.18510868e+00 
 1.30347109e-01  3.18510868e+00 
 1.30387109e-01  3.18510868e+00 
 1.30399999e-01  3.18510868e+00 
 1.30399999e-01  3.18510868e+00 
 1.30399999e-01  3.18510868e+00 
 1.30400000e-01  3.18510868e+00 
 1.30400000e-01  3.18510868e+00 
 1.30400000e-01  3.18510868e+00 
 1.30400000e-01  3.18510868e+00 
 1.30400000e-01  3.18510868e+00 
 1.30400001e-01  3.18510868e+00 
 1.30400002e-01  3.18510868e+00 
 1.30400004e-01  3.18510868e+00 
 1.30400008e-01  3.18510868e+00 
 1.30400016e-01  3.18510868e+00 
 1.30400033e-01  3.18510868e+00 
 1.30400065e-01  3.18510868e+00 
 1.30400131e-01  3.18510868e+00 
 1.30400262e-01  3.18510868e+00 
 1.30400524e-01  3.18510868e+00 
 1.30401049e-01  3.18510868e+00 
 1.30402097e-01  3.18510868e+00 
 1.30404194e-01  3.18510868e+00 
 1.30408389e-01  3.18510868e+00 
 1.30416777e-01  3.18510868e+00 
 1.30433554e-01  3.18510868e+00 
 1.30467109e-01  3.18510868e+00 
 1.30507109e-01  3.18510868e+00 
 1.30547109e-01  3.18510868e+00 
 1.30587109e-01  3.18510868e+00 
 1.30627109e-01  3.18510868e+00 
 1.30667109e-01  3.18510868e+00 
 1.30707109e-01  3.18510868e+00 
 1.30747109e-01  3.18510868e+00 
 1.30787109e-01  3.18510868e+00 
 1.30799999e-01  3.18510868e+00 
 1.30799999e-01  3.18510868e+00 
 1.30799999e-01  3.18510868e+00 
 1.30800000e-01  3.18510868e+00 
 1.30800000e-01  3.18510868e+00 
 1.30800000e-01  3.18510868e+00 
 1.30800000e-01  3.18510868e+00 
 1.30800000e-01  3.18510867e+00 
 1.30800001e-01  3.18510867e+00 
 1.30800002e-01  3.18510866e+00 
 1.30800004e-01  3.18510865e+00 
 1.30800008e-01  3.18510862e+00 
 1.30800016e-01  3.18510856e+00 
 1.30800033e-01  3.18510845e+00 
 1.30800065e-01  3.18510822e+00 
 1.30800131e-01  3.18510775e+00 
 1.30800262e-01  3.18510684e+00 
 1.30800524e-01  3.18510502e+00 
 1.30801049e-01  3.18510149e+00 
 1.30802097e-01  3.18509475e+00 
 1.30804194e-01  3.18508252e+00 
 1.30808389e-01  3.18506231e+00 
 1.30816777e-01  3.18503448e+00 
 1.30833554e-01  3.18500754e+00 
 1.30867109e-01  3.18499502e+00 
 1.30907109e-01  3.18499534e+00 
 1.30947109e-01  3.18499531e+00 
 1.30987109e-01  3.18499531e+00 
 1.31027109e-01  3.18499531e+00 
 1.31067109e-01  3.18499531e+00 
 1.31107109e-01  3.18499531e+00 
 1.31147109e-01  3.18499531e+00 
 1.31187109e-01  3.18499531e+00 
 1.31199999e-01  3.18499531e+00 
 1.31199999e-01  3.18499531e+00 
 1.31199999e-01  3.18499531e+00 
 1.31200000e-01  3.18499531e+00 
 1.31200000e-01  3.18499531e+00 
 1.31200000e-01  3.18499531e+00 
 1.31200000e-01  3.18499531e+00 
 1.31200000e-01  3.18499531e+00 
 1.31200001e-01  3.18499531e+00 
 1.31200002e-01  3.18499531e+00 
 1.31200004e-01  3.18499531e+00 
 1.31200008e-01  3.18499531e+00 
 1.31200016e-01  3.18499531e+00 
 1.31200033e-01  3.18499531e+00 
 1.31200065e-01  3.18499531e+00 
 1.31200131e-01  3.18499531e+00 
 1.31200262e-01  3.18499531e+00 
 1.31200524e-01  3.18499531e+00 
 1.31201049e-01  3.18499531e+00 
 1.31202097e-01  3.18499531e+00 
 1.31204194e-01  3.18499531e+00 
 1.31208389e-01  3.18499531e+00 
 1.31216777e-01  3.18499531e+00 
 1.31233554e-01  3.18499531e+00 
 1.31267109e-01  3.18499531e+00 
 1.31307109e-01  3.18499531e+00 
 1.31347109e-01  3.18499531e+00 
 1.31387109e-01  3.18499531e+00 
 1.31427109e-01  3.18499531e+00 
 1.31467109e-01  3.18499531e+00 
 1.31507109e-01  3.18499531e+00 
 1.31547109e-01  3.18499531e+00 
 1.31587109e-01  3.18499531e+00 
 1.31599999e-01  3.18499531e+00 
 1.31599999e-01  3.18499531e+00 
 1.31599999e-01  3.18499531e+00 
 1.31600000e-01  3.18499531e+00 
 1.31600000e-01  3.18499531e+00 
 1.31600000e-01  3.18499531e+00 
 1.31600000e-01  3.18499530e+00 
 1.31600000e-01  3.18499530e+00 
 1.31600001e-01  3.18499528e+00 
 1.31600002e-01  3.18499525e+00 
 1.31600004e-01  3.18499519e+00 
 1.31600008e-01  3.18499507e+00 
 1.31600016e-01  3.18499483e+00 
 1.31600033e-01  3.18499435e+00 
 1.31600065e-01  3.18499340e+00 
 1.31600131e-01  3.18499150e+00 
 1.31600262e-01  3.18498771e+00 
 1.31600524e-01  3.18498024e+00 
 1.31601049e-01  3.18496566e+00 
 1.31602097e-01  3.18493787e+00 
 1.31604194e-01  3.18488744e+00 
 1.31608389e-01  3.18480410e+00 
 1.31616777e-01  3.18468935e+00 
 1.31633554e-01  3.18457825e+00 
 1.31667109e-01  3.18452666e+00 
 1.31707109e-01  3.18452798e+00 
 1.31747109e-01  3.18452784e+00 
 1.31787109e-01  3.18452785e+00 
 1.31827109e-01  3.18452785e+00 
 1.31867109e-01  3.18452785e+00 
 1.31907109e-01  3.18452785e+00 
 1.31947109e-01  3.18452785e+00 
 1.31987109e-01  3.18452785e+00 
 1.31999999e-01  3.18452785e+00 
 1.31999999e-01  3.18452785e+00 
 1.31999999e-01  3.18452785e+00 
 1.32000000e-01  3.18452785e+00 
 1.32000000e-01  3.18452785e+00 
 1.32000000e-01  3.18452785e+00 
 1.32000000e-01  3.18452785e+00 
 1.32000000e-01  3.18452785e+00 
 1.32000001e-01  3.18452785e+00 
 1.32000002e-01  3.18452785e+00 
 1.32000004e-01  3.18452785e+00 
 1.32000008e-01  3.18452785e+00 
 1.32000016e-01  3.18452785e+00 
 1.32000033e-01  3.18452785e+00 
 1.32000065e-01  3.18452785e+00 
 1.32000131e-01  3.18452785e+00 
 1.32000262e-01  3.18452785e+00 
 1.32000524e-01  3.18452785e+00 
 1.32001049e-01  3.18452785e+00 
 1.32002097e-01  3.18452785e+00 
 1.32004194e-01  3.18452785e+00 
 1.32008389e-01  3.18452785e+00 
 1.32016777e-01  3.18452785e+00 
 1.32033554e-01  3.18452785e+00 
 1.32067109e-01  3.18452785e+00 
 1.32107109e-01  3.18452785e+00 
 1.32147109e-01  3.18452785e+00 
 1.32187109e-01  3.18452785e+00 
 1.32227109e-01  3.18452785e+00 
 1.32267109e-01  3.18452785e+00 
 1.32307109e-01  3.18452785e+00 
 1.32347109e-01  3.18452785e+00 
 1.32387109e-01  3.18452785e+00 
 1.32399999e-01  3.18452785e+00 
 1.32399999e-01  3.18452785e+00 
 1.32399999e-01  3.18452785e+00 
 1.32400000e-01  3.18452785e+00 
 1.32400000e-01  3.18452784e+00 
 1.32400000e-01  3.18452784e+00 
 1.32400000e-01  3.18452783e+00 
 1.32400000e-01  3.18452782e+00 
 1.32400001e-01  3.18452780e+00 
 1.32400002e-01  3.18452774e+00 
 1.32400004e-01  3.18452764e+00 
 1.32400008e-01  3.18452743e+00 
 1.32400016e-01  3.18452701e+00 
 1.32400033e-01  3.18452616e+00 
 1.32400065e-01  3.18452448e+00 
 1.32400131e-01  3.18452113e+00 
 1.32400262e-01  3.18451446e+00 
 1.32400524e-01  3.18450130e+00 
 1.32401049e-01  3.18447560e+00 
 1.32402097e-01  3.18442665e+00 
 1.32404194e-01  3.18433779e+00 
 1.32408389e-01  3.18419096e+00 
 1.32416777e-01  3.18398879e+00 
 1.32433554e-01  3.18379306e+00 
 1.32467109e-01  3.18370215e+00 
 1.32507109e-01  3.18370449e+00 
 1.32547109e-01  3.18370423e+00 
 1.32587109e-01  3.18370426e+00 
 1.32627109e-01  3.18370426e+00 
 1.32667109e-01  3.18370426e+00 
 1.32707109e-01  3.18370426e+00 
 1.32747109e-01  3.18370426e+00 
 1.32787109e-01  3.18370426e+00 
 1.32799999e-01  3.18370426e+00 
 1.32799999e-01  3.18370426e+00 
 1.32799999e-01  3.18370426e+00 
 1.32800000e-01  3.18370426e+00 
 1.32800000e-01  3.18370426e+00 
 1.32800000e-01  3.18370426e+00 
 1.32800000e-01  3.18370426e+00 
 1.32800000e-01  3.18370426e+00 
 1.32800001e-01  3.18370426e+00 
 1.32800002e-01  3.18370426e+00 
 1.32800004e-01  3.18370426e+00 
 1.32800008e-01  3.18370426e+00 
 1.32800016e-01  3.18370426e+00 
 1.32800033e-01  3.18370426e+00 
 1.32800065e-01  3.18370426e+00 
 1.32800131e-01  3.18370426e+00 
 1.32800262e-01  3.18370426e+00 
 1.32800524e-01  3.18370426e+00 
 1.32801049e-01  3.18370426e+00 
 1.32802097e-01  3.18370426e+00 
 1.32804194e-01  3.18370426e+00 
 1.32808389e-01  3.18370426e+00 
 1.32816777e-01  3.18370426e+00 
 1.32833554e-01  3.18370426e+00 
 1.32867109e-01  3.18370426e+00 
 1.32907109e-01  3.18370426e+00 
 1.32947109e-01  3.18370426e+00 
 1.32987109e-01  3.18370426e+00 
 1.33027109e-01  3.18370426e+00 
 1.33067109e-01  3.18370426e+00 
 1.33107109e-01  3.18370426e+00 
 1.33147109e-01  3.18370426e+00 
 1.33187109e-01  3.18370426e+00 
 1.33199999e-01  3.18370426e+00 
 1.33199999e-01  3.18370426e+00 
 1.33199999e-01  3.18370426e+00 
 1.33200000e-01  3.18370426e+00 
 1.33200000e-01  3.18370425e+00 
 1.33200000e-01  3.18370425e+00 
 1.33200000e-01  3.18370424e+00 
 1.33200000e-01  3.18370422e+00 
 1.33200001e-01  3.18370418e+00 
 1.33200002e-01  3.18370410e+00 
 1.33200004e-01  3.18370395e+00 
 1.33200008e-01  3.18370365e+00 
 1.33200016e-01  3.18370304e+00 
 1.33200033e-01  3.18370183e+00 
 1.33200065e-01  3.18369942e+00 
 1.33200131e-01  3.18369460e+00 
 1.33200262e-01  3.18368502e+00 
 1.33200524e-01  3.18366609e+00 
 1.33201049e-01  3.18362915e+00 
 1.33202097e-01  3.18355878e+00 
 1.33204194e-01  3.18343104e+00 
 1.33208389e-01  3.18321996e+00 
 1.33216777e-01  3.18292933e+00 
 1.33233554e-01  3.18264795e+00 
 1.33267109e-01  3.18251727e+00 
 1.33307109e-01  3.18252064e+00 
 1.33347109e-01  3.18252026e+00 
 1.33387109e-01  3.18252031e+00 
 1.33427109e-01  3.18252030e+00 
 1.33467109e-01  3.18252030e+00 
 1.33507109e-01  3.18252030e+00 
 1.33547109e-01  3.18252030e+00 
 1.33587109e-01  3.18252030e+00 
 1.33599999e-01  3.18252030e+00 
 1.33599999e-01  3.18252030e+00 
 1.33599999e-01  3.18252030e+00 
 1.33600000e-01  3.18252030e+00 
 1.33600000e-01  3.18252030e+00 
 1.33600000e-01  3.18252030e+00 
 1.33600000e-01  3.18252030e+00 
 1.33600000e-01  3.18252030e+00 
 1.33600001e-01  3.18252030e+00 
 1.33600002e-01  3.18252030e+00 
 1.33600004e-01  3.18252030e+00 
 1.33600008e-01  3.18252030e+00 
 1.33600016e-01  3.18252030e+00 
 1.33600033e-01  3.18252030e+00 
 1.33600065e-01  3.18252030e+00 
 1.33600131e-01  3.18252030e+00 
 1.33600262e-01  3.18252030e+00 
 1.33600524e-01  3.18252030e+00 
 1.33601049e-01  3.18252030e+00 
 1.33602097e-01  3.18252030e+00 
 1.33604194e-01  3.18252030e+00 
 1.33608389e-01  3.18252030e+00 
 1.33616777e-01  3.18252030e+00 
 1.33633554e-01  3.18252030e+00 
 1.33667109e-01  3.18252030e+00 
 1.33707109e-01  3.18252030e+00 
 1.33747109e-01  3.18252030e+00 
 1.33787109e-01  3.18252030e+00 
 1.33827109e-01  3.18252030e+00 
 1.33867109e-01  3.18252030e+00 
 1.33907109e-01  3.18252030e+00 
 1.33947109e-01  3.18252030e+00 
 1.33987109e-01  3.18252030e+00 
 1.33999999e-01  3.18252030e+00 
 1.33999999e-01  3.18252030e+00 
 1.33999999e-01  3.18252030e+00 
 1.34000000e-01  3.18252030e+00 
 1.34000000e-01  3.18252029e+00 
 1.34000000e-01  3.18252028e+00 
 1.34000000e-01  3.18252027e+00 
 1.34000000e-01  3.18252025e+00 
 1.34000001e-01  3.18252020e+00 
 1.34000002e-01  3.18252010e+00 
 1.34000004e-01  3.18251990e+00 
 1.34000008e-01  3.18251950e+00 
 1.34000016e-01  3.18251871e+00 
 1.34000033e-01  3.18251712e+00 
 1.34000065e-01  3.18251396e+00 
 1.34000131e-01  3.18250764e+00 
 1.34000262e-01  3.18249510e+00 
 1.34000524e-01  3.18247031e+00 
 1.34001049e-01  3.18242193e+00 
 1.34002097e-01  3.18232977e+00 
 1.34004194e-01  3.18216246e+00 
 1.34008389e-01  3.18188602e+00 
 1.34016777e-01  3.18150537e+00 
 1.34033554e-01  3.18113685e+00 
 1.34067109e-01  3.18096570e+00 
 1.34107109e-01  3.18097011e+00 
 1.34147109e-01  3.18096962e+00 
 1.34187109e-01  3.18096967e+00 
 1.34227109e-01  3.18096967e+00 
 1.34267109e-01  3.18096967e+00 
 1.34307109e-01  3.18096967e+00 
 1.34347109e-01  3.18096967e+00 
 1.34387109e-01  3.18096967e+00 
 1.34399999e-01  3.18096967e+00 
 1.34399999e-01  3.18096967e+00 
 1.34399999e-01  3.18096967e+00 
 1.34400000e-01  3.18096967e+00 
 1.34400000e-01  3.18096967e+00 
 1.34400000e-01  3.18096967e+00 
 1.34400000e-01  3.18096967e+00 
 1.34400000e-01  3.18096967e+00 
 1.34400001e-01  3.18096967e+00 
 1.34400002e-01  3.18096967e+00 
 1.34400004e-01  3.18096967e+00 
 1.34400008e-01  3.18096967e+00 
 1.34400016e-01  3.18096967e+00 
 1.34400033e-01  3.18096967e+00 
 1.34400065e-01  3.18096967e+00 
 1.34400131e-01  3.18096967e+00 
 1.34400262e-01  3.18096967e+00 
 1.34400524e-01  3.18096967e+00 
 1.34401049e-01  3.18096967e+00 
 1.34402097e-01  3.18096967e+00 
 1.34404194e-01  3.18096967e+00 
 1.34408389e-01  3.18096967e+00 
 1.34416777e-01  3.18096967e+00 
 1.34433554e-01  3.18096967e+00 
 1.34467109e-01  3.18096967e+00 
 1.34507109e-01  3.18096967e+00 
 1.34547109e-01  3.18096967e+00 
 1.34587109e-01  3.18096967e+00 
 1.34627109e-01  3.18096967e+00 
 1.34667109e-01  3.18096967e+00 
 1.34707109e-01  3.18096967e+00 
 1.34747109e-01  3.18096967e+00 
 1.34787109e-01  3.18096967e+00 
 1.34799999e-01  3.18096967e+00 
 1.34799999e-01  3.18096967e+00 
 1.34799999e-01  3.18096967e+00 
 1.34800000e-01  3.18096967e+00 
 1.34800000e-01  3.18096965e+00 
 1.34800000e-01  3.18096965e+00 
 1.34800000e-01  3.18096963e+00 
 1.34800000e-01  3.18096960e+00 
 1.34800001e-01  3.18096954e+00 
 1.34800002e-01  3.18096941e+00 
 1.34800004e-01  3.18096917e+00 
 1.34800008e-01  3.18096868e+00 
 1.34800016e-01  3.18096769e+00 
 1.34800033e-01  3.18096572e+00 
 1.34800065e-01  3.18096179e+00 
 1.34800131e-01  3.18095395e+00 
 1.34800262e-01  3.18093837e+00 
 1.34800524e-01  3.18090759e+00 
 1.34801049e-01  3.18084751e+00 
 1.34802097e-01  3.18073307e+00 
 1.34804194e-01  3.18052531e+00 
 1.34808389e-01  3.18018201e+00 
 1.34816777e-01  3.17970932e+00 
 1.34833554e-01  3.17925170e+00 
 1.34867109e-01  3.17903917e+00 
 1.34907109e-01  3.17904464e+00 
 1.34947109e-01  3.17904403e+00 
 1.34987109e-01  3.17904410e+00 
 1.35027109e-01  3.17904409e+00 
 1.35067109e-01  3.17904409e+00 
 1.35107109e-01  3.17904409e+00 
 1.35147109e-01  3.17904409e+00 
 1.35187109e-01  3.17904409e+00 
 1.35199999e-01  3.17904409e+00 
 1.35199999e-01  3.17904409e+00 
 1.35199999e-01  3.17904409e+00 
 1.35200000e-01  3.17904409e+00 
 1.35200000e-01  3.17904409e+00 
 1.35200000e-01  3.17904409e+00 
 1.35200000e-01  3.17904409e+00 
 1.35200000e-01  3.17904409e+00 
 1.35200001e-01  3.17904409e+00 
 1.35200002e-01  3.17904409e+00 
 1.35200004e-01  3.17904409e+00 
 1.35200008e-01  3.17904409e+00 
 1.35200016e-01  3.17904409e+00 
 1.35200033e-01  3.17904409e+00 
 1.35200065e-01  3.17904409e+00 
 1.35200131e-01  3.17904409e+00 
 1.35200262e-01  3.17904409e+00 
 1.35200524e-01  3.17904409e+00 
 1.35201049e-01  3.17904409e+00 
 1.35202097e-01  3.17904409e+00 
 1.35204194e-01  3.17904409e+00 
 1.35208389e-01  3.17904409e+00 
 1.35216777e-01  3.17904409e+00 
 1.35233554e-01  3.17904409e+00 
 1.35267109e-01  3.17904409e+00 
 1.35307109e-01  3.17904409e+00 
 1.35347109e-01  3.17904409e+00 
 1.35387109e-01  3.17904409e+00 
 1.35427109e-01  3.17904409e+00 
 1.35467109e-01  3.17904409e+00 
 1.35507109e-01  3.17904409e+00 
 1.35547109e-01  3.17904409e+00 
 1.35587109e-01  3.17904409e+00 
 1.35599999e-01  3.17904409e+00 
 1.35599999e-01  3.17904409e+00 
 1.35599999e-01  3.17904409e+00 
 1.35600000e-01  3.17904409e+00 
 1.35600000e-01  3.17904407e+00 
 1.35600000e-01  3.17904406e+00 
 1.35600000e-01  3.17904404e+00 
 1.35600000e-01  3.17904401e+00 
 1.35600001e-01  3.17904393e+00 
 1.35600002e-01  3.17904379e+00 
 1.35600004e-01  3.17904349e+00 
 1.35600008e-01  3.17904290e+00 
 1.35600016e-01  3.17904172e+00 
 1.35600033e-01  3.17903935e+00 
 1.35600065e-01  3.17903464e+00 
 1.35600131e-01  3.17902523e+00 
 1.35600262e-01  3.17900653e+00 
 1.35600524e-01  3.17896959e+00 
 1.35601049e-01  3.17889750e+00 
 1.35602097e-01  3.17876017e+00 
 1.35604194e-01  3.17851086e+00 
 1.35608389e-01  3.17809891e+00 
 1.35616777e-01  3.17753169e+00 
 1.35633554e-01  3.17698255e+00 
 1.35667109e-01  3.17672751e+00 
 1.35707109e-01  3.17673407e+00 
 1.35747109e-01  3.17673335e+00 
 1.35787109e-01  3.17673343e+00 
 1.35827109e-01  3.17673342e+00 
 1.35867109e-01  3.17673342e+00 
 1.35907109e-01  3.17673342e+00 
 1.35947109e-01  3.17673342e+00 
 1.35987109e-01  3.17673342e+00 
 1.35999999e-01  3.17673342e+00 
 1.35999999e-01  3.17673342e+00 
 1.35999999e-01  3.17673342e+00 
 1.36000000e-01  3.17673342e+00 
 1.36000000e-01  3.17673342e+00 
 1.36000000e-01  3.17673342e+00 
 1.36000000e-01  3.17673342e+00 
 1.36000000e-01  3.17673342e+00 
 1.36000001e-01  3.17673342e+00 
 1.36000002e-01  3.17673342e+00 
 1.36000004e-01  3.17673342e+00 
 1.36000008e-01  3.17673342e+00 
 1.36000016e-01  3.17673342e+00 
 1.36000033e-01  3.17673342e+00 
 1.36000065e-01  3.17673342e+00 
 1.36000131e-01  3.17673342e+00 
 1.36000262e-01  3.17673342e+00 
 1.36000524e-01  3.17673342e+00 
 1.36001049e-01  3.17673342e+00 
 1.36002097e-01  3.17673342e+00 
 1.36004194e-01  3.17673342e+00 
 1.36008389e-01  3.17673342e+00 
 1.36016777e-01  3.17673342e+00 
 1.36033554e-01  3.17673342e+00 
 1.36067109e-01  3.17673342e+00 
 1.36107109e-01  3.17673342e+00 
 1.36147109e-01  3.17673342e+00 
 1.36187109e-01  3.17673342e+00 
 1.36227109e-01  3.17673342e+00 
 1.36267109e-01  3.17673342e+00 
 1.36307109e-01  3.17673342e+00 
 1.36347109e-01  3.17673342e+00 
 1.36387109e-01  3.17673342e+00 
 1.36399999e-01  3.17673342e+00 
 1.36399999e-01  3.17673342e+00 
 1.36399999e-01  3.17673342e+00 
 1.36400000e-01  3.17673342e+00 
 1.36400000e-01  3.17673340e+00 
 1.36400000e-01  3.17673339e+00 
 1.36400000e-01  3.17673337e+00 
 1.36400000e-01  3.17673332e+00 
 1.36400001e-01  3.17673324e+00 
 1.36400002e-01  3.17673306e+00 
 1.36400004e-01  3.17673272e+00 
 1.36400008e-01  3.17673202e+00 
 1.36400016e-01  3.17673064e+00 
 1.36400033e-01  3.17672787e+00 
 1.36400065e-01  3.17672234e+00 
 1.36400131e-01  3.17671132e+00 
 1.36400262e-01  3.17668941e+00 
 1.36400524e-01  3.17664612e+00 
 1.36401049e-01  3.17656164e+00 
 1.36402097e-01  3.17640072e+00 
 1.36404194e-01  3.17610857e+00 
 1.36408389e-01  3.17562584e+00 
 1.36416777e-01  3.17496116e+00 
 1.36433554e-01  3.17431766e+00 
 1.36467109e-01  3.17401880e+00 
 1.36507109e-01  3.17402650e+00 
 1.36547109e-01  3.17402564e+00 
 1.36587109e-01  3.17402574e+00 
 1.36627109e-01  3.17402572e+00 
 1.36667109e-01  3.17402573e+00 
 1.36707109e-01  3.17402573e+00 
 1.36747109e-01  3.17402573e+00 
 1.36787109e-01  3.17402573e+00 
 1.36799999e-01  3.17402573e+00 
 1.36799999e-01  3.17402573e+00 
 1.36799999e-01  3.17402573e+00 
 1.36800000e-01  3.17402573e+00 
 1.36800000e-01  3.17402573e+00 
 1.36800000e-01  3.17402573e+00 
 1.36800000e-01  3.17402573e+00 
 1.36800000e-01  3.17402573e+00 
 1.36800001e-01  3.17402573e+00 
 1.36800002e-01  3.17402573e+00 
 1.36800004e-01  3.17402573e+00 
 1.36800008e-01  3.17402573e+00 
 1.36800016e-01  3.17402573e+00 
 1.36800033e-01  3.17402573e+00 
 1.36800065e-01  3.17402573e+00 
 1.36800131e-01  3.17402573e+00 
 1.36800262e-01  3.17402573e+00 
 1.36800524e-01  3.17402573e+00 
 1.36801049e-01  3.17402573e+00 
 1.36802097e-01  3.17402573e+00 
 1.36804194e-01  3.17402573e+00 
 1.36808389e-01  3.17402573e+00 
 1.36816777e-01  3.17402573e+00 
 1.36833554e-01  3.17402573e+00 
 1.36867109e-01  3.17402573e+00 
 1.36907109e-01  3.17402573e+00 
 1.36947109e-01  3.17402573e+00 
 1.36987109e-01  3.17402573e+00 
 1.37027109e-01  3.17402573e+00 
 1.37067109e-01  3.17402573e+00 
 1.37107109e-01  3.17402573e+00 
 1.37147109e-01  3.17402573e+00 
 1.37187109e-01  3.17402573e+00 
 1.37199999e-01  3.17402573e+00 
 1.37199999e-01  3.17402573e+00 
 1.37199999e-01  3.17402573e+00 
 1.37200000e-01  3.17402573e+00 
 1.37200000e-01  3.17402570e+00 
 1.37200000e-01  3.17402569e+00 
 1.37200000e-01  3.17402567e+00 
 1.37200000e-01  3.17402562e+00 
 1.37200001e-01  3.17402552e+00 
 1.37200002e-01  3.17402532e+00 
 1.37200004e-01  3.17402492e+00 
 1.37200008e-01  3.17402412e+00 
 1.37200016e-01  3.17402252e+00 
 1.37200033e-01  3.17401934e+00 
 1.37200065e-01  3.17401297e+00 
 1.37200131e-01  3.17400027e+00 
 1.37200262e-01  3.17397504e+00 
 1.37200524e-01  3.17392519e+00 
 1.37201049e-01  3.17382789e+00 
 1.37202097e-01  3.17364257e+00 
 1.37204194e-01  3.17330611e+00 
 1.37208389e-01  3.17275016e+00 
 1.37216777e-01  3.17198467e+00 
 1.37233554e-01  3.17124357e+00 
 1.37267109e-01  3.17089939e+00 
 1.37307109e-01  3.17090825e+00 
 1.37347109e-01  3.17090726e+00 
 1.37387109e-01  3.17090737e+00 
 1.37427109e-01  3.17090736e+00 
 1.37467109e-01  3.17090736e+00 
 1.37507109e-01  3.17090736e+00 
 1.37547109e-01  3.17090736e+00 
 1.37587109e-01  3.17090736e+00 
 1.37599999e-01  3.17090736e+00 
 1.37599999e-01  3.17090736e+00 
 1.37599999e-01  3.17090736e+00 
 1.37600000e-01  3.17090736e+00 
 1.37600000e-01  3.17090736e+00 
 1.37600000e-01  3.17090736e+00 
 1.37600000e-01  3.17090736e+00 
 1.37600000e-01  3.17090736e+00 
 1.37600001e-01  3.17090736e+00 
 1.37600002e-01  3.17090736e+00 
 1.37600004e-01  3.17090736e+00 
 1.37600008e-01  3.17090736e+00 
 1.37600016e-01  3.17090736e+00 
 1.37600033e-01  3.17090736e+00 
 1.37600065e-01  3.17090736e+00 
 1.37600131e-01  3.17090736e+00 
 1.37600262e-01  3.17090736e+00 
 1.37600524e-01  3.17090736e+00 
 1.37601049e-01  3.17090736e+00 
 1.37602097e-01  3.17090736e+00 
 1.37604194e-01  3.17090736e+00 
 1.37608389e-01  3.17090736e+00 
 1.37616777e-01  3.17090736e+00 
 1.37633554e-01  3.17090736e+00 
 1.37667109e-01  3.17090736e+00 
 1.37707109e-01  3.17090736e+00 
 1.37747109e-01  3.17090736e+00 
 1.37787109e-01  3.17090736e+00 
 1.37827109e-01  3.17090736e+00 
 1.37867109e-01  3.17090736e+00 
 1.37907109e-01  3.17090736e+00 
 1.37947109e-01  3.17090736e+00 
 1.37987109e-01  3.17090736e+00 
 1.37999999e-01  3.17090736e+00 
 1.37999999e-01  3.17090736e+00 
 1.37999999e-01  3.17090736e+00 
 1.38000000e-01  3.17090736e+00 
 1.38000000e-01  3.17090733e+00 
 1.38000000e-01  3.17090732e+00 
 1.38000000e-01  3.17090729e+00 
 1.38000000e-01  3.17090723e+00 
 1.38000001e-01  3.17090712e+00 
 1.38000002e-01  3.17090689e+00 
 1.38000004e-01  3.17090644e+00 
 1.38000008e-01  3.17090553e+00 
 1.38000016e-01  3.17090372e+00 
 1.38000033e-01  3.17090010e+00 
 1.38000065e-01  3.17089286e+00 
 1.38000131e-01  3.17087843e+00 
 1.38000262e-01  3.17084975e+00 
 1.38000524e-01  3.17079309e+00 
 1.38001049e-01  3.17068250e+00 
 1.38002097e-01  3.17047186e+00 
 1.38004194e-01  3.17008943e+00 
 1.38008389e-01  3.16945754e+00 
 1.38016777e-01  3.16858748e+00 
 1.38033554e-01  3.16774514e+00 
 1.38067109e-01  3.16735394e+00 
 1.38107109e-01  3.16736400e+00 
 1.38147109e-01  3.16736288e+00 
 1.38187109e-01  3.16736301e+00 
 1.38227109e-01  3.16736300e+00 
 1.38267109e-01  3.16736300e+00 
 1.38307109e-01  3.16736300e+00 
 1.38347109e-01  3.16736300e+00 
 1.38387109e-01  3.16736300e+00 
 1.38399999e-01  3.16736300e+00 
 1.38399999e-01  3.16736300e+00 
 1.38399999e-01  3.16736300e+00 
 1.38400000e-01  3.16736300e+00 
 1.38400000e-01  3.16736300e+00 
 1.38400000e-01  3.16736300e+00 
 1.38400000e-01  3.16736300e+00 
 1.38400000e-01  3.16736300e+00 
 1.38400001e-01  3.16736300e+00 
 1.38400002e-01  3.16736300e+00 
 1.38400004e-01  3.16736300e+00 
 1.38400008e-01  3.16736300e+00 
 1.38400016e-01  3.16736300e+00 
 1.38400033e-01  3.16736300e+00 
 1.38400065e-01  3.16736300e+00 
 1.38400131e-01  3.16736300e+00 
 1.38400262e-01  3.16736300e+00 
 1.38400524e-01  3.16736300e+00 
 1.38401049e-01  3.16736300e+00 
 1.38402097e-01  3.16736300e+00 
 1.38404194e-01  3.16736300e+00 
 1.38408389e-01  3.16736300e+00 
 1.38416777e-01  3.16736300e+00 
 1.38433554e-01  3.16736300e+00 
 1.38467109e-01  3.16736300e+00 
 1.38507109e-01  3.16736300e+00 
 1.38547109e-01  3.16736300e+00 
 1.38587109e-01  3.16736300e+00 
 1.38627109e-01  3.16736300e+00 
 1.38667109e-01  3.16736300e+00 
 1.38707109e-01  3.16736300e+00 
 1.38747109e-01  3.16736300e+00 
 1.38787109e-01  3.16736300e+00 
 1.38799999e-01  3.16736300e+00 
 1.38799999e-01  3.16736300e+00 
 1.38799999e-01  3.16736300e+00 
 1.38800000e-01  3.16736300e+00 
 1.38800000e-01  3.16736297e+00 
 1.38800000e-01  3.16736295e+00 
 1.38800000e-01  3.16736292e+00 
 1.38800000e-01  3.16736286e+00 
 1.38800001e-01  3.16736273e+00 
 1.38800002e-01  3.16736247e+00 
 1.38800004e-01  3.16736196e+00 
 1.38800008e-01  3.16736094e+00 
 1.38800016e-01  3.16735890e+00 
 1.38800033e-01  3.16735483e+00 
 1.38800065e-01  3.16734668e+00 
 1.38800131e-01  3.16733045e+00 
 1.38800262e-01  3.16729819e+00 
 1.38800524e-01  3.16723444e+00 
 1.38801049e-01  3.16711004e+00 
 1.38802097e-01  3.16687307e+00 
 1.38804194e-01  3.16644286e+00 
 1.38808389e-01  3.16573200e+00 
 1.38816777e-01  3.16475321e+00 
 1.38833554e-01  3.16380562e+00 
 1.38867109e-01  3.16336552e+00 
 1.38907109e-01  3.16337685e+00 
 1.38947109e-01  3.16337559e+00 
 1.38987109e-01  3.16337573e+00 
 1.39027109e-01  3.16337571e+00 
 1.39067109e-01  3.16337572e+00 
 1.39107109e-01  3.16337572e+00 
 1.39147109e-01  3.16337572e+00 
 1.39187109e-01  3.16337572e+00 
 1.39199999e-01  3.16337572e+00 
 1.39199999e-01  3.16337572e+00 
 1.39199999e-01  3.16337572e+00 
 1.39200000e-01  3.16337572e+00 
 1.39200000e-01  3.16337572e+00 
 1.39200000e-01  3.16337572e+00 
 1.39200000e-01  3.16337572e+00 
 1.39200000e-01  3.16337572e+00 
 1.39200001e-01  3.16337572e+00 
 1.39200002e-01  3.16337572e+00 
 1.39200004e-01  3.16337572e+00 
 1.39200008e-01  3.16337572e+00 
 1.39200016e-01  3.16337572e+00 
 1.39200033e-01  3.16337572e+00 
 1.39200065e-01  3.16337572e+00 
 1.39200131e-01  3.16337572e+00 
 1.39200262e-01  3.16337572e+00 
 1.39200524e-01  3.16337572e+00 
 1.39201049e-01  3.16337572e+00 
 1.39202097e-01  3.16337572e+00 
 1.39204194e-01  3.16337572e+00 
 1.39208389e-01  3.16337572e+00 
 1.39216777e-01  3.16337572e+00 
 1.39233554e-01  3.16337572e+00 
 1.39267109e-01  3.16337572e+00 
 1.39307109e-01  3.16337572e+00 
 1.39347109e-01  3.16337572e+00 
 1.39387109e-01  3.16337572e+00 
 1.39427109e-01  3.16337572e+00 
 1.39467109e-01  3.16337572e+00 
 1.39507109e-01  3.16337572e+00 
 1.39547109e-01  3.16337572e+00 
 1.39587109e-01  3.16337572e+00 
 1.39599999e-01  3.16337572e+00 
 1.39599999e-01  3.16337572e+00 
 1.39599999e-01  3.16337572e+00 
 1.39600000e-01  3.16337572e+00 
 1.39600000e-01  3.16337568e+00 
 1.39600000e-01  3.16337567e+00 
 1.39600000e-01  3.16337563e+00 
 1.39600000e-01  3.16337556e+00 
 1.39600001e-01  3.16337542e+00 
 1.39600002e-01  3.16337513e+00 
 1.39600004e-01  3.16337456e+00 
 1.39600008e-01  3.16337342e+00 
 1.39600016e-01  3.16337115e+00 
 1.39600033e-01  3.16336660e+00 
 1.39600065e-01  3.16335752e+00 
 1.39600131e-01  3.16333941e+00 
 1.39600262e-01  3.16330341e+00 
 1.39600524e-01  3.16323229e+00 
 1.39601049e-01  3.16309349e+00 
 1.39602097e-01  3.16282910e+00 
 1.39604194e-01  3.16234910e+00 
 1.39608389e-01  3.16155598e+00 
 1.39616777e-01  3.16046393e+00 
 1.39633554e-01  3.15940668e+00 
 1.39667109e-01  3.15891566e+00 
 1.39707109e-01  3.15892829e+00 
 1.39747109e-01  3.15892689e+00 
 1.39787109e-01  3.15892705e+00 
 1.39827109e-01  3.15892703e+00 
 1.39867109e-01  3.15892703e+00 
 1.39907109e-01  3.15892703e+00 
 1.39947109e-01  3.15892703e+00 
 1.39987109e-01  3.15892703e+00 
 1.39999999e-01  3.15892703e+00 
 1.39999999e-01  3.15892703e+00 
 1.39999999e-01  3.15892703e+00 
 1.40000000e-01  3.15892703e+00 
 1.40000000e-01  3.15892703e+00 
 1.40000000e-01  3.15892703e+00 
 1.40000000e-01  3.15892703e+00 
 1.40000000e-01  3.15892703e+00 
 1.40000001e-01  3.15892703e+00 
 1.40000002e-01  3.15892703e+00 
 1.40000004e-01  3.15892703e+00 
 1.40000008e-01  3.15892703e+00 
 1.40000016e-01  3.15892703e+00 
 1.40000033e-01  3.15892703e+00 
 1.40000065e-01  3.15892703e+00 
 1.40000131e-01  3.15892703e+00 
 1.40000262e-01  3.15892703e+00 
 1.40000524e-01  3.15892703e+00 
 1.40001049e-01  3.15892703e+00 
 1.40002097e-01  3.15892703e+00 
 1.40004194e-01  3.15892703e+00 
 1.40008389e-01  3.15892703e+00 
 1.40016777e-01  3.15892703e+00 
 1.40033554e-01  3.15892703e+00 
 1.40067109e-01  3.15892703e+00 
 1.40107109e-01  3.15892703e+00 
 1.40147109e-01  3.15892703e+00 
 1.40187109e-01  3.15892703e+00 
 1.40227109e-01  3.15892703e+00 
 1.40267109e-01  3.15892703e+00 
 1.40307109e-01  3.15892703e+00 
 1.40347109e-01  3.15892703e+00 
 1.40387109e-01  3.15892703e+00 
 1.40399999e-01  3.15892703e+00 
 1.40399999e-01  3.15892703e+00 
 1.40399999e-01  3.15892703e+00 
 1.40400000e-01  3.15892703e+00 
 1.40400000e-01  3.15892699e+00 
 1.40400000e-01  3.15892697e+00 
 1.40400000e-01  3.15892693e+00 
 1.40400000e-01  3.15892686e+00 
 1.40400001e-01  3.15892670e+00 
 1.40400002e-01  3.15892638e+00 
 1.40400004e-01  3.15892575e+00 
 1.40400008e-01  3.15892449e+00 
 1.40400016e-01  3.15892197e+00 
 1.40400033e-01  3.15891693e+00 
 1.40400065e-01  3.15890686e+00 
 1.40400131e-01  3.15888679e+00 
 1.40400262e-01  3.15884690e+00 
 1.40400524e-01  3.15876808e+00 
 1.40401049e-01  3.15861426e+00 
 1.40402097e-01  3.15832126e+00 
 1.40404194e-01  3.15778932e+00 
 1.40408389e-01  3.15691038e+00 
 1.40416777e-01  3.15570015e+00 
 1.40433554e-01  3.15452849e+00 
 1.40467109e-01  3.15398434e+00 
 1.40507109e-01  3.15399834e+00 
 1.40547109e-01  3.15399678e+00 
 1.40587109e-01  3.15399696e+00 
 1.40627109e-01  3.15399694e+00 
 1.40667109e-01  3.15399694e+00 
 1.40707109e-01  3.15399694e+00 
 1.40747109e-01  3.15399694e+00 
 1.40787109e-01  3.15399694e+00 
 1.40799999e-01  3.15399694e+00 
 1.40799999e-01  3.15399694e+00 
 1.40799999e-01  3.15399694e+00 
 1.40800000e-01  3.15399694e+00 
 1.40800000e-01  3.15399694e+00 
 1.40800000e-01  3.15399694e+00 
 1.40800000e-01  3.15399694e+00 
 1.40800000e-01  3.15399694e+00 
 1.40800001e-01  3.15399694e+00 
 1.40800002e-01  3.15399694e+00 
 1.40800004e-01  3.15399694e+00 
 1.40800008e-01  3.15399694e+00 
 1.40800016e-01  3.15399694e+00 
 1.40800033e-01  3.15399694e+00 
 1.40800065e-01  3.15399694e+00 
 1.40800131e-01  3.15399694e+00 
 1.40800262e-01  3.15399694e+00 
 1.40800524e-01  3.15399694e+00 
 1.40801049e-01  3.15399694e+00 
 1.40802097e-01  3.15399694e+00 
 1.40804194e-01  3.15399694e+00 
 1.40808389e-01  3.15399694e+00 
 1.40816777e-01  3.15399694e+00 
 1.40833554e-01  3.15399694e+00 
 1.40867109e-01  3.15399694e+00 
 1.40907109e-01  3.15399694e+00 
 1.40947109e-01  3.15399694e+00 
 1.40987109e-01  3.15399694e+00 
 1.41027109e-01  3.15399694e+00 
 1.41067109e-01  3.15399694e+00 
 1.41107109e-01  3.15399694e+00 
 1.41147109e-01  3.15399694e+00 
 1.41187109e-01  3.15399694e+00 
 1.41199999e-01  3.15399694e+00 
 1.41199999e-01  3.15399694e+00 
 1.41199999e-01  3.15399694e+00 
 1.41200000e-01  3.15399694e+00 
 1.41200000e-01  3.15399690e+00 
 1.41200000e-01  3.15399688e+00 
 1.41200000e-01  3.15399683e+00 
 1.41200000e-01  3.15399675e+00 
 1.41200001e-01  3.15399657e+00 
 1.41200002e-01  3.15399622e+00 
 1.41200004e-01  3.15399553e+00 
 1.41200008e-01  3.15399414e+00 
 1.41200016e-01  3.15399136e+00 
 1.41200033e-01  3.15398580e+00 
 1.41200065e-01  3.15397471e+00 
 1.41200131e-01  3.15395260e+00 
 1.41200262e-01  3.15390863e+00 
 1.41200524e-01  3.15382178e+00 
 1.41201049e-01  3.15365227e+00 
 1.41202097e-01  3.15332938e+00 
 1.41204194e-01  3.15274318e+00 
 1.41208389e-01  3.15177458e+00 
 1.41216777e-01  3.15044091e+00 
 1.41233554e-01  3.14914973e+00 
 1.41267109e-01  3.14855007e+00 
 1.41307109e-01  3.14856550e+00 
 1.41347109e-01  3.14856379e+00 
 1.41387109e-01  3.14856398e+00 
 1.41427109e-01  3.14856396e+00 
 1.41467109e-01  3.14856396e+00 
 1.41507109e-01  3.14856396e+00 
 1.41547109e-01  3.14856396e+00 
 1.41587109e-01  3.14856396e+00 
 1.41599999e-01  3.14856396e+00 
 1.41599999e-01  3.14856396e+00 
 1.41599999e-01  3.14856396e+00 
 1.41600000e-01  3.14856396e+00 
 1.41600000e-01  3.14856396e+00 
 1.41600000e-01  3.14856396e+00 
 1.41600000e-01  3.14856396e+00 
 1.41600000e-01  3.14856396e+00 
 1.41600001e-01  3.14856396e+00 
 1.41600002e-01  3.14856396e+00 
 1.41600004e-01  3.14856396e+00 
 1.41600008e-01  3.14856396e+00 
 1.41600016e-01  3.14856396e+00 
 1.41600033e-01  3.14856396e+00 
 1.41600065e-01  3.14856396e+00 
 1.41600131e-01  3.14856396e+00 
 1.41600262e-01  3.14856396e+00 
 1.41600524e-01  3.14856396e+00 
 1.41601049e-01  3.14856396e+00 
 1.41602097e-01  3.14856396e+00 
 1.41604194e-01  3.14856396e+00 
 1.41608389e-01  3.14856396e+00 
 1.41616777e-01  3.14856396e+00 
 1.41633554e-01  3.14856396e+00 
 1.41667109e-01  3.14856396e+00 
 1.41707109e-01  3.14856396e+00 
 1.41747109e-01  3.14856396e+00 
 1.41787109e-01  3.14856396e+00 
 1.41827109e-01  3.14856396e+00 
 1.41867109e-01  3.14856396e+00 
 1.41907109e-01  3.14856396e+00 
 1.41947109e-01  3.14856396e+00 
 1.41987109e-01  3.14856396e+00 
 1.41999999e-01  3.14856396e+00 
 1.41999999e-01  3.14856396e+00 
 1.41999999e-01  3.14856396e+00 
 1.42000000e-01  3.14856396e+00 
 1.42000000e-01  3.14856392e+00 
 1.42000000e-01  3.14856389e+00 
 1.42000000e-01  3.14856384e+00 
 1.42000000e-01  3.14856375e+00 
 1.42000001e-01  3.14856356e+00 
 1.42000002e-01  3.14856318e+00 
 1.42000004e-01  3.14856241e+00 
 1.42000008e-01  3.14856089e+00 
 1.42000016e-01  3.14855784e+00 
 1.42000033e-01  3.14855175e+00 
 1.42000065e-01  3.14853958e+00 
 1.42000131e-01  3.14851533e+00 
 1.42000262e-01  3.14846711e+00 
 1.42000524e-01  3.14837185e+00 
 1.42001049e-01  3.14818593e+00 
 1.42002097e-01  3.14783179e+00 
 1.42004194e-01  3.14718887e+00 
 1.42008389e-01  3.14612653e+00 
 1.42016777e-01  3.14466378e+00 
 1.42033554e-01  3.14324765e+00 
 1.42067109e-01  3.14258995e+00 
 1.42107109e-01  3.14260688e+00 
 1.42147109e-01  3.14260500e+00 
 1.42187109e-01  3.14260521e+00 
 1.42227109e-01  3.14260518e+00 
 1.42267109e-01  3.14260519e+00 
 1.42307109e-01  3.14260519e+00 
 1.42347109e-01  3.14260519e+00 
 1.42387109e-01  3.14260519e+00 
 1.42399999e-01  3.14260519e+00 
 1.42399999e-01  3.14260519e+00 
 1.42399999e-01  3.14260519e+00 
 1.42400000e-01  3.14260519e+00 
 1.42400000e-01  3.14260519e+00 
 1.42400000e-01  3.14260519e+00 
 1.42400000e-01  3.14260519e+00 
 1.42400000e-01  3.14260519e+00 
 1.42400001e-01  3.14260519e+00 
 1.42400002e-01  3.14260519e+00 
 1.42400004e-01  3.14260519e+00 
 1.42400008e-01  3.14260519e+00 
 1.42400016e-01  3.14260519e+00 
 1.42400033e-01  3.14260519e+00 
 1.42400065e-01  3.14260519e+00 
 1.42400131e-01  3.14260519e+00 
 1.42400262e-01  3.14260519e+00 
 1.42400524e-01  3.14260519e+00 
 1.42401049e-01  3.14260519e+00 
 1.42402097e-01  3.14260519e+00 
 1.42404194e-01  3.14260519e+00 
 1.42408389e-01  3.14260519e+00 
 1.42416777e-01  3.14260519e+00 
 1.42433554e-01  3.14260519e+00 
 1.42467109e-01  3.14260519e+00 
 1.42507109e-01  3.14260519e+00 
 1.42547109e-01  3.14260519e+00 
 1.42587109e-01  3.14260519e+00 
 1.42627109e-01  3.14260519e+00 
 1.42667109e-01  3.14260519e+00 
 1.42707109e-01  3.14260519e+00 
 1.42747109e-01  3.14260519e+00 
 1.42787109e-01  3.14260519e+00 
 1.42799999e-01  3.14260519e+00 
 1.42799999e-01  3.14260519e+00 
 1.42799999e-01  3.14260519e+00 
 1.42800000e-01  3.14260519e+00 
 1.42800000e-01  3.14260514e+00 
 1.42800000e-01  3.14260511e+00 
 1.42800000e-01  3.14260506e+00 
 1.42800000e-01  3.14260496e+00 
 1.42800001e-01  3.14260475e+00 
 1.42800002e-01  3.14260433e+00 
 1.42800004e-01  3.14260350e+00 
 1.42800008e-01  3.14260183e+00 
 1.42800016e-01  3.14259850e+00 
 1.42800033e-01  3.14259185e+00 
 1.42800065e-01  3.14257856e+00 
 1.42800131e-01  3.14255206e+00 
 1.42800262e-01  3.14249939e+00 
 1.42800524e-01  3.14239534e+00 
 1.42801049e-01  3.14219226e+00 
 1.42802097e-01  3.14180543e+00 
 1.42804194e-01  3.14110315e+00 
 1.42808389e-01  3.13994274e+00 
 1.42816777e-01  3.13834495e+00 
 1.42833554e-01  3.13679809e+00 
 1.42867109e-01  3.13607968e+00 
 1.42907109e-01  3.13609817e+00 
 1.42947109e-01  3.13609611e+00 
 1.42987109e-01  3.13609634e+00 
 1.43027109e-01  3.13609632e+00 
 1.43067109e-01  3.13609632e+00 
 1.43107109e-01  3.13609632e+00 
 1.43147109e-01  3.13609632e+00 
 1.43187109e-01  3.13609632e+00 
 1.43199999e-01  3.13609632e+00 
 1.43199999e-01  3.13609632e+00 
 1.43199999e-01  3.13609632e+00 
 1.43200000e-01  3.13609632e+00 
 1.43200000e-01  3.13609632e+00 
 1.43200000e-01  3.13609632e+00 
 1.43200000e-01  3.13609632e+00 
 1.43200000e-01  3.13609632e+00 
 1.43200001e-01  3.13609632e+00 
 1.43200002e-01  3.13609632e+00 
 1.43200004e-01  3.13609632e+00 
 1.43200008e-01  3.13609632e+00 
 1.43200016e-01  3.13609632e+00 
 1.43200033e-01  3.13609632e+00 
 1.43200065e-01  3.13609632e+00 
 1.43200131e-01  3.13609632e+00 
 1.43200262e-01  3.13609632e+00 
 1.43200524e-01  3.13609632e+00 
 1.43201049e-01  3.13609632e+00 
 1.43202097e-01  3.13609632e+00 
 1.43204194e-01  3.13609632e+00 
 1.43208389e-01  3.13609632e+00 
 1.43216777e-01  3.13609632e+00 
 1.43233554e-01  3.13609632e+00 
 1.43267109e-01  3.13609632e+00 
 1.43307109e-01  3.13609632e+00 
 1.43347109e-01  3.13609632e+00 
 1.43387109e-01  3.13609632e+00 
 1.43427109e-01  3.13609632e+00 
 1.43467109e-01  3.13609632e+00 
 1.43507109e-01  3.13609632e+00 
 1.43547109e-01  3.13609632e+00 
 1.43587109e-01  3.13609632e+00 
 1.43599999e-01  3.13609632e+00 
 1.43599999e-01  3.13609632e+00 
 1.43599999e-01  3.13609632e+00 
 1.43600000e-01  3.13609632e+00 
 1.43600000e-01  3.13609627e+00 
 1.43600000e-01  3.13609624e+00 
 1.43600000e-01  3.13609618e+00 
 1.43600000e-01  3.13609607e+00 
 1.43600001e-01  3.13609584e+00 
 1.43600002e-01  3.13609539e+00 
 1.43600004e-01  3.13609448e+00 
 1.43600008e-01  3.13609267e+00 
 1.43600016e-01  3.13608904e+00 
 1.43600033e-01  3.13608180e+00 
 1.43600065e-01  3.13606734e+00 
 1.43600131e-01  3.13603849e+00 
 1.43600262e-01  3.13598117e+00 
 1.43600524e-01  3.13586791e+00 
 1.43601049e-01  3.13564686e+00 
 1.43602097e-01  3.13522582e+00 
 1.43604194e-01  3.13446142e+00 
 1.43608389e-01  3.13319836e+00 
 1.43616777e-01  3.13145925e+00 
 1.43633554e-01  3.12977556e+00 
 1.43667109e-01  3.12899360e+00 
 1.43707109e-01  3.12901373e+00 
 1.43747109e-01  3.12901149e+00 
 1.43787109e-01  3.12901174e+00 
 1.43827109e-01  3.12901171e+00 
 1.43867109e-01  3.12901172e+00 
 1.43907109e-01  3.12901172e+00 
 1.43947109e-01  3.12901172e+00 
 1.43987109e-01  3.12901172e+00 
 1.43999999e-01  3.12901172e+00 
 1.43999999e-01  3.12901172e+00 
 1.43999999e-01  3.12901172e+00 
 1.44000000e-01  3.12901172e+00 
 1.44000000e-01  3.12901172e+00 
 1.44000000e-01  3.12901172e+00 
 1.44000000e-01  3.12901172e+00 
 1.44000000e-01  3.12901172e+00 
 1.44000001e-01  3.12901172e+00 
 1.44000002e-01  3.12901172e+00 
 1.44000004e-01  3.12901172e+00 
 1.44000008e-01  3.12901172e+00 
 1.44000016e-01  3.12901172e+00 
 1.44000033e-01  3.12901172e+00 
 1.44000065e-01  3.12901172e+00 
 1.44000131e-01  3.12901172e+00 
 1.44000262e-01  3.12901172e+00 
 1.44000524e-01  3.12901172e+00 
 1.44001049e-01  3.12901172e+00 
 1.44002097e-01  3.12901172e+00 
 1.44004194e-01  3.12901172e+00 
 1.44008389e-01  3.12901172e+00 
 1.44016777e-01  3.12901172e+00 
 1.44033554e-01  3.12901172e+00 
 1.44067109e-01  3.12901172e+00 
 1.44107109e-01  3.12901172e+00 
 1.44147109e-01  3.12901172e+00 
 1.44187109e-01  3.12901172e+00 
 1.44227109e-01  3.12901172e+00 
 1.44267109e-01  3.12901172e+00 
 1.44307109e-01  3.12901172e+00 
 1.44347109e-01  3.12901172e+00 
 1.44387109e-01  3.12901172e+00 
 1.44399999e-01  3.12901172e+00 
 1.44399999e-01  3.12901172e+00 
 1.44399999e-01  3.12901172e+00 
 1.44400000e-01  3.12901172e+00 
 1.44400000e-01  3.12901166e+00 
 1.44400000e-01  3.12901163e+00 
 1.44400000e-01  3.12901157e+00 
 1.44400000e-01  3.12901144e+00 
 1.44400001e-01  3.12901120e+00 
 1.44400002e-01  3.12901070e+00 
 1.44400004e-01  3.12900972e+00 
 1.44400008e-01  3.12900775e+00 
 1.44400016e-01  3.12900382e+00 
 1.44400033e-01  3.12899596e+00 
 1.44400065e-01  3.12898027e+00 
 1.44400131e-01  3.12894897e+00 
 1.44400262e-01  3.12888677e+00 
 1.44400524e-01  3.12876387e+00 
 1.44401049e-01  3.12852403e+00 
 1.44402097e-01  3.12806717e+00 
 1.44404194e-01  3.12723774e+00 
 1.44408389e-01  3.12586724e+00 
 1.44416777e-01  3.12398019e+00 
 1.44433554e-01  3.12215327e+00 
 1.44467109e-01  3.12130480e+00 
 1.44507109e-01  3.12132663e+00 
 1.44547109e-01  3.12132421e+00 
 1.44587109e-01  3.12132448e+00 
 1.44627109e-01  3.12132445e+00 
 1.44667109e-01  3.12132445e+00 
 1.44707109e-01  3.12132445e+00 
 1.44747109e-01  3.12132445e+00 
 1.44787109e-01  3.12132445e+00 
 1.44799999e-01  3.12132445e+00 
 1.44799999e-01  3.12132445e+00 
 1.44799999e-01  3.12132445e+00 
 1.44800000e-01  3.12132445e+00 
 1.44800000e-01  3.12132445e+00 
 1.44800000e-01  3.12132445e+00 
 1.44800000e-01  3.12132445e+00 
 1.44800000e-01  3.12132445e+00 
 1.44800001e-01  3.12132445e+00 
 1.44800002e-01  3.12132445e+00 
 1.44800004e-01  3.12132445e+00 
 1.44800008e-01  3.12132445e+00 
 1.44800016e-01  3.12132445e+00 
 1.44800033e-01  3.12132445e+00 
 1.44800065e-01  3.12132445e+00 
 1.44800131e-01  3.12132445e+00 
 1.44800262e-01  3.12132445e+00 
 1.44800524e-01  3.12132445e+00 
 1.44801049e-01  3.12132445e+00 
 1.44802097e-01  3.12132445e+00 
 1.44804194e-01  3.12132445e+00 
 1.44808389e-01  3.12132445e+00 
 1.44816777e-01  3.12132445e+00 
 1.44833554e-01  3.12132445e+00 
 1.44867109e-01  3.12132445e+00 
 1.44907109e-01  3.12132445e+00 
 1.44947109e-01  3.12132445e+00 
 1.44987109e-01  3.12132445e+00 
 1.45027109e-01  3.12132445e+00 
 1.45067109e-01  3.12132445e+00 
 1.45107109e-01  3.12132445e+00 
 1.45147109e-01  3.12132445e+00 
 1.45187109e-01  3.12132445e+00 
 1.45199999e-01  3.12132445e+00 
 1.45199999e-01  3.12132445e+00 
 1.45199999e-01  3.12132445e+00 
 1.45200000e-01  3.12132445e+00 
 1.45200000e-01  3.12132439e+00 
 1.45200000e-01  3.12132435e+00 
 1.45200000e-01  3.12132429e+00 
 1.45200000e-01  3.12132415e+00 
 1.45200001e-01  3.12132389e+00 
 1.45200002e-01  3.12132335e+00 
 1.45200004e-01  3.12132229e+00 
 1.45200008e-01  3.12132016e+00 
 1.45200016e-01  3.12131591e+00 
 1.45200033e-01  3.12130740e+00 
 1.45200065e-01  3.12129042e+00 
 1.45200131e-01  3.12125656e+00 
 1.45200262e-01  3.12118925e+00 
 1.45200524e-01  3.12105627e+00 
 1.45201049e-01  3.12079674e+00 
 1.45202097e-01  3.12030239e+00 
 1.45204194e-01  3.11940490e+00 
 1.45208389e-01  3.11792194e+00 
 1.45216777e-01  3.11588003e+00 
 1.45233554e-01  3.11390320e+00 
 1.45267109e-01  3.11298510e+00 
 1.45307109e-01  3.11300872e+00 
 1.45347109e-01  3.11300610e+00 
 1.45387109e-01  3.11300639e+00 
 1.45427109e-01  3.11300636e+00 
 1.45467109e-01  3.11300636e+00 
 1.45507109e-01  3.11300636e+00 
 1.45547109e-01  3.11300636e+00 
 1.45587109e-01  3.11300636e+00 
 1.45599999e-01  3.11300636e+00 
 1.45599999e-01  3.11300636e+00 
 1.45599999e-01  3.11300636e+00 
 1.45600000e-01  3.11300636e+00 
 1.45600000e-01  3.11300636e+00 
 1.45600000e-01  3.11300636e+00 
 1.45600000e-01  3.11300636e+00 
 1.45600000e-01  3.11300636e+00 
 1.45600001e-01  3.11300636e+00 
 1.45600002e-01  3.11300636e+00 
 1.45600004e-01  3.11300636e+00 
 1.45600008e-01  3.11300636e+00 
 1.45600016e-01  3.11300636e+00 
 1.45600033e-01  3.11300636e+00 
 1.45600065e-01  3.11300636e+00 
 1.45600131e-01  3.11300636e+00 
 1.45600262e-01  3.11300636e+00 
 1.45600524e-01  3.11300636e+00 
 1.45601049e-01  3.11300636e+00 
 1.45602097e-01  3.11300636e+00 
 1.45604194e-01  3.11300636e+00 
 1.45608389e-01  3.11300636e+00 
 1.45616777e-01  3.11300636e+00 
 1.45633554e-01  3.11300636e+00 
 1.45667109e-01  3.11300636e+00 
 1.45707109e-01  3.11300636e+00 
 1.45747109e-01  3.11300636e+00 
 1.45787109e-01  3.11300636e+00 
 1.45827109e-01  3.11300636e+00 
 1.45867109e-01  3.11300636e+00 
 1.45907109e-01  3.11300636e+00 
 1.45947109e-01  3.11300636e+00 
 1.45987109e-01  3.11300636e+00 
 1.45999999e-01  3.11300636e+00 
 1.45999999e-01  3.11300636e+00 
 1.45999999e-01  3.11300636e+00 
 1.46000000e-01  3.11300636e+00 
 1.46000000e-01  3.11300629e+00 
 1.46000000e-01  3.11300626e+00 
 1.46000000e-01  3.11300619e+00 
 1.46000000e-01  3.11300604e+00 
 1.46000001e-01  3.11300576e+00 
 1.46000002e-01  3.11300518e+00 
 1.46000004e-01  3.11300403e+00 
 1.46000008e-01  3.11300173e+00 
 1.46000016e-01  3.11299714e+00 
 1.46000033e-01  3.11298796e+00 
 1.46000065e-01  3.11296963e+00 
 1.46000131e-01  3.11293308e+00 
 1.46000262e-01  3.11286043e+00 
 1.46000524e-01  3.11271690e+00 
 1.46001049e-01  3.11243677e+00 
 1.46002097e-01  3.11190319e+00 
 1.46004194e-01  3.11093447e+00 
 1.46008389e-01  3.10933382e+00 
 1.46016777e-01  3.10712986e+00 
 1.46033554e-01  3.10499614e+00 
 1.46067109e-01  3.10400518e+00 
 1.46107109e-01  3.10403068e+00 
 1.46147109e-01  3.10402785e+00 
 1.46187109e-01  3.10402816e+00 
 1.46227109e-01  3.10402813e+00 
 1.46267109e-01  3.10402813e+00 
 1.46307109e-01  3.10402813e+00 
 1.46347109e-01  3.10402813e+00 
 1.46387109e-01  3.10402813e+00 
 1.46399999e-01  3.10402813e+00 
 1.46399999e-01  3.10402813e+00 
 1.46399999e-01  3.10402813e+00 
 1.46400000e-01  3.10402813e+00 
 1.46400000e-01  3.10402813e+00 
 1.46400000e-01  3.10402813e+00 
 1.46400000e-01  3.10402813e+00 
 1.46400000e-01  3.10402813e+00 
 1.46400001e-01  3.10402813e+00 
 1.46400002e-01  3.10402813e+00 
 1.46400004e-01  3.10402813e+00 
 1.46400008e-01  3.10402813e+00 
 1.46400016e-01  3.10402813e+00 
 1.46400033e-01  3.10402813e+00 
 1.46400065e-01  3.10402813e+00 
 1.46400131e-01  3.10402813e+00 
 1.46400262e-01  3.10402813e+00 
 1.46400524e-01  3.10402813e+00 
 1.46401049e-01  3.10402813e+00 
 1.46402097e-01  3.10402813e+00 
 1.46404194e-01  3.10402813e+00 
 1.46408389e-01  3.10402813e+00 
 1.46416777e-01  3.10402813e+00 
 1.46433554e-01  3.10402813e+00 
 1.46467109e-01  3.10402813e+00 
 1.46507109e-01  3.10402813e+00 
 1.46547109e-01  3.10402813e+00 
 1.46587109e-01  3.10402813e+00 
 1.46627109e-01  3.10402813e+00 
 1.46667109e-01  3.10402813e+00 
 1.46707109e-01  3.10402813e+00 
 1.46747109e-01  3.10402813e+00 
 1.46787109e-01  3.10402813e+00 
 1.46799999e-01  3.10402813e+00 
 1.46799999e-01  3.10402813e+00 
 1.46799999e-01  3.10402813e+00 
 1.46800000e-01  3.10402813e+00 
 1.46800000e-01  3.10402806e+00 
 1.46800000e-01  3.10402802e+00 
 1.46800000e-01  3.10402794e+00 
 1.46800000e-01  3.10402779e+00 
 1.46800001e-01  3.10402748e+00 
 1.46800002e-01  3.10402686e+00 
 1.46800004e-01  3.10402562e+00 
 1.46800008e-01  3.10402315e+00 
 1.46800016e-01  3.10401820e+00 
 1.46800033e-01  3.10400831e+00 
 1.46800065e-01  3.10398857e+00 
 1.46800131e-01  3.10394921e+00 
 1.46800262e-01  3.10387097e+00 
 1.46800524e-01  3.10371640e+00 
 1.46801049e-01  3.10341473e+00 
 1.46802097e-01  3.10284011e+00 
 1.46804194e-01  3.10179689e+00 
 1.46808389e-01  3.10007312e+00 
 1.46816777e-01  3.09769965e+00 
 1.46833554e-01  3.09540182e+00 
 1.46867109e-01  3.09433463e+00 
 1.46907109e-01  3.09436209e+00 
 1.46947109e-01  3.09435904e+00 
 1.46987109e-01  3.09435938e+00 
 1.47027109e-01  3.09435934e+00 
 1.47067109e-01  3.09435935e+00 
 1.47107109e-01  3.09435935e+00 
 1.47147109e-01  3.09435935e+00 
 1.47187109e-01  3.09435935e+00 
 1.47199999e-01  3.09435935e+00 
 1.47199999e-01  3.09435935e+00 
 1.47199999e-01  3.09435935e+00 
 1.47200000e-01  3.09435935e+00 
 1.47200000e-01  3.09435935e+00 
 1.47200000e-01  3.09435935e+00 
 1.47200000e-01  3.09435935e+00 
 1.47200000e-01  3.09435935e+00 
 1.47200001e-01  3.09435935e+00 
 1.47200002e-01  3.09435935e+00 
 1.47200004e-01  3.09435935e+00 
 1.47200008e-01  3.09435935e+00 
 1.47200016e-01  3.09435935e+00 
 1.47200033e-01  3.09435935e+00 
 1.47200065e-01  3.09435935e+00 
 1.47200131e-01  3.09435935e+00 
 1.47200262e-01  3.09435935e+00 
 1.47200524e-01  3.09435935e+00 
 1.47201049e-01  3.09435935e+00 
 1.47202097e-01  3.09435935e+00 
 1.47204194e-01  3.09435935e+00 
 1.47208389e-01  3.09435935e+00 
 1.47216777e-01  3.09435935e+00 
 1.47233554e-01  3.09435935e+00 
 1.47267109e-01  3.09435935e+00 
 1.47307109e-01  3.09435935e+00 
 1.47347109e-01  3.09435935e+00 
 1.47387109e-01  3.09435935e+00 
 1.47427109e-01  3.09435935e+00 
 1.47467109e-01  3.09435935e+00 
 1.47507109e-01  3.09435935e+00 
 1.47547109e-01  3.09435935e+00 
 1.47587109e-01  3.09435935e+00 
 1.47599999e-01  3.09435935e+00 
 1.47599999e-01  3.09435935e+00 
 1.47599999e-01  3.09435935e+00 
 1.47600000e-01  3.09435935e+00 
 1.47600000e-01  3.09435927e+00 
 1.47600000e-01  3.09435923e+00 
 1.47600000e-01  3.09435915e+00 
 1.47600000e-01  3.09435898e+00 
 1.47600001e-01  3.09435865e+00 
 1.47600002e-01  3.09435798e+00 
 1.47600004e-01  3.09435665e+00 
 1.47600008e-01  3.09435399e+00 
 1.47600016e-01  3.09434868e+00 
 1.47600033e-01  3.09433805e+00 
 1.47600065e-01  3.09431684e+00 
 1.47600131e-01  3.09427454e+00 
 1.47600262e-01  3.09419046e+00 
 1.47600524e-01  3.09402434e+00 
 1.47601049e-01  3.09370015e+00 
 1.47602097e-01  3.09308262e+00 
 1.47604194e-01  3.09196150e+00 
 1.47608389e-01  3.09010902e+00 
 1.47616777e-01  3.08755833e+00 
 1.47633554e-01  3.08508893e+00 
 1.47667109e-01  3.08394206e+00 
 1.47707109e-01  3.08397157e+00 
 1.47747109e-01  3.08396829e+00 
 1.47787109e-01  3.08396866e+00 
 1.47827109e-01  3.08396862e+00 
 1.47867109e-01  3.08396862e+00 
 1.47907109e-01  3.08396862e+00 
 1.47947109e-01  3.08396862e+00 
 1.47987109e-01  3.08396862e+00 
 1.47999999e-01  3.08396862e+00 
 1.47999999e-01  3.08396862e+00 
 1.47999999e-01  3.08396862e+00 
 1.48000000e-01  3.08396862e+00 
 1.48000000e-01  3.08396862e+00 
 1.48000000e-01  3.08396862e+00 
 1.48000000e-01  3.08396862e+00 
 1.48000000e-01  3.08396862e+00 
 1.48000001e-01  3.08396862e+00 
 1.48000002e-01  3.08396862e+00 
 1.48000004e-01  3.08396862e+00 
 1.48000008e-01  3.08396862e+00 
 1.48000016e-01  3.08396862e+00 
 1.48000033e-01  3.08396862e+00 
 1.48000065e-01  3.08396862e+00 
 1.48000131e-01  3.08396862e+00 
 1.48000262e-01  3.08396862e+00 
 1.48000524e-01  3.08396862e+00 
 1.48001049e-01  3.08396862e+00 
 1.48002097e-01  3.08396862e+00 
 1.48004194e-01  3.08396862e+00 
 1.48008389e-01  3.08396862e+00 
 1.48016777e-01  3.08396862e+00 
 1.48033554e-01  3.08396862e+00 
 1.48067109e-01  3.08396862e+00 
 1.48107109e-01  3.08396862e+00 
 1.48147109e-01  3.08396862e+00 
 1.48187109e-01  3.08396862e+00 
 1.48227109e-01  3.08396862e+00 
 1.48267109e-01  3.08396862e+00 
 1.48307109e-01  3.08396862e+00 
 1.48347109e-01  3.08396862e+00 
 1.48387109e-01  3.08396862e+00 
 1.48399999e-01  3.08396862e+00 
 1.48399999e-01  3.08396862e+00 
 1.48399999e-01  3.08396862e+00 
 1.48400000e-01  3.08396862e+00 
 1.48400000e-01  3.08396854e+00 
 1.48400000e-01  3.08396849e+00 
 1.48400000e-01  3.08396840e+00 
 1.48400000e-01  3.08396823e+00 
 1.48400001e-01  3.08396787e+00 
 1.48400002e-01  3.08396716e+00 
 1.48400004e-01  3.08396573e+00 
 1.48400008e-01  3.08396288e+00 
 1.48400016e-01  3.08395718e+00 
 1.48400033e-01  3.08394578e+00 
 1.48400065e-01  3.08392303e+00 
 1.48400131e-01  3.08387766e+00 
 1.48400262e-01  3.08378747e+00 
 1.48400524e-01  3.08360930e+00 
 1.48401049e-01  3.08326157e+00 
 1.48402097e-01  3.08259922e+00 
 1.48404194e-01  3.08139673e+00 
 1.48408389e-01  3.07940979e+00 
 1.48416777e-01  3.07667395e+00 
 1.48433554e-01  3.07402530e+00 
 1.48467109e-01  3.07279518e+00 
 1.48507109e-01  3.07282684e+00 
 1.48547109e-01  3.07282333e+00 
 1.48587109e-01  3.07282372e+00 
 1.48627109e-01  3.07282367e+00 
 1.48667109e-01  3.07282368e+00 
 1.48707109e-01  3.07282368e+00 
 1.48747109e-01  3.07282368e+00 
 1.48787109e-01  3.07282368e+00 
 1.48799999e-01  3.07282368e+00 
 1.48799999e-01  3.07282368e+00 
 1.48799999e-01  3.07282368e+00 
 1.48800000e-01  3.07282368e+00 
 1.48800000e-01  3.07282368e+00 
 1.48800000e-01  3.07282368e+00 
 1.48800000e-01  3.07282368e+00 
 1.48800000e-01  3.07282368e+00 
 1.48800001e-01  3.07282368e+00 
 1.48800002e-01  3.07282368e+00 
 1.48800004e-01  3.07282368e+00 
 1.48800008e-01  3.07282368e+00 
 1.48800016e-01  3.07282368e+00 
 1.48800033e-01  3.07282368e+00 
 1.48800065e-01  3.07282368e+00 
 1.48800131e-01  3.07282368e+00 
 1.48800262e-01  3.07282368e+00 
 1.48800524e-01  3.07282368e+00 
 1.48801049e-01  3.07282368e+00 
 1.48802097e-01  3.07282368e+00 
 1.48804194e-01  3.07282368e+00 
 1.48808389e-01  3.07282368e+00 
 1.48816777e-01  3.07282368e+00 
 1.48833554e-01  3.07282368e+00 
 1.48867109e-01  3.07282368e+00 
 1.48907109e-01  3.07282368e+00 
 1.48947109e-01  3.07282368e+00 
 1.48987109e-01  3.07282368e+00 
 1.49027109e-01  3.07282368e+00 
 1.49067109e-01  3.07282368e+00 
 1.49107109e-01  3.07282368e+00 
 1.49147109e-01  3.07282368e+00 
 1.49187109e-01  3.07282368e+00 
 1.49199999e-01  3.07282368e+00 
 1.49199999e-01  3.07282368e+00 
 1.49199999e-01  3.07282368e+00 
 1.49200000e-01  3.07282368e+00 
 1.49200000e-01  3.07282359e+00 
 1.49200000e-01  3.07282354e+00 
 1.49200000e-01  3.07282344e+00 
 1.49200000e-01  3.07282325e+00 
 1.49200001e-01  3.07282287e+00 
 1.49200002e-01  3.07282211e+00 
 1.49200004e-01  3.07282058e+00 
 1.49200008e-01  3.07281753e+00 
 1.49200016e-01  3.07281142e+00 
 1.49200033e-01  3.07279922e+00 
 1.49200065e-01  3.07277486e+00 
 1.49200131e-01  3.07272629e+00 
 1.49200262e-01  3.07262973e+00 
 1.49200524e-01  3.07243897e+00 
 1.49201049e-01  3.07206669e+00 
 1.49202097e-01  3.07135754e+00 
 1.49204194e-01  3.07007011e+00 
 1.49208389e-01  3.06794282e+00 
 1.49216777e-01  3.06501373e+00 
 1.49233554e-01  3.06217799e+00 
 1.49267109e-01  3.06086098e+00 
 1.49307109e-01  3.06089487e+00 
 1.49347109e-01  3.06089111e+00 
 1.49387109e-01  3.06089152e+00 
 1.49427109e-01  3.06089148e+00 
 1.49467109e-01  3.06089148e+00 
 1.49507109e-01  3.06089148e+00 
 1.49547109e-01  3.06089148e+00 
 1.49587109e-01  3.06089148e+00 
 1.49599999e-01  3.06089148e+00 
 1.49599999e-01  3.06089148e+00 
 1.49599999e-01  3.06089148e+00 
 1.49600000e-01  3.06089148e+00 
 1.49600000e-01  3.06089148e+00 
 1.49600000e-01  3.06089148e+00 
 1.49600000e-01  3.06089148e+00 
 1.49600000e-01  3.06089148e+00 
 1.49600001e-01  3.06089148e+00 
 1.49600002e-01  3.06089148e+00 
 1.49600004e-01  3.06089148e+00 
 1.49600008e-01  3.06089148e+00 
 1.49600016e-01  3.06089148e+00 
 1.49600033e-01  3.06089148e+00 
 1.49600065e-01  3.06089148e+00 
 1.49600131e-01  3.06089148e+00 
 1.49600262e-01  3.06089148e+00 
 1.49600524e-01  3.06089148e+00 
 1.49601049e-01  3.06089148e+00 
 1.49602097e-01  3.06089148e+00 
 1.49604194e-01  3.06089148e+00 
 1.49608389e-01  3.06089148e+00 
 1.49616777e-01  3.06089148e+00 
 1.49633554e-01  3.06089148e+00 
 1.49667109e-01  3.06089148e+00 
 1.49707109e-01  3.06089148e+00 
 1.49747109e-01  3.06089148e+00 
 1.49787109e-01  3.06089148e+00 
 1.49827109e-01  3.06089148e+00 
 1.49867109e-01  3.06089148e+00 
 1.49907109e-01  3.06089148e+00 
 1.49947109e-01  3.06089148e+00 
 1.49987109e-01  3.06089148e+00 
 1.49999999e-01  3.06089148e+00 
 1.49999999e-01  3.06089148e+00 
 1.49999999e-01  3.06089148e+00 
 1.50000000e-01  3.06089148e+00 
 1.50000000e-01  3.06089139e+00 
 1.50000000e-01  3.06089134e+00 
 1.50000000e-01  3.06089123e+00 
 1.50000000e-01  3.06089103e+00 
 1.50000001e-01  3.06089062e+00 
 1.50000002e-01  3.06088980e+00 
 1.50000004e-01  3.06088817e+00 
 1.50000008e-01  3.06088491e+00 
 1.50000016e-01  3.06087838e+00 
 1.50000033e-01  3.06086535e+00 
 1.50000065e-01  3.06083931e+00 
 1.50000131e-01  3.06078739e+00 
 1.50000262e-01  3.06068419e+00 
 1.50000524e-01  3.06048031e+00 
 1.50001049e-01  3.06008241e+00 
 1.50002097e-01  3.05932449e+00 
 1.50004194e-01  3.05794848e+00 
 1.50008389e-01  3.05567484e+00 
 1.50016777e-01  3.05254425e+00 
 1.50033554e-01  3.04951342e+00 
 1.50067109e-01  3.04810581e+00 
 1.50107109e-01  3.04814203e+00 
 1.50147109e-01  3.04813801e+00 
 1.50187109e-01  3.04813845e+00 
 1.50227109e-01  3.04813840e+00 
 1.50267109e-01  3.04813841e+00 
 1.50307109e-01  3.04813841e+00 
 1.50347109e-01  3.04813841e+00 
 1.50387109e-01  3.04813841e+00 
 1.50399999e-01  3.04813841e+00 
 1.50399999e-01  3.04813841e+00 
 1.50399999e-01  3.04813841e+00 
 1.50400000e-01  3.04813841e+00 
 1.50400000e-01  3.04813841e+00 
 1.50400000e-01  3.04813841e+00 
 1.50400000e-01  3.04813841e+00 
 1.50400000e-01  3.04813841e+00 
 1.50400001e-01  3.04813841e+00 
 1.50400002e-01  3.04813841e+00 
 1.50400004e-01  3.04813841e+00 
 1.50400008e-01  3.04813841e+00 
 1.50400016e-01  3.04813841e+00 
 1.50400033e-01  3.04813841e+00 
 1.50400065e-01  3.04813841e+00 
 1.50400131e-01  3.04813841e+00 
 1.50400262e-01  3.04813841e+00 
 1.50400524e-01  3.04813841e+00 
 1.50401049e-01  3.04813841e+00 
 1.50402097e-01  3.04813841e+00 
 1.50404194e-01  3.04813841e+00 
 1.50408389e-01  3.04813841e+00 
 1.50416777e-01  3.04813841e+00 
 1.50433554e-01  3.04813841e+00 
 1.50467109e-01  3.04813841e+00 
 1.50507109e-01  3.04813841e+00 
 1.50547109e-01  3.04813841e+00 
 1.50587109e-01  3.04813841e+00 
 1.50627109e-01  3.04813841e+00 
 1.50667109e-01  3.04813841e+00 
 1.50707109e-01  3.04813841e+00 
 1.50747109e-01  3.04813841e+00 
 1.50787109e-01  3.04813841e+00 
 1.50799999e-01  3.04813841e+00 
 1.50799999e-01  3.04813841e+00 
 1.50799999e-01  3.04813841e+00 
 1.50800000e-01  3.04813841e+00 
 1.50800000e-01  3.04813831e+00 
 1.50800000e-01  3.04813825e+00 
 1.50800000e-01  3.04813814e+00 
 1.50800000e-01  3.04813793e+00 
 1.50800001e-01  3.04813749e+00 
 1.50800002e-01  3.04813662e+00 
 1.50800004e-01  3.04813488e+00 
 1.50800008e-01  3.04813140e+00 
 1.50800016e-01  3.04812443e+00 
 1.50800033e-01  3.04811052e+00 
 1.50800065e-01  3.04808274e+00 
 1.50800131e-01  3.04802734e+00 
 1.50800262e-01  3.04791723e+00 
 1.50800524e-01  3.04769968e+00 
 1.50801049e-01  3.04727510e+00 
 1.50802097e-01  3.04646637e+00 
 1.50804194e-01  3.04499812e+00 
 1.50808389e-01  3.04257206e+00 
 1.50816777e-01  3.03923160e+00 
 1.50833554e-01  3.03599759e+00 
 1.50867109e-01  3.03449562e+00 
 1.50907109e-01  3.03453427e+00 
 1.50947109e-01  3.03452998e+00 
 1.50987109e-01  3.03453045e+00 
 1.51027109e-01  3.03453040e+00 
 1.51067109e-01  3.03453041e+00 
 1.51107109e-01  3.03453041e+00 
 1.51147109e-01  3.03453041e+00 
 1.51187109e-01  3.03453041e+00 
 1.51199999e-01  3.03453041e+00 
 1.51199999e-01  3.03453041e+00 
 1.51199999e-01  3.03453041e+00 
 1.51200000e-01  3.03453041e+00 
 1.51200000e-01  3.03453041e+00 
 1.51200000e-01  3.03453041e+00 
 1.51200000e-01  3.03453041e+00 
 1.51200000e-01  3.03453041e+00 
 1.51200001e-01  3.03453041e+00 
 1.51200002e-01  3.03453041e+00 
 1.51200004e-01  3.03453041e+00 
 1.51200008e-01  3.03453041e+00 
 1.51200016e-01  3.03453041e+00 
 1.51200033e-01  3.03453041e+00 
 1.51200065e-01  3.03453041e+00 
 1.51200131e-01  3.03453041e+00 
 1.51200262e-01  3.03453041e+00 
 1.51200524e-01  3.03453041e+00 
 1.51201049e-01  3.03453041e+00 
 1.51202097e-01  3.03453041e+00 
 1.51204194e-01  3.03453041e+00 
 1.51208389e-01  3.03453041e+00 
 1.51216777e-01  3.03453041e+00 
 1.51233554e-01  3.03453041e+00 
 1.51267109e-01  3.03453041e+00 
 1.51307109e-01  3.03453041e+00 
 1.51347109e-01  3.03453041e+00 
 1.51387109e-01  3.03453041e+00 
 1.51427109e-01  3.03453041e+00 
 1.51467109e-01  3.03453041e+00 
 1.51507109e-01  3.03453041e+00 
 1.51547109e-01  3.03453041e+00 
 1.51587109e-01  3.03453041e+00 
 1.51599999e-01  3.03453041e+00 
 1.51599999e-01  3.03453041e+00 
 1.51599999e-01  3.03453041e+00 
 1.51600000e-01  3.03453041e+00 
 1.51600000e-01  3.03453030e+00 
 1.51600000e-01  3.03453024e+00 
 1.51600000e-01  3.03453012e+00 
 1.51600000e-01  3.03452989e+00 
 1.51600001e-01  3.03452943e+00 
 1.51600002e-01  3.03452850e+00 
 1.51600004e-01  3.03452664e+00 
 1.51600008e-01  3.03452293e+00 
 1.51600016e-01  3.03451552e+00 
 1.51600033e-01  3.03450069e+00 
 1.51600065e-01  3.03447110e+00 
 1.51600131e-01  3.03441208e+00 
 1.51600262e-01  3.03429477e+00 
 1.51600524e-01  3.03406300e+00 
 1.51601049e-01  3.03361069e+00 
 1.51602097e-01  3.03274910e+00 
 1.51604194e-01  3.03118491e+00 
 1.51608389e-01  3.02860032e+00 
 1.51616777e-01  3.02504158e+00 
 1.51633554e-01  3.02159625e+00 
 1.51667109e-01  3.01999613e+00 
 1.51707109e-01  3.02003731e+00 
 1.51747109e-01  3.02003273e+00 
 1.51787109e-01  3.02003324e+00 
 1.51827109e-01  3.02003318e+00 
 1.51867109e-01  3.02003319e+00 
 1.51907109e-01  3.02003319e+00 
 1.51947109e-01  3.02003319e+00 
 1.51987109e-01  3.02003319e+00 
 1.51999999e-01  3.02003319e+00 
 1.51999999e-01  3.02003319e+00 
 1.51999999e-01  3.02003319e+00 
 1.52000000e-01  3.02003319e+00 
 1.52000000e-01  3.02003319e+00 
 1.52000000e-01  3.02003319e+00 
 1.52000000e-01  3.02003319e+00 
 1.52000000e-01  3.02003319e+00 
 1.52000001e-01  3.02003319e+00 
 1.52000002e-01  3.02003319e+00 
 1.52000004e-01  3.02003319e+00 
 1.52000008e-01  3.02003319e+00 
 1.52000016e-01  3.02003319e+00 
 1.52000033e-01  3.02003319e+00 
 1.52000065e-01  3.02003319e+00 
 1.52000131e-01  3.02003319e+00 
 1.52000262e-01  3.02003319e+00 
 1.52000524e-01  3.02003319e+00 
 1.52001049e-01  3.02003319e+00 
 1.52002097e-01  3.02003319e+00 
 1.52004194e-01  3.02003319e+00 
 1.52008389e-01  3.02003319e+00 
 1.52016777e-01  3.02003319e+00 
 1.52033554e-01  3.02003319e+00 
 1.52067109e-01  3.02003319e+00 
 1.52107109e-01  3.02003319e+00 
 1.52147109e-01  3.02003319e+00 
 1.52187109e-01  3.02003319e+00 
 1.52227109e-01  3.02003319e+00 
 1.52267109e-01  3.02003319e+00 
 1.52307109e-01  3.02003319e+00 
 1.52347109e-01  3.02003319e+00 
 1.52387109e-01  3.02003319e+00 
 1.52399999e-01  3.02003319e+00 
 1.52399999e-01  3.02003319e+00 
 1.52399999e-01  3.02003319e+00 
 1.52400000e-01  3.02003319e+00 
 1.52400000e-01  3.02003307e+00 
 1.52400000e-01  3.02003301e+00 
 1.52400000e-01  3.02003289e+00 
 1.52400000e-01  3.02003264e+00 
 1.52400001e-01  3.02003215e+00 
 1.52400002e-01  3.02003116e+00 
 1.52400004e-01  3.02002919e+00 
 1.52400008e-01  3.02002524e+00 
 1.52400016e-01  3.02001735e+00 
 1.52400033e-01  3.02000159e+00 
 1.52400065e-01  3.01997010e+00 
 1.52400131e-01  3.01990733e+00 
 1.52400262e-01  3.01978254e+00 
 1.52400524e-01  3.01953602e+00 
 1.52401049e-01  3.01905488e+00 
 1.52402097e-01  3.01813842e+00 
 1.52404194e-01  3.01647459e+00 
 1.52408389e-01  3.01372536e+00 
 1.52416777e-01  3.00993993e+00 
 1.52433554e-01  3.00627513e+00 
 1.52467109e-01  3.00457308e+00 
 1.52507109e-01  3.00461689e+00 
 1.52547109e-01  3.00461202e+00 
 1.52587109e-01  3.00461256e+00 
 1.52627109e-01  3.00461250e+00 
 1.52667109e-01  3.00461251e+00 
 1.52707109e-01  3.00461251e+00 
 1.52747109e-01  3.00461251e+00 
 1.52787109e-01  3.00461251e+00 
 1.52799999e-01  3.00461251e+00 
 1.52799999e-01  3.00461251e+00 
 1.52799999e-01  3.00461251e+00 
 1.52800000e-01  3.00461251e+00 
 1.52800000e-01  3.00461251e+00 
 1.52800000e-01  3.00461251e+00 
 1.52800000e-01  3.00461251e+00 
 1.52800000e-01  3.00461251e+00 
 1.52800001e-01  3.00461251e+00 
 1.52800002e-01  3.00461251e+00 
 1.52800004e-01  3.00461251e+00 
 1.52800008e-01  3.00461251e+00 
 1.52800016e-01  3.00461251e+00 
 1.52800033e-01  3.00461251e+00 
 1.52800065e-01  3.00461251e+00 
 1.52800131e-01  3.00461251e+00 
 1.52800262e-01  3.00461251e+00 
 1.52800524e-01  3.00461251e+00 
 1.52801049e-01  3.00461251e+00 
 1.52802097e-01  3.00461251e+00 
 1.52804194e-01  3.00461251e+00 
 1.52808389e-01  3.00461251e+00 
 1.52816777e-01  3.00461251e+00 
 1.52833554e-01  3.00461251e+00 
 1.52867109e-01  3.00461251e+00 
 1.52907109e-01  3.00461251e+00 
 1.52947109e-01  3.00461251e+00 
 1.52987109e-01  3.00461251e+00 
 1.53027109e-01  3.00461251e+00 
 1.53067109e-01  3.00461251e+00 
 1.53107109e-01  3.00461251e+00 
 1.53147109e-01  3.00461251e+00 
 1.53187109e-01  3.00461251e+00 
 1.53199999e-01  3.00461251e+00 
 1.53199999e-01  3.00461251e+00 
 1.53199999e-01  3.00461251e+00 
 1.53200000e-01  3.00461251e+00 
 1.53200000e-01  3.00461239e+00 
 1.53200000e-01  3.00461232e+00 
 1.53200000e-01  3.00461219e+00 
 1.53200000e-01  3.00461193e+00 
 1.53200001e-01  3.00461140e+00 
 1.53200002e-01  3.00461035e+00 
 1.53200004e-01  3.00460826e+00 
 1.53200008e-01  3.00460407e+00 
 1.53200016e-01  3.00459569e+00 
 1.53200033e-01  3.00457894e+00 
 1.53200065e-01  3.00454550e+00 
 1.53200131e-01  3.00447883e+00 
 1.53200262e-01  3.00434630e+00 
 1.53200524e-01  3.00408447e+00 
 1.53201049e-01  3.00357346e+00 
 1.53202097e-01  3.00260010e+00 
 1.53204194e-01  3.00083297e+00 
 1.53208389e-01  2.99791305e+00 
 1.53216777e-01  2.99389259e+00 
 1.53233554e-01  2.99000025e+00 
 1.53267109e-01  2.98819253e+00 
 1.53307109e-01  2.98823905e+00 
 1.53347109e-01  2.98823388e+00 
 1.53387109e-01  2.98823446e+00 
 1.53427109e-01  2.98823439e+00 
 1.53467109e-01  2.98823440e+00 
 1.53507109e-01  2.98823440e+00 
 1.53547109e-01  2.98823440e+00 
 1.53587109e-01  2.98823440e+00 
 1.53599999e-01  2.98823440e+00 
 1.53599999e-01  2.98823440e+00 
 1.53599999e-01  2.98823440e+00 
 1.53600000e-01  2.98823440e+00 
 1.53600000e-01  2.98823440e+00 
 1.53600000e-01  2.98823440e+00 
 1.53600000e-01  2.98823440e+00 
 1.53600000e-01  2.98823440e+00 
 1.53600001e-01  2.98823440e+00 
 1.53600002e-01  2.98823440e+00 
 1.53600004e-01  2.98823440e+00 
 1.53600008e-01  2.98823440e+00 
 1.53600016e-01  2.98823440e+00 
 1.53600033e-01  2.98823440e+00 
 1.53600065e-01  2.98823440e+00 
 1.53600131e-01  2.98823440e+00 
 1.53600262e-01  2.98823440e+00 
 1.53600524e-01  2.98823440e+00 
 1.53601049e-01  2.98823440e+00 
 1.53602097e-01  2.98823440e+00 
 1.53604194e-01  2.98823440e+00 
 1.53608389e-01  2.98823440e+00 
 1.53616777e-01  2.98823440e+00 
 1.53633554e-01  2.98823440e+00 
 1.53667109e-01  2.98823440e+00 
 1.53707109e-01  2.98823440e+00 
 1.53747109e-01  2.98823440e+00 
 1.53787109e-01  2.98823440e+00 
 1.53827109e-01  2.98823440e+00 
 1.53867109e-01  2.98823440e+00 
 1.53907109e-01  2.98823440e+00 
 1.53947109e-01  2.98823440e+00 
 1.53987109e-01  2.98823440e+00 
 1.53999999e-01  2.98823440e+00 
 1.53999999e-01  2.98823440e+00 
 1.53999999e-01  2.98823440e+00 
 1.54000000e-01  2.98823440e+00 
 1.54000000e-01  2.98823427e+00 
 1.54000000e-01  2.98823420e+00 
 1.54000000e-01  2.98823406e+00 
 1.54000000e-01  2.98823378e+00 
 1.54000001e-01  2.98823323e+00 
 1.54000002e-01  2.98823212e+00 
 1.54000004e-01  2.98822989e+00 
 1.54000008e-01  2.98822545e+00 
 1.54000016e-01  2.98821656e+00 
 1.54000033e-01  2.98819881e+00 
 1.54000065e-01  2.98816334e+00 
 1.54000131e-01  2.98809264e+00 
 1.54000262e-01  2.98795209e+00 
 1.54000524e-01  2.98767442e+00 
 1.54001049e-01  2.98713250e+00 
 1.54002097e-01  2.98610025e+00 
 1.54004194e-01  2.98422622e+00 
 1.54008389e-01  2.98112967e+00 
 1.54016777e-01  2.97686599e+00 
 1.54033554e-01  2.97273819e+00 
 1.54067109e-01  2.97082111e+00 
 1.54107109e-01  2.97087045e+00 
 1.54147109e-01  2.97086497e+00 
 1.54187109e-01  2.97086558e+00 
 1.54227109e-01  2.97086551e+00 
 1.54267109e-01  2.97086552e+00 
 1.54307109e-01  2.97086552e+00 
 1.54347109e-01  2.97086552e+00 
 1.54387109e-01  2.97086552e+00 
 1.54399999e-01  2.97086552e+00 
 1.54399999e-01  2.97086552e+00 
 1.54399999e-01  2.97086552e+00 
 1.54400000e-01  2.97086552e+00 
 1.54400000e-01  2.97086552e+00 
 1.54400000e-01  2.97086552e+00 
 1.54400000e-01  2.97086552e+00 
 1.54400000e-01  2.97086552e+00 
 1.54400001e-01  2.97086552e+00 
 1.54400002e-01  2.97086552e+00 
 1.54400004e-01  2.97086552e+00 
 1.54400008e-01  2.97086552e+00 
 1.54400016e-01  2.97086552e+00 
 1.54400033e-01  2.97086552e+00 
 1.54400065e-01  2.97086552e+00 
 1.54400131e-01  2.97086552e+00 
 1.54400262e-01  2.97086552e+00 
 1.54400524e-01  2.97086552e+00 
 1.54401049e-01  2.97086552e+00 
 1.54402097e-01  2.97086552e+00 
 1.54404194e-01  2.97086552e+00 
 1.54408389e-01  2.97086552e+00 
 1.54416777e-01  2.97086552e+00 
 1.54433554e-01  2.97086552e+00 
 1.54467109e-01  2.97086552e+00 
 1.54507109e-01  2.97086552e+00 
 1.54547109e-01  2.97086552e+00 
 1.54587109e-01  2.97086552e+00 
 1.54627109e-01  2.97086552e+00 
 1.54667109e-01  2.97086552e+00 
 1.54707109e-01  2.97086552e+00 
 1.54747109e-01  2.97086552e+00 
 1.54787109e-01  2.97086552e+00 
 1.54799999e-01  2.97086552e+00 
 1.54799999e-01  2.97086552e+00 
 1.54799999e-01  2.97086552e+00 
 1.54800000e-01  2.97086552e+00 
 1.54800000e-01  2.97086538e+00 
 1.54800000e-01  2.97086531e+00 
 1.54800000e-01  2.97086516e+00 
 1.54800000e-01  2.97086487e+00 
 1.54800001e-01  2.97086428e+00 
 1.54800002e-01  2.97086310e+00 
 1.54800004e-01  2.97086075e+00 
 1.54800008e-01  2.97085604e+00 
 1.54800016e-01  2.97084663e+00 
 1.54800033e-01  2.97082783e+00 
 1.54800065e-01  2.97079027e+00 
 1.54800131e-01  2.97071540e+00 
 1.54800262e-01  2.97056657e+00 
 1.54800524e-01  2.97027255e+00 
 1.54801049e-01  2.96969871e+00 
 1.54802097e-01  2.96860565e+00 
 1.54804194e-01  2.96662123e+00 
 1.54808389e-01  2.96334226e+00 
 1.54816777e-01  2.95882743e+00 
 1.54833554e-01  2.95445647e+00 
 1.54867109e-01  2.95242646e+00 
 1.54907109e-01  2.95247871e+00 
 1.54947109e-01  2.95247290e+00 
 1.54987109e-01  2.95247355e+00 
 1.55027109e-01  2.95247348e+00 
 1.55067109e-01  2.95247348e+00 
 1.55107109e-01  2.95247348e+00 
 1.55147109e-01  2.95247348e+00 
 1.55187109e-01  2.95247348e+00 
 1.55199999e-01  2.95247348e+00 
 1.55199999e-01  2.95247348e+00 
 1.55199999e-01  2.95247348e+00 
 1.55200000e-01  2.95247348e+00 
 1.55200000e-01  2.95247348e+00 
 1.55200000e-01  2.95247348e+00 
 1.55200000e-01  2.95247348e+00 
 1.55200000e-01  2.95247348e+00 
 1.55200001e-01  2.95247348e+00 
 1.55200002e-01  2.95247348e+00 
 1.55200004e-01  2.95247348e+00 
 1.55200008e-01  2.95247348e+00 
 1.55200016e-01  2.95247348e+00 
 1.55200033e-01  2.95247348e+00 
 1.55200065e-01  2.95247348e+00 
 1.55200131e-01  2.95247348e+00 
 1.55200262e-01  2.95247348e+00 
 1.55200524e-01  2.95247348e+00 
 1.55201049e-01  2.95247348e+00 
 1.55202097e-01  2.95247348e+00 
 1.55204194e-01  2.95247348e+00 
 1.55208389e-01  2.95247348e+00 
 1.55216777e-01  2.95247348e+00 
 1.55233554e-01  2.95247348e+00 
 1.55267109e-01  2.95247348e+00 
 1.55307109e-01  2.95247348e+00 
 1.55347109e-01  2.95247348e+00 
 1.55387109e-01  2.95247348e+00 
 1.55427109e-01  2.95247348e+00 
 1.55467109e-01  2.95247348e+00 
 1.55507109e-01  2.95247348e+00 
 1.55547109e-01  2.95247348e+00 
 1.55587109e-01  2.95247348e+00 
 1.55599999e-01  2.95247348e+00 
 1.55599999e-01  2.95247348e+00 
 1.55599999e-01  2.95247348e+00 
 1.55600000e-01  2.95247348e+00 
 1.55600000e-01  2.95247334e+00 
 1.55600000e-01  2.95247326e+00 
 1.55600000e-01  2.95247310e+00 
 1.55600000e-01  2.95247279e+00 
 1.55600001e-01  2.95247217e+00 
 1.55600002e-01  2.95247093e+00 
 1.55600004e-01  2.95246844e+00 
 1.55600008e-01  2.95246346e+00 
 1.55600016e-01  2.95245351e+00 
 1.55600033e-01  2.95243363e+00 
 1.55600065e-01  2.95239393e+00 
 1.55600131e-01  2.95231476e+00 
 1.55600262e-01  2.95215740e+00 
 1.55600524e-01  2.95184652e+00 
 1.55601049e-01  2.95123980e+00 
 1.55602097e-01  2.95008409e+00 
 1.55604194e-01  2.94798593e+00 
 1.55608389e-01  2.94451903e+00 
 1.55616777e-01  2.93974542e+00 
 1.55633554e-01  2.93512394e+00 
 1.55667109e-01  2.93297758e+00 
 1.55707109e-01  2.93303282e+00 
 1.55747109e-01  2.93302669e+00 
 1.55787109e-01  2.93302737e+00 
 1.55827109e-01  2.93302729e+00 
 1.55867109e-01  2.93302730e+00 
 1.55907109e-01  2.93302730e+00 
 1.55947109e-01  2.93302730e+00 
 1.55987109e-01  2.93302730e+00 
 1.55999999e-01  2.93302730e+00 
 1.55999999e-01  2.93302730e+00 
 1.55999999e-01  2.93302730e+00 
 1.56000000e-01  2.93302730e+00 
 1.56000000e-01  2.93302730e+00 
 1.56000000e-01  2.93302730e+00 
 1.56000000e-01  2.93302730e+00 
 1.56000000e-01  2.93302730e+00 
 1.56000001e-01  2.93302730e+00 
 1.56000002e-01  2.93302730e+00 
 1.56000004e-01  2.93302730e+00 
 1.56000008e-01  2.93302730e+00 
 1.56000016e-01  2.93302730e+00 
 1.56000033e-01  2.93302730e+00 
 1.56000065e-01  2.93302730e+00 
 1.56000131e-01  2.93302730e+00 
 1.56000262e-01  2.93302730e+00 
 1.56000524e-01  2.93302730e+00 
 1.56001049e-01  2.93302730e+00 
 1.56002097e-01  2.93302730e+00 
 1.56004194e-01  2.93302730e+00 
 1.56008389e-01  2.93302730e+00 
 1.56016777e-01  2.93302730e+00 
 1.56033554e-01  2.93302730e+00 
 1.56067109e-01  2.93302730e+00 
 1.56107109e-01  2.93302730e+00 
 1.56147109e-01  2.93302730e+00 
 1.56187109e-01  2.93302730e+00 
 1.56227109e-01  2.93302730e+00 
 1.56267109e-01  2.93302730e+00 
 1.56307109e-01  2.93302730e+00 
 1.56347109e-01  2.93302730e+00 
 1.56387109e-01  2.93302730e+00 
 1.56399999e-01  2.93302730e+00 
 1.56399999e-01  2.93302730e+00 
 1.56399999e-01  2.93302730e+00 
 1.56400000e-01  2.93302730e+00 
 1.56400000e-01  2.93302714e+00 
 1.56400000e-01  2.93302706e+00 
 1.56400000e-01  2.93302690e+00 
 1.56400000e-01  2.93302657e+00 
 1.56400001e-01  2.93302591e+00 
 1.56400002e-01  2.93302460e+00 
 1.56400004e-01  2.93302197e+00 
 1.56400008e-01  2.93301672e+00 
 1.56400016e-01  2.93300622e+00 
 1.56400033e-01  2.93298523e+00 
 1.56400065e-01  2.93294331e+00 
 1.56400131e-01  2.93285974e+00 
 1.56400262e-01  2.93269361e+00 
 1.56400524e-01  2.93236541e+00 
 1.56401049e-01  2.93172489e+00 
 1.56402097e-01  2.93050480e+00 
 1.56404194e-01  2.92828975e+00 
 1.56408389e-01  2.92462972e+00 
 1.56416777e-01  2.91959019e+00 
 1.56433554e-01  2.91471126e+00 
 1.56467109e-01  2.91244533e+00 
 1.56507109e-01  2.91250365e+00 
 1.56547109e-01  2.91249717e+00 
 1.56587109e-01  2.91249789e+00 
 1.56627109e-01  2.91249781e+00 
 1.56667109e-01  2.91249782e+00 
 1.56707109e-01  2.91249782e+00 
 1.56747109e-01  2.91249782e+00 
 1.56787109e-01  2.91249782e+00 
 1.56799999e-01  2.91249782e+00 
 1.56799999e-01  2.91249782e+00 
 1.56799999e-01  2.91249782e+00 
 1.56800000e-01  2.91249782e+00 
 1.56800000e-01  2.91249782e+00 
 1.56800000e-01  2.91249782e+00 
 1.56800000e-01  2.91249782e+00 
 1.56800000e-01  2.91249782e+00 
 1.56800001e-01  2.91249782e+00 
 1.56800002e-01  2.91249782e+00 
 1.56800004e-01  2.91249782e+00 
 1.56800008e-01  2.91249782e+00 
 1.56800016e-01  2.91249782e+00 
 1.56800033e-01  2.91249782e+00 
 1.56800065e-01  2.91249782e+00 
 1.56800131e-01  2.91249782e+00 
 1.56800262e-01  2.91249782e+00 
 1.56800524e-01  2.91249782e+00 
 1.56801049e-01  2.91249782e+00 
 1.56802097e-01  2.91249782e+00 
 1.56804194e-01  2.91249782e+00 
 1.56808389e-01  2.91249782e+00 
 1.56816777e-01  2.91249782e+00 
 1.56833554e-01  2.91249782e+00 
 1.56867109e-01  2.91249782e+00 
 1.56907109e-01  2.91249782e+00 
 1.56947109e-01  2.91249782e+00 
 1.56987109e-01  2.91249782e+00 
 1.57027109e-01  2.91249782e+00 
 1.57067109e-01  2.91249782e+00 
 1.57107109e-01  2.91249782e+00 
 1.57147109e-01  2.91249782e+00 
 1.57187109e-01  2.91249782e+00 
 1.57199999e-01  2.91249782e+00 
 1.57199999e-01  2.91249782e+00 
 1.57199999e-01  2.91249782e+00 
 1.57200000e-01  2.91249782e+00 
 1.57200000e-01  2.91249765e+00 
 1.57200000e-01  2.91249757e+00 
 1.57200000e-01  2.91249740e+00 
 1.57200000e-01  2.91249705e+00 
 1.57200001e-01  2.91249636e+00 
 1.57200002e-01  2.91249497e+00 
 1.57200004e-01  2.91249220e+00 
 1.57200008e-01  2.91248666e+00 
 1.57200016e-01  2.91247559e+00 
 1.57200033e-01  2.91245347e+00 
 1.57200065e-01  2.91240929e+00 
 1.57200131e-01  2.91232119e+00 
 1.57200262e-01  2.91214609e+00 
 1.57200524e-01  2.91180014e+00 
 1.57201049e-01  2.91112498e+00 
 1.57202097e-01  2.90983892e+00 
 1.57204194e-01  2.90750410e+00 
 1.57208389e-01  2.90364616e+00 
 1.57216777e-01  2.89833413e+00 
 1.57233554e-01  2.89319138e+00 
 1.57267109e-01  2.89080293e+00 
 1.57307109e-01  2.89086440e+00 
 1.57347109e-01  2.89085757e+00 
 1.57387109e-01  2.89085833e+00 
 1.57427109e-01  2.89085824e+00 
 1.57467109e-01  2.89085825e+00 
 1.57507109e-01  2.89085825e+00 
 1.57547109e-01  2.89085825e+00 
 1.57587109e-01  2.89085825e+00 
 1.57599999e-01  2.89085825e+00 
 1.57599999e-01  2.89085825e+00 
 1.57599999e-01  2.89085825e+00 
 1.57600000e-01  2.89085825e+00 
 1.57600000e-01  2.89085825e+00 
 1.57600000e-01  2.89085825e+00 
 1.57600000e-01  2.89085825e+00 
 1.57600000e-01  2.89085825e+00 
 1.57600001e-01  2.89085825e+00 
 1.57600002e-01  2.89085825e+00 
 1.57600004e-01  2.89085825e+00 
 1.57600008e-01  2.89085825e+00 
 1.57600016e-01  2.89085825e+00 
 1.57600033e-01  2.89085825e+00 
 1.57600065e-01  2.89085825e+00 
 1.57600131e-01  2.89085825e+00 
 1.57600262e-01  2.89085825e+00 
 1.57600524e-01  2.89085825e+00 
 1.57601049e-01  2.89085825e+00 
 1.57602097e-01  2.89085825e+00 
 1.57604194e-01  2.89085825e+00 
 1.57608389e-01  2.89085825e+00 
 1.57616777e-01  2.89085825e+00 
 1.57633554e-01  2.89085825e+00 
 1.57667109e-01  2.89085825e+00 
 1.57707109e-01  2.89085825e+00 
 1.57747109e-01  2.89085825e+00 
 1.57787109e-01  2.89085825e+00 
 1.57827109e-01  2.89085825e+00 
 1.57867109e-01  2.89085825e+00 
 1.57907109e-01  2.89085825e+00 
 1.57947109e-01  2.89085825e+00 
 1.57987109e-01  2.89085825e+00 
 1.57999999e-01  2.89085825e+00 
 1.57999999e-01  2.89085825e+00 
 1.57999999e-01  2.89085825e+00 
 1.58000000e-01  2.89085825e+00 
 1.58000000e-01  2.89085808e+00 
 1.58000000e-01  2.89085799e+00 
 1.58000000e-01  2.89085781e+00 
 1.58000000e-01  2.89085744e+00 
 1.58000001e-01  2.89085671e+00 
 1.58000002e-01  2.89085526e+00 
 1.58000004e-01  2.89085234e+00 
 1.58000008e-01  2.89084651e+00 
 1.58000016e-01  2.89083486e+00 
 1.58000033e-01  2.89081158e+00 
 1.58000065e-01  2.89076508e+00 
 1.58000131e-01  2.89067237e+00 
 1.58000262e-01  2.89048809e+00 
 1.58000524e-01  2.89012402e+00 
 1.58001049e-01  2.88941348e+00 
 1.58002097e-01  2.88806003e+00 
 1.58004194e-01  2.88560286e+00 
 1.58008389e-01  2.88154276e+00 
 1.58016777e-01  2.87595238e+00 
 1.58033554e-01  2.87054015e+00 
 1.58067109e-01  2.86802654e+00 
 1.58107109e-01  2.86809123e+00 
 1.58147109e-01  2.86808404e+00 
 1.58187109e-01  2.86808484e+00 
 1.58227109e-01  2.86808475e+00 
 1.58267109e-01  2.86808476e+00 
 1.58307109e-01  2.86808476e+00 
 1.58347109e-01  2.86808476e+00 
 1.58387109e-01  2.86808476e+00 
 1.58399999e-01  2.86808476e+00 
 1.58399999e-01  2.86808476e+00 
 1.58399999e-01  2.86808476e+00 
 1.58400000e-01  2.86808476e+00 
 1.58400000e-01  2.86808476e+00 
 1.58400000e-01  2.86808476e+00 
 1.58400000e-01  2.86808476e+00 
 1.58400000e-01  2.86808476e+00 
 1.58400001e-01  2.86808476e+00 
 1.58400002e-01  2.86808476e+00 
 1.58400004e-01  2.86808476e+00 
 1.58400008e-01  2.86808476e+00 
 1.58400016e-01  2.86808476e+00 
 1.58400033e-01  2.86808476e+00 
 1.58400065e-01  2.86808476e+00 
 1.58400131e-01  2.86808476e+00 
 1.58400262e-01  2.86808476e+00 
 1.58400524e-01  2.86808476e+00 
 1.58401049e-01  2.86808476e+00 
 1.58402097e-01  2.86808476e+00 
 1.58404194e-01  2.86808476e+00 
 1.58408389e-01  2.86808476e+00 
 1.58416777e-01  2.86808476e+00 
 1.58433554e-01  2.86808476e+00 
 1.58467109e-01  2.86808476e+00 
 1.58507109e-01  2.86808476e+00 
 1.58547109e-01  2.86808476e+00 
 1.58587109e-01  2.86808476e+00 
 1.58627109e-01  2.86808476e+00 
 1.58667109e-01  2.86808476e+00 
 1.58707109e-01  2.86808476e+00 
 1.58747109e-01  2.86808476e+00 
 1.58787109e-01  2.86808476e+00 
 1.58799999e-01  2.86808476e+00 
 1.58799999e-01  2.86808476e+00 
 1.58799999e-01  2.86808476e+00 
 1.58800000e-01  2.86808476e+00 
 1.58800000e-01  2.86808458e+00 
 1.58800000e-01  2.86808449e+00 
 1.58800000e-01  2.86808429e+00 
 1.58800000e-01  2.86808391e+00 
 1.58800001e-01  2.86808315e+00 
 1.58800002e-01  2.86808161e+00 
 1.58800004e-01  2.86807855e+00 
 1.58800008e-01  2.86807243e+00 
 1.58800016e-01  2.86806019e+00 
 1.58800033e-01  2.86803572e+00 
 1.58800065e-01  2.86798687e+00 
 1.58800131e-01  2.86788946e+00 
 1.58800262e-01  2.86769584e+00 
 1.58800524e-01  2.86731331e+00 
 1.58801049e-01  2.86656676e+00 
 1.58802097e-01  2.86514472e+00 
 1.58804194e-01  2.86256303e+00 
 1.58808389e-01  2.85829716e+00 
 1.58816777e-01  2.85242345e+00 
 1.58833554e-01  2.84673693e+00 
 1.58867109e-01  2.84409592e+00 
 1.58907109e-01  2.84416389e+00 
 1.58947109e-01  2.84415634e+00 
 1.58987109e-01  2.84415718e+00 
 1.59027109e-01  2.84415709e+00 
 1.59067109e-01  2.84415710e+00 
 1.59107109e-01  2.84415710e+00 
 1.59147109e-01  2.84415710e+00 
 1.59187109e-01  2.84415710e+00 
 1.59199999e-01  2.84415710e+00 
 1.59199999e-01  2.84415710e+00 
 1.59199999e-01  2.84415710e+00 
 1.59200000e-01  2.84415710e+00 
 1.59200000e-01  2.84415710e+00 
 1.59200000e-01  2.84415710e+00 
 1.59200000e-01  2.84415710e+00 
 1.59200000e-01  2.84415710e+00 
 1.59200001e-01  2.84415710e+00 
 1.59200002e-01  2.84415710e+00 
 1.59200004e-01  2.84415710e+00 
 1.59200008e-01  2.84415710e+00 
 1.59200016e-01  2.84415710e+00 
 1.59200033e-01  2.84415710e+00 
 1.59200065e-01  2.84415710e+00 
 1.59200131e-01  2.84415710e+00 
 1.59200262e-01  2.84415710e+00 
 1.59200524e-01  2.84415710e+00 
 1.59201049e-01  2.84415710e+00 
 1.59202097e-01  2.84415710e+00 
 1.59204194e-01  2.84415710e+00 
 1.59208389e-01  2.84415710e+00 
 1.59216777e-01  2.84415710e+00 
 1.59233554e-01  2.84415710e+00 
 1.59267109e-01  2.84415710e+00 
 1.59307109e-01  2.84415710e+00 
 1.59347109e-01  2.84415710e+00 
 1.59387109e-01  2.84415710e+00 
 1.59427109e-01  2.84415710e+00 
 1.59467109e-01  2.84415710e+00 
 1.59507109e-01  2.84415710e+00 
 1.59547109e-01  2.84415710e+00 
 1.59587109e-01  2.84415710e+00 
 1.59599999e-01  2.84415710e+00 
 1.59599999e-01  2.84415710e+00 
 1.59599999e-01  2.84415710e+00 
 1.59600000e-01  2.84415710e+00 
 1.59600000e-01  2.84415691e+00 
 1.59600000e-01  2.84415681e+00 
 1.59600000e-01  2.84415661e+00 
 1.59600000e-01  2.84415621e+00 
 1.59600001e-01  2.84415540e+00 
 1.59600002e-01  2.84415380e+00 
 1.59600004e-01  2.84415058e+00 
 1.59600008e-01  2.84414416e+00 
 1.59600016e-01  2.84413132e+00 
 1.59600033e-01  2.84410566e+00 
 1.59600065e-01  2.84405442e+00 
 1.59600131e-01  2.84395225e+00 
 1.59600262e-01  2.84374916e+00 
 1.59600524e-01  2.84334793e+00 
 1.59601049e-01  2.84256487e+00 
 1.59602097e-01  2.84107328e+00 
 1.59604194e-01  2.83836533e+00 
 1.59608389e-01  2.83389085e+00 
 1.59616777e-01  2.82772990e+00 
 1.59633554e-01  2.82176529e+00 
 1.59667109e-01  2.81899514e+00 
 1.59707109e-01  2.81906643e+00 
 1.59747109e-01  2.81905851e+00 
 1.59787109e-01  2.81905939e+00 
 1.59827109e-01  2.81905929e+00 
 1.59867109e-01  2.81905930e+00 
 1.59907109e-01  2.81905930e+00 
 1.59947109e-01  2.81905930e+00 
 1.59987109e-01  2.81905930e+00 
 1.59999999e-01  2.81905930e+00 
 1.59999999e-01  2.81905930e+00 
 1.59999999e-01  2.81905930e+00 
 1.60000000e-01  2.81905930e+00 
 1.60000000e-01  2.81905930e+00 
 1.60000000e-01  2.81905930e+00 
 1.60000000e-01  2.81905930e+00 
 1.60000000e-01  2.81905930e+00 
 1.60000001e-01  2.81905930e+00 
 1.60000002e-01  2.81905930e+00 
 1.60000004e-01  2.81905930e+00 
 1.60000008e-01  2.81905930e+00 
 1.60000016e-01  2.81905930e+00 
 1.60000033e-01  2.81905930e+00 
 1.60000065e-01  2.81905930e+00 
 1.60000131e-01  2.81905930e+00 
 1.60000262e-01  2.81905930e+00 
 1.60000524e-01  2.81905930e+00 
 1.60001049e-01  2.81905930e+00 
 1.60002097e-01  2.81905930e+00 
 1.60004194e-01  2.81905930e+00 
 1.60008389e-01  2.81905930e+00 
 1.60016777e-01  2.81905930e+00 
 1.60033554e-01  2.81905930e+00 
 1.60067109e-01  2.81905930e+00 
 1.60107109e-01  2.81905930e+00 
 1.60147109e-01  2.81905930e+00 
 1.60187109e-01  2.81905930e+00 
 1.60227109e-01  2.81905930e+00 
 1.60267109e-01  2.81905930e+00 
 1.60307109e-01  2.81905930e+00 
 1.60347109e-01  2.81905930e+00 
 1.60387109e-01  2.81905930e+00 
 1.60399999e-01  2.81905930e+00 
 1.60399999e-01  2.81905930e+00 
 1.60399999e-01  2.81905930e+00 
 1.60400000e-01  2.81905930e+00 
 1.60400000e-01  2.81905911e+00 
 1.60400000e-01  2.81905900e+00 
 1.60400000e-01  2.81905879e+00 
 1.60400000e-01  2.81905837e+00 
 1.60400001e-01  2.81905753e+00 
 1.60400002e-01  2.81905585e+00 
 1.60400004e-01  2.81905248e+00 
 1.60400008e-01  2.81904576e+00 
 1.60400016e-01  2.81903232e+00 
 1.60400033e-01  2.81900545e+00 
 1.60400065e-01  2.81895179e+00 
 1.60400131e-01  2.81884481e+00 
 1.60400262e-01  2.81863217e+00 
 1.60400524e-01  2.81821205e+00 
 1.60401049e-01  2.81739215e+00 
 1.60402097e-01  2.81583037e+00 
 1.60404194e-01  2.81299500e+00 
 1.60408389e-01  2.80830996e+00 
 1.60416777e-01  2.80185910e+00 
 1.60433554e-01  2.79561381e+00 
 1.60467109e-01  2.79271330e+00 
 1.60507109e-01  2.79278795e+00 
 1.60547109e-01  2.79277966e+00 
 1.60587109e-01  2.79278058e+00 
 1.60627109e-01  2.79278048e+00 
 1.60667109e-01  2.79278049e+00 
 1.60707109e-01  2.79278049e+00 
 1.60747109e-01  2.79278049e+00 
 1.60787109e-01  2.79278049e+00 
 1.60799999e-01  2.79278049e+00 
 1.60799999e-01  2.79278049e+00 
 1.60799999e-01  2.79278049e+00 
 1.60800000e-01  2.79278049e+00 
 1.60800000e-01  2.79278049e+00 
 1.60800000e-01  2.79278049e+00 
 1.60800000e-01  2.79278049e+00 
 1.60800000e-01  2.79278049e+00 
 1.60800001e-01  2.79278049e+00 
 1.60800002e-01  2.79278049e+00 
 1.60800004e-01  2.79278049e+00 
 1.60800008e-01  2.79278049e+00 
 1.60800016e-01  2.79278049e+00 
 1.60800033e-01  2.79278049e+00 
 1.60800065e-01  2.79278049e+00 
 1.60800131e-01  2.79278049e+00 
 1.60800262e-01  2.79278049e+00 
 1.60800524e-01  2.79278049e+00 
 1.60801049e-01  2.79278049e+00 
 1.60802097e-01  2.79278049e+00 
 1.60804194e-01  2.79278049e+00 
 1.60808389e-01  2.79278049e+00 
 1.60816777e-01  2.79278049e+00 
 1.60833554e-01  2.79278049e+00 
 1.60867109e-01  2.79278049e+00 
 1.60907109e-01  2.79278049e+00 
 1.60947109e-01  2.79278049e+00 
 1.60987109e-01  2.79278049e+00 
 1.61027109e-01  2.79278049e+00 
 1.61067109e-01  2.79278049e+00 
 1.61107109e-01  2.79278049e+00 
 1.61147109e-01  2.79278049e+00 
 1.61187109e-01  2.79278049e+00 
 1.61199999e-01  2.79278049e+00 
 1.61199999e-01  2.79278049e+00 
 1.61199999e-01  2.79278049e+00 
 1.61200000e-01  2.79278049e+00 
 1.61200000e-01  2.79278028e+00 
 1.61200000e-01  2.79278017e+00 
 1.61200000e-01  2.79277995e+00 
 1.61200000e-01  2.79277951e+00 
 1.61200001e-01  2.79277864e+00 
 1.61200002e-01  2.79277688e+00 
 1.61200004e-01  2.79277336e+00 
 1.61200008e-01  2.79276633e+00 
 1.61200016e-01  2.79275228e+00 
 1.61200033e-01  2.79272420e+00 
 1.61200065e-01  2.79266813e+00 
 1.61200131e-01  2.79255632e+00 
 1.61200262e-01  2.79233408e+00 
 1.61200524e-01  2.79189500e+00 
 1.61201049e-01  2.79103809e+00 
 1.61202097e-01  2.78940583e+00 
 1.61204194e-01  2.78644249e+00 
 1.61208389e-01  2.78154601e+00 
 1.61216777e-01  2.77480401e+00 
 1.61233554e-01  2.76827687e+00 
 1.61267109e-01  2.76524545e+00 
 1.61307109e-01  2.76532347e+00 
 1.61347109e-01  2.76531480e+00 
 1.61387109e-01  2.76531577e+00 
 1.61427109e-01  2.76531566e+00 
 1.61467109e-01  2.76531567e+00 
 1.61507109e-01  2.76531567e+00 
 1.61547109e-01  2.76531567e+00 
 1.61587109e-01  2.76531567e+00 
 1.61599999e-01  2.76531567e+00 
 1.61599999e-01  2.76531567e+00 
 1.61599999e-01  2.76531567e+00 
 1.61600000e-01  2.76531567e+00 
 1.61600000e-01  2.76531567e+00 
 1.61600000e-01  2.76531567e+00 
 1.61600000e-01  2.76531567e+00 
 1.61600000e-01  2.76531567e+00 
 1.61600001e-01  2.76531567e+00 
 1.61600002e-01  2.76531567e+00 
 1.61600004e-01  2.76531567e+00 
 1.61600008e-01  2.76531567e+00 
 1.61600016e-01  2.76531567e+00 
 1.61600033e-01  2.76531567e+00 
 1.61600065e-01  2.76531567e+00 
 1.61600131e-01  2.76531567e+00 
 1.61600262e-01  2.76531567e+00 
 1.61600524e-01  2.76531567e+00 
 1.61601049e-01  2.76531567e+00 
 1.61602097e-01  2.76531567e+00 
 1.61604194e-01  2.76531567e+00 
 1.61608389e-01  2.76531567e+00 
 1.61616777e-01  2.76531567e+00 
 1.61633554e-01  2.76531567e+00 
 1.61667109e-01  2.76531567e+00 
 1.61707109e-01  2.76531567e+00 
 1.61747109e-01  2.76531567e+00 
 1.61787109e-01  2.76531567e+00 
 1.61827109e-01  2.76531567e+00 
 1.61867109e-01  2.76531567e+00 
 1.61907109e-01  2.76531567e+00 
 1.61947109e-01  2.76531567e+00 
 1.61987109e-01  2.76531567e+00 
 1.61999999e-01  2.76531567e+00 
 1.61999999e-01  2.76531567e+00 
 1.61999999e-01  2.76531567e+00 
 1.62000000e-01  2.76531567e+00 
 1.62000000e-01  2.76531546e+00 
 1.62000000e-01  2.76531534e+00 
 1.62000000e-01  2.76531511e+00 
 1.62000000e-01  2.76531465e+00 
 1.62000001e-01  2.76531374e+00 
 1.62000002e-01  2.76531190e+00 
 1.62000004e-01  2.76530824e+00 
 1.62000008e-01  2.76530091e+00 
 1.62000016e-01  2.76528625e+00 
 1.62000033e-01  2.76525696e+00 
 1.62000065e-01  2.76519846e+00 
 1.62000131e-01  2.76508184e+00 
 1.62000262e-01  2.76485001e+00 
 1.62000524e-01  2.76439200e+00 
 1.62001049e-01  2.76349815e+00 
 1.62002097e-01  2.76179551e+00 
 1.62004194e-01  2.75870440e+00 
 1.62008389e-01  2.75359680e+00 
 1.62016777e-01  2.74656411e+00 
 1.62033554e-01  2.73975554e+00 
 1.62067109e-01  2.73659342e+00 
 1.62107109e-01  2.73667480e+00 
 1.62147109e-01  2.73666576e+00 
 1.62187109e-01  2.73666676e+00 
 1.62227109e-01  2.73666665e+00 
 1.62267109e-01  2.73666666e+00 
 1.62307109e-01  2.73666666e+00 
 1.62347109e-01  2.73666666e+00 
 1.62387109e-01  2.73666666e+00 
 1.62399999e-01  2.73666666e+00 
 1.62399999e-01  2.73666666e+00 
 1.62399999e-01  2.73666666e+00 
 1.62400000e-01  2.73666666e+00 
 1.62400000e-01  2.73666666e+00 
 1.62400000e-01  2.73666666e+00 
 1.62400000e-01  2.73666666e+00 
 1.62400000e-01  2.73666666e+00 
 1.62400001e-01  2.73666666e+00 
 1.62400002e-01  2.73666666e+00 
 1.62400004e-01  2.73666666e+00 
 1.62400008e-01  2.73666666e+00 
 1.62400016e-01  2.73666666e+00 
 1.62400033e-01  2.73666666e+00 
 1.62400065e-01  2.73666666e+00 
 1.62400131e-01  2.73666666e+00 
 1.62400262e-01  2.73666666e+00 
 1.62400524e-01  2.73666666e+00 
 1.62401049e-01  2.73666666e+00 
 1.62402097e-01  2.73666666e+00 
 1.62404194e-01  2.73666666e+00 
 1.62408389e-01  2.73666666e+00 
 1.62416777e-01  2.73666666e+00 
 1.62433554e-01  2.73666666e+00 
 1.62467109e-01  2.73666666e+00 
 1.62507109e-01  2.73666666e+00 
 1.62547109e-01  2.73666666e+00 
 1.62587109e-01  2.73666666e+00 
 1.62627109e-01  2.73666666e+00 
 1.62667109e-01  2.73666666e+00 
 1.62707109e-01  2.73666666e+00 
 1.62747109e-01  2.73666666e+00 
 1.62787109e-01  2.73666666e+00 
 1.62799999e-01  2.73666666e+00 
 1.62799999e-01  2.73666666e+00 
 1.62799999e-01  2.73666666e+00 
 1.62800000e-01  2.73666666e+00 
 1.62800000e-01  2.73666644e+00 
 1.62800000e-01  2.73666632e+00 
 1.62800000e-01  2.73666608e+00 
 1.62800000e-01  2.73666560e+00 
 1.62800001e-01  2.73666465e+00 
 1.62800002e-01  2.73666274e+00 
 1.62800004e-01  2.73665892e+00 
 1.62800008e-01  2.73665129e+00 
 1.62800016e-01  2.73663603e+00 
 1.62800033e-01  2.73660554e+00 
 1.62800065e-01  2.73654465e+00 
 1.62800131e-01  2.73642324e+00 
 1.62800262e-01  2.73618191e+00 
 1.62800524e-01  2.73570513e+00 
 1.62801049e-01  2.73477462e+00 
 1.62802097e-01  2.73300218e+00 
 1.62804194e-01  2.72978433e+00 
 1.62808389e-01  2.72446732e+00 
 1.62816777e-01  2.71714629e+00 
 1.62833554e-01  2.71005856e+00 
 1.62867109e-01  2.70676680e+00 
 1.62907109e-01  2.70685152e+00 
 1.62947109e-01  2.70684210e+00 
 1.62987109e-01  2.70684315e+00 
 1.63027109e-01  2.70684303e+00 
 1.63067109e-01  2.70684305e+00 
 1.63107109e-01  2.70684304e+00 
 1.63147109e-01  2.70684304e+00 
 1.63187109e-01  2.70684304e+00 
 1.63199999e-01  2.70684304e+00 
 1.63199999e-01  2.70684304e+00 
 1.63199999e-01  2.70684304e+00 
 1.63200000e-01  2.70684304e+00 
 1.63200000e-01  2.70684304e+00 
 1.63200000e-01  2.70684304e+00 
 1.63200000e-01  2.70684304e+00 
 1.63200000e-01  2.70684304e+00 
 1.63200001e-01  2.70684304e+00 
 1.63200002e-01  2.70684304e+00 
 1.63200004e-01  2.70684304e+00 
 1.63200008e-01  2.70684304e+00 
 1.63200016e-01  2.70684304e+00 
 1.63200033e-01  2.70684304e+00 
 1.63200065e-01  2.70684304e+00 
 1.63200131e-01  2.70684304e+00 
 1.63200262e-01  2.70684304e+00 
 1.63200524e-01  2.70684304e+00 
 1.63201049e-01  2.70684304e+00 
 1.63202097e-01  2.70684304e+00 
 1.63204194e-01  2.70684304e+00 
 1.63208389e-01  2.70684304e+00 
 1.63216777e-01  2.70684304e+00 
 1.63233554e-01  2.70684304e+00 
 1.63267109e-01  2.70684304e+00 
 1.63307109e-01  2.70684304e+00 
 1.63347109e-01  2.70684304e+00 
 1.63387109e-01  2.70684304e+00 
 1.63427109e-01  2.70684304e+00 
 1.63467109e-01  2.70684304e+00 
 1.63507109e-01  2.70684304e+00 
 1.63547109e-01  2.70684304e+00 
 1.63587109e-01  2.70684304e+00 
 1.63599999e-01  2.70684304e+00 
 1.63599999e-01  2.70684304e+00 
 1.63599999e-01  2.70684304e+00 
 1.63600000e-01  2.70684304e+00 
 1.63600000e-01  2.70684281e+00 
 1.63600000e-01  2.70684269e+00 
 1.63600000e-01  2.70684244e+00 
 1.63600000e-01  2.70684194e+00 
 1.63600001e-01  2.70684095e+00 
 1.63600002e-01  2.70683897e+00 
 1.63600004e-01  2.70683501e+00 
 1.63600008e-01  2.70682708e+00 
 1.63600016e-01  2.70681123e+00 
 1.63600033e-01  2.70677955e+00 
 1.63600065e-01  2.70671630e+00 
 1.63600131e-01  2.70659019e+00 
 1.63600262e-01  2.70633950e+00 
 1.63600524e-01  2.70584423e+00 
 1.63601049e-01  2.70487765e+00 
 1.63602097e-01  2.70303648e+00 
 1.63604194e-01  2.69969388e+00 
 1.63608389e-01  2.69417073e+00 
 1.63616777e-01  2.68656586e+00 
 1.63633554e-01  2.67920334e+00 
 1.63667109e-01  2.67578396e+00 
 1.63707109e-01  2.67587196e+00 
 1.63747109e-01  2.67586218e+00 
 1.63787109e-01  2.67586327e+00 
 1.63827109e-01  2.67586315e+00 
 1.63867109e-01  2.67586316e+00 
 1.63907109e-01  2.67586316e+00 
 1.63947109e-01  2.67586316e+00 
 1.63987109e-01  2.67586316e+00 
 1.63999999e-01  2.67586316e+00 
 1.63999999e-01  2.67586316e+00 
 1.63999999e-01  2.67586316e+00 
 1.64000000e-01  2.67586316e+00 
 1.64000000e-01  2.67586316e+00 
 1.64000000e-01  2.67586316e+00 
 1.64000000e-01  2.67586316e+00 
 1.64000000e-01  2.67586316e+00 
 1.64000001e-01  2.67586316e+00 
 1.64000002e-01  2.67586316e+00 
 1.64000004e-01  2.67586316e+00 
 1.64000008e-01  2.67586316e+00 
 1.64000016e-01  2.67586316e+00 
 1.64000033e-01  2.67586316e+00 
 1.64000065e-01  2.67586316e+00 
 1.64000131e-01  2.67586316e+00 
 1.64000262e-01  2.67586316e+00 
 1.64000524e-01  2.67586316e+00 
 1.64001049e-01  2.67586316e+00 
 1.64002097e-01  2.67586316e+00 
 1.64004194e-01  2.67586316e+00 
 1.64008389e-01  2.67586316e+00 
 1.64016777e-01  2.67586316e+00 
 1.64033554e-01  2.67586316e+00 
 1.64067109e-01  2.67586316e+00 
 1.64107109e-01  2.67586316e+00 
 1.64147109e-01  2.67586316e+00 
 1.64187109e-01  2.67586316e+00 
 1.64227109e-01  2.67586316e+00 
 1.64267109e-01  2.67586316e+00 
 1.64307109e-01  2.67586316e+00 
 1.64347109e-01  2.67586316e+00 
 1.64387109e-01  2.67586316e+00 
 1.64399999e-01  2.67586316e+00 
 1.64399999e-01  2.67586316e+00 
 1.64399999e-01  2.67586316e+00 
 1.64400000e-01  2.67586316e+00 
 1.64400000e-01  2.67586292e+00 
 1.64400000e-01  2.67586279e+00 
 1.64400000e-01  2.67586253e+00 
 1.64400000e-01  2.67586202e+00 
 1.64400001e-01  2.67586099e+00 
 1.64400002e-01  2.67585894e+00 
 1.64400004e-01  2.67585483e+00 
 1.64400008e-01  2.67584661e+00 
 1.64400016e-01  2.67583018e+00 
 1.64400033e-01  2.67579736e+00 
 1.64400065e-01  2.67573180e+00 
 1.64400131e-01  2.67560109e+00 
 1.64400262e-01  2.67534127e+00 
 1.64400524e-01  2.67482797e+00 
 1.64401049e-01  2.67382619e+00 
 1.64402097e-01  2.67191798e+00 
 1.64404194e-01  2.66845366e+00 
 1.64408389e-01  2.66272939e+00 
 1.64416777e-01  2.65484760e+00 
 1.64433554e-01  2.64721698e+00 
 1.64467109e-01  2.64367307e+00 
 1.64507109e-01  2.64376428e+00 
 1.64547109e-01  2.64375415e+00 
 1.64587109e-01  2.64375527e+00 
 1.64627109e-01  2.64375515e+00 
 1.64667109e-01  2.64375516e+00 
 1.64707109e-01  2.64375516e+00 
 1.64747109e-01  2.64375516e+00 
 1.64787109e-01  2.64375516e+00 
 1.64799999e-01  2.64375516e+00 
 1.64799999e-01  2.64375516e+00 
 1.64799999e-01  2.64375516e+00 
 1.64800000e-01  2.64375516e+00 
 1.64800000e-01  2.64375516e+00 
 1.64800000e-01  2.64375516e+00 
 1.64800000e-01  2.64375516e+00 
 1.64800000e-01  2.64375516e+00 
 1.64800001e-01  2.64375516e+00 
 1.64800002e-01  2.64375516e+00 
 1.64800004e-01  2.64375516e+00 
 1.64800008e-01  2.64375516e+00 
 1.64800016e-01  2.64375516e+00 
 1.64800033e-01  2.64375516e+00 
 1.64800065e-01  2.64375516e+00 
 1.64800131e-01  2.64375516e+00 
 1.64800262e-01  2.64375516e+00 
 1.64800524e-01  2.64375516e+00 
 1.64801049e-01  2.64375516e+00 
 1.64802097e-01  2.64375516e+00 
 1.64804194e-01  2.64375516e+00 
 1.64808389e-01  2.64375516e+00 
 1.64816777e-01  2.64375516e+00 
 1.64833554e-01  2.64375516e+00 
 1.64867109e-01  2.64375516e+00 
 1.64907109e-01  2.64375516e+00 
 1.64947109e-01  2.64375516e+00 
 1.64987109e-01  2.64375516e+00 
 1.65027109e-01  2.64375516e+00 
 1.65067109e-01  2.64375516e+00 
 1.65107109e-01  2.64375516e+00 
 1.65147109e-01  2.64375516e+00 
 1.65187109e-01  2.64375516e+00 
 1.65199999e-01  2.64375516e+00 
 1.65199999e-01  2.64375516e+00 
 1.65199999e-01  2.64375516e+00 
 1.65200000e-01  2.64375516e+00 
 1.65200000e-01  2.64375491e+00 
 1.65200000e-01  2.64375478e+00 
 1.65200000e-01  2.64375451e+00 
 1.65200000e-01  2.64375398e+00 
 1.65200001e-01  2.64375292e+00 
 1.65200002e-01  2.64375079e+00 
 1.65200004e-01  2.64374655e+00 
 1.65200008e-01  2.64373805e+00 
 1.65200016e-01  2.64372107e+00 
 1.65200033e-01  2.64368713e+00 
 1.65200065e-01  2.64361935e+00 
 1.65200131e-01  2.64348421e+00 
 1.65200262e-01  2.64321557e+00 
 1.65200524e-01  2.64268486e+00 
 1.65201049e-01  2.64164910e+00 
 1.65202097e-01  2.63967617e+00 
 1.65204194e-01  2.63609434e+00 
 1.65208389e-01  2.63017591e+00 
 1.65216777e-01  2.62202677e+00 
 1.65233554e-01  2.61413733e+00 
 1.65267109e-01  2.61047322e+00 
 1.65307109e-01  2.61056752e+00 
 1.65347109e-01  2.61055704e+00 
 1.65387109e-01  2.61055821e+00 
 1.65427109e-01  2.61055808e+00 
 1.65467109e-01  2.61055809e+00 
 1.65507109e-01  2.61055809e+00 
 1.65547109e-01  2.61055809e+00 
 1.65587109e-01  2.61055809e+00 
 1.65599999e-01  2.61055809e+00 
 1.65599999e-01  2.61055809e+00 
 1.65599999e-01  2.61055809e+00 
 1.65600000e-01  2.61055809e+00 
 1.65600000e-01  2.61055809e+00 
 1.65600000e-01  2.61055809e+00 
 1.65600000e-01  2.61055809e+00 
 1.65600000e-01  2.61055809e+00 
 1.65600001e-01  2.61055809e+00 
 1.65600002e-01  2.61055809e+00 
 1.65600004e-01  2.61055809e+00 
 1.65600008e-01  2.61055809e+00 
 1.65600016e-01  2.61055809e+00 
 1.65600033e-01  2.61055809e+00 
 1.65600065e-01  2.61055809e+00 
 1.65600131e-01  2.61055809e+00 
 1.65600262e-01  2.61055809e+00 
 1.65600524e-01  2.61055809e+00 
 1.65601049e-01  2.61055809e+00 
 1.65602097e-01  2.61055809e+00 
 1.65604194e-01  2.61055809e+00 
 1.65608389e-01  2.61055809e+00 
 1.65616777e-01  2.61055809e+00 
 1.65633554e-01  2.61055809e+00 
 1.65667109e-01  2.61055809e+00 
 1.65707109e-01  2.61055809e+00 
 1.65747109e-01  2.61055809e+00 
 1.65787109e-01  2.61055809e+00 
 1.65827109e-01  2.61055809e+00 
 1.65867109e-01  2.61055809e+00 
 1.65907109e-01  2.61055809e+00 
 1.65947109e-01  2.61055809e+00 
 1.65987109e-01  2.61055809e+00 
 1.65999999e-01  2.61055809e+00 
 1.65999999e-01  2.61055809e+00 
 1.65999999e-01  2.61055809e+00 
 1.66000000e-01  2.61055809e+00 
 1.66000000e-01  2.61055783e+00 
 1.66000000e-01  2.61055770e+00 
 1.66000000e-01  2.61055742e+00 
 1.66000000e-01  2.61055687e+00 
 1.66000001e-01  2.61055578e+00 
 1.66000002e-01  2.61055359e+00 
 1.66000004e-01  2.61054921e+00 
 1.66000008e-01  2.61054045e+00 
 1.66000016e-01  2.61052293e+00 
 1.66000033e-01  2.61048793e+00 
 1.66000065e-01  2.61041803e+00 
 1.66000131e-01  2.61027866e+00 
 1.66000262e-01  2.61000163e+00 
 1.66000524e-01  2.60945432e+00 
 1.66001049e-01  2.60838618e+00 
 1.66002097e-01  2.60635155e+00 
 1.66004194e-01  2.60265772e+00 
 1.66008389e-01  2.59655422e+00 
 1.66016777e-01  2.58815026e+00 
 1.66033554e-01  2.58001411e+00 
 1.66067109e-01  2.57623543e+00 
 1.66107109e-01  2.57633268e+00 
 1.66147109e-01  2.57632187e+00 
 1.66187109e-01  2.57632307e+00 
 1.66227109e-01  2.57632294e+00 
 1.66267109e-01  2.57632296e+00 
 1.66307109e-01  2.57632295e+00 
 1.66347109e-01  2.57632295e+00 
 1.66387109e-01  2.57632295e+00 
 1.66399999e-01  2.57632295e+00 
 1.66399999e-01  2.57632295e+00 
 1.66399999e-01  2.57632295e+00 
 1.66400000e-01  2.57632295e+00 
 1.66400000e-01  2.57632295e+00 
 1.66400000e-01  2.57632295e+00 
 1.66400000e-01  2.57632295e+00 
 1.66400000e-01  2.57632295e+00 
 1.66400001e-01  2.57632295e+00 
 1.66400002e-01  2.57632295e+00 
 1.66400004e-01  2.57632295e+00 
 1.66400008e-01  2.57632295e+00 
 1.66400016e-01  2.57632295e+00 
 1.66400033e-01  2.57632295e+00 
 1.66400065e-01  2.57632295e+00 
 1.66400131e-01  2.57632295e+00 
 1.66400262e-01  2.57632295e+00 
 1.66400524e-01  2.57632295e+00 
 1.66401049e-01  2.57632295e+00 
 1.66402097e-01  2.57632295e+00 
 1.66404194e-01  2.57632295e+00 
 1.66408389e-01  2.57632295e+00 
 1.66416777e-01  2.57632295e+00 
 1.66433554e-01  2.57632295e+00 
 1.66467109e-01  2.57632295e+00 
 1.66507109e-01  2.57632295e+00 
 1.66547109e-01  2.57632295e+00 
 1.66587109e-01  2.57632295e+00 
 1.66627109e-01  2.57632295e+00 
 1.66667109e-01  2.57632295e+00 
 1.66707109e-01  2.57632295e+00 
 1.66747109e-01  2.57632295e+00 
 1.66787109e-01  2.57632295e+00 
 1.66799999e-01  2.57632295e+00 
 1.66799999e-01  2.57632295e+00 
 1.66799999e-01  2.57632295e+00 
 1.66800000e-01  2.57632295e+00 
 1.66800000e-01  2.57632269e+00 
 1.66800000e-01  2.57632255e+00 
 1.66800000e-01  2.57632227e+00 
 1.66800000e-01  2.57632170e+00 
 1.66800001e-01  2.57632058e+00 
 1.66800002e-01  2.57631832e+00 
 1.66800004e-01  2.57631382e+00 
 1.66800008e-01  2.57630481e+00 
 1.66800016e-01  2.57628679e+00 
 1.66800033e-01  2.57625080e+00 
 1.66800065e-01  2.57617891e+00 
 1.66800131e-01  2.57603558e+00 
 1.66800262e-01  2.57575066e+00 
 1.66800524e-01  2.57518778e+00 
 1.66801049e-01  2.57408925e+00 
 1.66802097e-01  2.57199673e+00 
 1.66804194e-01  2.56819781e+00 
 1.66808389e-01  2.56192066e+00 
 1.66816777e-01  2.55327760e+00 
 1.66833554e-01  2.54490997e+00 
 1.66867109e-01  2.54102378e+00 
 1.66907109e-01  2.54112380e+00 
 1.66947109e-01  2.54111268e+00 
 1.66987109e-01  2.54111392e+00 
 1.67027109e-01  2.54111378e+00 
 1.67067109e-01  2.54111380e+00 
 1.67107109e-01  2.54111380e+00 
 1.67147109e-01  2.54111380e+00 
 1.67187109e-01  2.54111380e+00 
 1.67199999e-01  2.54111380e+00 
 1.67199999e-01  2.54111380e+00 
 1.67199999e-01  2.54111380e+00 
 1.67200000e-01  2.54111380e+00 
 1.67200000e-01  2.54111380e+00 
 1.67200000e-01  2.54111380e+00 
 1.67200000e-01  2.54111380e+00 
 1.67200000e-01  2.54111380e+00 
 1.67200001e-01  2.54111380e+00 
 1.67200002e-01  2.54111380e+00 
 1.67200004e-01  2.54111380e+00 
 1.67200008e-01  2.54111380e+00 
 1.67200016e-01  2.54111380e+00 
 1.67200033e-01  2.54111380e+00 
 1.67200065e-01  2.54111380e+00 
 1.67200131e-01  2.54111380e+00 
 1.67200262e-01  2.54111380e+00 
 1.67200524e-01  2.54111380e+00 
 1.67201049e-01  2.54111380e+00 
 1.67202097e-01  2.54111380e+00 
 1.67204194e-01  2.54111380e+00 
 1.67208389e-01  2.54111380e+00 
 1.67216777e-01  2.54111380e+00 
 1.67233554e-01  2.54111380e+00 
 1.67267109e-01  2.54111380e+00 
 1.67307109e-01  2.54111380e+00 
 1.67347109e-01  2.54111380e+00 
 1.67387109e-01  2.54111380e+00 
 1.67427109e-01  2.54111380e+00 
 1.67467109e-01  2.54111380e+00 
 1.67507109e-01  2.54111380e+00 
 1.67547109e-01  2.54111380e+00 
 1.67587109e-01  2.54111380e+00 
 1.67599999e-01  2.54111380e+00 
 1.67599999e-01  2.54111380e+00 
 1.67599999e-01  2.54111380e+00 
 1.67600000e-01  2.54111380e+00 
 1.67600000e-01  2.54111352e+00 
 1.67600000e-01  2.54111338e+00 
 1.67600000e-01  2.54111309e+00 
 1.67600000e-01  2.54111251e+00 
 1.67600001e-01  2.54111136e+00 
 1.67600002e-01  2.54110905e+00 
 1.67600004e-01  2.54110443e+00 
 1.67600008e-01  2.54109519e+00 
 1.67600016e-01  2.54107672e+00 
 1.67600033e-01  2.54103980e+00 
 1.67600065e-01  2.54096609e+00 
 1.67600131e-01  2.54081911e+00 
 1.67600262e-01  2.54052694e+00 
 1.67600524e-01  2.53994974e+00 
 1.67601049e-01  2.53882325e+00 
 1.67602097e-01  2.53667750e+00 
 1.67604194e-01  2.53278191e+00 
 1.67608389e-01  2.52634503e+00 
 1.67616777e-01  2.51748204e+00 
 1.67633554e-01  2.50890150e+00 
 1.67667109e-01  2.50491643e+00 
 1.67707109e-01  2.50501899e+00 
 1.67747109e-01  2.50500759e+00 
 1.67787109e-01  2.50500886e+00 
 1.67827109e-01  2.50500872e+00 
 1.67867109e-01  2.50500873e+00 
 1.67907109e-01  2.50500873e+00 
 1.67947109e-01  2.50500873e+00 
 1.67987109e-01  2.50500873e+00 
 1.67999999e-01  2.50500873e+00 
 1.67999999e-01  2.50500873e+00 
 1.67999999e-01  2.50500873e+00 
 1.68000000e-01  2.50500873e+00 
 1.68000000e-01  2.50500873e+00 
 1.68000000e-01  2.50500873e+00 
 1.68000000e-01  2.50500873e+00 
 1.68000000e-01  2.50500873e+00 
 1.68000001e-01  2.50500873e+00 
 1.68000002e-01  2.50500873e+00 
 1.68000004e-01  2.50500873e+00 
 1.68000008e-01  2.50500873e+00 
 1.68000016e-01  2.50500873e+00 
 1.68000033e-01  2.50500873e+00 
 1.68000065e-01  2.50500873e+00 
 1.68000131e-01  2.50500873e+00 
 1.68000262e-01  2.50500873e+00 
 1.68000524e-01  2.50500873e+00 
 1.68001049e-01  2.50500873e+00 
 1.68002097e-01  2.50500873e+00 
 1.68004194e-01  2.50500873e+00 
 1.68008389e-01  2.50500873e+00 
 1.68016777e-01  2.50500873e+00 
 1.68033554e-01  2.50500873e+00 
 1.68067109e-01  2.50500873e+00 
 1.68107109e-01  2.50500873e+00 
 1.68147109e-01  2.50500873e+00 
 1.68187109e-01  2.50500873e+00 
 1.68227109e-01  2.50500873e+00 
 1.68267109e-01  2.50500873e+00 
 1.68307109e-01  2.50500873e+00 
 1.68347109e-01  2.50500873e+00 
 1.68387109e-01  2.50500873e+00 
 1.68399999e-01  2.50500873e+00 
 1.68399999e-01  2.50500873e+00 
 1.68399999e-01  2.50500873e+00 
 1.68400000e-01  2.50500873e+00 
 1.68400000e-01  2.50500845e+00 
 1.68400000e-01  2.50500831e+00 
 1.68400000e-01  2.50500801e+00 
 1.68400000e-01  2.50500742e+00 
 1.68400001e-01  2.50500624e+00 
 1.68400002e-01  2.50500388e+00 
 1.68400004e-01  2.50499915e+00 
 1.68400008e-01  2.50498971e+00 
 1.68400016e-01  2.50497083e+00 
 1.68400033e-01  2.50493309e+00 
 1.68400065e-01  2.50485774e+00 
 1.68400131e-01  2.50470749e+00 
 1.68400262e-01  2.50440883e+00 
 1.68400524e-01  2.50381880e+00 
 1.68401049e-01  2.50266726e+00 
 1.68402097e-01  2.50047379e+00 
 1.68404194e-01  2.49649159e+00 
 1.68408389e-01  2.48991160e+00 
 1.68416777e-01  2.48085156e+00 
 1.68433554e-01  2.47208024e+00 
 1.68467109e-01  2.46800656e+00 
 1.68507109e-01  2.46811140e+00 
 1.68547109e-01  2.46809975e+00 
 1.68587109e-01  2.46810104e+00 
 1.68627109e-01  2.46810090e+00 
 1.68667109e-01  2.46810092e+00 
 1.68707109e-01  2.46810091e+00 
 1.68747109e-01  2.46810091e+00 
 1.68787109e-01  2.46810091e+00 
 1.68799999e-01  2.46810091e+00 
 1.68799999e-01  2.46810091e+00 
 1.68799999e-01  2.46810091e+00 
 1.68800000e-01  2.46810091e+00 
 1.68800000e-01  2.46810091e+00 
 1.68800000e-01  2.46810091e+00 
 1.68800000e-01  2.46810091e+00 
 1.68800000e-01  2.46810091e+00 
 1.68800001e-01  2.46810091e+00 
 1.68800002e-01  2.46810091e+00 
 1.68800004e-01  2.46810091e+00 
 1.68800008e-01  2.46810091e+00 
 1.68800016e-01  2.46810091e+00 
 1.68800033e-01  2.46810091e+00 
 1.68800065e-01  2.46810091e+00 
 1.68800131e-01  2.46810091e+00 
 1.68800262e-01  2.46810091e+00 
 1.68800524e-01  2.46810091e+00 
 1.68801049e-01  2.46810091e+00 
 1.68802097e-01  2.46810091e+00 
 1.68804194e-01  2.46810091e+00 
 1.68808389e-01  2.46810091e+00 
 1.68816777e-01  2.46810091e+00 
 1.68833554e-01  2.46810091e+00 
 1.68867109e-01  2.46810091e+00 
 1.68907109e-01  2.46810091e+00 
 1.68947109e-01  2.46810091e+00 
 1.68987109e-01  2.46810091e+00 
 1.69027109e-01  2.46810091e+00 
 1.69067109e-01  2.46810091e+00 
 1.69107109e-01  2.46810091e+00 
 1.69147109e-01  2.46810091e+00 
 1.69187109e-01  2.46810091e+00 
 1.69199999e-01  2.46810091e+00 
 1.69199999e-01  2.46810091e+00 
 1.69199999e-01  2.46810091e+00 
 1.69200000e-01  2.46810091e+00 
 1.69200000e-01  2.46810063e+00 
 1.69200000e-01  2.46810048e+00 
 1.69200000e-01  2.46810018e+00 
 1.69200000e-01  2.46809958e+00 
 1.69200001e-01  2.46809838e+00 
 1.69200002e-01  2.46809597e+00 
 1.69200004e-01  2.46809116e+00 
 1.69200008e-01  2.46808154e+00 
 1.69200016e-01  2.46806230e+00 
 1.69200033e-01  2.46802385e+00 
 1.69200065e-01  2.46794708e+00 
 1.69200131e-01  2.46779401e+00 
 1.69200262e-01  2.46748974e+00 
 1.69200524e-01  2.46688861e+00 
 1.69201049e-01  2.46571543e+00 
 1.69202097e-01  2.46348074e+00 
 1.69204194e-01  2.45942369e+00 
 1.69208389e-01  2.45272003e+00 
 1.69216777e-01  2.44348970e+00 
 1.69233554e-01  2.43455352e+00 
 1.69267109e-01  2.43040328e+00 
 1.69307109e-01  2.43051009e+00 
 1.69347109e-01  2.43049822e+00 
 1.69387109e-01  2.43049954e+00 
 1.69427109e-01  2.43049939e+00 
 1.69467109e-01  2.43049941e+00 
 1.69507109e-01  2.43049941e+00 
 1.69547109e-01  2.43049941e+00 
 1.69587109e-01  2.43049941e+00 
 1.69599999e-01  2.43049941e+00 
 1.69599999e-01  2.43049941e+00 
 1.69599999e-01  2.43049941e+00 
 1.69600000e-01  2.43049941e+00 
 1.69600000e-01  2.43049941e+00 
 1.69600000e-01  2.43049941e+00 
 1.69600000e-01  2.43049941e+00 
 1.69600000e-01  2.43049941e+00 
 1.69600001e-01  2.43049941e+00 
 1.69600002e-01  2.43049941e+00 
 1.69600004e-01  2.43049941e+00 
 1.69600008e-01  2.43049941e+00 
 1.69600016e-01  2.43049941e+00 
 1.69600033e-01  2.43049941e+00 
 1.69600065e-01  2.43049941e+00 
 1.69600131e-01  2.43049941e+00 
 1.69600262e-01  2.43049941e+00 
 1.69600524e-01  2.43049941e+00 
 1.69601049e-01  2.43049941e+00 
 1.69602097e-01  2.43049941e+00 
 1.69604194e-01  2.43049941e+00 
 1.69608389e-01  2.43049941e+00 
 1.69616777e-01  2.43049941e+00 
 1.69633554e-01  2.43049941e+00 
 1.69667109e-01  2.43049941e+00 
 1.69707109e-01  2.43049941e+00 
 1.69747109e-01  2.43049941e+00 
 1.69787109e-01  2.43049941e+00 
 1.69827109e-01  2.43049941e+00 
 1.69867109e-01  2.43049941e+00 
 1.69907109e-01  2.43049941e+00 
 1.69947109e-01  2.43049941e+00 
 1.69987109e-01  2.43049941e+00 
 1.69999999e-01  2.43049941e+00 
 1.69999999e-01  2.43049941e+00 
 1.69999999e-01  2.43049941e+00 
 1.70000000e-01  2.43049941e+00 
 1.70000000e-01  2.43049912e+00 
 1.70000000e-01  2.43049897e+00 
 1.70000000e-01  2.43049866e+00 
 1.70000000e-01  2.43049805e+00 
 1.70000001e-01  2.43049683e+00 
 1.70000002e-01  2.43049439e+00 
 1.70000004e-01  2.43048950e+00 
 1.70000008e-01  2.43047974e+00 
 1.70000016e-01  2.43046021e+00 
 1.70000033e-01  2.43042118e+00 
 1.70000065e-01  2.43034325e+00 
 1.70000131e-01  2.43018787e+00 
 1.70000262e-01  2.42987900e+00 
 1.70000524e-01  2.42926879e+00 
 1.70001049e-01  2.42807789e+00 
 1.70002097e-01  2.42580945e+00 
 1.70004194e-01  2.42169111e+00 
 1.70008389e-01  2.41488619e+00 
 1.70016777e-01  2.40551643e+00 
 1.70033554e-01  2.39644527e+00 
 1.70067109e-01  2.39223233e+00 
 1.70107109e-01  2.39234076e+00 
 1.70147109e-01  2.39232871e+00 
 1.70187109e-01  2.39233005e+00 
 1.70227109e-01  2.39232990e+00 
 1.70267109e-01  2.39232991e+00 
 1.70307109e-01  2.39232991e+00 
 1.70347109e-01  2.39232991e+00 
 1.70387109e-01  2.39232991e+00 
 1.70399999e-01  2.39232991e+00 
 1.70399999e-01  2.39232991e+00 
 1.70399999e-01  2.39232991e+00 
 1.70400000e-01  2.39232991e+00 
 1.70400000e-01  2.39232991e+00 
 1.70400000e-01  2.39232991e+00 
 1.70400000e-01  2.39232991e+00 
 1.70400000e-01  2.39232991e+00 
 1.70400001e-01  2.39232991e+00 
 1.70400002e-01  2.39232991e+00 
 1.70400004e-01  2.39232991e+00 
 1.70400008e-01  2.39232991e+00 
 1.70400016e-01  2.39232991e+00 
 1.70400033e-01  2.39232991e+00 
 1.70400065e-01  2.39232991e+00 
 1.70400131e-01  2.39232991e+00 
 1.70400262e-01  2.39232991e+00 
 1.70400524e-01  2.39232991e+00 
 1.70401049e-01  2.39232991e+00 
 1.70402097e-01  2.39232991e+00 
 1.70404194e-01  2.39232991e+00 
 1.70408389e-01  2.39232991e+00 
 1.70416777e-01  2.39232991e+00 
 1.70433554e-01  2.39232991e+00 
 1.70467109e-01  2.39232991e+00 
 1.70507109e-01  2.39232991e+00 
 1.70547109e-01  2.39232991e+00 
 1.70587109e-01  2.39232991e+00 
 1.70627109e-01  2.39232991e+00 
 1.70667109e-01  2.39232991e+00 
 1.70707109e-01  2.39232991e+00 
 1.70747109e-01  2.39232991e+00 
 1.70787109e-01  2.39232991e+00 
 1.70799999e-01  2.39232991e+00 
 1.70799999e-01  2.39232991e+00 
 1.70799999e-01  2.39232991e+00 
 1.70800000e-01  2.39232991e+00 
 1.70800000e-01  2.39232962e+00 
 1.70800000e-01  2.39232947e+00 
 1.70800000e-01  2.39232916e+00 
 1.70800000e-01  2.39232854e+00 
 1.70800001e-01  2.39232731e+00 
 1.70800002e-01  2.39232484e+00 
 1.70800004e-01  2.39231990e+00 
 1.70800008e-01  2.39231002e+00 
 1.70800016e-01  2.39229028e+00 
 1.70800033e-01  2.39225082e+00 
 1.70800065e-01  2.39217202e+00 
 1.70800131e-01  2.39201490e+00 
 1.70800262e-01  2.39170260e+00 
 1.70800524e-01  2.39108560e+00 
 1.70801049e-01  2.38988143e+00 
 1.70802097e-01  2.38758772e+00 
 1.70804194e-01  2.38342353e+00 
 1.70808389e-01  2.37654282e+00 
 1.70816777e-01  2.36706871e+00 
 1.70833554e-01  2.35789653e+00 
 1.70867109e-01  2.35363667e+00 
 1.70907109e-01  2.35374631e+00 
 1.70947109e-01  2.35373413e+00 
 1.70987109e-01  2.35373548e+00 
 1.71027109e-01  2.35373533e+00 
 1.71067109e-01  2.35373535e+00 
 1.71107109e-01  2.35373534e+00 
 1.71147109e-01  2.35373534e+00 
 1.71187109e-01  2.35373534e+00 
 1.71199999e-01  2.35373534e+00 
 1.71199999e-01  2.35373534e+00 
 1.71199999e-01  2.35373534e+00 
 1.71200000e-01  2.35373534e+00 
 1.71200000e-01  2.35373534e+00 
 1.71200000e-01  2.35373534e+00 
 1.71200000e-01  2.35373534e+00 
 1.71200000e-01  2.35373534e+00 
 1.71200001e-01  2.35373534e+00 
 1.71200002e-01  2.35373534e+00 
 1.71200004e-01  2.35373534e+00 
 1.71200008e-01  2.35373534e+00 
 1.71200016e-01  2.35373534e+00 
 1.71200033e-01  2.35373534e+00 
 1.71200065e-01  2.35373534e+00 
 1.71200131e-01  2.35373534e+00 
 1.71200262e-01  2.35373534e+00 
 1.71200524e-01  2.35373534e+00 
 1.71201049e-01  2.35373534e+00 
 1.71202097e-01  2.35373534e+00 
 1.71204194e-01  2.35373534e+00 
 1.71208389e-01  2.35373534e+00 
 1.71216777e-01  2.35373534e+00 
 1.71233554e-01  2.35373534e+00 
 1.71267109e-01  2.35373534e+00 
 1.71307109e-01  2.35373534e+00 
 1.71347109e-01  2.35373534e+00 
 1.71387109e-01  2.35373534e+00 
 1.71427109e-01  2.35373534e+00 
 1.71467109e-01  2.35373534e+00 
 1.71507109e-01  2.35373534e+00 
 1.71547109e-01  2.35373534e+00 
 1.71587109e-01  2.35373534e+00 
 1.71599999e-01  2.35373534e+00 
 1.71599999e-01  2.35373534e+00 
 1.71599999e-01  2.35373534e+00 
 1.71600000e-01  2.35373534e+00 
 1.71600000e-01  2.35373505e+00 
 1.71600000e-01  2.35373490e+00 
 1.71600000e-01  2.35373459e+00 
 1.71600000e-01  2.35373396e+00 
 1.71600001e-01  2.35373272e+00 
 1.71600002e-01  2.35373023e+00 
 1.71600004e-01  2.35372526e+00 
 1.71600008e-01  2.35371532e+00 
 1.71600016e-01  2.35369544e+00 
 1.71600033e-01  2.35365571e+00 
 1.71600065e-01  2.35357637e+00 
 1.71600131e-01  2.35341818e+00 
 1.71600262e-01  2.35310373e+00 
 1.71600524e-01  2.35248250e+00 
 1.71601049e-01  2.35127008e+00 
 1.71602097e-01  2.34896064e+00 
 1.71604194e-01  2.34476790e+00 
 1.71608389e-01  2.33784001e+00 
 1.71616777e-01  2.32830095e+00 
 1.71633554e-01  2.31906588e+00 
 1.71667109e-01  2.31477682e+00 
 1.71707109e-01  2.31488721e+00 
 1.71747109e-01  2.31487494e+00 
 1.71787109e-01  2.31487630e+00 
 1.71827109e-01  2.31487615e+00 
 1.71867109e-01  2.31487617e+00 
 1.71907109e-01  2.31487617e+00 
 1.71947109e-01  2.31487617e+00 
 1.71987109e-01  2.31487617e+00 
 1.71999999e-01  2.31487617e+00 
 1.71999999e-01  2.31487617e+00 
 1.71999999e-01  2.31487617e+00 
 1.72000000e-01  2.31487617e+00 
 1.72000000e-01  2.31487617e+00 
 1.72000000e-01  2.31487617e+00 
 1.72000000e-01  2.31487617e+00 
 1.72000000e-01  2.31487617e+00 
 1.72000001e-01  2.31487617e+00 
 1.72000002e-01  2.31487617e+00 
 1.72000004e-01  2.31487617e+00 
 1.72000008e-01  2.31487617e+00 
 1.72000016e-01  2.31487617e+00 
 1.72000033e-01  2.31487617e+00 
 1.72000065e-01  2.31487617e+00 
 1.72000131e-01  2.31487617e+00 
 1.72000262e-01  2.31487617e+00 
 1.72000524e-01  2.31487617e+00 
 1.72001049e-01  2.31487617e+00 
 1.72002097e-01  2.31487617e+00 
 1.72004194e-01  2.31487617e+00 
 1.72008389e-01  2.31487617e+00 
 1.72016777e-01  2.31487617e+00 
 1.72033554e-01  2.31487617e+00 
 1.72067109e-01  2.31487617e+00 
 1.72107109e-01  2.31487617e+00 
 1.72147109e-01  2.31487617e+00 
 1.72187109e-01  2.31487617e+00 
 1.72227109e-01  2.31487617e+00 
 1.72267109e-01  2.31487617e+00 
 1.72307109e-01  2.31487617e+00 
 1.72347109e-01  2.31487617e+00 
 1.72387109e-01  2.31487617e+00 
 1.72399999e-01  2.31487617e+00 
 1.72399999e-01  2.31487617e+00 
 1.72399999e-01  2.31487617e+00 
 1.72400000e-01  2.31487617e+00 
 1.72400000e-01  2.31487588e+00 
 1.72400000e-01  2.31487572e+00 
 1.72400000e-01  2.31487541e+00 
 1.72400000e-01  2.31487479e+00 
 1.72400001e-01  2.31487354e+00 
 1.72400002e-01  2.31487105e+00 
 1.72400004e-01  2.31486606e+00 
 1.72400008e-01  2.31485610e+00 
 1.72400016e-01  2.31483617e+00 
 1.72400033e-01  2.31479635e+00 
 1.72400065e-01  2.31471684e+00 
 1.72400131e-01  2.31455829e+00 
 1.72400262e-01  2.31424315e+00 
 1.72400524e-01  2.31362053e+00 
 1.72401049e-01  2.31240541e+00 
 1.72402097e-01  2.31009084e+00 
 1.72404194e-01  2.30588876e+00 
 1.72408389e-01  2.29894546e+00 
 1.72416777e-01  2.28938517e+00 
 1.72433554e-01  2.28012955e+00 
 1.72467109e-01  2.27583094e+00 
 1.72507109e-01  2.27594157e+00 
 1.72547109e-01  2.27592928e+00 
 1.72587109e-01  2.27593065e+00 
 1.72627109e-01  2.27593049e+00 
 1.72667109e-01  2.27593051e+00 
 1.72707109e-01  2.27593051e+00 
 1.72747109e-01  2.27593051e+00 
 1.72787109e-01  2.27593051e+00 
 1.72799999e-01  2.27593051e+00 
 1.72799999e-01  2.27593051e+00 
 1.72799999e-01  2.27593051e+00 
 1.72800000e-01  2.27593051e+00 
 1.72800000e-01  2.27593051e+00 
 1.72800000e-01  2.27593051e+00 
 1.72800000e-01  2.27593051e+00 
 1.72800000e-01  2.27593051e+00 
 1.72800001e-01  2.27593051e+00 
 1.72800002e-01  2.27593051e+00 
 1.72800004e-01  2.27593051e+00 
 1.72800008e-01  2.27593051e+00 
 1.72800016e-01  2.27593051e+00 
 1.72800033e-01  2.27593051e+00 
 1.72800065e-01  2.27593051e+00 
 1.72800131e-01  2.27593051e+00 
 1.72800262e-01  2.27593051e+00 
 1.72800524e-01  2.27593051e+00 
 1.72801049e-01  2.27593051e+00 
 1.72802097e-01  2.27593051e+00 
 1.72804194e-01  2.27593051e+00 
 1.72808389e-01  2.27593051e+00 
 1.72816777e-01  2.27593051e+00 
 1.72833554e-01  2.27593051e+00 
 1.72867109e-01  2.27593051e+00 
 1.72907109e-01  2.27593051e+00 
 1.72947109e-01  2.27593051e+00 
 1.72987109e-01  2.27593051e+00 
 1.73027109e-01  2.27593051e+00 
 1.73067109e-01  2.27593051e+00 
 1.73107109e-01  2.27593051e+00 
 1.73147109e-01  2.27593051e+00 
 1.73187109e-01  2.27593051e+00 
 1.73199999e-01  2.27593051e+00 
 1.73199999e-01  2.27593051e+00 
 1.73199999e-01  2.27593051e+00 
 1.73200000e-01  2.27593051e+00 
 1.73200000e-01  2.27593022e+00 
 1.73200000e-01  2.27593006e+00 
 1.73200000e-01  2.27592975e+00 
 1.73200000e-01  2.27592913e+00 
 1.73200001e-01  2.27592789e+00 
 1.73200002e-01  2.27592540e+00 
 1.73200004e-01  2.27592043e+00 
 1.73200008e-01  2.27591049e+00 
 1.73200016e-01  2.27589063e+00 
 1.73200033e-01  2.27585092e+00 
 1.73200065e-01  2.27577162e+00 
 1.73200131e-01  2.27561352e+00 
 1.73200262e-01  2.27529926e+00 
 1.73200524e-01  2.27467839e+00 
 1.73201049e-01  2.27346668e+00 
 1.73202097e-01  2.27115859e+00 
 1.73204194e-01  2.26696828e+00 
 1.73208389e-01  2.26004443e+00 
 1.73216777e-01  2.25051093e+00 
 1.73233554e-01  2.24128124e+00 
 1.73267109e-01  2.23699468e+00 
 1.73307109e-01  2.23710500e+00 
 1.73347109e-01  2.23709274e+00 
 1.73387109e-01  2.23709410e+00 
 1.73427109e-01  2.23709395e+00 
 1.73467109e-01  2.23709397e+00 
 1.73507109e-01  2.23709397e+00 
 1.73547109e-01  2.23709397e+00 
 1.73587109e-01  2.23709397e+00 
 1.73599999e-01  2.23709397e+00 
 1.73599999e-01  2.23709397e+00 
 1.73599999e-01  2.23709397e+00 
 1.73600000e-01  2.23709397e+00 
 1.73600000e-01  2.23709397e+00 
 1.73600000e-01  2.23709397e+00 
 1.73600000e-01  2.23709397e+00 
 1.73600000e-01  2.23709397e+00 
 1.73600001e-01  2.23709397e+00 
 1.73600002e-01  2.23709397e+00 
 1.73600004e-01  2.23709397e+00 
 1.73600008e-01  2.23709397e+00 
 1.73600016e-01  2.23709397e+00 
 1.73600033e-01  2.23709397e+00 
 1.73600065e-01  2.23709397e+00 
 1.73600131e-01  2.23709397e+00 
 1.73600262e-01  2.23709397e+00 
 1.73600524e-01  2.23709397e+00 
 1.73601049e-01  2.23709397e+00 
 1.73602097e-01  2.23709397e+00 
 1.73604194e-01  2.23709397e+00 
 1.73608389e-01  2.23709397e+00 
 1.73616777e-01  2.23709397e+00 
 1.73633554e-01  2.23709397e+00 
 1.73667109e-01  2.23709397e+00 
 1.73707109e-01  2.23709397e+00 
 1.73747109e-01  2.23709397e+00 
 1.73787109e-01  2.23709397e+00 
 1.73827109e-01  2.23709397e+00 
 1.73867109e-01  2.23709397e+00 
 1.73907109e-01  2.23709397e+00 
 1.73947109e-01  2.23709397e+00 
 1.73987109e-01  2.23709397e+00 
 1.73999999e-01  2.23709397e+00 
 1.73999999e-01  2.23709397e+00 
 1.73999999e-01  2.23709397e+00 
 1.74000000e-01  2.23709397e+00 
 1.74000000e-01  2.23709368e+00 
 1.74000000e-01  2.23709352e+00 
 1.74000000e-01  2.23709321e+00 
 1.74000000e-01  2.23709260e+00 
 1.74000001e-01  2.23709137e+00 
 1.74000002e-01  2.23708890e+00 
 1.74000004e-01  2.23708397e+00 
 1.74000008e-01  2.23707412e+00 
 1.74000016e-01  2.23705441e+00 
 1.74000033e-01  2.23701503e+00 
 1.74000065e-01  2.23693640e+00 
 1.74000131e-01  2.23677961e+00 
 1.74000262e-01  2.23646794e+00 
 1.74000524e-01  2.23585222e+00 
 1.74001049e-01  2.23465054e+00 
 1.74002097e-01  2.23236157e+00 
 1.74004194e-01  2.22820597e+00 
 1.74008389e-01  2.22133947e+00 
 1.74016777e-01  2.21188493e+00 
 1.74033554e-01  2.20273169e+00 
 1.74067109e-01  2.19848064e+00 
 1.74107109e-01  2.19859004e+00 
 1.74147109e-01  2.19857789e+00 
 1.74187109e-01  2.19857924e+00 
 1.74227109e-01  2.19857909e+00 
 1.74267109e-01  2.19857911e+00 
 1.74307109e-01  2.19857910e+00 
 1.74347109e-01  2.19857910e+00 
 1.74387109e-01  2.19857910e+00 
 1.74399999e-01  2.19857910e+00 
 1.74399999e-01  2.19857910e+00 
 1.74399999e-01  2.19857910e+00 
 1.74400000e-01  2.19857910e+00 
 1.74400000e-01  2.19857910e+00 
 1.74400000e-01  2.19857910e+00 
 1.74400000e-01  2.19857910e+00 
 1.74400000e-01  2.19857910e+00 
 1.74400001e-01  2.19857910e+00 
 1.74400002e-01  2.19857910e+00 
 1.74400004e-01  2.19857910e+00 
 1.74400008e-01  2.19857910e+00 
 1.74400016e-01  2.19857910e+00 
 1.74400033e-01  2.19857910e+00 
 1.74400065e-01  2.19857910e+00 
 1.74400131e-01  2.19857910e+00 
 1.74400262e-01  2.19857910e+00 
 1.74400524e-01  2.19857910e+00 
 1.74401049e-01  2.19857910e+00 
 1.74402097e-01  2.19857910e+00 
 1.74404194e-01  2.19857910e+00 
 1.74408389e-01  2.19857910e+00 
 1.74416777e-01  2.19857910e+00 
 1.74433554e-01  2.19857910e+00 
 1.74463791e-01  2.19857910e+00 
 1.74503791e-01  2.19857910e+00 
 1.74543791e-01  2.19857910e+00 
 1.74583791e-01  2.19857910e+00 
 1.74623791e-01  2.19857910e+00 
 1.74663791e-01  2.19857910e+00 
 1.74703791e-01  2.19857910e+00 
 1.74743791e-01  2.19857910e+00 
 1.74783791e-01  2.19857910e+00 
 1.74799999e-01  2.19857910e+00 
 1.74799999e-01  2.19857910e+00 
 1.74799999e-01  2.19857910e+00 
 1.74800000e-01  2.19857910e+00 
 1.74800000e-01  2.19857882e+00 
 1.74800000e-01  2.19857867e+00 
 1.74800000e-01  2.19857836e+00 
 1.74800000e-01  2.19857776e+00 
 1.74800001e-01  2.19857654e+00 
 1.74800002e-01  2.19857411e+00 
 1.74800004e-01  2.19856925e+00 
 1.74800008e-01  2.19855954e+00 
 1.74800016e-01  2.19854012e+00 
 1.74800033e-01  2.19850130e+00 
 1.74800065e-01  2.19842379e+00 
 1.74800131e-01  2.19826924e+00 
 1.74800262e-01  2.19796203e+00 
 1.74800524e-01  2.19735510e+00 
 1.74801049e-01  2.19617060e+00 
 1.74802097e-01  2.19391433e+00 
 1.74804194e-01  2.18981812e+00 
 1.74808389e-01  2.18304974e+00 
 1.74816777e-01  2.17373031e+00 
 1.74833554e-01  2.16470786e+00 
 1.74863791e-01  2.16073057e+00 
 1.74903791e-01  2.16060173e+00 
 1.74943791e-01  2.16061605e+00 
 1.74983791e-01  2.16061445e+00 
 1.75023791e-01  2.16061463e+00 
 1.75063791e-01  2.16061461e+00 
 1.75103791e-01  2.16061461e+00 
 1.75143791e-01  2.16061461e+00 
 1.75183791e-01  2.16061461e+00 
 1.75199999e-01  2.16061461e+00 
 1.75199999e-01  2.16061461e+00 
 1.75199999e-01  2.16061461e+00 
 1.75200000e-01  2.16061461e+00 
 1.75200000e-01  2.16061461e+00 
 1.75200000e-01  2.16061461e+00 
 1.75200000e-01  2.16061461e+00 
 1.75200000e-01  2.16061461e+00 
 1.75200001e-01  2.16061461e+00 
 1.75200002e-01  2.16061461e+00 
 1.75200004e-01  2.16061461e+00 
 1.75200008e-01  2.16061461e+00 
 1.75200016e-01  2.16061461e+00 
 1.75200033e-01  2.16061461e+00 
 1.75200065e-01  2.16061461e+00 
 1.75200131e-01  2.16061461e+00 
 1.75200262e-01  2.16061461e+00 
 1.75200524e-01  2.16061461e+00 
 1.75201049e-01  2.16061461e+00 
 1.75202097e-01  2.16061461e+00 
 1.75204194e-01  2.16061461e+00 
 1.75208389e-01  2.16061461e+00 
 1.75216777e-01  2.16061461e+00 
 1.75233554e-01  2.16061461e+00 
 1.75262487e-01  2.16061461e+00 
 1.75302487e-01  2.16061461e+00 
 1.75342487e-01  2.16061461e+00 
 1.75382487e-01  2.16061461e+00 
 1.75422487e-01  2.16061461e+00 
 1.75462487e-01  2.16061461e+00 
 1.75502487e-01  2.16061461e+00 
 1.75542487e-01  2.16061461e+00 
 1.75582487e-01  2.16061461e+00 
 1.75599999e-01  2.16061461e+00 
 1.75599999e-01  2.16061461e+00 
 1.75599999e-01  2.16061461e+00 
 1.75600000e-01  2.16061461e+00 
 1.75600000e-01  2.16061434e+00 
 1.75600000e-01  2.16061419e+00 
 1.75600000e-01  2.16061389e+00 
 1.75600000e-01  2.16061329e+00 
 1.75600001e-01  2.16061210e+00 
 1.75600002e-01  2.16060973e+00 
 1.75600004e-01  2.16060497e+00 
 1.75600008e-01  2.16059546e+00 
 1.75600016e-01  2.16057644e+00 
 1.75600033e-01  2.16053844e+00 
 1.75600065e-01  2.16046255e+00 
 1.75600131e-01  2.16031123e+00 
 1.75600262e-01  2.16001044e+00 
 1.75600524e-01  2.15941621e+00 
 1.75601049e-01  2.15825648e+00 
 1.75602097e-01  2.15604740e+00 
 1.75604194e-01  2.15203686e+00 
 1.75608389e-01  2.14541003e+00 
 1.75616777e-01  2.13628550e+00 
 1.75633554e-01  2.12745175e+00 
 1.75662487e-01  2.12364589e+00 
 1.75702487e-01  2.12342169e+00 
 1.75742487e-01  2.12344660e+00 
 1.75782487e-01  2.12344383e+00 
 1.75822487e-01  2.12344414e+00 
 1.75862487e-01  2.12344410e+00 
 1.75902487e-01  2.12344411e+00 
 1.75942487e-01  2.12344411e+00 
 1.75982487e-01  2.12344411e+00 
 1.75999999e-01  2.12344411e+00 
 1.75999999e-01  2.12344411e+00 
 1.75999999e-01  2.12344411e+00 
 1.76000000e-01  2.12344411e+00 
 1.76000000e-01  2.12344411e+00 
 1.76000000e-01  2.12344411e+00 
 1.76000000e-01  2.12344411e+00 
 1.76000000e-01  2.12344411e+00 
 1.76000001e-01  2.12344411e+00 
 1.76000002e-01  2.12344411e+00 
 1.76000004e-01  2.12344411e+00 
 1.76000008e-01  2.12344411e+00 
 1.76000016e-01  2.12344411e+00 
 1.76000033e-01  2.12344411e+00 
 1.76000065e-01  2.12344411e+00 
 1.76000131e-01  2.12344411e+00 
 1.76000262e-01  2.12344411e+00 
 1.76000524e-01  2.12344411e+00 
 1.76001049e-01  2.12344411e+00 
 1.76002097e-01  2.12344411e+00 
 1.76004194e-01  2.12344411e+00 
 1.76008389e-01  2.12344411e+00 
 1.76016777e-01  2.12344411e+00 
 1.76033554e-01  2.12344411e+00 
 1.76062287e-01  2.12344411e+00 
 1.76102287e-01  2.12344411e+00 
 1.76142287e-01  2.12344411e+00 
 1.76182287e-01  2.12344411e+00 
 1.76222287e-01  2.12344411e+00 
 1.76262287e-01  2.12344411e+00 
 1.76302287e-01  2.12344411e+00 
 1.76342287e-01  2.12344411e+00 
 1.76382287e-01  2.12344411e+00 
 1.76399999e-01  2.12344411e+00 
 1.76399999e-01  2.12344411e+00 
 1.76399999e-01  2.12344411e+00 
 1.76400000e-01  2.12344411e+00 
 1.76400000e-01  2.12344384e+00 
 1.76400000e-01  2.12344369e+00 
 1.76400000e-01  2.12344340e+00 
 1.76400000e-01  2.12344282e+00 
 1.76400001e-01  2.12344167e+00 
 1.76400002e-01  2.12343936e+00 
 1.76400004e-01  2.12343473e+00 
 1.76400008e-01  2.12342549e+00 
 1.76400016e-01  2.12340701e+00 
 1.76400033e-01  2.12337008e+00 
 1.76400065e-01  2.12329634e+00 
 1.76400131e-01  2.12314930e+00 
 1.76400262e-01  2.12285702e+00 
 1.76400524e-01  2.12227958e+00 
 1.76401049e-01  2.12115264e+00 
 1.76402097e-01  2.11900602e+00 
 1.76404194e-01  2.11510887e+00 
 1.76408389e-01  2.10866941e+00 
 1.76416777e-01  2.09980287e+00 
 1.76433554e-01  2.09121888e+00 
 1.76462287e-01  2.08753406e+00 
 1.76502287e-01  2.08730127e+00 
 1.76542287e-01  2.08732713e+00 
 1.76582287e-01  2.08732426e+00 
 1.76622287e-01  2.08732458e+00 
 1.76662287e-01  2.08732454e+00 
 1.76702287e-01  2.08732455e+00 
 1.76742287e-01  2.08732455e+00 
 1.76782287e-01  2.08732455e+00 
 1.76799999e-01  2.08732455e+00 
 1.76799999e-01  2.08732455e+00 
 1.76799999e-01  2.08732455e+00 
 1.76800000e-01  2.08732455e+00 
 1.76800000e-01  2.08732455e+00 
 1.76800000e-01  2.08732455e+00 
 1.76800000e-01  2.08732455e+00 
 1.76800000e-01  2.08732455e+00 
 1.76800001e-01  2.08732455e+00 
 1.76800002e-01  2.08732455e+00 
 1.76800004e-01  2.08732455e+00 
 1.76800008e-01  2.08732455e+00 
 1.76800016e-01  2.08732455e+00 
 1.76800033e-01  2.08732455e+00 
 1.76800065e-01  2.08732455e+00 
 1.76800131e-01  2.08732455e+00 
 1.76800262e-01  2.08732455e+00 
 1.76800524e-01  2.08732455e+00 
 1.76801049e-01  2.08732455e+00 
 1.76802097e-01  2.08732455e+00 
 1.76804194e-01  2.08732455e+00 
 1.76808389e-01  2.08732455e+00 
 1.76816777e-01  2.08732455e+00 
 1.76833554e-01  2.08732455e+00 
 1.76862163e-01  2.08732455e+00 
 1.76902163e-01  2.08732455e+00 
 1.76942163e-01  2.08732455e+00 
 1.76982163e-01  2.08732455e+00 
 1.77022163e-01  2.08732455e+00 
 1.77062163e-01  2.08732455e+00 
 1.77102163e-01  2.08732455e+00 
 1.77142163e-01  2.08732455e+00 
 1.77182163e-01  2.08732455e+00 
 1.77199999e-01  2.08732455e+00 
 1.77199999e-01  2.08732455e+00 
 1.77199999e-01  2.08732455e+00 
 1.77200000e-01  2.08732455e+00 
 1.77200000e-01  2.08732429e+00 
 1.77200000e-01  2.08732415e+00 
 1.77200000e-01  2.08732387e+00 
 1.77200000e-01  2.08732331e+00 
 1.77200001e-01  2.08732220e+00 
 1.77200002e-01  2.08731997e+00 
 1.77200004e-01  2.08731552e+00 
 1.77200008e-01  2.08730661e+00 
 1.77200016e-01  2.08728881e+00 
 1.77200033e-01  2.08725323e+00 
 1.77200065e-01  2.08718217e+00 
 1.77200131e-01  2.08704051e+00 
 1.77200262e-01  2.08675890e+00 
 1.77200524e-01  2.08620256e+00 
 1.77201049e-01  2.08511678e+00 
 1.77202097e-01  2.08304858e+00 
 1.77204194e-01  2.07929378e+00 
 1.77208389e-01  2.07308953e+00 
 1.77216777e-01  2.06454686e+00 
 1.77233554e-01  2.05627642e+00 
 1.77262163e-01  2.05273429e+00 
 1.77302163e-01  2.05250101e+00 
 1.77342163e-01  2.05252693e+00 
 1.77382163e-01  2.05252405e+00 
 1.77422163e-01  2.05252437e+00 
 1.77462163e-01  2.05252433e+00 
 1.77502163e-01  2.05252434e+00 
 1.77542163e-01  2.05252434e+00 
 1.77582163e-01  2.05252434e+00 
 1.77599999e-01  2.05252434e+00 
 1.77599999e-01  2.05252434e+00 
 1.77599999e-01  2.05252434e+00 
 1.77600000e-01  2.05252434e+00 
 1.77600000e-01  2.05252434e+00 
 1.77600000e-01  2.05252434e+00 
 1.77600000e-01  2.05252434e+00 
 1.77600000e-01  2.05252434e+00 
 1.77600001e-01  2.05252434e+00 
 1.77600002e-01  2.05252434e+00 
 1.77600004e-01  2.05252434e+00 
 1.77600008e-01  2.05252434e+00 
 1.77600016e-01  2.05252434e+00 
 1.77600033e-01  2.05252434e+00 
 1.77600065e-01  2.05252434e+00 
 1.77600131e-01  2.05252434e+00 
 1.77600262e-01  2.05252434e+00 
 1.77600524e-01  2.05252434e+00 
 1.77601049e-01  2.05252434e+00 
 1.77602097e-01  2.05252434e+00 
 1.77604194e-01  2.05252434e+00 
 1.77608389e-01  2.05252434e+00 
 1.77616777e-01  2.05252434e+00 
 1.77633554e-01  2.05252434e+00 
 1.77662113e-01  2.05252434e+00 
 1.77702113e-01  2.05252434e+00 
 1.77742113e-01  2.05252434e+00 
 1.77782113e-01  2.05252434e+00 
 1.77822113e-01  2.05252434e+00 
 1.77862113e-01  2.05252434e+00 
 1.77902113e-01  2.05252434e+00 
 1.77942113e-01  2.05252434e+00 
 1.77982113e-01  2.05252434e+00 
 1.77999999e-01  2.05252434e+00 
 1.77999999e-01  2.05252434e+00 
 1.77999999e-01  2.05252434e+00 
 1.78000000e-01  2.05252434e+00 
 1.78000000e-01  2.05252409e+00 
 1.78000000e-01  2.05252396e+00 
 1.78000000e-01  2.05252369e+00 
 1.78000000e-01  2.05252316e+00 
 1.78000001e-01  2.05252210e+00 
 1.78000002e-01  2.05251997e+00 
 1.78000004e-01  2.05251572e+00 
 1.78000008e-01  2.05250723e+00 
 1.78000016e-01  2.05249024e+00 
 1.78000033e-01  2.05245629e+00 
 1.78000065e-01  2.05238850e+00 
 1.78000131e-01  2.05225333e+00 
 1.78000262e-01  2.05198465e+00 
 1.78000524e-01  2.05145384e+00 
 1.78001049e-01  2.05041789e+00 
 1.78002097e-01  2.04844459e+00 
 1.78004194e-01  2.04486209e+00 
 1.78008389e-01  2.03894255e+00 
 1.78016777e-01  2.03079189e+00 
 1.78033554e-01  2.02290098e+00 
 1.78062113e-01  2.01952448e+00 
 1.78102113e-01  2.01929847e+00 
 1.78142113e-01  2.01932358e+00 
 1.78182113e-01  2.01932079e+00 
 1.78222113e-01  2.01932110e+00 
 1.78262113e-01  2.01932107e+00 
 1.78302113e-01  2.01932107e+00 
 1.78342113e-01  2.01932107e+00 
 1.78382113e-01  2.01932107e+00 
 1.78399999e-01  2.01932107e+00 
 1.78399999e-01  2.01932107e+00 
 1.78399999e-01  2.01932107e+00 
 1.78400000e-01  2.01932107e+00 
 1.78400000e-01  2.01932107e+00 
 1.78400000e-01  2.01932107e+00 
 1.78400000e-01  2.01932107e+00 
 1.78400000e-01  2.01932107e+00 
 1.78400001e-01  2.01932107e+00 
 1.78400002e-01  2.01932107e+00 
 1.78400004e-01  2.01932107e+00 
 1.78400008e-01  2.01932107e+00 
 1.78400016e-01  2.01932107e+00 
 1.78400033e-01  2.01932107e+00 
 1.78400065e-01  2.01932107e+00 
 1.78400131e-01  2.01932107e+00 
 1.78400262e-01  2.01932107e+00 
 1.78400524e-01  2.01932107e+00 
 1.78401049e-01  2.01932107e+00 
 1.78402097e-01  2.01932107e+00 
 1.78404194e-01  2.01932107e+00 
 1.78408389e-01  2.01932107e+00 
 1.78416777e-01  2.01932107e+00 
 1.78433554e-01  2.01932107e+00 
 1.78462139e-01  2.01932107e+00 
 1.78502139e-01  2.01932107e+00 
 1.78542139e-01  2.01932107e+00 
 1.78582139e-01  2.01932107e+00 
 1.78622139e-01  2.01932107e+00 
 1.78662139e-01  2.01932107e+00 
 1.78702139e-01  2.01932107e+00 
 1.78742139e-01  2.01932107e+00 
 1.78782139e-01  2.01932107e+00 
 1.78799999e-01  2.01932107e+00 
 1.78799999e-01  2.01932107e+00 
 1.78799999e-01  2.01932107e+00 
 1.78800000e-01  2.01932107e+00 
 1.78800000e-01  2.01932084e+00 
 1.78800000e-01  2.01932071e+00 
 1.78800000e-01  2.01932046e+00 
 1.78800000e-01  2.01931996e+00 
 1.78800001e-01  2.01931896e+00 
 1.78800002e-01  2.01931695e+00 
 1.78800004e-01  2.01931295e+00 
 1.78800008e-01  2.01930493e+00 
 1.78800016e-01  2.01928891e+00 
 1.78800033e-01  2.01925688e+00 
 1.78800065e-01  2.01919293e+00 
 1.78800131e-01  2.01906542e+00 
 1.78800262e-01  2.01881196e+00 
 1.78800524e-01  2.01831123e+00 
 1.78801049e-01  2.01733397e+00 
 1.78802097e-01  2.01547247e+00 
 1.78804194e-01  2.01209294e+00 
 1.78808389e-01  2.00650879e+00 
 1.78816777e-01  1.99881991e+00 
 1.78833554e-01  1.99137607e+00 
 1.78862139e-01  1.98818937e+00 
 1.78902139e-01  1.98797784e+00 
 1.78942139e-01  1.98800134e+00 
 1.78982139e-01  1.98799873e+00 
 1.79022139e-01  1.98799902e+00 
 1.79062139e-01  1.98799899e+00 
 1.79102139e-01  1.98799899e+00 
 1.79142139e-01  1.98799899e+00 
 1.79182139e-01  1.98799899e+00 
 1.79199999e-01  1.98799899e+00 
 1.79199999e-01  1.98799899e+00 
 1.79199999e-01  1.98799899e+00 
 1.79200000e-01  1.98799899e+00 
 1.79200000e-01  1.98799899e+00 
 1.79200000e-01  1.98799899e+00 
 1.79200000e-01  1.98799899e+00 
 1.79200000e-01  1.98799899e+00 
 1.79200001e-01  1.98799899e+00 
 1.79200002e-01  1.98799899e+00 
 1.79200004e-01  1.98799899e+00 
 1.79200008e-01  1.98799899e+00 
 1.79200016e-01  1.98799899e+00 
 1.79200033e-01  1.98799899e+00 
 1.79200065e-01  1.98799899e+00 
 1.79200131e-01  1.98799899e+00 
 1.79200262e-01  1.98799899e+00 
 1.79200524e-01  1.98799899e+00 
 1.79201049e-01  1.98799899e+00 
 1.79202097e-01  1.98799899e+00 
 1.79204194e-01  1.98799899e+00 
 1.79208389e-01  1.98799899e+00 
 1.79216777e-01  1.98799899e+00 
 1.79233554e-01  1.98799899e+00 
 1.79267109e-01  1.98799899e+00 
 1.79307109e-01  1.98799899e+00 
 1.79347109e-01  1.98799899e+00 
 1.79387109e-01  1.98799899e+00 
 1.79427109e-01  1.98799899e+00 
 1.79467109e-01  1.98799899e+00 
 1.79507109e-01  1.98799899e+00 
 1.79547109e-01  1.98799899e+00 
 1.79587109e-01  1.98799899e+00 
 1.79599999e-01  1.98799899e+00 
 1.79599999e-01  1.98799899e+00 
 1.79599999e-01  1.98799899e+00 
 1.79600000e-01  1.98799899e+00 
 1.79600000e-01  1.98799877e+00 
 1.79600000e-01  1.98799866e+00 
 1.79600000e-01  1.98799842e+00 
 1.79600000e-01  1.98799796e+00 
 1.79600001e-01  1.98799702e+00 
 1.79600002e-01  1.98799516e+00 
 1.79600004e-01  1.98799143e+00 
 1.79600008e-01  1.98798397e+00 
 1.79600016e-01  1.98796905e+00 
 1.79600033e-01  1.98793925e+00 
 1.79600065e-01  1.98787972e+00 
 1.79600131e-01  1.98776105e+00 
 1.79600262e-01  1.98752514e+00 
 1.79600524e-01  1.98705908e+00 
 1.79601049e-01  1.98614951e+00 
 1.79602097e-01  1.98441693e+00 
 1.79604194e-01  1.98127146e+00 
 1.79608389e-01  1.97607405e+00 
 1.79616777e-01  1.96891768e+00 
 1.79633554e-01  1.96198938e+00 
 1.79667109e-01  1.95877166e+00 
 1.79707109e-01  1.95885447e+00 
 1.79747109e-01  1.95884527e+00 
 1.79787109e-01  1.95884629e+00 
 1.79827109e-01  1.95884618e+00 
 1.79867109e-01  1.95884619e+00 
 1.79907109e-01  1.95884619e+00 
 1.79947109e-01  1.95884619e+00 
 1.79987109e-01  1.95884619e+00 
 1.79999999e-01  1.95884619e+00 
 1.79999999e-01  1.95884619e+00 
 1.79999999e-01  1.95884619e+00 
 1.80000000e-01  1.95884619e+00 
 1.80000000e-01  1.95884619e+00 
 1.80000000e-01  1.95884619e+00 
 1.80000000e-01  1.95884619e+00 
 1.80000000e-01  1.95884619e+00 
 1.80000001e-01  1.95884619e+00 
 1.80000002e-01  1.95884619e+00 
 1.80000004e-01  1.95884619e+00 
 1.80000008e-01  1.95884619e+00 
 1.80000016e-01  1.95884619e+00 
 1.80000033e-01  1.95884619e+00 
 1.80000065e-01  1.95884619e+00 
 1.80000131e-01  1.95884619e+00 
 1.80000262e-01  1.95884619e+00 
 1.80000524e-01  1.95884619e+00 
 1.80001049e-01  1.95884619e+00 
 1.80002097e-01  1.95884619e+00 
 1.80004194e-01  1.95884619e+00 
 1.80008389e-01  1.95884619e+00 
 1.80016777e-01  1.95884619e+00 
 1.80033554e-01  1.95884619e+00 
 1.80067109e-01  1.95884619e+00 
 1.80107109e-01  1.95884619e+00 
 1.80147109e-01  1.95884619e+00 
 1.80187109e-01  1.95884619e+00 
 1.80227109e-01  1.95884619e+00 
 1.80267109e-01  1.95884619e+00 
 1.80307109e-01  1.95884619e+00 
 1.80347109e-01  1.95884619e+00 
 1.80387109e-01  1.95884619e+00 
 1.80399999e-01  1.95884619e+00 
 1.80399999e-01  1.95884619e+00 
 1.80399999e-01  1.95884619e+00 
 1.80400000e-01  1.95884619e+00 
 1.80400000e-01  1.95884599e+00 
 1.80400000e-01  1.95884588e+00 
 1.80400000e-01  1.95884567e+00 
 1.80400000e-01  1.95884524e+00 
 1.80400001e-01  1.95884439e+00 
 1.80400002e-01  1.95884268e+00 
 1.80400004e-01  1.95883926e+00 
 1.80400008e-01  1.95883243e+00 
 1.80400016e-01  1.95881877e+00 
 1.80400033e-01  1.95879148e+00 
 1.80400065e-01  1.95873698e+00 
 1.80400131e-01  1.95862831e+00 
 1.80400262e-01  1.95841230e+00 
 1.80400524e-01  1.95798554e+00 
 1.80401049e-01  1.95715266e+00 
 1.80402097e-01  1.95556617e+00 
 1.80404194e-01  1.95268594e+00 
 1.80408389e-01  1.94792678e+00 
 1.80416777e-01  1.94137386e+00 
 1.80433554e-01  1.93502977e+00 
 1.80467109e-01  1.93208337e+00 
 1.80507109e-01  1.93215920e+00 
 1.80547109e-01  1.93215077e+00 
 1.80587109e-01  1.93215171e+00 
 1.80627109e-01  1.93215161e+00 
 1.80667109e-01  1.93215162e+00 
 1.80707109e-01  1.93215162e+00 
 1.80747109e-01  1.93215162e+00 
 1.80787109e-01  1.93215162e+00 
 1.80799999e-01  1.93215162e+00 
 1.80799999e-01  1.93215162e+00 
 1.80799999e-01  1.93215162e+00 
 1.80800000e-01  1.93215162e+00 
 1.80800000e-01  1.93215162e+00 
 1.80800000e-01  1.93215162e+00 
 1.80800000e-01  1.93215162e+00 
 1.80800000e-01  1.93215162e+00 
 1.80800001e-01  1.93215162e+00 
 1.80800002e-01  1.93215162e+00 
 1.80800004e-01  1.93215162e+00 
 1.80800008e-01  1.93215162e+00 
 1.80800016e-01  1.93215162e+00 
 1.80800033e-01  1.93215162e+00 
 1.80800065e-01  1.93215162e+00 
 1.80800131e-01  1.93215162e+00 
 1.80800262e-01  1.93215162e+00 
 1.80800524e-01  1.93215162e+00 
 1.80801049e-01  1.93215162e+00 
 1.80802097e-01  1.93215162e+00 
 1.80804194e-01  1.93215162e+00 
 1.80808389e-01  1.93215162e+00 
 1.80816777e-01  1.93215162e+00 
 1.80833554e-01  1.93215162e+00 
 1.80867109e-01  1.93215162e+00 
 1.80907109e-01  1.93215162e+00 
 1.80947109e-01  1.93215162e+00 
 1.80987109e-01  1.93215162e+00 
 1.81027109e-01  1.93215162e+00 
 1.81067109e-01  1.93215162e+00 
 1.81107109e-01  1.93215162e+00 
 1.81147109e-01  1.93215162e+00 
 1.81187109e-01  1.93215162e+00 
 1.81199999e-01  1.93215162e+00 
 1.81199999e-01  1.93215162e+00 
 1.81199999e-01  1.93215162e+00 
 1.81200000e-01  1.93215162e+00 
 1.81200000e-01  1.93215144e+00 
 1.81200000e-01  1.93215134e+00 
 1.81200000e-01  1.93215115e+00 
 1.81200000e-01  1.93215077e+00 
 1.81200001e-01  1.93215000e+00 
 1.81200002e-01  1.93214847e+00 
 1.81200004e-01  1.93214540e+00 
 1.81200008e-01  1.93213927e+00 
 1.81200016e-01  1.93212702e+00 
 1.81200033e-01  1.93210253e+00 
 1.81200065e-01  1.93205364e+00 
 1.81200131e-01  1.93195614e+00 
 1.81200262e-01  1.93176234e+00 
 1.81200524e-01  1.93137946e+00 
 1.81201049e-01  1.93063222e+00 
 1.81202097e-01  1.92920887e+00 
 1.81204194e-01  1.92662480e+00 
 1.81208389e-01  1.92235501e+00 
 1.81216777e-01  1.91647591e+00 
 1.81233554e-01  1.91078416e+00 
 1.81267109e-01  1.90814072e+00 
 1.81307109e-01  1.90820876e+00 
 1.81347109e-01  1.90820120e+00 
 1.81387109e-01  1.90820204e+00 
 1.81427109e-01  1.90820194e+00 
 1.81467109e-01  1.90820195e+00 
 1.81507109e-01  1.90820195e+00 
 1.81547109e-01  1.90820195e+00 
 1.81587109e-01  1.90820195e+00 
 1.81599999e-01  1.90820195e+00 
 1.81599999e-01  1.90820195e+00 
 1.81599999e-01  1.90820195e+00 
 1.81600000e-01  1.90820195e+00 
 1.81600000e-01  1.90820195e+00 
 1.81600000e-01  1.90820195e+00 
 1.81600000e-01  1.90820195e+00 
 1.81600000e-01  1.90820195e+00 
 1.81600001e-01  1.90820195e+00 
 1.81600002e-01  1.90820195e+00 
 1.81600004e-01  1.90820195e+00 
 1.81600008e-01  1.90820195e+00 
 1.81600016e-01  1.90820195e+00 
 1.81600033e-01  1.90820195e+00 
 1.81600065e-01  1.90820195e+00 
 1.81600131e-01  1.90820195e+00 
 1.81600262e-01  1.90820195e+00 
 1.81600524e-01  1.90820195e+00 
 1.81601049e-01  1.90820195e+00 
 1.81602097e-01  1.90820195e+00 
 1.81604194e-01  1.90820195e+00 
 1.81608389e-01  1.90820195e+00 
 1.81616777e-01  1.90820195e+00 
 1.81633554e-01  1.90820195e+00 
 1.81667109e-01  1.90820195e+00 
 1.81707109e-01  1.90820195e+00 
 1.81747109e-01  1.90820195e+00 
 1.81787109e-01  1.90820195e+00 
 1.81827109e-01  1.90820195e+00 
 1.81867109e-01  1.90820195e+00 
 1.81907109e-01  1.90820195e+00 
 1.81947109e-01  1.90820195e+00 
 1.81987109e-01  1.90820195e+00 
 1.81999999e-01  1.90820195e+00 
 1.81999999e-01  1.90820195e+00 
 1.81999999e-01  1.90820195e+00 
 1.82000000e-01  1.90820195e+00 
 1.82000000e-01  1.90820180e+00 
 1.82000000e-01  1.90820171e+00 
 1.82000000e-01  1.90820154e+00 
 1.82000000e-01  1.90820121e+00 
 1.82000001e-01  1.90820054e+00 
 1.82000002e-01  1.90819920e+00 
 1.82000004e-01  1.90819652e+00 
 1.82000008e-01  1.90819117e+00 
 1.82000016e-01  1.90818047e+00 
 1.82000033e-01  1.90815907e+00 
 1.82000065e-01  1.90811635e+00 
 1.82000131e-01  1.90803117e+00 
 1.82000262e-01  1.90786186e+00 
 1.82000524e-01  1.90752736e+00 
 1.82001049e-01  1.90687454e+00 
 1.82002097e-01  1.90563103e+00 
 1.82004194e-01  1.90337346e+00 
 1.82008389e-01  1.89964317e+00 
 1.82016777e-01  1.89450690e+00 
 1.82033554e-01  1.88953431e+00 
 1.82067109e-01  1.88722488e+00 
 1.82107109e-01  1.88728431e+00 
 1.82147109e-01  1.88727771e+00 
 1.82187109e-01  1.88727844e+00 
 1.82227109e-01  1.88727836e+00 
 1.82267109e-01  1.88727837e+00 
 1.82307109e-01  1.88727837e+00 
 1.82347109e-01  1.88727837e+00 
 1.82387109e-01  1.88727837e+00 
 1.82399999e-01  1.88727837e+00 
 1.82399999e-01  1.88727837e+00 
 1.82399999e-01  1.88727837e+00 
 1.82400000e-01  1.88727837e+00 
 1.82400000e-01  1.88727837e+00 
 1.82400000e-01  1.88727837e+00 
 1.82400000e-01  1.88727837e+00 
 1.82400000e-01  1.88727837e+00 
 1.82400001e-01  1.88727837e+00 
 1.82400002e-01  1.88727837e+00 
 1.82400004e-01  1.88727837e+00 
 1.82400008e-01  1.88727837e+00 
 1.82400016e-01  1.88727837e+00 
 1.82400033e-01  1.88727837e+00 
 1.82400065e-01  1.88727837e+00 
 1.82400131e-01  1.88727837e+00 
 1.82400262e-01  1.88727837e+00 
 1.82400524e-01  1.88727837e+00 
 1.82401049e-01  1.88727837e+00 
 1.82402097e-01  1.88727837e+00 
 1.82404194e-01  1.88727837e+00 
 1.82408389e-01  1.88727837e+00 
 1.82416777e-01  1.88727837e+00 
 1.82433554e-01  1.88727837e+00 
 1.82467109e-01  1.88727837e+00 
 1.82507109e-01  1.88727837e+00 
 1.82547109e-01  1.88727837e+00 
 1.82587109e-01  1.88727837e+00 
 1.82627109e-01  1.88727837e+00 
 1.82667109e-01  1.88727837e+00 
 1.82707109e-01  1.88727837e+00 
 1.82747109e-01  1.88727837e+00 
 1.82787109e-01  1.88727837e+00 
 1.82799999e-01  1.88727837e+00 
 1.82799999e-01  1.88727837e+00 
 1.82799999e-01  1.88727837e+00 
 1.82800000e-01  1.88727837e+00 
 1.82800000e-01  1.88727824e+00 
 1.82800000e-01  1.88727817e+00 
 1.82800000e-01  1.88727803e+00 
 1.82800000e-01  1.88727774e+00 
 1.82800001e-01  1.88727718e+00 
 1.82800002e-01  1.88727605e+00 
 1.82800004e-01  1.88727380e+00 
 1.82800008e-01  1.88726929e+00 
 1.82800016e-01  1.88726027e+00 
 1.82800033e-01  1.88724225e+00 
 1.82800065e-01  1.88720626e+00 
 1.82800131e-01  1.88713451e+00 
 1.82800262e-01  1.88699189e+00 
 1.82800524e-01  1.88671012e+00 
 1.82801049e-01  1.88616021e+00 
 1.82802097e-01  1.88511273e+00 
 1.82804194e-01  1.88321106e+00 
 1.82808389e-01  1.88006882e+00 
 1.82816777e-01  1.87574224e+00 
 1.82833554e-01  1.87155355e+00 
 1.82867109e-01  1.86960818e+00 
 1.82907109e-01  1.86965825e+00 
 1.82947109e-01  1.86965269e+00 
 1.82987109e-01  1.86965331e+00 
 1.83027109e-01  1.86965324e+00 
 1.83067109e-01  1.86965324e+00 
 1.83107109e-01  1.86965324e+00 
 1.83147109e-01  1.86965324e+00 
 1.83187109e-01  1.86965324e+00 
 1.83199999e-01  1.86965324e+00 
 1.83199999e-01  1.86965324e+00 
 1.83199999e-01  1.86965324e+00 
 1.83200000e-01  1.86965324e+00 
 1.83200000e-01  1.86965324e+00 
 1.83200000e-01  1.86965324e+00 
 1.83200000e-01  1.86965324e+00 
 1.83200000e-01  1.86965324e+00 
 1.83200001e-01  1.86965324e+00 
 1.83200002e-01  1.86965324e+00 
 1.83200004e-01  1.86965324e+00 
 1.83200008e-01  1.86965324e+00 
 1.83200016e-01  1.86965324e+00 
 1.83200033e-01  1.86965324e+00 
 1.83200065e-01  1.86965324e+00 
 1.83200131e-01  1.86965324e+00 
 1.83200262e-01  1.86965324e+00 
 1.83200524e-01  1.86965324e+00 
 1.83201049e-01  1.86965324e+00 
 1.83202097e-01  1.86965324e+00 
 1.83204194e-01  1.86965324e+00 
 1.83208389e-01  1.86965324e+00 
 1.83216777e-01  1.86965324e+00 
 1.83233554e-01  1.86965324e+00 
 1.83267109e-01  1.86965324e+00 
 1.83307109e-01  1.86965324e+00 
 1.83347109e-01  1.86965324e+00 
 1.83387109e-01  1.86965324e+00 
 1.83427109e-01  1.86965324e+00 
 1.83467109e-01  1.86965324e+00 
 1.83507109e-01  1.86965324e+00 
 1.83547109e-01  1.86965324e+00 
 1.83587109e-01  1.86965324e+00 
 1.83599999e-01  1.86965324e+00 
 1.83599999e-01  1.86965324e+00 
 1.83599999e-01  1.86965324e+00 
 1.83600000e-01  1.86965324e+00 
 1.83600000e-01  1.86965314e+00 
 1.83600000e-01  1.86965308e+00 
 1.83600000e-01  1.86965297e+00 
 1.83600000e-01  1.86965274e+00 
 1.83600001e-01  1.86965229e+00 
 1.83600002e-01  1.86965139e+00 
 1.83600004e-01  1.86964959e+00 
 1.83600008e-01  1.86964599e+00 
 1.83600016e-01  1.86963880e+00 
 1.83600033e-01  1.86962442e+00 
 1.83600065e-01  1.86959570e+00 
 1.83600131e-01  1.86953843e+00 
 1.83600262e-01  1.86942461e+00 
 1.83600524e-01  1.86919973e+00 
 1.83601049e-01  1.86876086e+00 
 1.83602097e-01  1.86792488e+00 
 1.83604194e-01  1.86640717e+00 
 1.83608389e-01  1.86389939e+00 
 1.83616777e-01  1.86044640e+00 
 1.83633554e-01  1.85710345e+00 
 1.83667109e-01  1.85555088e+00 
 1.83707109e-01  1.85559084e+00 
 1.83747109e-01  1.85558640e+00 
 1.83787109e-01  1.85558689e+00 
 1.83827109e-01  1.85558684e+00 
 1.83867109e-01  1.85558685e+00 
 1.83907109e-01  1.85558685e+00 
 1.83947109e-01  1.85558685e+00 
 1.83987109e-01  1.85558685e+00 
 1.83999999e-01  1.85558685e+00 
 1.83999999e-01  1.85558685e+00 
 1.83999999e-01  1.85558685e+00 
 1.84000000e-01  1.85558685e+00 
 1.84000000e-01  1.85558685e+00 
 1.84000000e-01  1.85558685e+00 
 1.84000000e-01  1.85558685e+00 
 1.84000000e-01  1.85558685e+00 
 1.84000001e-01  1.85558685e+00 
 1.84000002e-01  1.85558685e+00 
 1.84000004e-01  1.85558685e+00 
 1.84000008e-01  1.85558685e+00 
 1.84000016e-01  1.85558685e+00 
 1.84000033e-01  1.85558685e+00 
 1.84000065e-01  1.85558685e+00 
 1.84000131e-01  1.85558685e+00 
 1.84000262e-01  1.85558685e+00 
 1.84000524e-01  1.85558685e+00 
 1.84001049e-01  1.85558685e+00 
 1.84002097e-01  1.85558685e+00 
 1.84004194e-01  1.85558685e+00 
 1.84008389e-01  1.85558685e+00 
 1.84016777e-01  1.85558685e+00 
 1.84033554e-01  1.85558685e+00 
 1.84067109e-01  1.85558685e+00 
 1.84107109e-01  1.85558685e+00 
 1.84147109e-01  1.85558685e+00 
 1.84187109e-01  1.85558685e+00 
 1.84227109e-01  1.85558685e+00 
 1.84267109e-01  1.85558685e+00 
 1.84307109e-01  1.85558685e+00 
 1.84347109e-01  1.85558685e+00 
 1.84387109e-01  1.85558685e+00 
 1.84399999e-01  1.85558685e+00 
 1.84399999e-01  1.85558685e+00 
 1.84399999e-01  1.85558685e+00 
 1.84400000e-01  1.85558685e+00 
 1.84400000e-01  1.85558677e+00 
 1.84400000e-01  1.85558673e+00 
 1.84400000e-01  1.85558665e+00 
 1.84400000e-01  1.85558648e+00 
 1.84400001e-01  1.85558615e+00 
 1.84400002e-01  1.85558550e+00 
 1.84400004e-01  1.85558418e+00 
 1.84400008e-01  1.85558156e+00 
 1.84400016e-01  1.85557631e+00 
 1.84400033e-01  1.85556581e+00 
 1.84400065e-01  1.85554486e+00 
 1.84400131e-01  1.85550308e+00 
 1.84400262e-01  1.85542003e+00 
 1.84400524e-01  1.85525596e+00 
 1.84401049e-01  1.85493576e+00 
 1.84402097e-01  1.85432583e+00 
 1.84404194e-01  1.85321851e+00 
 1.84408389e-01  1.85138882e+00 
 1.84416777e-01  1.84886952e+00 
 1.84433554e-01  1.84643050e+00 
 1.84467109e-01  1.84529774e+00 
 1.84507109e-01  1.84532689e+00 
 1.84547109e-01  1.84532365e+00 
 1.84587109e-01  1.84532401e+00 
 1.84627109e-01  1.84532397e+00 
 1.84667109e-01  1.84532398e+00 
 1.84707109e-01  1.84532398e+00 
 1.84747109e-01  1.84532398e+00 
 1.84787109e-01  1.84532398e+00 
 1.84799999e-01  1.84532398e+00 
 1.84799999e-01  1.84532398e+00 
 1.84799999e-01  1.84532398e+00 
 1.84800000e-01  1.84532398e+00 
 1.84800000e-01  1.84532398e+00 
 1.84800000e-01  1.84532398e+00 
 1.84800000e-01  1.84532398e+00 
 1.84800000e-01  1.84532398e+00 
 1.84800001e-01  1.84532398e+00 
 1.84800002e-01  1.84532398e+00 
 1.84800004e-01  1.84532398e+00 
 1.84800008e-01  1.84532398e+00 
 1.84800016e-01  1.84532398e+00 
 1.84800033e-01  1.84532398e+00 
 1.84800065e-01  1.84532398e+00 
 1.84800131e-01  1.84532398e+00 
 1.84800262e-01  1.84532398e+00 
 1.84800524e-01  1.84532398e+00 
 1.84801049e-01  1.84532398e+00 
 1.84802097e-01  1.84532398e+00 
 1.84804194e-01  1.84532398e+00 
 1.84808389e-01  1.84532398e+00 
 1.84816777e-01  1.84532398e+00 
 1.84833554e-01  1.84532398e+00 
 1.84867109e-01  1.84532398e+00 
 1.84907109e-01  1.84532398e+00 
 1.84947109e-01  1.84532398e+00 
 1.84987109e-01  1.84532398e+00 
 1.85027109e-01  1.84532398e+00 
 1.85067109e-01  1.84532398e+00 
 1.85107109e-01  1.84532398e+00 
 1.85147109e-01  1.84532398e+00 
 1.85187109e-01  1.84532398e+00 
 1.85199999e-01  1.84532398e+00 
 1.85199999e-01  1.84532398e+00 
 1.85199999e-01  1.84532398e+00 
 1.85200000e-01  1.84532398e+00 
 1.85200000e-01  1.84532393e+00 
 1.85200000e-01  1.84532391e+00 
 1.85200000e-01  1.84532386e+00 
 1.85200000e-01  1.84532376e+00 
 1.85200001e-01  1.84532356e+00 
 1.85200002e-01  1.84532316e+00 
 1.85200004e-01  1.84532236e+00 
 1.85200008e-01  1.84532076e+00 
 1.85200016e-01  1.84531758e+00 
 1.85200033e-01  1.84531120e+00 
 1.85200065e-01  1.84529848e+00 
 1.85200131e-01  1.84527310e+00 
 1.85200262e-01  1.84522266e+00 
 1.85200524e-01  1.84512301e+00 
 1.85201049e-01  1.84492852e+00 
 1.85202097e-01  1.84455807e+00 
 1.85204194e-01  1.84388551e+00 
 1.85208389e-01  1.84277420e+00 
 1.85216777e-01  1.84124404e+00 
 1.85233554e-01  1.83976264e+00 
 1.85267109e-01  1.83907463e+00 
 1.85307109e-01  1.83909234e+00 
 1.85347109e-01  1.83909037e+00 
 1.85387109e-01  1.83909059e+00 
 1.85427109e-01  1.83909056e+00 
 1.85467109e-01  1.83909057e+00 
 1.85507109e-01  1.83909057e+00 
 1.85547109e-01  1.83909057e+00 
 1.85587109e-01  1.83909057e+00 
 1.85599999e-01  1.83909057e+00 
 1.85599999e-01  1.83909057e+00 
 1.85599999e-01  1.83909057e+00 
 1.85600000e-01  1.83909057e+00 
 1.85600000e-01  1.83909057e+00 
 1.85600000e-01  1.83909057e+00 
 1.85600000e-01  1.83909057e+00 
 1.85600000e-01  1.83909057e+00 
 1.85600001e-01  1.83909057e+00 
 1.85600002e-01  1.83909057e+00 
 1.85600004e-01  1.83909057e+00 
 1.85600008e-01  1.83909057e+00 
 1.85600016e-01  1.83909057e+00 
 1.85600033e-01  1.83909057e+00 
 1.85600065e-01  1.83909057e+00 
 1.85600131e-01  1.83909057e+00 
 1.85600262e-01  1.83909057e+00 
 1.85600524e-01  1.83909057e+00 
 1.85601049e-01  1.83909057e+00 
 1.85602097e-01  1.83909057e+00 
 1.85604194e-01  1.83909057e+00 
 1.85608389e-01  1.83909057e+00 
 1.85616777e-01  1.83909057e+00 
 1.85633554e-01  1.83909057e+00 
 1.85667109e-01  1.83909057e+00 
 1.85707109e-01  1.83909057e+00 
 1.85747109e-01  1.83909057e+00 
 1.85787109e-01  1.83909057e+00 
 1.85827109e-01  1.83909057e+00 
 1.85867109e-01  1.83909057e+00 
 1.85907109e-01  1.83909057e+00 
 1.85947109e-01  1.83909057e+00 
 1.85987109e-01  1.83909057e+00 
 1.85999999e-01  1.83909057e+00 
 1.85999999e-01  1.83909057e+00 
 1.85999999e-01  1.83909057e+00 
 1.86000000e-01  1.83909057e+00 
 1.86000000e-01  1.83909055e+00 
 1.86000000e-01  1.83909054e+00 
 1.86000000e-01  1.83909053e+00 
 1.86000000e-01  1.83909050e+00 
 1.86000001e-01  1.83909043e+00 
 1.86000002e-01  1.83909030e+00 
 1.86000004e-01  1.83909005e+00 
 1.86000008e-01  1.83908954e+00 
 1.86000016e-01  1.83908851e+00 
 1.86000033e-01  1.83908647e+00 
 1.86000065e-01  1.83908238e+00 
 1.86000131e-01  1.83907424e+00 
 1.86000262e-01  1.83905805e+00 
 1.86000524e-01  1.83902607e+00 
 1.86001049e-01  1.83896366e+00 
 1.86002097e-01  1.83884477e+00 
 1.86004194e-01  1.83862893e+00 
 1.86008389e-01  1.83827229e+00 
 1.86016777e-01  1.83778123e+00 
 1.86033554e-01  1.83730582e+00 
 1.86067109e-01  1.83708502e+00 
 1.86107109e-01  1.83709070e+00 
 1.86147109e-01  1.83709007e+00 
 1.86187109e-01  1.83709014e+00 
 1.86227109e-01  1.83709013e+00 
 1.86267109e-01  1.83709013e+00 
 1.86307109e-01  1.83709013e+00 
 1.86347109e-01  1.83709013e+00 
 1.86387109e-01  1.83709013e+00 
 1.86399999e-01  1.83709013e+00 
 1.86399999e-01  1.83709013e+00 
 1.86399999e-01  1.83709013e+00 
 1.86400000e-01  1.83709013e+00 
 1.86400000e-01  1.83709013e+00 
 1.86400000e-01  1.83709013e+00 
 1.86400000e-01  1.83709013e+00 
 1.86400000e-01  1.83709013e+00 
 1.86400001e-01  1.83709013e+00 
 1.86400002e-01  1.83709013e+00 
 1.86400004e-01  1.83709013e+00 
 1.86400008e-01  1.83709013e+00 
 1.86400016e-01  1.83709013e+00 
 1.86400033e-01  1.83709013e+00 
 1.86400065e-01  1.83709013e+00 
 1.86400131e-01  1.83709013e+00 
 1.86400262e-01  1.83709013e+00 
 1.86400524e-01  1.83709013e+00 
 1.86401049e-01  1.83709013e+00 
 1.86402097e-01  1.83709013e+00 
 1.86404194e-01  1.83709013e+00 
 1.86408389e-01  1.83709013e+00 
 1.86416777e-01  1.83709013e+00 
 1.86433554e-01  1.83709013e+00 
 1.86467109e-01  1.83709013e+00 
 1.86507109e-01  1.83709013e+00 
 1.86547109e-01  1.83709013e+00 
 1.86587109e-01  1.83709013e+00 
 1.86627109e-01  1.83709013e+00 
 1.86667109e-01  1.83709013e+00 
 1.86707109e-01  1.83709013e+00 
 1.86747109e-01  1.83709013e+00 
 1.86787109e-01  1.83709013e+00 
 1.86799999e-01  1.83709013e+00 
 1.86799999e-01  1.83709013e+00 
 1.86799999e-01  1.83709013e+00 
 1.86800000e-01  1.83709013e+00 
 1.86800000e-01  1.83709015e+00 
 1.86800000e-01  1.83709016e+00 
 1.86800000e-01  1.83709018e+00 
 1.86800000e-01  1.83709022e+00 
 1.86800001e-01  1.83709030e+00 
 1.86800002e-01  1.83709045e+00 
 1.86800004e-01  1.83709076e+00 
 1.86800008e-01  1.83709138e+00 
 1.86800016e-01  1.83709261e+00 
 1.86800033e-01  1.83709507e+00 
 1.86800065e-01  1.83709999e+00 
 1.86800131e-01  1.83710980e+00 
 1.86800262e-01  1.83712931e+00 
 1.86800524e-01  1.83716783e+00 
 1.86801049e-01  1.83724302e+00 
 1.86802097e-01  1.83738625e+00 
 1.86804194e-01  1.83764627e+00 
 1.86808389e-01  1.83807592e+00 
 1.86816777e-01  1.83866751e+00 
 1.86833554e-01  1.83924024e+00 
 1.86867109e-01  1.83950624e+00 
 1.86907109e-01  1.83949939e+00 
 1.86947109e-01  1.83950015e+00 
 1.86987109e-01  1.83950007e+00 
 1.87027109e-01  1.83950008e+00 
 1.87067109e-01  1.83950008e+00 
 1.87107109e-01  1.83950008e+00 
 1.87147109e-01  1.83950008e+00 
 1.87187109e-01  1.83950008e+00 
 1.87199999e-01  1.83950008e+00 
 1.87199999e-01  1.83950008e+00 
 1.87199999e-01  1.83950008e+00 
 1.87200000e-01  1.83950008e+00 
 1.87200000e-01  1.83950008e+00 
 1.87200000e-01  1.83950008e+00 
 1.87200000e-01  1.83950008e+00 
 1.87200000e-01  1.83950008e+00 
 1.87200001e-01  1.83950008e+00 
 1.87200002e-01  1.83950008e+00 
 1.87200004e-01  1.83950008e+00 
 1.87200008e-01  1.83950008e+00 
 1.87200016e-01  1.83950008e+00 
 1.87200033e-01  1.83950008e+00 
 1.87200065e-01  1.83950008e+00 
 1.87200131e-01  1.83950008e+00 
 1.87200262e-01  1.83950008e+00 
 1.87200524e-01  1.83950008e+00 
 1.87201049e-01  1.83950008e+00 
 1.87202097e-01  1.83950008e+00 
 1.87204194e-01  1.83950008e+00 
 1.87208389e-01  1.83950008e+00 
 1.87216777e-01  1.83950008e+00 
 1.87233554e-01  1.83950008e+00 
 1.87267109e-01  1.83950008e+00 
 1.87307109e-01  1.83950008e+00 
 1.87347109e-01  1.83950008e+00 
 1.87387109e-01  1.83950008e+00 
 1.87427109e-01  1.83950008e+00 
 1.87467109e-01  1.83950008e+00 
 1.87507109e-01  1.83950008e+00 
 1.87547109e-01  1.83950008e+00 
 1.87587109e-01  1.83950008e+00 
 1.87599999e-01  1.83950008e+00 
 1.87599999e-01  1.83950008e+00 
 1.87599999e-01  1.83950008e+00 
 1.87600000e-01  1.83950008e+00 
 1.87600000e-01  1.83950013e+00 
 1.87600000e-01  1.83950016e+00 
 1.87600000e-01  1.83950021e+00 
 1.87600000e-01  1.83950032e+00 
 1.87600001e-01  1.83950055e+00 
 1.87600002e-01  1.83950099e+00 
 1.87600004e-01  1.83950188e+00 
 1.87600008e-01  1.83950367e+00 
 1.87600016e-01  1.83950723e+00 
 1.87600033e-01  1.83951435e+00 
 1.87600065e-01  1.83952858e+00 
 1.87600131e-01  1.83955694e+00 
 1.87600262e-01  1.83961333e+00 
 1.87600524e-01  1.83972471e+00 
 1.87601049e-01  1.83994210e+00 
 1.87602097e-01  1.84035619e+00 
 1.87604194e-01  1.84110796e+00 
 1.87608389e-01  1.84235015e+00 
 1.87616777e-01  1.84406053e+00 
 1.87633554e-01  1.84571641e+00 
 1.87667109e-01  1.84648545e+00 
 1.87707109e-01  1.84646566e+00 
 1.87747109e-01  1.84646786e+00 
 1.87787109e-01  1.84646761e+00 
 1.87827109e-01  1.84646764e+00 
 1.87867109e-01  1.84646764e+00 
 1.87907109e-01  1.84646764e+00 
 1.87947109e-01  1.84646764e+00 
 1.87987109e-01  1.84646764e+00 
 1.87999999e-01  1.84646764e+00 
 1.87999999e-01  1.84646764e+00 
 1.87999999e-01  1.84646764e+00 
 1.88000000e-01  1.84646764e+00 
 1.88000000e-01  1.84646764e+00 
 1.88000000e-01  1.84646764e+00 
 1.88000000e-01  1.84646764e+00 
 1.88000000e-01  1.84646764e+00 
 1.88000001e-01  1.84646764e+00 
 1.88000002e-01  1.84646764e+00 
 1.88000004e-01  1.84646764e+00 
 1.88000008e-01  1.84646764e+00 
 1.88000016e-01  1.84646764e+00 
 1.88000033e-01  1.84646764e+00 
 1.88000065e-01  1.84646764e+00 
 1.88000131e-01  1.84646764e+00 
 1.88000262e-01  1.84646764e+00 
 1.88000524e-01  1.84646764e+00 
 1.88001049e-01  1.84646764e+00 
 1.88002097e-01  1.84646764e+00 
 1.88004194e-01  1.84646764e+00 
 1.88008389e-01  1.84646764e+00 
 1.88016777e-01  1.84646764e+00 
 1.88033554e-01  1.84646764e+00 
 1.88067109e-01  1.84646764e+00 
 1.88107109e-01  1.84646764e+00 
 1.88147109e-01  1.84646764e+00 
 1.88187109e-01  1.84646764e+00 
 1.88227109e-01  1.84646764e+00 
 1.88267109e-01  1.84646764e+00 
 1.88307109e-01  1.84646764e+00 
 1.88347109e-01  1.84646764e+00 
 1.88387109e-01  1.84646764e+00 
 1.88399999e-01  1.84646764e+00 
 1.88399999e-01  1.84646764e+00 
 1.88399999e-01  1.84646764e+00 
 1.88400000e-01  1.84646764e+00 
 1.88400000e-01  1.84646772e+00 
 1.88400000e-01  1.84646777e+00 
 1.88400000e-01  1.84646786e+00 
 1.88400000e-01  1.84646805e+00 
 1.88400001e-01  1.84646842e+00 
 1.88400002e-01  1.84646917e+00 
 1.88400004e-01  1.84647066e+00 
 1.88400008e-01  1.84647363e+00 
 1.88400016e-01  1.84647959e+00 
 1.88400033e-01  1.84649149e+00 
 1.88400065e-01  1.84651525e+00 
 1.88400131e-01  1.84656262e+00 
 1.88400262e-01  1.84665680e+00 
 1.88400524e-01  1.84684285e+00 
 1.88401049e-01  1.84720596e+00 
 1.88402097e-01  1.84789760e+00 
 1.88404194e-01  1.84915328e+00 
 1.88408389e-01  1.85122810e+00 
 1.88416777e-01  1.85408494e+00 
 1.88433554e-01  1.85685073e+00 
 1.88467109e-01  1.85813526e+00 
 1.88507109e-01  1.85810220e+00 
 1.88547109e-01  1.85810587e+00 
 1.88587109e-01  1.85810546e+00 
 1.88627109e-01  1.85810551e+00 
 1.88667109e-01  1.85810550e+00 
 1.88707109e-01  1.85810550e+00 
 1.88747109e-01  1.85810550e+00 
 1.88787109e-01  1.85810550e+00 
 1.88799999e-01  1.85810550e+00 
 1.88799999e-01  1.85810550e+00 
 1.88799999e-01  1.85810550e+00 
 1.88800000e-01  1.85810550e+00 
 1.88800000e-01  1.85810550e+00 
 1.88800000e-01  1.85810550e+00 
 1.88800000e-01  1.85810550e+00 
 1.88800000e-01  1.85810550e+00 
 1.88800001e-01  1.85810550e+00 
 1.88800002e-01  1.85810550e+00 
 1.88800004e-01  1.85810550e+00 
 1.88800008e-01  1.85810550e+00 
 1.88800016e-01  1.85810550e+00 
 1.88800033e-01  1.85810550e+00 
 1.88800065e-01  1.85810550e+00 
 1.88800131e-01  1.85810550e+00 
 1.88800262e-01  1.85810550e+00 
 1.88800524e-01  1.85810550e+00 
 1.88801049e-01  1.85810550e+00 
 1.88802097e-01  1.85810550e+00 
 1.88804194e-01  1.85810550e+00 
 1.88808389e-01  1.85810550e+00 
 1.88816777e-01  1.85810550e+00 
 1.88833554e-01  1.85810550e+00 
 1.88867109e-01  1.85810550e+00 
 1.88907109e-01  1.85810550e+00 
 1.88947109e-01  1.85810550e+00 
 1.88987109e-01  1.85810550e+00 
 1.89027109e-01  1.85810550e+00 
 1.89067109e-01  1.85810550e+00 
 1.89107109e-01  1.85810550e+00 
 1.89147109e-01  1.85810550e+00 
 1.89187109e-01  1.85810550e+00 
 1.89199999e-01  1.85810550e+00 
 1.89199999e-01  1.85810550e+00 
 1.89199999e-01  1.85810550e+00 
 1.89200000e-01  1.85810550e+00 
 1.89200000e-01  1.85810563e+00 
 1.89200000e-01  1.85810569e+00 
 1.89200000e-01  1.85810582e+00 
 1.89200000e-01  1.85810608e+00 
 1.89200001e-01  1.85810661e+00 
 1.89200002e-01  1.85810766e+00 
 1.89200004e-01  1.85810975e+00 
 1.89200008e-01  1.85811395e+00 
 1.89200016e-01  1.85812233e+00 
 1.89200033e-01  1.85813908e+00 
 1.89200065e-01  1.85817252e+00 
 1.89200131e-01  1.85823921e+00 
 1.89200262e-01  1.85837177e+00 
 1.89200524e-01  1.85863365e+00 
 1.89201049e-01  1.85914476e+00 
 1.89202097e-01  1.86011832e+00 
 1.89204194e-01  1.86188580e+00 
 1.89208389e-01  1.86480631e+00 
 1.89216777e-01  1.86882757e+00 
 1.89233554e-01  1.87272069e+00 
 1.89267109e-01  1.87452877e+00 
 1.89307109e-01  1.87448224e+00 
 1.89347109e-01  1.87448741e+00 
 1.89387109e-01  1.87448684e+00 
 1.89427109e-01  1.87448690e+00 
 1.89467109e-01  1.87448689e+00 
 1.89507109e-01  1.87448689e+00 
 1.89547109e-01  1.87448689e+00 
 1.89587109e-01  1.87448689e+00 
 1.89599999e-01  1.87448689e+00 
 1.89599999e-01  1.87448689e+00 
 1.89599999e-01  1.87448689e+00 
 1.89600000e-01  1.87448689e+00 
 1.89600000e-01  1.87448689e+00 
 1.89600000e-01  1.87448689e+00 
 1.89600000e-01  1.87448689e+00 
 1.89600000e-01  1.87448689e+00 
 1.89600001e-01  1.87448689e+00 
 1.89600002e-01  1.87448689e+00 
 1.89600004e-01  1.87448689e+00 
 1.89600008e-01  1.87448689e+00 
 1.89600016e-01  1.87448689e+00 
 1.89600033e-01  1.87448689e+00 
 1.89600065e-01  1.87448689e+00 
 1.89600131e-01  1.87448689e+00 
 1.89600262e-01  1.87448689e+00 
 1.89600524e-01  1.87448689e+00 
 1.89601049e-01  1.87448689e+00 
 1.89602097e-01  1.87448689e+00 
 1.89604194e-01  1.87448689e+00 
 1.89608389e-01  1.87448689e+00 
 1.89616777e-01  1.87448689e+00 
 1.89633554e-01  1.87448689e+00 
 1.89667109e-01  1.87448689e+00 
 1.89707109e-01  1.87448689e+00 
 1.89747109e-01  1.87448689e+00 
 1.89787109e-01  1.87448689e+00 
 1.89827109e-01  1.87448689e+00 
 1.89867109e-01  1.87448689e+00 
 1.89907109e-01  1.87448689e+00 
 1.89947109e-01  1.87448689e+00 
 1.89987109e-01  1.87448689e+00 
 1.89999999e-01  1.87448689e+00 
 1.89999999e-01  1.87448689e+00 
 1.89999999e-01  1.87448689e+00 
 1.90000000e-01  1.87448689e+00 
 1.90000000e-01  1.87448705e+00 
 1.90000000e-01  1.87448714e+00 
 1.90000000e-01  1.87448731e+00 
 1.90000000e-01  1.87448764e+00 
 1.90000001e-01  1.87448832e+00 
 1.90000002e-01  1.87448967e+00 
 1.90000004e-01  1.87449238e+00 
 1.90000008e-01  1.87449779e+00 
 1.90000016e-01  1.87450862e+00 
 1.90000033e-01  1.87453024e+00 
 1.90000065e-01  1.87457343e+00 
 1.90000131e-01  1.87465955e+00 
 1.90000262e-01  1.87483072e+00 
 1.90000524e-01  1.87516889e+00 
 1.90001049e-01  1.87582888e+00 
 1.90002097e-01  1.87708603e+00 
 1.90004194e-01  1.87936837e+00 
 1.90008389e-01  1.88313960e+00 
 1.90016777e-01  1.88833224e+00 
 1.90033554e-01  1.89335940e+00 
 1.90067109e-01  1.89569418e+00 
 1.90107109e-01  1.89563409e+00 
 1.90147109e-01  1.89564077e+00 
 1.90187109e-01  1.89564002e+00 
 1.90227109e-01  1.89564011e+00 
 1.90267109e-01  1.89564010e+00 
 1.90307109e-01  1.89564010e+00 
 1.90347109e-01  1.89564010e+00 
 1.90387109e-01  1.89564010e+00 
 1.90399999e-01  1.89564010e+00 
 1.90399999e-01  1.89564010e+00 
 1.90399999e-01  1.89564010e+00 
 1.90400000e-01  1.89564010e+00 
 1.90400000e-01  1.89564010e+00 
 1.90400000e-01  1.89564010e+00 
 1.90400000e-01  1.89564010e+00 
 1.90400000e-01  1.89564010e+00 
 1.90400001e-01  1.89564010e+00 
 1.90400002e-01  1.89564010e+00 
 1.90400004e-01  1.89564010e+00 
 1.90400008e-01  1.89564010e+00 
 1.90400016e-01  1.89564010e+00 
 1.90400033e-01  1.89564010e+00 
 1.90400065e-01  1.89564010e+00 
 1.90400131e-01  1.89564010e+00 
 1.90400262e-01  1.89564010e+00 
 1.90400524e-01  1.89564010e+00 
 1.90401049e-01  1.89564010e+00 
 1.90402097e-01  1.89564010e+00 
 1.90404194e-01  1.89564010e+00 
 1.90408389e-01  1.89564010e+00 
 1.90416777e-01  1.89564010e+00 
 1.90433554e-01  1.89564010e+00 
 1.90467109e-01  1.89564010e+00 
 1.90507109e-01  1.89564010e+00 
 1.90547109e-01  1.89564010e+00 
 1.90587109e-01  1.89564010e+00 
 1.90627109e-01  1.89564010e+00 
 1.90667109e-01  1.89564010e+00 
 1.90707109e-01  1.89564010e+00 
 1.90747109e-01  1.89564010e+00 
 1.90787109e-01  1.89564010e+00 
 1.90799999e-01  1.89564010e+00 
 1.90799999e-01  1.89564010e+00 
 1.90799999e-01  1.89564010e+00 
 1.90800000e-01  1.89564010e+00 
 1.90800000e-01  1.89564029e+00 
 1.90800000e-01  1.89564040e+00 
 1.90800000e-01  1.89564060e+00 
 1.90800000e-01  1.89564102e+00 
 1.90800001e-01  1.89564185e+00 
 1.90800002e-01  1.89564350e+00 
 1.90800004e-01  1.89564682e+00 
 1.90800008e-01  1.89565345e+00 
 1.90800016e-01  1.89566670e+00 
 1.90800033e-01  1.89569318e+00 
 1.90800065e-01  1.89574607e+00 
 1.90800131e-01  1.89585151e+00 
 1.90800262e-01  1.89606112e+00 
 1.90800524e-01  1.89647521e+00 
 1.90801049e-01  1.89728337e+00 
 1.90802097e-01  1.89882278e+00 
 1.90804194e-01  1.90161754e+00 
 1.90808389e-01  1.90623547e+00 
 1.90816777e-01  1.91259393e+00 
 1.90833554e-01  1.91874976e+00 
 1.90867109e-01  1.92160873e+00 
 1.90907109e-01  1.92153515e+00 
 1.90947109e-01  1.92154332e+00 
 1.90987109e-01  1.92154241e+00 
 1.91027109e-01  1.92154252e+00 
 1.91067109e-01  1.92154250e+00 
 1.91107109e-01  1.92154251e+00 
 1.91147109e-01  1.92154251e+00 
 1.91187109e-01  1.92154251e+00 
 1.91199999e-01  1.92154251e+00 
 1.91199999e-01  1.92154251e+00 
 1.91199999e-01  1.92154251e+00 
 1.91200000e-01  1.92154251e+00 
 1.91200000e-01  1.92154251e+00 
 1.91200000e-01  1.92154251e+00 
 1.91200000e-01  1.92154251e+00 
 1.91200000e-01  1.92154251e+00 
 1.91200001e-01  1.92154251e+00 
 1.91200002e-01  1.92154251e+00 
 1.91200004e-01  1.92154251e+00 
 1.91200008e-01  1.92154251e+00 
 1.91200016e-01  1.92154251e+00 
 1.91200033e-01  1.92154251e+00 
 1.91200065e-01  1.92154251e+00 
 1.91200131e-01  1.92154251e+00 
 1.91200262e-01  1.92154251e+00 
 1.91200524e-01  1.92154251e+00 
 1.91201049e-01  1.92154251e+00 
 1.91202097e-01  1.92154251e+00 
 1.91204194e-01  1.92154251e+00 
 1.91208389e-01  1.92154251e+00 
 1.91216777e-01  1.92154251e+00 
 1.91233554e-01  1.92154251e+00 
 1.91267109e-01  1.92154251e+00 
 1.91307109e-01  1.92154251e+00 
 1.91347109e-01  1.92154251e+00 
 1.91387109e-01  1.92154251e+00 
 1.91427109e-01  1.92154251e+00 
 1.91467109e-01  1.92154251e+00 
 1.91507109e-01  1.92154251e+00 
 1.91547109e-01  1.92154251e+00 
 1.91587109e-01  1.92154251e+00 
 1.91599999e-01  1.92154251e+00 
 1.91599999e-01  1.92154251e+00 
 1.91599999e-01  1.92154251e+00 
 1.91600000e-01  1.92154251e+00 
 1.91600000e-01  1.92154273e+00 
 1.91600000e-01  1.92154286e+00 
 1.91600000e-01  1.92154310e+00 
 1.91600000e-01  1.92154359e+00 
 1.91600001e-01  1.92154457e+00 
 1.91600002e-01  1.92154653e+00 
 1.91600004e-01  1.92155044e+00 
 1.91600008e-01  1.92155826e+00 
 1.91600016e-01  1.92157390e+00 
 1.91600033e-01  1.92160516e+00 
 1.91600065e-01  1.92166758e+00 
 1.91600131e-01  1.92179203e+00 
 1.91600262e-01  1.92203942e+00 
 1.91600524e-01  1.92252816e+00 
 1.91601049e-01  1.92348201e+00 
 1.91602097e-01  1.92529891e+00 
 1.91604194e-01  1.92859747e+00 
 1.91608389e-01  1.93404785e+00 
 1.91616777e-01  1.94155252e+00 
 1.91633554e-01  1.94881803e+00 
 1.91667109e-01  1.95219236e+00 
 1.91707109e-01  1.95210552e+00 
 1.91747109e-01  1.95211517e+00 
 1.91787109e-01  1.95211410e+00 
 1.91827109e-01  1.95211422e+00 
 1.91867109e-01  1.95211420e+00 
 1.91907109e-01  1.95211420e+00 
 1.91947109e-01  1.95211420e+00 
 1.91987109e-01  1.95211420e+00 
 1.91999999e-01  1.95211420e+00 
 1.91999999e-01  1.95211420e+00 
 1.91999999e-01  1.95211420e+00 
 1.92000000e-01  1.95211420e+00 
 1.92000000e-01  1.95211420e+00 
 1.92000000e-01  1.95211420e+00 
 1.92000000e-01  1.95211420e+00 
 1.92000000e-01  1.95211420e+00 
 1.92000001e-01  1.95211420e+00 
 1.92000002e-01  1.95211420e+00 
 1.92000004e-01  1.95211420e+00 
 1.92000008e-01  1.95211420e+00 
 1.92000016e-01  1.95211420e+00 
 1.92000033e-01  1.95211420e+00 
 1.92000065e-01  1.95211420e+00 
 1.92000131e-01  1.95211420e+00 
 1.92000262e-01  1.95211420e+00 
 1.92000524e-01  1.95211420e+00 
 1.92001049e-01  1.95211420e+00 
 1.92002097e-01  1.95211420e+00 
 1.92004194e-01  1.95211420e+00 
 1.92008389e-01  1.95211420e+00 
 1.92016777e-01  1.95211420e+00 
 1.92033554e-01  1.95211420e+00 
 1.92067109e-01  1.95211420e+00 
 1.92107109e-01  1.95211420e+00 
 1.92147109e-01  1.95211420e+00 
 1.92187109e-01  1.95211420e+00 
 1.92227109e-01  1.95211420e+00 
 1.92267109e-01  1.95211420e+00 
 1.92307109e-01  1.95211420e+00 
 1.92347109e-01  1.95211420e+00 
 1.92387109e-01  1.95211420e+00 
 1.92399999e-01  1.95211420e+00 
 1.92399999e-01  1.95211420e+00 
 1.92399999e-01  1.95211420e+00 
 1.92400000e-01  1.95211420e+00 
 1.92400000e-01  1.95211447e+00 
 1.92400000e-01  1.95211461e+00 
 1.92400000e-01  1.95211489e+00 
 1.92400000e-01  1.95211545e+00 
 1.92400001e-01  1.95211657e+00 
 1.92400002e-01  1.95211882e+00 
 1.92400004e-01  1.95212331e+00 
 1.92400008e-01  1.95213229e+00 
 1.92400016e-01  1.95215025e+00 
 1.92400033e-01  1.95218613e+00 
 1.92400065e-01  1.95225779e+00 
 1.92400131e-01  1.95240067e+00 
 1.92400262e-01  1.95268468e+00 
 1.92400524e-01  1.95324577e+00 
 1.92401049e-01  1.95434081e+00 
 1.92402097e-01  1.95642667e+00 
 1.92404194e-01  1.96021352e+00 
 1.92408389e-01  1.96647073e+00 
 1.92416777e-01  1.97508632e+00 
 1.92433554e-01  1.98342735e+00 
 1.92467109e-01  1.98730119e+00 
 1.92507109e-01  1.98720149e+00 
 1.92547109e-01  1.98721257e+00 
 1.92587109e-01  1.98721134e+00 
 1.92627109e-01  1.98721148e+00 
 1.92667109e-01  1.98721146e+00 
 1.92707109e-01  1.98721146e+00 
 1.92747109e-01  1.98721146e+00 
 1.92787109e-01  1.98721146e+00 
 1.92799999e-01  1.98721146e+00 
 1.92799999e-01  1.98721146e+00 
 1.92799999e-01  1.98721146e+00 
 1.92800000e-01  1.98721146e+00 
 1.92800000e-01  1.98721146e+00 
 1.92800000e-01  1.98721146e+00 
 1.92800000e-01  1.98721146e+00 
 1.92800000e-01  1.98721146e+00 
 1.92800001e-01  1.98721146e+00 
 1.92800002e-01  1.98721146e+00 
 1.92800004e-01  1.98721146e+00 
 1.92800008e-01  1.98721146e+00 
 1.92800016e-01  1.98721146e+00 
 1.92800033e-01  1.98721146e+00 
 1.92800065e-01  1.98721146e+00 
 1.92800131e-01  1.98721146e+00 
 1.92800262e-01  1.98721146e+00 
 1.92800524e-01  1.98721146e+00 
 1.92801049e-01  1.98721146e+00 
 1.92802097e-01  1.98721146e+00 
 1.92804194e-01  1.98721146e+00 
 1.92808389e-01  1.98721146e+00 
 1.92816777e-01  1.98721146e+00 
 1.92833554e-01  1.98721146e+00 
 1.92867109e-01  1.98721146e+00 
 1.92907109e-01  1.98721146e+00 
 1.92947109e-01  1.98721146e+00 
 1.92987109e-01  1.98721146e+00 
 1.93027109e-01  1.98721146e+00 
 1.93067109e-01  1.98721146e+00 
 1.93107109e-01  1.98721146e+00 
 1.93147109e-01  1.98721146e+00 
 1.93187109e-01  1.98721146e+00 
 1.93199999e-01  1.98721146e+00 
 1.93199999e-01  1.98721146e+00 
 1.93199999e-01  1.98721146e+00 
 1.93200000e-01  1.98721146e+00 
 1.93200000e-01  1.98721176e+00 
 1.93200000e-01  1.98721192e+00 
 1.93200000e-01  1.98721223e+00 
 1.93200000e-01  1.98721286e+00 
 1.93200001e-01  1.98721412e+00 
 1.93200002e-01  1.98721664e+00 
 1.93200004e-01  1.98722169e+00 
 1.93200008e-01  1.98723177e+00 
 1.93200016e-01  1.98725193e+00 
 1.93200033e-01  1.98729223e+00 
 1.93200065e-01  1.98737269e+00 
 1.93200131e-01  1.98753312e+00 
 1.93200262e-01  1.98785202e+00 
 1.93200524e-01  1.98848204e+00 
 1.93201049e-01  1.98971162e+00 
 1.93202097e-01  1.99205373e+00 
 1.93204194e-01  1.99630581e+00 
 1.93208389e-01  2.00333173e+00 
 1.93216777e-01  2.01300578e+00 
 1.93233554e-01  2.02237154e+00 
 1.93267109e-01  2.02672129e+00 
 1.93307109e-01  2.02660934e+00 
 1.93347109e-01  2.02662178e+00 
 1.93387109e-01  2.02662040e+00 
 1.93427109e-01  2.02662055e+00 
 1.93467109e-01  2.02662054e+00 
 1.93507109e-01  2.02662054e+00 
 1.93547109e-01  2.02662054e+00 
 1.93587109e-01  2.02662054e+00 
 1.93599999e-01  2.02662054e+00 
 1.93599999e-01  2.02662054e+00 
 1.93599999e-01  2.02662054e+00 
 1.93600000e-01  2.02662054e+00 
 1.93600000e-01  2.02662054e+00 
 1.93600000e-01  2.02662054e+00 
 1.93600000e-01  2.02662054e+00 
 1.93600000e-01  2.02662054e+00 
 1.93600001e-01  2.02662054e+00 
 1.93600002e-01  2.02662054e+00 
 1.93600004e-01  2.02662054e+00 
 1.93600008e-01  2.02662054e+00 
 1.93600016e-01  2.02662054e+00 
 1.93600033e-01  2.02662054e+00 
 1.93600065e-01  2.02662054e+00 
 1.93600131e-01  2.02662054e+00 
 1.93600262e-01  2.02662054e+00 
 1.93600524e-01  2.02662054e+00 
 1.93601049e-01  2.02662054e+00 
 1.93602097e-01  2.02662054e+00 
 1.93604194e-01  2.02662054e+00 
 1.93608389e-01  2.02662054e+00 
 1.93616777e-01  2.02662054e+00 
 1.93633554e-01  2.02662054e+00 
 1.93667109e-01  2.02662054e+00 
 1.93707109e-01  2.02662054e+00 
 1.93747109e-01  2.02662054e+00 
 1.93787109e-01  2.02662054e+00 
 1.93827109e-01  2.02662054e+00 
 1.93867109e-01  2.02662054e+00 
 1.93907109e-01  2.02662054e+00 
 1.93947109e-01  2.02662054e+00 
 1.93987109e-01  2.02662054e+00 
 1.93999999e-01  2.02662054e+00 
 1.93999999e-01  2.02662054e+00 
 1.93999999e-01  2.02662054e+00 
 1.94000000e-01  2.02662054e+00 
 1.94000000e-01  2.02662086e+00 
 1.94000000e-01  2.02662104e+00 
 1.94000000e-01  2.02662138e+00 
 1.94000000e-01  2.02662208e+00 
 1.94000001e-01  2.02662347e+00 
 1.94000002e-01  2.02662625e+00 
 1.94000004e-01  2.02663181e+00 
 1.94000008e-01  2.02664292e+00 
 1.94000016e-01  2.02666514e+00 
 1.94000033e-01  2.02670955e+00 
 1.94000065e-01  2.02679822e+00 
 1.94000131e-01  2.02697503e+00 
 1.94000262e-01  2.02732648e+00 
 1.94000524e-01  2.02802082e+00 
 1.94001049e-01  2.02937591e+00 
 1.94002097e-01  2.03195711e+00 
 1.94004194e-01  2.03664324e+00 
 1.94008389e-01  2.04438637e+00 
 1.94016777e-01  2.05504794e+00 
 1.94033554e-01  2.06536976e+00 
 1.94067109e-01  2.07016354e+00 
 1.94107109e-01  2.07004016e+00 
 1.94147109e-01  2.07005387e+00 
 1.94187109e-01  2.07005235e+00 
 1.94227109e-01  2.07005252e+00 
 1.94267109e-01  2.07005250e+00 
 1.94307109e-01  2.07005250e+00 
 1.94347109e-01  2.07005250e+00 
 1.94387109e-01  2.07005250e+00 
 1.94399999e-01  2.07005250e+00 
 1.94399999e-01  2.07005250e+00 
 1.94399999e-01  2.07005250e+00 
 1.94400000e-01  2.07005250e+00 
 1.94400000e-01  2.07005250e+00 
 1.94400000e-01  2.07005250e+00 
 1.94400000e-01  2.07005250e+00 
 1.94400000e-01  2.07005250e+00 
 1.94400001e-01  2.07005250e+00 
 1.94400002e-01  2.07005250e+00 
 1.94400004e-01  2.07005250e+00 
 1.94400008e-01  2.07005250e+00 
 1.94400016e-01  2.07005250e+00 
 1.94400033e-01  2.07005250e+00 
 1.94400065e-01  2.07005250e+00 
 1.94400131e-01  2.07005250e+00 
 1.94400262e-01  2.07005250e+00 
 1.94400524e-01  2.07005250e+00 
 1.94401049e-01  2.07005250e+00 
 1.94402097e-01  2.07005250e+00 
 1.94404194e-01  2.07005250e+00 
 1.94408389e-01  2.07005250e+00 
 1.94416777e-01  2.07005250e+00 
 1.94433554e-01  2.07005250e+00 
 1.94467109e-01  2.07005250e+00 
 1.94507109e-01  2.07005250e+00 
 1.94547109e-01  2.07005250e+00 
 1.94587109e-01  2.07005250e+00 
 1.94627109e-01  2.07005250e+00 
 1.94667109e-01  2.07005250e+00 
 1.94707109e-01  2.07005250e+00 
 1.94747109e-01  2.07005250e+00 
 1.94787109e-01  2.07005250e+00 
 1.94799999e-01  2.07005250e+00 
 1.94799999e-01  2.07005250e+00 
 1.94799999e-01  2.07005250e+00 
 1.94800000e-01  2.07005250e+00 
 1.94800000e-01  2.07005285e+00 
 1.94800000e-01  2.07005304e+00 
 1.94800000e-01  2.07005342e+00 
 1.94800000e-01  2.07005417e+00 
 1.94800001e-01  2.07005568e+00 
 1.94800002e-01  2.07005869e+00 
 1.94800004e-01  2.07006472e+00 
 1.94800008e-01  2.07007677e+00 
 1.94800016e-01  2.07010086e+00 
 1.94800033e-01  2.07014900e+00 
 1.94800065e-01  2.07024514e+00 
 1.94800131e-01  2.07043683e+00 
 1.94800262e-01  2.07081786e+00 
 1.94800524e-01  2.07157063e+00 
 1.94801049e-01  2.07303978e+00 
 1.94802097e-01  2.07583823e+00 
 1.94804194e-01  2.08091877e+00 
 1.94808389e-01  2.08931360e+00 
 1.94816777e-01  2.10087251e+00 
 1.94833554e-01  2.11206307e+00 
 1.94867109e-01  2.11726032e+00 
 1.94907109e-01  2.11712656e+00 
 1.94947109e-01  2.11714142e+00 
 1.94987109e-01  2.11713977e+00 
 1.95027109e-01  2.11713995e+00 
 1.95067109e-01  2.11713993e+00 
 1.95107109e-01  2.11713993e+00 
 1.95147109e-01  2.11713993e+00 
 1.95187109e-01  2.11713993e+00 
 1.95199999e-01  2.11713993e+00 
 1.95199999e-01  2.11713993e+00 
 1.95199999e-01  2.11713993e+00 
 1.95200000e-01  2.11713993e+00 
 1.95200000e-01  2.11713993e+00 
 1.95200000e-01  2.11713993e+00 
 1.95200000e-01  2.11713993e+00 
 1.95200000e-01  2.11713993e+00 
 1.95200001e-01  2.11713993e+00 
 1.95200002e-01  2.11713993e+00 
 1.95200004e-01  2.11713993e+00 
 1.95200008e-01  2.11713993e+00 
 1.95200016e-01  2.11713993e+00 
 1.95200033e-01  2.11713993e+00 
 1.95200065e-01  2.11713993e+00 
 1.95200131e-01  2.11713993e+00 
 1.95200262e-01  2.11713993e+00 
 1.95200524e-01  2.11713993e+00 
 1.95201049e-01  2.11713993e+00 
 1.95202097e-01  2.11713993e+00 
 1.95204194e-01  2.11713993e+00 
 1.95208389e-01  2.11713993e+00 
 1.95216777e-01  2.11713993e+00 
 1.95233554e-01  2.11713993e+00 
 1.95267109e-01  2.11713993e+00 
 1.95307109e-01  2.11713993e+00 
 1.95347109e-01  2.11713993e+00 
 1.95387109e-01  2.11713993e+00 
 1.95427109e-01  2.11713993e+00 
 1.95467109e-01  2.11713993e+00 
 1.95507109e-01  2.11713993e+00 
 1.95547109e-01  2.11713993e+00 
 1.95587109e-01  2.11713993e+00 
 1.95599999e-01  2.11713993e+00 
 1.95599999e-01  2.11713993e+00 
 1.95599999e-01  2.11713993e+00 
 1.95600000e-01  2.11713993e+00 
 1.95600000e-01  2.11714031e+00 
 1.95600000e-01  2.11714051e+00 
 1.95600000e-01  2.11714092e+00 
 1.95600000e-01  2.11714172e+00 
 1.95600001e-01  2.11714333e+00 
 1.95600002e-01  2.11714655e+00 
 1.95600004e-01  2.11715298e+00 
 1.95600008e-01  2.11716586e+00 
 1.95600016e-01  2.11719159e+00 
 1.95600033e-01  2.11724301e+00 
 1.95600065e-01  2.11734570e+00 
 1.95600131e-01  2.11755046e+00 
 1.95600262e-01  2.11795746e+00 
 1.95600524e-01  2.11876153e+00 
 1.95601049e-01  2.12033081e+00 
 1.95602097e-01  2.12331998e+00 
 1.95604194e-01  2.12874677e+00 
 1.95608389e-01  2.13771374e+00 
 1.95616777e-01  2.15006043e+00 
 1.95633554e-01  2.16201366e+00 
 1.95667109e-01  2.16756512e+00 
 1.95707109e-01  2.16742225e+00 
 1.95747109e-01  2.16743812e+00 
 1.95787109e-01  2.16743636e+00 
 1.95827109e-01  2.16743655e+00 
 1.95867109e-01  2.16743653e+00 
 1.95907109e-01  2.16743653e+00 
 1.95947109e-01  2.16743653e+00 
 1.95987109e-01  2.16743653e+00 
 1.95999999e-01  2.16743653e+00 
 1.95999999e-01  2.16743653e+00 
 1.95999999e-01  2.16743653e+00 
 1.96000000e-01  2.16743653e+00 
 1.96000000e-01  2.16743653e+00 
 1.96000000e-01  2.16743653e+00 
 1.96000000e-01  2.16743653e+00 
 1.96000000e-01  2.16743653e+00 
 1.96000001e-01  2.16743653e+00 
 1.96000002e-01  2.16743653e+00 
 1.96000004e-01  2.16743653e+00 
 1.96000008e-01  2.16743653e+00 
 1.96000016e-01  2.16743653e+00 
 1.96000033e-01  2.16743653e+00 
 1.96000065e-01  2.16743653e+00 
 1.96000131e-01  2.16743653e+00 
 1.96000262e-01  2.16743653e+00 
 1.96000524e-01  2.16743653e+00 
 1.96001049e-01  2.16743653e+00 
 1.96002097e-01  2.16743653e+00 
 1.96004194e-01  2.16743653e+00 
 1.96008389e-01  2.16743653e+00 
 1.96016777e-01  2.16743653e+00 
 1.96033554e-01  2.16743653e+00 
 1.96067109e-01  2.16743653e+00 
 1.96107109e-01  2.16743653e+00 
 1.96147109e-01  2.16743653e+00 
 1.96187109e-01  2.16743653e+00 
 1.96227109e-01  2.16743653e+00 
 1.96267109e-01  2.16743653e+00 
 1.96307109e-01  2.16743653e+00 
 1.96347109e-01  2.16743653e+00 
 1.96387109e-01  2.16743653e+00 
 1.96399999e-01  2.16743653e+00 
 1.96399999e-01  2.16743653e+00 
 1.96399999e-01  2.16743653e+00 
 1.96400000e-01  2.16743653e+00 
 1.96400000e-01  2.16743693e+00 
 1.96400000e-01  2.16743714e+00 
 1.96400000e-01  2.16743757e+00 
 1.96400000e-01  2.16743842e+00 
 1.96400001e-01  2.16744011e+00 
 1.96400002e-01  2.16744350e+00 
 1.96400004e-01  2.16745028e+00 
 1.96400008e-01  2.16746384e+00 
 1.96400016e-01  2.16749095e+00 
 1.96400033e-01  2.16754512e+00 
 1.96400065e-01  2.16765330e+00 
 1.96400131e-01  2.16786899e+00 
 1.96400262e-01  2.16829774e+00 
 1.96400524e-01  2.16914478e+00 
 1.96401049e-01  2.17079790e+00 
 1.96402097e-01  2.17394680e+00 
 1.96404194e-01  2.17966356e+00 
 1.96408389e-01  2.18910967e+00 
 1.96416777e-01  2.20211608e+00 
 1.96433554e-01  2.21470801e+00 
 1.96467109e-01  2.22055610e+00 
 1.96507109e-01  2.22040559e+00 
 1.96547109e-01  2.22042232e+00 
 1.96587109e-01  2.22042046e+00 
 1.96627109e-01  2.22042066e+00 
 1.96667109e-01  2.22042064e+00 
 1.96707109e-01  2.22042064e+00 
 1.96747109e-01  2.22042064e+00 
 1.96787109e-01  2.22042064e+00 
 1.96799999e-01  2.22042064e+00 
 1.96799999e-01  2.22042064e+00 
 1.96799999e-01  2.22042064e+00 
 1.96800000e-01  2.22042064e+00 
 1.96800000e-01  2.22042064e+00 
 1.96800000e-01  2.22042064e+00 
 1.96800000e-01  2.22042064e+00 
 1.96800000e-01  2.22042064e+00 
 1.96800001e-01  2.22042064e+00 
 1.96800002e-01  2.22042064e+00 
 1.96800004e-01  2.22042064e+00 
 1.96800008e-01  2.22042064e+00 
 1.96800016e-01  2.22042064e+00 
 1.96800033e-01  2.22042064e+00 
 1.96800065e-01  2.22042064e+00 
 1.96800131e-01  2.22042064e+00 
 1.96800262e-01  2.22042064e+00 
 1.96800524e-01  2.22042064e+00 
 1.96801049e-01  2.22042064e+00 
 1.96802097e-01  2.22042064e+00 
 1.96804194e-01  2.22042064e+00 
 1.96808389e-01  2.22042064e+00 
 1.96816777e-01  2.22042064e+00 
 1.96833554e-01  2.22042064e+00 
 1.96867109e-01  2.22042064e+00 
 1.96907109e-01  2.22042064e+00 
 1.96947109e-01  2.22042064e+00 
 1.96987109e-01  2.22042064e+00 
 1.97027109e-01  2.22042064e+00 
 1.97067109e-01  2.22042064e+00 
 1.97107109e-01  2.22042064e+00 
 1.97147109e-01  2.22042064e+00 
 1.97187109e-01  2.22042064e+00 
 1.97199999e-01  2.22042064e+00 
 1.97199999e-01  2.22042064e+00 
 1.97199999e-01  2.22042064e+00 
 1.97200000e-01  2.22042064e+00 
 1.97200000e-01  2.22042106e+00 
 1.97200000e-01  2.22042128e+00 
 1.97200000e-01  2.22042172e+00 
 1.97200000e-01  2.22042260e+00 
 1.97200001e-01  2.22042436e+00 
 1.97200002e-01  2.22042789e+00 
 1.97200004e-01  2.22043493e+00 
 1.97200008e-01  2.22044903e+00 
 1.97200016e-01  2.22047721e+00 
 1.97200033e-01  2.22053353e+00 
 1.97200065e-01  2.22064599e+00 
 1.97200131e-01  2.22087023e+00 
 1.97200262e-01  2.22131596e+00 
 1.97200524e-01  2.22219656e+00 
 1.97201049e-01  2.22391517e+00 
 1.97202097e-01  2.22718880e+00 
 1.97204194e-01  2.23313202e+00 
 1.97208389e-01  2.24295232e+00 
 1.97216777e-01  2.25647396e+00 
 1.97233554e-01  2.26956469e+00 
 1.97267109e-01  2.27564444e+00 
 1.97307109e-01  2.27548797e+00 
 1.97347109e-01  2.27550535e+00 
 1.97387109e-01  2.27550342e+00 
 1.97427109e-01  2.27550364e+00 
 1.97467109e-01  2.27550361e+00 
 1.97507109e-01  2.27550362e+00 
 1.97547109e-01  2.27550362e+00 
 1.97587109e-01  2.27550362e+00 
 1.97599999e-01  2.27550362e+00 
 1.97599999e-01  2.27550362e+00 
 1.97599999e-01  2.27550362e+00 
 1.97600000e-01  2.27550362e+00 
 1.97600000e-01  2.27550362e+00 
 1.97600000e-01  2.27550362e+00 
 1.97600000e-01  2.27550362e+00 
 1.97600000e-01  2.27550362e+00 
 1.97600001e-01  2.27550362e+00 
 1.97600002e-01  2.27550362e+00 
 1.97600004e-01  2.27550362e+00 
 1.97600008e-01  2.27550362e+00 
 1.97600016e-01  2.27550362e+00 
 1.97600033e-01  2.27550362e+00 
 1.97600065e-01  2.27550362e+00 
 1.97600131e-01  2.27550362e+00 
 1.97600262e-01  2.27550362e+00 
 1.97600524e-01  2.27550362e+00 
 1.97601049e-01  2.27550362e+00 
 1.97602097e-01  2.27550362e+00 
 1.97604194e-01  2.27550362e+00 
 1.97608389e-01  2.27550362e+00 
 1.97616777e-01  2.27550362e+00 
 1.97633554e-01  2.27550362e+00 
 1.97667109e-01  2.27550362e+00 
 1.97707109e-01  2.27550362e+00 
 1.97747109e-01  2.27550362e+00 
 1.97787109e-01  2.27550362e+00 
 1.97827109e-01  2.27550362e+00 
 1.97867109e-01  2.27550362e+00 
 1.97907109e-01  2.27550362e+00 
 1.97947109e-01  2.27550362e+00 
 1.97987109e-01  2.27550362e+00 
 1.97999999e-01  2.27550362e+00 
 1.97999999e-01  2.27550362e+00 
 1.97999999e-01  2.27550362e+00 
 1.98000000e-01  2.27550362e+00 
 1.98000000e-01  2.27550404e+00 
 1.98000000e-01  2.27550427e+00 
 1.98000000e-01  2.27550472e+00 
 1.98000000e-01  2.27550562e+00 
 1.98000001e-01  2.27550743e+00 
 1.98000002e-01  2.27551105e+00 
 1.98000004e-01  2.27551829e+00 
 1.98000008e-01  2.27553275e+00 
 1.98000016e-01  2.27556168e+00 
 1.98000033e-01  2.27561949e+00 
 1.98000065e-01  2.27573493e+00 
 1.98000131e-01  2.27596509e+00 
 1.98000262e-01  2.27642261e+00 
 1.98000524e-01  2.27732650e+00 
 1.98001049e-01  2.27909057e+00 
 1.98002097e-01  2.28245078e+00 
 1.98004194e-01  2.28855120e+00 
 1.98008389e-01  2.29863123e+00 
 1.98016777e-01  2.31251051e+00 
 1.98033554e-01  2.32594749e+00 
 1.98067109e-01  2.33218804e+00 
 1.98107109e-01  2.33202743e+00 
 1.98147109e-01  2.33204528e+00 
 1.98187109e-01  2.33204330e+00 
 1.98227109e-01  2.33204352e+00 
 1.98267109e-01  2.33204349e+00 
 1.98307109e-01  2.33204349e+00 
 1.98347109e-01  2.33204349e+00 
 1.98387109e-01  2.33204349e+00 
 1.98399999e-01  2.33204349e+00 
 1.98399999e-01  2.33204349e+00 
 1.98399999e-01  2.33204349e+00 
 1.98400000e-01  2.33204349e+00 
 1.98400000e-01  2.33204349e+00 
 1.98400000e-01  2.33204349e+00 
 1.98400000e-01  2.33204349e+00 
 1.98400000e-01  2.33204349e+00 
 1.98400001e-01  2.33204349e+00 
 1.98400002e-01  2.33204349e+00 
 1.98400004e-01  2.33204349e+00 
 1.98400008e-01  2.33204349e+00 
 1.98400016e-01  2.33204349e+00 
 1.98400033e-01  2.33204349e+00 
 1.98400065e-01  2.33204349e+00 
 1.98400131e-01  2.33204349e+00 
 1.98400262e-01  2.33204349e+00 
 1.98400524e-01  2.33204349e+00 
 1.98401049e-01  2.33204349e+00 
 1.98402097e-01  2.33204349e+00 
 1.98404194e-01  2.33204349e+00 
 1.98408389e-01  2.33204349e+00 
 1.98416777e-01  2.33204349e+00 
 1.98433554e-01  2.33204349e+00 
 1.98467109e-01  2.33204349e+00 
 1.98507109e-01  2.33204349e+00 
 1.98547109e-01  2.33204349e+00 
 1.98587109e-01  2.33204349e+00 
 1.98627109e-01  2.33204349e+00 
 1.98667109e-01  2.33204349e+00 
 1.98707109e-01  2.33204349e+00 
 1.98747109e-01  2.33204349e+00 
 1.98787109e-01  2.33204349e+00 
 1.98799999e-01  2.33204349e+00 
 1.98799999e-01  2.33204349e+00 
 1.98799999e-01  2.33204349e+00 
 1.98800000e-01  2.33204349e+00 
 1.98800000e-01  2.33204392e+00 
 1.98800000e-01  2.33204415e+00 
 1.98800000e-01  2.33204461e+00 
 1.98800000e-01  2.33204553e+00 
 1.98800001e-01  2.33204736e+00 
 1.98800002e-01  2.33205103e+00 
 1.98800004e-01  2.33205837e+00 
 1.98800008e-01  2.33207304e+00 
 1.98800016e-01  2.33210236e+00 
 1.98800033e-01  2.33216097e+00 
 1.98800065e-01  2.33227800e+00 
 1.98800131e-01  2.33251134e+00 
 1.98800262e-01  2.33297518e+00 
 1.98800524e-01  2.33389155e+00 
 1.98801049e-01  2.33567996e+00 
 1.98802097e-01  2.33908656e+00 
 1.98804194e-01  2.34527119e+00 
 1.98808389e-01  2.35549038e+00 
 1.98816777e-01  2.36956125e+00 
 1.98833554e-01  2.38318371e+00 
 1.98867109e-01  2.38951042e+00 
 1.98907109e-01  2.38934759e+00 
 1.98947109e-01  2.38936568e+00 
 1.98987109e-01  2.38936367e+00 
 1.99027109e-01  2.38936390e+00 
 1.99067109e-01  2.38936387e+00 
 1.99107109e-01  2.38936388e+00 
 1.99147109e-01  2.38936388e+00 
 1.99187109e-01  2.38936388e+00 
 1.99199999e-01  2.38936388e+00 
 1.99199999e-01  2.38936388e+00 
 1.99199999e-01  2.38936388e+00 
 1.99200000e-01  2.38936388e+00 
 1.99200000e-01  2.38936388e+00 
 1.99200000e-01  2.38936388e+00 
 1.99200000e-01  2.38936388e+00 
 1.99200000e-01  2.38936388e+00 
 1.99200001e-01  2.38936388e+00 
 1.99200002e-01  2.38936388e+00 
 1.99200004e-01  2.38936388e+00 
 1.99200008e-01  2.38936388e+00 
 1.99200016e-01  2.38936388e+00 
 1.99200033e-01  2.38936388e+00 
 1.99200065e-01  2.38936388e+00 
 1.99200131e-01  2.38936388e+00 
 1.99200262e-01  2.38936388e+00 
 1.99200524e-01  2.38936388e+00 
 1.99201049e-01  2.38936388e+00 
 1.99202097e-01  2.38936388e+00 
 1.99204194e-01  2.38936388e+00 
 1.99208389e-01  2.38936388e+00 
 1.99216777e-01  2.38936388e+00 
 1.99233554e-01  2.38936388e+00 
 1.99267109e-01  2.38936388e+00 
 1.99307109e-01  2.38936388e+00 
 1.99347109e-01  2.38936388e+00 
 1.99387109e-01  2.38936388e+00 
 1.99427109e-01  2.38936388e+00 
 1.99467109e-01  2.38936388e+00 
 1.99507109e-01  2.38936388e+00 
 1.99547109e-01  2.38936388e+00 
 1.99587109e-01  2.38936388e+00 
 1.99599999e-01  2.38936388e+00 
 1.99599999e-01  2.38936388e+00 
 1.99599999e-01  2.38936388e+00 
 1.99600000e-01  2.38936388e+00 
 1.99600000e-01  2.38936431e+00 
 1.99600000e-01  2.38936454e+00 
 1.99600000e-01  2.38936500e+00 
 1.99600000e-01  2.38936591e+00 
 1.99600001e-01  2.38936775e+00 
 1.99600002e-01  2.38937142e+00 
 1.99600004e-01  2.38937877e+00 
 1.99600008e-01  2.38939346e+00 
 1.99600016e-01  2.38942284e+00 
 1.99600033e-01  2.38948154e+00 
 1.99600065e-01  2.38959876e+00 
 1.99600131e-01  2.38983248e+00 
 1.99600262e-01  2.39029707e+00 
 1.99600524e-01  2.39121492e+00 
 1.99601049e-01  2.39300623e+00 
 1.99602097e-01  2.39641835e+00 
 1.99604194e-01  2.40261299e+00 
 1.99608389e-01  2.41284872e+00 
 1.99616777e-01  2.42694237e+00 
 1.99633554e-01  2.44058689e+00 
 1.99667109e-01  2.44692384e+00 
 1.99707109e-01  2.44676075e+00 
 1.99747109e-01  2.44677887e+00 
 1.99787109e-01  2.44677686e+00 
 1.99827109e-01  2.44677708e+00 
 1.99867109e-01  2.44677706e+00 
 1.99907109e-01  2.44677706e+00 
 1.99947109e-01  2.44677706e+00 
 1.99987109e-01  2.44677706e+00 
 1.99999999e-01  2.44677706e+00 
 1.99999999e-01  2.44677706e+00 
 1.99999999e-01  2.44677706e+00 
 2.00000000e-01  2.44677706e+00 
 2.00000000e-01  2.44677706e+00 
 2.00000000e-01  2.44677706e+00 
 2.00000000e-01  2.44677706e+00 
 2.00000000e-01  2.44677706e+00 
 2.00000001e-01  2.44677706e+00 
 2.00000002e-01  2.44677706e+00 
 2.00000004e-01  2.44677706e+00 
 2.00000008e-01  2.44677706e+00 
 2.00000016e-01  2.44677706e+00 
 2.00000033e-01  2.44677706e+00 
 2.00000065e-01  2.44677706e+00 
 2.00000131e-01  2.44677706e+00 
 2.00000262e-01  2.44677706e+00 
 2.00000524e-01  2.44677706e+00 
 2.00001049e-01  2.44677706e+00 
 2.00002097e-01  2.44677706e+00 
 2.00004194e-01  2.44677706e+00 
 2.00008389e-01  2.44677706e+00 
 2.00016777e-01  2.44677706e+00 
 2.00033554e-01  2.44677706e+00 
 2.00067109e-01  2.44677706e+00 
 2.00107109e-01  2.44677706e+00 
 2.00147109e-01  2.44677706e+00 
 2.00187109e-01  2.44677706e+00 
 2.00227109e-01  2.44677706e+00 
 2.00267109e-01  2.44677706e+00 
 2.00307109e-01  2.44677706e+00 
 2.00347109e-01  2.44677706e+00 
 2.00387109e-01  2.44677706e+00 
 2.00399999e-01  2.44677706e+00 
 2.00399999e-01  2.44677706e+00 
 2.00399999e-01  2.44677706e+00 
 2.00400000e-01  2.44677706e+00 
 2.00400000e-01  2.44677749e+00 
 2.00400000e-01  2.44677771e+00 
 2.00400000e-01  2.44677817e+00 
 2.00400000e-01  2.44677908e+00 
 2.00400001e-01  2.44678090e+00 
 2.00400002e-01  2.44678453e+00 
 2.00400004e-01  2.44679181e+00 
 2.00400008e-01  2.44680635e+00 
 2.00400016e-01  2.44683543e+00 
 2.00400033e-01  2.44689353e+00 
 2.00400065e-01  2.44700957e+00 
 2.00400131e-01  2.44724093e+00 
 2.00400262e-01  2.44770082e+00 
 2.00400524e-01  2.44860939e+00 
 2.00401049e-01  2.45038259e+00 
 2.00402097e-01  2.45376021e+00 
 2.00404194e-01  2.45989223e+00 
 2.00408389e-01  2.47002448e+00 
 2.00416777e-01  2.48397566e+00 
 2.00433554e-01  2.49748224e+00 
 2.00467109e-01  2.50375512e+00 
 2.00507109e-01  2.50359368e+00 
 2.00547109e-01  2.50361162e+00 
 2.00587109e-01  2.50360962e+00 
 2.00627109e-01  2.50360985e+00 
 2.00667109e-01  2.50360982e+00 
 2.00707109e-01  2.50360982e+00 
 2.00747109e-01  2.50360982e+00 
 2.00787109e-01  2.50360982e+00 
 2.00799999e-01  2.50360982e+00 
 2.00799999e-01  2.50360982e+00 
 2.00799999e-01  2.50360982e+00 
 2.00800000e-01  2.50360982e+00 
 2.00800000e-01  2.50360982e+00 
