 4.00000000e-07  3.62481922e-02 
 8.00000000e-07  3.62481922e-02 
 1.60000000e-06  3.62481922e-02 
 3.20000000e-06  3.62481922e-02 
 6.40000000e-06  3.62481922e-02 
 1.28000000e-05  3.62481922e-02 
 2.56000000e-05  3.62481922e-02 
 4.00000000e-05  3.62481922e-02 
 4.16569840e-05  3.62481922e-02 
 4.49709519e-05  3.62481922e-02 
 5.15988878e-05  3.62481922e-02 
 6.48547596e-05  3.62481922e-02 
 9.13665032e-05  3.62481922e-02 
 1.31366503e-04  3.62481922e-02 
 1.71366503e-04  3.62481922e-02 
 2.11366503e-04  3.62481922e-02 
 2.51366503e-04  3.62481922e-02 
 2.91366503e-04  3.62481922e-02 
 3.31366503e-04  3.62481922e-02 
 3.71366503e-04  3.62481922e-02 
 3.99999200e-04  3.62481922e-02 
 3.99999280e-04  3.62481922e-02 
 3.99999440e-04  3.62481922e-02 
 3.99999760e-04  3.62483904e-02 
 4.00000000e-04  3.62486878e-02 
 4.00000064e-04  3.62487671e-02 
 4.00000192e-04  3.62489257e-02 
 4.00000448e-04  3.62492428e-02 
 4.00000960e-04  3.62498771e-02 
 4.00001984e-04  3.62511457e-02 
 4.00004032e-04  3.62536826e-02 
 4.00008128e-04  3.62587555e-02 
 4.00016320e-04  3.62688972e-02 
 4.00032704e-04  3.62891652e-02 
 4.00065472e-04  3.63296390e-02 
 4.00131008e-04  3.64103384e-02 
 4.00262080e-04  3.65707496e-02 
 4.00524224e-04  3.68876617e-02 
 4.01048512e-04  3.75061602e-02 
 4.02097088e-04  3.86842855e-02 
 4.04194240e-04  4.08231535e-02 
 4.08388544e-04  4.43573143e-02 
 4.16777152e-04  4.92235282e-02 
 4.32924103e-04  5.38170377e-02 
 4.50184252e-04  5.53972510e-02 
 4.75101805e-04  5.59880278e-02 
 5.05622571e-04  5.60700011e-02 
 5.45622571e-04  5.60722083e-02 
 5.85622571e-04  5.60719631e-02 
 6.25622571e-04  5.60719903e-02 
 6.65622571e-04  5.60719873e-02 
 7.05622571e-04  5.60719876e-02 
 7.45622571e-04  5.60719876e-02 
 7.85622571e-04  5.60719876e-02 
 7.99999200e-04  5.60719876e-02 
 7.99999280e-04  5.60719876e-02 
 7.99999440e-04  5.60719876e-02 
 7.99999760e-04  5.60719876e-02 
 8.00000000e-04  5.60719876e-02 
 8.00000064e-04  5.60719876e-02 
 8.00000192e-04  5.60719876e-02 
 8.00000448e-04  5.60719876e-02 
 8.00000960e-04  5.60719876e-02 
 8.00001984e-04  5.60719876e-02 
 8.00004032e-04  5.60719876e-02 
 8.00008128e-04  5.60719876e-02 
 8.00016320e-04  5.60719876e-02 
 8.00032704e-04  5.60719876e-02 
 8.00065472e-04  5.60719876e-02 
 8.00131008e-04  5.60719876e-02 
 8.00262080e-04  5.60719876e-02 
 8.00524224e-04  5.60719876e-02 
 8.01048512e-04  5.60719876e-02 
 8.02097088e-04  5.60719876e-02 
 8.04194240e-04  5.60719876e-02 
 8.08388544e-04  5.60719876e-02 
 8.16777152e-04  5.60719876e-02 
 8.33554368e-04  5.60719876e-02 
 8.61375292e-04  5.60719876e-02 
 8.94447778e-04  5.60719876e-02 
 9.34447778e-04  5.60719876e-02 
 9.74447778e-04  5.60719876e-02 
 1.01444778e-03  5.60719876e-02 
 1.05444778e-03  5.60719876e-02 
 1.09444778e-03  5.60719876e-02 
 1.13444778e-03  5.60719876e-02 
 1.17444778e-03  5.60719876e-02 
 1.19999920e-03  5.60719876e-02 
 1.19999928e-03  5.60719876e-02 
 1.19999944e-03  5.60719876e-02 
 1.19999976e-03  5.60719876e-02 
 1.20000000e-03  5.60720853e-02 
 1.20000006e-03  5.60721374e-02 
 1.20000019e-03  5.60722416e-02 
 1.20000045e-03  5.60724500e-02 
 1.20000096e-03  5.60728668e-02 
 1.20000198e-03  5.60737004e-02 
 1.20000403e-03  5.60753675e-02 
 1.20000813e-03  5.60787009e-02 
 1.20001632e-03  5.60853652e-02 
 1.20003270e-03  5.60986836e-02 
 1.20006547e-03  5.61252795e-02 
 1.20013101e-03  5.61783083e-02 
 1.20026208e-03  5.62837169e-02 
 1.20052422e-03  5.64919645e-02 
 1.20104851e-03  5.68983890e-02 
 1.20209709e-03  5.76725525e-02 
 1.20419424e-03  5.90780343e-02 
 1.20838854e-03  6.14003836e-02 
 1.21677715e-03  6.45980446e-02 
 1.23355437e-03  6.76938025e-02 
 1.26137529e-03  6.90001527e-02 
 1.29444778e-03  6.90998855e-02 
 1.33444778e-03  6.90980887e-02 
 1.37444778e-03  6.90982883e-02 
 1.41444778e-03  6.90982662e-02 
 1.45444778e-03  6.90982686e-02 
 1.49444778e-03  6.90982684e-02 
 1.53444778e-03  6.90982684e-02 
 1.57444778e-03  6.90982684e-02 
 1.59999920e-03  6.90982684e-02 
 1.59999928e-03  6.90982684e-02 
 1.59999944e-03  6.90982684e-02 
 1.59999976e-03  6.90982684e-02 
 1.60000000e-03  6.90982684e-02 
 1.60000006e-03  6.90982684e-02 
 1.60000019e-03  6.90982684e-02 
 1.60000045e-03  6.90982684e-02 
 1.60000096e-03  6.90982684e-02 
 1.60000198e-03  6.90982684e-02 
 1.60000403e-03  6.90982684e-02 
 1.60000813e-03  6.90982684e-02 
 1.60001632e-03  6.90982684e-02 
 1.60003270e-03  6.90982684e-02 
 1.60006547e-03  6.90982684e-02 
 1.60013101e-03  6.90982684e-02 
 1.60026208e-03  6.90982684e-02 
 1.60052422e-03  6.90982684e-02 
 1.60104851e-03  6.90982684e-02 
 1.60209709e-03  6.90982684e-02 
 1.60419424e-03  6.90982684e-02 
 1.60838854e-03  6.90982684e-02 
 1.61677715e-03  6.90982684e-02 
 1.63355437e-03  6.90982684e-02 
 1.66710880e-03  6.90982684e-02 
 1.70710880e-03  6.90982684e-02 
 1.74710880e-03  6.90982684e-02 
 1.78710880e-03  6.90982684e-02 
 1.82710880e-03  6.90982684e-02 
 1.86710880e-03  6.90982684e-02 
 1.90710880e-03  6.90982684e-02 
 1.94710880e-03  6.90982684e-02 
 1.98710880e-03  6.90982684e-02 
 1.99999920e-03  6.90982684e-02 
 1.99999928e-03  6.90982684e-02 
 1.99999944e-03  6.90982684e-02 
 1.99999976e-03  6.90982684e-02 
 2.00000000e-03  6.90983148e-02 
 2.00000006e-03  6.90983395e-02 
 2.00000019e-03  6.90983890e-02 
 2.00000045e-03  6.90984879e-02 
 2.00000096e-03  6.90986858e-02 
 2.00000198e-03  6.90990815e-02 
 2.00000403e-03  6.90998729e-02 
 2.00000813e-03  6.91014554e-02 
 2.00001632e-03  6.91046191e-02 
 2.00003270e-03  6.91109416e-02 
 2.00006547e-03  6.91235673e-02 
 2.00013101e-03  6.91487413e-02 
 2.00026208e-03  6.91987813e-02 
 2.00052422e-03  6.92976414e-02 
 2.00104851e-03  6.94905807e-02 
 2.00209709e-03  6.98580945e-02 
 2.00419424e-03  7.05253100e-02 
 2.00838854e-03  7.16277842e-02 
 2.01677715e-03  7.31457897e-02 
 2.03355437e-03  7.46154194e-02 
 2.06710880e-03  7.52979623e-02 
 2.10710880e-03  7.52803960e-02 
 2.14710880e-03  7.52823478e-02 
 2.18710880e-03  7.52821309e-02 
 2.22710880e-03  7.52821550e-02 
 2.26710880e-03  7.52821524e-02 
 2.30710880e-03  7.52821527e-02 
 2.34710880e-03  7.52821526e-02 
 2.38710880e-03  7.52821526e-02 
 2.39999920e-03  7.52821526e-02 
 2.39999928e-03  7.52821526e-02 
 2.39999944e-03  7.52821526e-02 
 2.39999976e-03  7.52821526e-02 
 2.40000000e-03  7.52821526e-02 
 2.40000006e-03  7.52821526e-02 
 2.40000019e-03  7.52821526e-02 
 2.40000045e-03  7.52821526e-02 
 2.40000096e-03  7.52821526e-02 
 2.40000198e-03  7.52821526e-02 
 2.40000403e-03  7.52821526e-02 
 2.40000813e-03  7.52821526e-02 
 2.40001632e-03  7.52821526e-02 
 2.40003270e-03  7.52821526e-02 
 2.40006547e-03  7.52821526e-02 
 2.40013101e-03  7.52821526e-02 
 2.40026208e-03  7.52821526e-02 
 2.40052422e-03  7.52821526e-02 
 2.40104851e-03  7.52821526e-02 
 2.40209709e-03  7.52821526e-02 
 2.40419424e-03  7.52821526e-02 
 2.40838854e-03  7.52821526e-02 
 2.41677715e-03  7.52821526e-02 
 2.43355437e-03  7.52821526e-02 
 2.46710880e-03  7.52821526e-02 
 2.50710880e-03  7.52821526e-02 
 2.54710880e-03  7.52821526e-02 
 2.58710880e-03  7.52821526e-02 
 2.62710880e-03  7.52821526e-02 
 2.66710880e-03  7.52821526e-02 
 2.70710880e-03  7.52821526e-02 
 2.74710880e-03  7.52821526e-02 
 2.78710880e-03  7.52821526e-02 
 2.79999920e-03  7.52821526e-02 
 2.79999928e-03  7.52821526e-02 
 2.79999944e-03  7.52821526e-02 
 2.79999976e-03  7.52821526e-02 
 2.80000000e-03  7.52821704e-02 
 2.80000006e-03  7.52821799e-02 
 2.80000019e-03  7.52821989e-02 
 2.80000045e-03  7.52822369e-02 
 2.80000096e-03  7.52823128e-02 
 2.80000198e-03  7.52824647e-02 
 2.80000403e-03  7.52827684e-02 
 2.80000813e-03  7.52833757e-02 
 2.80001632e-03  7.52845898e-02 
 2.80003270e-03  7.52870163e-02 
 2.80006547e-03  7.52918617e-02 
 2.80013101e-03  7.53015228e-02 
 2.80026208e-03  7.53207268e-02 
 2.80052422e-03  7.53586666e-02 
 2.80104851e-03  7.54327115e-02 
 2.80209709e-03  7.55737533e-02 
 2.80419424e-03  7.58298125e-02 
 2.80838854e-03  7.62529123e-02 
 2.81677715e-03  7.68354816e-02 
 2.83355437e-03  7.73994857e-02 
 2.86710880e-03  7.76614271e-02 
 2.90710880e-03  7.76546857e-02 
 2.94710880e-03  7.76554347e-02 
 2.98710880e-03  7.76553515e-02 
 3.02710880e-03  7.76553607e-02 
 3.06710880e-03  7.76553597e-02 
 3.10710880e-03  7.76553598e-02 
 3.14710880e-03  7.76553598e-02 
 3.18710880e-03  7.76553598e-02 
 3.19999920e-03  7.76553598e-02 
 3.19999928e-03  7.76553598e-02 
 3.19999944e-03  7.76553598e-02 
 3.19999976e-03  7.76553598e-02 
 3.20000000e-03  7.76553598e-02 
 3.20000006e-03  7.76553598e-02 
 3.20000019e-03  7.76553598e-02 
 3.20000045e-03  7.76553598e-02 
 3.20000096e-03  7.76553598e-02 
 3.20000198e-03  7.76553598e-02 
 3.20000403e-03  7.76553598e-02 
 3.20000813e-03  7.76553598e-02 
 3.20001632e-03  7.76553598e-02 
 3.20003270e-03  7.76553598e-02 
 3.20006547e-03  7.76553598e-02 
 3.20013101e-03  7.76553598e-02 
 3.20026208e-03  7.76553598e-02 
 3.20052422e-03  7.76553598e-02 
 3.20104851e-03  7.76553598e-02 
 3.20209709e-03  7.76553598e-02 
 3.20419424e-03  7.76553598e-02 
 3.20838854e-03  7.76553598e-02 
 3.21677715e-03  7.76553598e-02 
 3.23355437e-03  7.76553598e-02 
 3.26710880e-03  7.76553598e-02 
 3.30710880e-03  7.76553598e-02 
 3.34710880e-03  7.76553598e-02 
 3.38710880e-03  7.76553598e-02 
 3.42710880e-03  7.76553598e-02 
 3.46710880e-03  7.76553598e-02 
 3.50710880e-03  7.76553598e-02 
 3.54710880e-03  7.76553598e-02 
 3.58710880e-03  7.76553598e-02 
 3.59999920e-03  7.76553598e-02 
 3.59999928e-03  7.76553598e-02 
 3.59999944e-03  7.76553598e-02 
 3.59999976e-03  7.76553598e-02 
 3.60000000e-03  7.76553627e-02 
 3.60000006e-03  7.76553643e-02 
 3.60000019e-03  7.76553673e-02 
 3.60000045e-03  7.76553735e-02 
 3.60000096e-03  7.76553859e-02 
 3.60000198e-03  7.76554105e-02 
 3.60000403e-03  7.76554599e-02 
 3.60000813e-03  7.76555586e-02 
 3.60001632e-03  7.76557560e-02 
 3.60003270e-03  7.76561504e-02 
 3.60006547e-03  7.76569380e-02 
 3.60013101e-03  7.76585084e-02 
 3.60026208e-03  7.76616301e-02 
 3.60052422e-03  7.76677972e-02 
 3.60104851e-03  7.76798332e-02 
 3.60209709e-03  7.77027597e-02 
 3.60419424e-03  7.77443822e-02 
 3.60838854e-03  7.78131573e-02 
 3.61677715e-03  7.79078543e-02 
 3.63355437e-03  7.79995334e-02 
 3.66710880e-03  7.80421122e-02 
 3.70710880e-03  7.80410163e-02 
 3.74710880e-03  7.80411381e-02 
 3.78710880e-03  7.80411246e-02 
 3.82710880e-03  7.80411261e-02 
 3.86710880e-03  7.80411259e-02 
 3.90710880e-03  7.80411259e-02 
 3.94710880e-03  7.80411259e-02 
 3.98710880e-03  7.80411259e-02 
 3.99999920e-03  7.80411259e-02 
 3.99999928e-03  7.80411259e-02 
 3.99999944e-03  7.80411259e-02 
 3.99999976e-03  7.80411259e-02 
 4.00000000e-03  7.80411259e-02 
 4.00000006e-03  7.80411259e-02 
 4.00000019e-03  7.80411259e-02 
 4.00000045e-03  7.80411259e-02 
 4.00000096e-03  7.80411259e-02 
 4.00000198e-03  7.80411259e-02 
 4.00000403e-03  7.80411259e-02 
 4.00000813e-03  7.80411259e-02 
 4.00001632e-03  7.80411259e-02 
 4.00003270e-03  7.80411259e-02 
 4.00006547e-03  7.80411259e-02 
 4.00013101e-03  7.80411259e-02 
 4.00026208e-03  7.80411259e-02 
 4.00052422e-03  7.80411259e-02 
 4.00104851e-03  7.80411259e-02 
 4.00209709e-03  7.80411259e-02 
 4.00419424e-03  7.80411259e-02 
 4.00838854e-03  7.80411259e-02 
 4.01677715e-03  7.80411259e-02 
 4.03355437e-03  7.80411259e-02 
 4.06710880e-03  7.80411259e-02 
 4.10710880e-03  7.80411259e-02 
 4.14710880e-03  7.80411259e-02 
 4.18710880e-03  7.80411259e-02 
 4.22710880e-03  7.80411259e-02 
 4.26710880e-03  7.80411259e-02 
 4.30710880e-03  7.80411259e-02 
 4.34710880e-03  7.80411259e-02 
 4.38710880e-03  7.80411259e-02 
 4.39999920e-03  7.80411259e-02 
 4.39999928e-03  7.80411259e-02 
 4.39999944e-03  7.80411259e-02 
 4.39999976e-03  7.80411259e-02 
 4.40000000e-03  7.80411209e-02 
 4.40000006e-03  7.80411183e-02 
 4.40000019e-03  7.80411130e-02 
 4.40000045e-03  7.80411024e-02 
 4.40000096e-03  7.80410812e-02 
 4.40000198e-03  7.80410388e-02 
 4.40000403e-03  7.80409541e-02 
 4.40000813e-03  7.80407847e-02 
 4.40001632e-03  7.80404459e-02 
 4.40003270e-03  7.80397689e-02 
 4.40006547e-03  7.80384170e-02 
 4.40013101e-03  7.80357215e-02 
 4.40026208e-03  7.80303635e-02 
 4.40052422e-03  7.80197780e-02 
 4.40104851e-03  7.79991189e-02 
 4.40209709e-03  7.79597673e-02 
 4.40419424e-03  7.78883250e-02 
 4.40838854e-03  7.77702772e-02 
 4.41677715e-03  7.76077363e-02 
 4.43355437e-03  7.74503752e-02 
 4.46710880e-03  7.73772917e-02 
 4.50710880e-03  7.73791726e-02 
 4.54710880e-03  7.73789636e-02 
 4.58710880e-03  7.73789868e-02 
 4.62710880e-03  7.73789842e-02 
 4.66710880e-03  7.73789845e-02 
 4.70710880e-03  7.73789845e-02 
 4.74710880e-03  7.73789845e-02 
 4.78710880e-03  7.73789845e-02 
 4.79999920e-03  7.73789845e-02 
 4.79999928e-03  7.73789845e-02 
 4.79999944e-03  7.73789845e-02 
 4.79999976e-03  7.73789845e-02 
 4.80000000e-03  7.73789845e-02 
 4.80000006e-03  7.73789845e-02 
 4.80000019e-03  7.73789845e-02 
 4.80000045e-03  7.73789845e-02 
 4.80000096e-03  7.73789845e-02 
 4.80000198e-03  7.73789845e-02 
 4.80000403e-03  7.73789845e-02 
 4.80000813e-03  7.73789845e-02 
 4.80001632e-03  7.73789845e-02 
 4.80003270e-03  7.73789845e-02 
 4.80006547e-03  7.73789845e-02 
 4.80013101e-03  7.73789845e-02 
 4.80026208e-03  7.73789845e-02 
 4.80052422e-03  7.73789845e-02 
 4.80104851e-03  7.73789845e-02 
 4.80209709e-03  7.73789845e-02 
 4.80419424e-03  7.73789845e-02 
 4.80838854e-03  7.73789845e-02 
 4.81677715e-03  7.73789845e-02 
 4.83355437e-03  7.73789845e-02 
 4.86710880e-03  7.73789845e-02 
 4.90710880e-03  7.73789845e-02 
 4.94710880e-03  7.73789845e-02 
 4.98710880e-03  7.73789845e-02 
 5.02710880e-03  7.73789845e-02 
 5.06710880e-03  7.73789845e-02 
 5.10710880e-03  7.73789845e-02 
 5.14710880e-03  7.73789845e-02 
 5.18710880e-03  7.73789845e-02 
 5.19999920e-03  7.73789845e-02 
 5.19999928e-03  7.73789845e-02 
 5.19999944e-03  7.73789845e-02 
 5.19999976e-03  7.73789845e-02 
 5.20000000e-03  7.73789753e-02 
 5.20000006e-03  7.73789703e-02 
 5.20000019e-03  7.73789605e-02 
 5.20000045e-03  7.73789408e-02 
 5.20000096e-03  7.73789014e-02 
 5.20000198e-03  7.73788226e-02 
 5.20000403e-03  7.73786651e-02 
 5.20000813e-03  7.73783501e-02 
 5.20001632e-03  7.73777203e-02 
 5.20003270e-03  7.73764618e-02 
 5.20006547e-03  7.73739485e-02 
 5.20013101e-03  7.73689374e-02 
 5.20026208e-03  7.73589765e-02 
 5.20052422e-03  7.73392975e-02 
 5.20104851e-03  7.73008912e-02 
 5.20209709e-03  7.72277342e-02 
 5.20419424e-03  7.70949188e-02 
 5.20838854e-03  7.68754613e-02 
 5.21677715e-03  7.65732884e-02 
 5.23355437e-03  7.62807452e-02 
 5.26710880e-03  7.61448788e-02 
 5.30710880e-03  7.61483756e-02 
 5.34710880e-03  7.61479870e-02 
 5.38710880e-03  7.61480302e-02 
 5.42710880e-03  7.61480254e-02 
 5.46710880e-03  7.61480259e-02 
 5.50710880e-03  7.61480259e-02 
 5.54710880e-03  7.61480259e-02 
 5.58710880e-03  7.61480259e-02 
 5.59999920e-03  7.61480259e-02 
 5.59999928e-03  7.61480259e-02 
 5.59999944e-03  7.61480259e-02 
 5.59999976e-03  7.61480259e-02 
 5.60000000e-03  7.61480259e-02 
 5.60000006e-03  7.61480259e-02 
 5.60000019e-03  7.61480259e-02 
 5.60000045e-03  7.61480259e-02 
 5.60000096e-03  7.61480259e-02 
 5.60000198e-03  7.61480259e-02 
 5.60000403e-03  7.61480259e-02 
 5.60000813e-03  7.61480259e-02 
 5.60001632e-03  7.61480259e-02 
 5.60003270e-03  7.61480259e-02 
 5.60006547e-03  7.61480259e-02 
 5.60013101e-03  7.61480259e-02 
 5.60026208e-03  7.61480259e-02 
 5.60052422e-03  7.61480259e-02 
 5.60104851e-03  7.61480259e-02 
 5.60209709e-03  7.61480259e-02 
 5.60419424e-03  7.61480259e-02 
 5.60838854e-03  7.61480259e-02 
 5.61677715e-03  7.61480259e-02 
 5.63355437e-03  7.61480259e-02 
 5.66710880e-03  7.61480259e-02 
 5.70710880e-03  7.61480259e-02 
 5.74710880e-03  7.61480259e-02 
 5.78710880e-03  7.61480259e-02 
 5.82710880e-03  7.61480259e-02 
 5.86710880e-03  7.61480259e-02 
 5.90710880e-03  7.61480259e-02 
 5.94710880e-03  7.61480259e-02 
 5.98710880e-03  7.61480259e-02 
 5.99999920e-03  7.61480259e-02 
 5.99999928e-03  7.61480259e-02 
 5.99999944e-03  7.61480259e-02 
 5.99999976e-03  7.61480259e-02 
 6.00000000e-03  7.61480143e-02 
 6.00000006e-03  7.61480081e-02 
 6.00000019e-03  7.61479957e-02 
 6.00000045e-03  7.61479710e-02 
 6.00000096e-03  7.61479215e-02 
 6.00000198e-03  7.61478225e-02 
 6.00000403e-03  7.61476246e-02 
 6.00000813e-03  7.61472288e-02 
 6.00001632e-03  7.61464375e-02 
 6.00003270e-03  7.61448561e-02 
 6.00006547e-03  7.61416981e-02 
 6.00013101e-03  7.61354016e-02 
 6.00026208e-03  7.61228855e-02 
 6.00052422e-03  7.60981586e-02 
 6.00104851e-03  7.60499004e-02 
 6.00209709e-03  7.59579776e-02 
 6.00419424e-03  7.57910932e-02 
 6.00838854e-03  7.55153415e-02 
 6.01677715e-03  7.51356569e-02 
 6.03355437e-03  7.47680720e-02 
 6.06710880e-03  7.45973539e-02 
 6.10710880e-03  7.46017476e-02 
 6.14710880e-03  7.46012594e-02 
 6.18710880e-03  7.46013137e-02 
 6.22710880e-03  7.46013076e-02 
 6.26710880e-03  7.46013083e-02 
 6.30710880e-03  7.46013082e-02 
 6.34710880e-03  7.46013082e-02 
 6.38710880e-03  7.46013082e-02 
 6.39999920e-03  7.46013082e-02 
 6.39999928e-03  7.46013082e-02 
 6.39999944e-03  7.46013082e-02 
 6.39999976e-03  7.46013082e-02 
 6.40000000e-03  7.46013082e-02 
 6.40000006e-03  7.46013082e-02 
 6.40000019e-03  7.46013082e-02 
 6.40000045e-03  7.46013082e-02 
 6.40000096e-03  7.46013082e-02 
 6.40000198e-03  7.46013082e-02 
 6.40000403e-03  7.46013082e-02 
 6.40000813e-03  7.46013082e-02 
 6.40001632e-03  7.46013082e-02 
 6.40003270e-03  7.46013082e-02 
 6.40006547e-03  7.46013082e-02 
 6.40013101e-03  7.46013082e-02 
 6.40026208e-03  7.46013082e-02 
 6.40052422e-03  7.46013082e-02 
 6.40104851e-03  7.46013082e-02 
 6.40209709e-03  7.46013082e-02 
 6.40419424e-03  7.46013082e-02 
 6.40838854e-03  7.46013082e-02 
 6.41677715e-03  7.46013082e-02 
 6.43355437e-03  7.46013082e-02 
 6.46710880e-03  7.46013082e-02 
 6.50710880e-03  7.46013082e-02 
 6.54710880e-03  7.46013082e-02 
 6.58710880e-03  7.46013082e-02 
 6.62710880e-03  7.46013082e-02 
 6.66710880e-03  7.46013082e-02 
 6.70710880e-03  7.46013082e-02 
 6.74710880e-03  7.46013082e-02 
 6.78710880e-03  7.46013082e-02 
 6.79999920e-03  7.46013082e-02 
 6.79999928e-03  7.46013082e-02 
 6.79999944e-03  7.46013082e-02 
 6.79999976e-03  7.46013082e-02 
 6.80000000e-03  7.46012953e-02 
 6.80000006e-03  7.46012884e-02 
 6.80000019e-03  7.46012747e-02 
 6.80000045e-03  7.46012471e-02 
 6.80000096e-03  7.46011920e-02 
 6.80000198e-03  7.46010819e-02 
 6.80000403e-03  7.46008616e-02 
 6.80000813e-03  7.46004210e-02 
 6.80001632e-03  7.45995403e-02 
 6.80003270e-03  7.45977802e-02 
 6.80006547e-03  7.45942653e-02 
 6.80013101e-03  7.45872572e-02 
 6.80026208e-03  7.45733268e-02 
 6.80052422e-03  7.45458054e-02 
 6.80104851e-03  7.44920936e-02 
 6.80209709e-03  7.43897826e-02 
 6.80419424e-03  7.42040386e-02 
 6.80838854e-03  7.38971242e-02 
 6.81677715e-03  7.34745314e-02 
 6.83355437e-03  7.30654057e-02 
 6.86710880e-03  7.28753947e-02 
 6.90710880e-03  7.28802849e-02 
 6.94710880e-03  7.28797416e-02 
 6.98710880e-03  7.28798020e-02 
 7.02710880e-03  7.28797953e-02 
 7.06710880e-03  7.28797960e-02 
 7.10710880e-03  7.28797959e-02 
 7.14710880e-03  7.28797959e-02 
 7.18710880e-03  7.28797959e-02 
 7.19999920e-03  7.28797959e-02 
 7.19999928e-03  7.28797959e-02 
 7.19999944e-03  7.28797959e-02 
 7.19999976e-03  7.28797959e-02 
 7.20000000e-03  7.28797959e-02 
 7.20000006e-03  7.28797959e-02 
 7.20000019e-03  7.28797959e-02 
 7.20000045e-03  7.28797959e-02 
 7.20000096e-03  7.28797959e-02 
 7.20000198e-03  7.28797959e-02 
 7.20000403e-03  7.28797959e-02 
 7.20000813e-03  7.28797959e-02 
 7.20001632e-03  7.28797959e-02 
 7.20003270e-03  7.28797959e-02 
 7.20006547e-03  7.28797959e-02 
 7.20013101e-03  7.28797959e-02 
 7.20026208e-03  7.28797959e-02 
 7.20052422e-03  7.28797959e-02 
 7.20104851e-03  7.28797959e-02 
 7.20209709e-03  7.28797959e-02 
 7.20419424e-03  7.28797959e-02 
 7.20838854e-03  7.28797959e-02 
 7.21677715e-03  7.28797959e-02 
 7.23355437e-03  7.28797959e-02 
 7.26710880e-03  7.28797959e-02 
 7.30710880e-03  7.28797959e-02 
 7.34710880e-03  7.28797959e-02 
 7.38710880e-03  7.28797959e-02 
 7.42710880e-03  7.28797959e-02 
 7.46710880e-03  7.28797959e-02 
 7.50710880e-03  7.28797959e-02 
 7.54710880e-03  7.28797959e-02 
 7.58710880e-03  7.28797959e-02 
 7.59999920e-03  7.28797959e-02 
 7.59999928e-03  7.28797959e-02 
 7.59999944e-03  7.28797959e-02 
 7.59999976e-03  7.28797959e-02 
 7.60000000e-03  7.28797823e-02 
 7.60000006e-03  7.28797751e-02 
 7.60000019e-03  7.28797606e-02 
 7.60000045e-03  7.28797316e-02 
 7.60000096e-03  7.28796735e-02 
 7.60000198e-03  7.28795575e-02 
 7.60000403e-03  7.28793255e-02 
 7.60000813e-03  7.28788615e-02 
 7.60001632e-03  7.28779339e-02 
 7.60003270e-03  7.28760800e-02 
 7.60006547e-03  7.28723781e-02 
 7.60013101e-03  7.28649969e-02 
 7.60026208e-03  7.28503248e-02 
 7.60052422e-03  7.28213383e-02 
 7.60104851e-03  7.27647671e-02 
 7.60209709e-03  7.26570094e-02 
 7.60419424e-03  7.24613769e-02 
 7.60838854e-03  7.21381234e-02 
 7.61677715e-03  7.16930331e-02 
 7.63355437e-03  7.12621269e-02 
 7.66710880e-03  7.10620004e-02 
 7.70710880e-03  7.10671509e-02 
 7.74710880e-03  7.10665787e-02 
 7.78710880e-03  7.10666422e-02 
 7.82710880e-03  7.10666352e-02 
 7.86710880e-03  7.10666360e-02 
 7.90710880e-03  7.10666359e-02 
 7.94710880e-03  7.10666359e-02 
 7.98710880e-03  7.10666359e-02 
 7.99999920e-03  7.10666359e-02 
 7.99999928e-03  7.10666359e-02 
 7.99999944e-03  7.10666359e-02 
 7.99999976e-03  7.10666359e-02 
 8.00000000e-03  7.10666359e-02 
 8.00000006e-03  7.10666359e-02 
 8.00000019e-03  7.10666359e-02 
 8.00000045e-03  7.10666359e-02 
 8.00000096e-03  7.10666359e-02 
 8.00000198e-03  7.10666359e-02 
 8.00000403e-03  7.10666359e-02 
 8.00000813e-03  7.10666359e-02 
 8.00001632e-03  7.10666359e-02 
 8.00003270e-03  7.10666359e-02 
 8.00006547e-03  7.10666359e-02 
 8.00013101e-03  7.10666359e-02 
 8.00026208e-03  7.10666359e-02 
 8.00052422e-03  7.10666359e-02 
 8.00104851e-03  7.10666359e-02 
 8.00209709e-03  7.10666359e-02 
 8.00419424e-03  7.10666359e-02 
 8.00838854e-03  7.10666359e-02 
 8.01677715e-03  7.10666359e-02 
 8.03355437e-03  7.10666359e-02 
 8.06710880e-03  7.10666359e-02 
 8.10710880e-03  7.10666359e-02 
 8.14710880e-03  7.10666359e-02 
 8.18710880e-03  7.10666359e-02 
 8.22710880e-03  7.10666359e-02 
 8.26710880e-03  7.10666359e-02 
 8.30710880e-03  7.10666359e-02 
 8.34710880e-03  7.10666359e-02 
 8.38710880e-03  7.10666359e-02 
 8.39999920e-03  7.10666359e-02 
 8.39999928e-03  7.10666359e-02 
 8.39999944e-03  7.10666359e-02 
 8.39999976e-03  7.10666359e-02 
 8.40000000e-03  7.10666220e-02 
 8.40000006e-03  7.10666146e-02 
 8.40000019e-03  7.10665997e-02 
 8.40000045e-03  7.10665701e-02 
 8.40000096e-03  7.10665108e-02 
 8.40000198e-03  7.10663922e-02 
 8.40000403e-03  7.10661551e-02 
 8.40000813e-03  7.10656809e-02 
 8.40001632e-03  7.10647329e-02 
 8.40003270e-03  7.10628382e-02 
 8.40006547e-03  7.10590549e-02 
 8.40013101e-03  7.10515113e-02 
 8.40026208e-03  7.10365164e-02 
 8.40052422e-03  7.10068922e-02 
 8.40104851e-03  7.09490765e-02 
 8.40209709e-03  7.08389481e-02 
 8.40419424e-03  7.06390118e-02 
 8.40838854e-03  7.03086469e-02 
 8.41677715e-03  6.98537649e-02 
 8.43355437e-03  6.94133790e-02 
 8.46710880e-03  6.92088497e-02 
 8.50710880e-03  6.92141136e-02 
 8.54710880e-03  6.92135287e-02 
 8.58710880e-03  6.92135937e-02 
 8.62710880e-03  6.92135865e-02 
 8.66710880e-03  6.92135873e-02 
 8.70710880e-03  6.92135872e-02 
 8.74710880e-03  6.92135872e-02 
 8.78710880e-03  6.92135872e-02 
 8.79999920e-03  6.92135872e-02 
 8.79999928e-03  6.92135872e-02 
 8.79999944e-03  6.92135872e-02 
 8.79999976e-03  6.92135872e-02 
 8.80000000e-03  6.92135872e-02 
 8.80000006e-03  6.92135872e-02 
 8.80000019e-03  6.92135872e-02 
 8.80000045e-03  6.92135872e-02 
 8.80000096e-03  6.92135872e-02 
 8.80000198e-03  6.92135872e-02 
 8.80000403e-03  6.92135872e-02 
 8.80000813e-03  6.92135872e-02 
 8.80001632e-03  6.92135872e-02 
 8.80003270e-03  6.92135872e-02 
 8.80006547e-03  6.92135872e-02 
 8.80013101e-03  6.92135872e-02 
 8.80026208e-03  6.92135872e-02 
 8.80052422e-03  6.92135872e-02 
 8.80104851e-03  6.92135872e-02 
 8.80209709e-03  6.92135872e-02 
 8.80419424e-03  6.92135872e-02 
 8.80838854e-03  6.92135872e-02 
 8.81677715e-03  6.92135872e-02 
 8.83355437e-03  6.92135872e-02 
 8.86710880e-03  6.92135872e-02 
 8.90710880e-03  6.92135872e-02 
 8.94710880e-03  6.92135872e-02 
 8.98710880e-03  6.92135872e-02 
 9.02710880e-03  6.92135872e-02 
 9.06710880e-03  6.92135872e-02 
 9.10710880e-03  6.92135872e-02 
 9.14710880e-03  6.92135872e-02 
 9.18710880e-03  6.92135872e-02 
 9.19999920e-03  6.92135872e-02 
 9.19999928e-03  6.92135872e-02 
 9.19999944e-03  6.92135872e-02 
 9.19999976e-03  6.92135872e-02 
 9.20000000e-03  6.92135733e-02 
 9.20000006e-03  6.92135658e-02 
 9.20000019e-03  6.92135510e-02 
 9.20000045e-03  6.92135212e-02 
 9.20000096e-03  6.92134617e-02 
 9.20000198e-03  6.92133428e-02 
 9.20000403e-03  6.92131048e-02 
 9.20000813e-03  6.92126291e-02 
 9.20001632e-03  6.92116779e-02 
 9.20003270e-03  6.92097770e-02 
 9.20006547e-03  6.92059811e-02 
 9.20013101e-03  6.91984126e-02 
 9.20026208e-03  6.91833682e-02 
 9.20052422e-03  6.91536460e-02 
 9.20104851e-03  6.90956391e-02 
 9.20209709e-03  6.89851467e-02 
 9.20419424e-03  6.87845493e-02 
 9.20838854e-03  6.84530921e-02 
 9.21677715e-03  6.79967061e-02 
 9.23355437e-03  6.75548642e-02 
 9.26710880e-03  6.73496587e-02 
 9.30710880e-03  6.73549399e-02 
 9.34710880e-03  6.73543531e-02 
 9.38710880e-03  6.73544183e-02 
 9.42710880e-03  6.73544111e-02 
 9.46710880e-03  6.73544119e-02 
 9.50710880e-03  6.73544118e-02 
 9.54710880e-03  6.73544118e-02 
 9.58710880e-03  6.73544118e-02 
 9.59999920e-03  6.73544118e-02 
 9.59999928e-03  6.73544118e-02 
 9.59999944e-03  6.73544118e-02 
 9.59999976e-03  6.73544118e-02 
 9.60000000e-03  6.73544118e-02 
 9.60000006e-03  6.73544118e-02 
 9.60000019e-03  6.73544118e-02 
 9.60000045e-03  6.73544118e-02 
 9.60000096e-03  6.73544118e-02 
 9.60000198e-03  6.73544118e-02 
 9.60000403e-03  6.73544118e-02 
 9.60000813e-03  6.73544118e-02 
 9.60001632e-03  6.73544118e-02 
 9.60003270e-03  6.73544118e-02 
 9.60006547e-03  6.73544118e-02 
 9.60013101e-03  6.73544118e-02 
 9.60026208e-03  6.73544118e-02 
 9.60052422e-03  6.73544118e-02 
 9.60104851e-03  6.73544118e-02 
 9.60209709e-03  6.73544118e-02 
 9.60419424e-03  6.73544118e-02 
 9.60838854e-03  6.73544118e-02 
 9.61677715e-03  6.73544118e-02 
 9.63355437e-03  6.73544118e-02 
 9.66710880e-03  6.73544118e-02 
 9.70710880e-03  6.73544118e-02 
 9.74710880e-03  6.73544118e-02 
 9.78710880e-03  6.73544118e-02 
 9.82710880e-03  6.73544118e-02 
 9.86710880e-03  6.73544118e-02 
 9.90710880e-03  6.73544118e-02 
 9.94710880e-03  6.73544118e-02 
 9.98710880e-03  6.73544118e-02 
 9.99999920e-03  6.73544118e-02 
 9.99999928e-03  6.73544118e-02 
 9.99999944e-03  6.73544118e-02 
 9.99999976e-03  6.73544118e-02 
 1.00000000e-02  6.73543980e-02 
 1.00000001e-02  6.73543906e-02 
 1.00000002e-02  6.73543759e-02 
 1.00000004e-02  6.73543464e-02 
 1.00000010e-02  6.73542875e-02 
 1.00000020e-02  6.73541696e-02 
 1.00000040e-02  6.73539338e-02 
 1.00000081e-02  6.73534623e-02 
 1.00000163e-02  6.73525197e-02 
 1.00000327e-02  6.73506359e-02 
 1.00000655e-02  6.73468742e-02 
 1.00001310e-02  6.73393737e-02 
 1.00002621e-02  6.73244647e-02 
 1.00005242e-02  6.72950100e-02 
 1.00010485e-02  6.72375250e-02 
 1.00020971e-02  6.71280267e-02 
 1.00041942e-02  6.69292343e-02 
 1.00083885e-02  6.66007595e-02 
 1.00167772e-02  6.61484800e-02 
 1.00335544e-02  6.57106137e-02 
 1.00671088e-02  6.55072546e-02 
 1.01071088e-02  6.55124883e-02 
 1.01471088e-02  6.55119068e-02 
 1.01871088e-02  6.55119714e-02 
 1.02271088e-02  6.55119642e-02 
 1.02671088e-02  6.55119650e-02 
 1.03071088e-02  6.55119650e-02 
 1.03471088e-02  6.55119650e-02 
 1.03871088e-02  6.55119650e-02 
 1.03999992e-02  6.55119650e-02 
 1.03999993e-02  6.55119650e-02 
 1.03999994e-02  6.55119650e-02 
 1.03999998e-02  6.55119650e-02 
 1.04000000e-02  6.55119650e-02 
 1.04000001e-02  6.55119650e-02 
 1.04000002e-02  6.55119650e-02 
 1.04000004e-02  6.55119650e-02 
 1.04000010e-02  6.55119650e-02 
 1.04000020e-02  6.55119650e-02 
 1.04000040e-02  6.55119650e-02 
 1.04000081e-02  6.55119650e-02 
 1.04000163e-02  6.55119650e-02 
 1.04000327e-02  6.55119650e-02 
 1.04000655e-02  6.55119650e-02 
 1.04001310e-02  6.55119650e-02 
 1.04002621e-02  6.55119650e-02 
 1.04005242e-02  6.55119650e-02 
 1.04010485e-02  6.55119650e-02 
 1.04020971e-02  6.55119650e-02 
 1.04041942e-02  6.55119650e-02 
 1.04083885e-02  6.55119650e-02 
 1.04167772e-02  6.55119650e-02 
 1.04335544e-02  6.55119650e-02 
 1.04671088e-02  6.55119650e-02 
 1.05071088e-02  6.55119650e-02 
 1.05471088e-02  6.55119650e-02 
 1.05871088e-02  6.55119650e-02 
 1.06271088e-02  6.55119650e-02 
 1.06671088e-02  6.55119650e-02 
 1.07071088e-02  6.55119650e-02 
 1.07471088e-02  6.55119650e-02 
 1.07871088e-02  6.55119650e-02 
 1.07999992e-02  6.55119650e-02 
 1.07999993e-02  6.55119650e-02 
 1.07999994e-02  6.55119650e-02 
 1.07999998e-02  6.55119650e-02 
 1.08000000e-02  6.55119514e-02 
 1.08000001e-02  6.55119441e-02 
 1.08000002e-02  6.55119297e-02 
 1.08000004e-02  6.55119007e-02 
 1.08000010e-02  6.55118428e-02 
 1.08000020e-02  6.55117270e-02 
 1.08000040e-02  6.55114954e-02 
 1.08000081e-02  6.55110322e-02 
 1.08000163e-02  6.55101063e-02 
 1.08000327e-02  6.55082559e-02 
 1.08000655e-02  6.55045607e-02 
 1.08001310e-02  6.54971930e-02 
 1.08002621e-02  6.54825477e-02 
 1.08005242e-02  6.54536141e-02 
 1.08010485e-02  6.53971463e-02 
 1.08020971e-02  6.52895854e-02 
 1.08041942e-02  6.50943103e-02 
 1.08083885e-02  6.47716474e-02 
 1.08167772e-02  6.43273702e-02 
 1.08335544e-02  6.38972513e-02 
 1.08671088e-02  6.36974904e-02 
 1.09071088e-02  6.37026315e-02 
 1.09471088e-02  6.37020603e-02 
 1.09871088e-02  6.37021238e-02 
 1.10271088e-02  6.37021167e-02 
 1.10671088e-02  6.37021175e-02 
 1.11071088e-02  6.37021174e-02 
 1.11471088e-02  6.37021174e-02 
 1.11871088e-02  6.37021174e-02 
 1.11999992e-02  6.37021174e-02 
 1.11999993e-02  6.37021174e-02 
 1.11999994e-02  6.37021174e-02 
 1.11999998e-02  6.37021174e-02 
 1.12000000e-02  6.37021174e-02 
 1.12000001e-02  6.37021174e-02 
 1.12000002e-02  6.37021174e-02 
 1.12000004e-02  6.37021174e-02 
 1.12000010e-02  6.37021174e-02 
 1.12000020e-02  6.37021174e-02 
 1.12000040e-02  6.37021174e-02 
 1.12000081e-02  6.37021174e-02 
 1.12000163e-02  6.37021174e-02 
 1.12000327e-02  6.37021174e-02 
 1.12000655e-02  6.37021174e-02 
 1.12001310e-02  6.37021174e-02 
 1.12002621e-02  6.37021174e-02 
 1.12005242e-02  6.37021174e-02 
 1.12010485e-02  6.37021174e-02 
 1.12020971e-02  6.37021174e-02 
 1.12041942e-02  6.37021174e-02 
 1.12083885e-02  6.37021174e-02 
 1.12167772e-02  6.37021174e-02 
 1.12335544e-02  6.37021174e-02 
 1.12671088e-02  6.37021174e-02 
 1.13071088e-02  6.37021174e-02 
 1.13471088e-02  6.37021174e-02 
 1.13871088e-02  6.37021174e-02 
 1.14271088e-02  6.37021174e-02 
 1.14671088e-02  6.37021174e-02 
 1.15071088e-02  6.37021174e-02 
 1.15471088e-02  6.37021174e-02 
 1.15871088e-02  6.37021174e-02 
 1.15999992e-02  6.37021174e-02 
 1.15999993e-02  6.37021174e-02 
 1.15999994e-02  6.37021174e-02 
 1.15999998e-02  6.37021174e-02 
 1.16000000e-02  6.37021042e-02 
 1.16000001e-02  6.37020971e-02 
 1.16000002e-02  6.37020830e-02 
 1.16000004e-02  6.37020547e-02 
 1.16000010e-02  6.37019982e-02 
 1.16000020e-02  6.37018852e-02 
 1.16000040e-02  6.37016592e-02 
 1.16000081e-02  6.37012072e-02 
 1.16000163e-02  6.37003037e-02 
 1.16000327e-02  6.36984980e-02 
 1.16000655e-02  6.36948921e-02 
 1.16001310e-02  6.36877025e-02 
 1.16002621e-02  6.36734113e-02 
 1.16005242e-02  6.36451772e-02 
 1.16010485e-02  6.35900744e-02 
 1.16020971e-02  6.34851138e-02 
 1.16041942e-02  6.32945595e-02 
 1.16083885e-02  6.29796969e-02 
 1.16167772e-02  6.25461601e-02 
 1.16335544e-02  6.21264392e-02 
 1.16671088e-02  6.19315074e-02 
 1.17071088e-02  6.19365243e-02 
 1.17471088e-02  6.19359669e-02 
 1.17871088e-02  6.19360288e-02 
 1.18271088e-02  6.19360219e-02 
 1.18671088e-02  6.19360227e-02 
 1.19071088e-02  6.19360226e-02 
 1.19471088e-02  6.19360226e-02 
 1.19871088e-02  6.19360226e-02 
 1.19999992e-02  6.19360226e-02 
 1.19999993e-02  6.19360226e-02 
 1.19999994e-02  6.19360226e-02 
 1.19999998e-02  6.19360226e-02 
 1.20000000e-02  6.19360226e-02 
 1.20000001e-02  6.19360226e-02 
 1.20000002e-02  6.19360226e-02 
 1.20000004e-02  6.19360226e-02 
 1.20000010e-02  6.19360226e-02 
 1.20000020e-02  6.19360226e-02 
 1.20000040e-02  6.19360226e-02 
 1.20000081e-02  6.19360226e-02 
 1.20000163e-02  6.19360226e-02 
 1.20000327e-02  6.19360226e-02 
 1.20000655e-02  6.19360226e-02 
 1.20001310e-02  6.19360226e-02 
 1.20002621e-02  6.19360226e-02 
 1.20005242e-02  6.19360226e-02 
 1.20010485e-02  6.19360226e-02 
 1.20020971e-02  6.19360226e-02 
 1.20041942e-02  6.19360226e-02 
 1.20083885e-02  6.19360226e-02 
 1.20167772e-02  6.19360226e-02 
 1.20335544e-02  6.19360226e-02 
 1.20671088e-02  6.19360226e-02 
 1.21071088e-02  6.19360226e-02 
 1.21471088e-02  6.19360226e-02 
 1.21871088e-02  6.19360226e-02 
 1.22271088e-02  6.19360226e-02 
 1.22671088e-02  6.19360226e-02 
 1.23071088e-02  6.19360226e-02 
 1.23471088e-02  6.19360226e-02 
 1.23871088e-02  6.19360226e-02 
 1.23999992e-02  6.19360226e-02 
 1.23999993e-02  6.19360226e-02 
 1.23999994e-02  6.19360226e-02 
 1.23999998e-02  6.19360226e-02 
 1.24000000e-02  6.19360097e-02 
 1.24000001e-02  6.19360029e-02 
 1.24000002e-02  6.19359892e-02 
 1.24000004e-02  6.19359617e-02 
 1.24000010e-02  6.19359069e-02 
 1.24000020e-02  6.19357972e-02 
 1.24000040e-02  6.19355777e-02 
 1.24000081e-02  6.19351390e-02 
 1.24000163e-02  6.19342618e-02 
 1.24000327e-02  6.19325088e-02 
 1.24000655e-02  6.19290083e-02 
 1.24001310e-02  6.19220286e-02 
 1.24002621e-02  6.19081546e-02 
 1.24005242e-02  6.18807449e-02 
 1.24010485e-02  6.18272509e-02 
 1.24020971e-02  6.17253548e-02 
 1.24041942e-02  6.15403641e-02 
 1.24083885e-02  6.12346944e-02 
 1.24167772e-02  6.08138154e-02 
 1.24335544e-02  6.04063490e-02 
 1.24671088e-02  6.02171086e-02 
 1.25071088e-02  6.02219790e-02 
 1.25471088e-02  6.02214378e-02 
 1.25871088e-02  6.02214980e-02 
 1.26271088e-02  6.02214913e-02 
 1.26671088e-02  6.02214920e-02 
 1.27071088e-02  6.02214919e-02 
 1.27471088e-02  6.02214920e-02 
 1.27871088e-02  6.02214920e-02 
 1.27999992e-02  6.02214920e-02 
 1.27999993e-02  6.02214920e-02 
 1.27999994e-02  6.02214920e-02 
 1.27999998e-02  6.02214920e-02 
 1.28000000e-02  6.02214920e-02 
 1.28000001e-02  6.02214920e-02 
 1.28000002e-02  6.02214920e-02 
 1.28000004e-02  6.02214920e-02 
 1.28000010e-02  6.02214920e-02 
 1.28000020e-02  6.02214920e-02 
 1.28000040e-02  6.02214920e-02 
 1.28000081e-02  6.02214920e-02 
 1.28000163e-02  6.02214920e-02 
 1.28000327e-02  6.02214920e-02 
 1.28000655e-02  6.02214920e-02 
 1.28001310e-02  6.02214920e-02 
 1.28002621e-02  6.02214920e-02 
 1.28005242e-02  6.02214920e-02 
 1.28010485e-02  6.02214920e-02 
 1.28020971e-02  6.02214920e-02 
 1.28041942e-02  6.02214920e-02 
 1.28083885e-02  6.02214920e-02 
 1.28167772e-02  6.02214920e-02 
 1.28335544e-02  6.02214920e-02 
 1.28671088e-02  6.02214920e-02 
 1.29071088e-02  6.02214920e-02 
 1.29471088e-02  6.02214920e-02 
 1.29871088e-02  6.02214920e-02 
 1.30271088e-02  6.02214920e-02 
 1.30671088e-02  6.02214920e-02 
 1.31071088e-02  6.02214920e-02 
 1.31471088e-02  6.02214920e-02 
 1.31871088e-02  6.02214920e-02 
 1.31999992e-02  6.02214920e-02 
 1.31999993e-02  6.02214920e-02 
 1.31999994e-02  6.02214920e-02 
 1.31999998e-02  6.02214920e-02 
 1.32000000e-02  6.02214795e-02 
 1.32000001e-02  6.02214729e-02 
 1.32000002e-02  6.02214596e-02 
 1.32000004e-02  6.02214331e-02 
 1.32000010e-02  6.02213801e-02 
 1.32000020e-02  6.02212740e-02 
 1.32000040e-02  6.02210619e-02 
 1.32000081e-02  6.02206377e-02 
 1.32000163e-02  6.02197896e-02 
 1.32000327e-02  6.02180948e-02 
 1.32000655e-02  6.02147105e-02 
 1.32001310e-02  6.02079625e-02 
 1.32002621e-02  6.01945490e-02 
 1.32005242e-02  6.01680492e-02 
 1.32010485e-02  6.01163310e-02 
 1.32020971e-02  6.00178173e-02 
 1.32041942e-02  5.98389674e-02 
 1.32083885e-02  5.95434445e-02 
 1.32167772e-02  5.91365367e-02 
 1.32335544e-02  5.87425962e-02 
 1.32671088e-02  5.85596377e-02 
 1.33071088e-02  5.85643464e-02 
 1.33471088e-02  5.85638232e-02 
 1.33871088e-02  5.85638813e-02 
 1.34271088e-02  5.85638749e-02 
 1.34671088e-02  5.85638756e-02 
 1.35071088e-02  5.85638755e-02 
 1.35471088e-02  5.85638755e-02 
 1.35871088e-02  5.85638755e-02 
 1.35999992e-02  5.85638755e-02 
 1.35999993e-02  5.85638755e-02 
 1.35999994e-02  5.85638755e-02 
 1.35999998e-02  5.85638755e-02 
 1.36000000e-02  5.85638755e-02 
 1.36000001e-02  5.85638755e-02 
 1.36000002e-02  5.85638755e-02 
 1.36000004e-02  5.85638755e-02 
 1.36000010e-02  5.85638755e-02 
 1.36000020e-02  5.85638755e-02 
 1.36000040e-02  5.85638755e-02 
 1.36000081e-02  5.85638755e-02 
 1.36000163e-02  5.85638755e-02 
 1.36000327e-02  5.85638755e-02 
 1.36000655e-02  5.85638755e-02 
 1.36001310e-02  5.85638755e-02 
 1.36002621e-02  5.85638755e-02 
 1.36005242e-02  5.85638755e-02 
 1.36010485e-02  5.85638755e-02 
 1.36020971e-02  5.85638755e-02 
 1.36041942e-02  5.85638755e-02 
 1.36083885e-02  5.85638755e-02 
 1.36167772e-02  5.85638755e-02 
 1.36335544e-02  5.85638755e-02 
 1.36671088e-02  5.85638755e-02 
 1.37071088e-02  5.85638755e-02 
 1.37471088e-02  5.85638755e-02 
 1.37871088e-02  5.85638755e-02 
 1.38271088e-02  5.85638755e-02 
 1.38671088e-02  5.85638755e-02 
 1.39071088e-02  5.85638755e-02 
 1.39471088e-02  5.85638755e-02 
 1.39871088e-02  5.85638755e-02 
 1.39999992e-02  5.85638755e-02 
 1.39999993e-02  5.85638755e-02 
 1.39999994e-02  5.85638755e-02 
 1.39999998e-02  5.85638755e-02 
 1.40000000e-02  5.85638635e-02 
 1.40000001e-02  5.85638571e-02 
 1.40000002e-02  5.85638444e-02 
 1.40000004e-02  5.85638188e-02 
 1.40000010e-02  5.85637677e-02 
 1.40000020e-02  5.85636655e-02 
 1.40000040e-02  5.85634611e-02 
 1.40000081e-02  5.85630524e-02 
 1.40000163e-02  5.85622352e-02 
 1.40000327e-02  5.85606022e-02 
 1.40000655e-02  5.85573411e-02 
 1.40001310e-02  5.85508390e-02 
 1.40002621e-02  5.85379143e-02 
 1.40005242e-02  5.85123801e-02 
 1.40010485e-02  5.84625464e-02 
 1.40020971e-02  5.83676224e-02 
 1.40041942e-02  5.81952894e-02 
 1.40083885e-02  5.79105348e-02 
 1.40167772e-02  5.75184540e-02 
 1.40335544e-02  5.71388680e-02 
 1.40671088e-02  5.69625761e-02 
 1.41071088e-02  5.69671133e-02 
 1.41471088e-02  5.69666091e-02 
 1.41871088e-02  5.69666652e-02 
 1.42271088e-02  5.69666589e-02 
 1.42671088e-02  5.69666596e-02 
 1.43071088e-02  5.69666595e-02 
 1.43471088e-02  5.69666596e-02 
 1.43871088e-02  5.69666596e-02 
 1.43999992e-02  5.69666596e-02 
 1.43999993e-02  5.69666596e-02 
 1.43999994e-02  5.69666596e-02 
 1.43999998e-02  5.69666596e-02 
 1.44000000e-02  5.69666596e-02 
 1.44000001e-02  5.69666596e-02 
 1.44000002e-02  5.69666596e-02 
 1.44000004e-02  5.69666596e-02 
 1.44000010e-02  5.69666596e-02 
 1.44000020e-02  5.69666596e-02 
 1.44000040e-02  5.69666596e-02 
 1.44000081e-02  5.69666596e-02 
 1.44000163e-02  5.69666596e-02 
 1.44000327e-02  5.69666596e-02 
 1.44000655e-02  5.69666596e-02 
 1.44001310e-02  5.69666596e-02 
 1.44002621e-02  5.69666596e-02 
 1.44005242e-02  5.69666596e-02 
 1.44010485e-02  5.69666596e-02 
 1.44020971e-02  5.69666596e-02 
 1.44041942e-02  5.69666596e-02 
 1.44083885e-02  5.69666596e-02 
 1.44167772e-02  5.69666596e-02 
 1.44335544e-02  5.69666596e-02 
 1.44671088e-02  5.69666596e-02 
 1.45071088e-02  5.69666596e-02 
 1.45471088e-02  5.69666596e-02 
 1.45871088e-02  5.69666596e-02 
 1.46271088e-02  5.69666596e-02 
 1.46671088e-02  5.69666596e-02 
 1.47071088e-02  5.69666596e-02 
 1.47471088e-02  5.69666596e-02 
 1.47871088e-02  5.69666596e-02 
 1.47999992e-02  5.69666596e-02 
 1.47999993e-02  5.69666596e-02 
 1.47999994e-02  5.69666596e-02 
 1.47999998e-02  5.69666596e-02 
 1.48000000e-02  5.69666480e-02 
 1.48000001e-02  5.69666419e-02 
 1.48000002e-02  5.69666296e-02 
 1.48000004e-02  5.69666051e-02 
 1.48000010e-02  5.69665560e-02 
 1.48000020e-02  5.69664577e-02 
 1.48000040e-02  5.69662613e-02 
 1.48000081e-02  5.69658686e-02 
 1.48000163e-02  5.69650834e-02 
 1.48000327e-02  5.69635142e-02 
 1.48000655e-02  5.69603807e-02 
 1.48001310e-02  5.69541328e-02 
 1.48002621e-02  5.69417135e-02 
 1.48005242e-02  5.69171776e-02 
 1.48010485e-02  5.68692924e-02 
 1.48020971e-02  5.67780800e-02 
 1.48041942e-02  5.66124853e-02 
 1.48083885e-02  5.63388647e-02 
 1.48167772e-02  5.59621143e-02 
 1.48335544e-02  5.55973702e-02 
 1.48671088e-02  5.54279715e-02 
 1.49071088e-02  5.54323312e-02 
 1.49471088e-02  5.54318468e-02 
 1.49871088e-02  5.54319006e-02 
 1.50271088e-02  5.54318946e-02 
 1.50671088e-02  5.54318953e-02 
 1.51071088e-02  5.54318952e-02 
 1.51471088e-02  5.54318952e-02 
 1.51871088e-02  5.54318952e-02 
 1.51999992e-02  5.54318952e-02 
 1.51999993e-02  5.54318952e-02 
 1.51999994e-02  5.54318952e-02 
 1.51999998e-02  5.54318952e-02 
 1.52000000e-02  5.54318952e-02 
 1.52000001e-02  5.54318952e-02 
 1.52000002e-02  5.54318952e-02 
 1.52000004e-02  5.54318952e-02 
 1.52000010e-02  5.54318952e-02 
 1.52000020e-02  5.54318952e-02 
 1.52000040e-02  5.54318952e-02 
 1.52000081e-02  5.54318952e-02 
 1.52000163e-02  5.54318952e-02 
 1.52000327e-02  5.54318952e-02 
 1.52000655e-02  5.54318952e-02 
 1.52001310e-02  5.54318952e-02 
 1.52002621e-02  5.54318952e-02 
 1.52005242e-02  5.54318952e-02 
 1.52010485e-02  5.54318952e-02 
 1.52020971e-02  5.54318952e-02 
 1.52041942e-02  5.54318952e-02 
 1.52083885e-02  5.54318952e-02 
 1.52167772e-02  5.54318952e-02 
 1.52335544e-02  5.54318952e-02 
 1.52671088e-02  5.54318952e-02 
 1.53071088e-02  5.54318952e-02 
 1.53471088e-02  5.54318952e-02 
 1.53871088e-02  5.54318952e-02 
 1.54271088e-02  5.54318952e-02 
 1.54671088e-02  5.54318952e-02 
 1.55071088e-02  5.54318952e-02 
 1.55471088e-02  5.54318952e-02 
 1.55871088e-02  5.54318952e-02 
 1.55999992e-02  5.54318952e-02 
 1.55999993e-02  5.54318952e-02 
 1.55999994e-02  5.54318952e-02 
 1.55999998e-02  5.54318952e-02 
 1.56000000e-02  5.54318842e-02 
 1.56000001e-02  5.54318783e-02 
 1.56000002e-02  5.54318665e-02 
 1.56000004e-02  5.54318430e-02 
 1.56000010e-02  5.54317959e-02 
 1.56000020e-02  5.54317017e-02 
 1.56000040e-02  5.54315134e-02 
 1.56000081e-02  5.54311369e-02 
 1.56000163e-02  5.54303842e-02 
 1.56000327e-02  5.54288798e-02 
 1.56000655e-02  5.54258757e-02 
 1.56001310e-02  5.54198858e-02 
 1.56002621e-02  5.54079795e-02 
 1.56005242e-02  5.53844570e-02 
 1.56010485e-02  5.53385496e-02 
 1.56020971e-02  5.52511045e-02 
 1.56041942e-02  5.50923492e-02 
 1.56083885e-02  5.48300298e-02 
 1.56167772e-02  5.44688402e-02 
 1.56335544e-02  5.41191609e-02 
 1.56671088e-02  5.39567587e-02 
 1.57071088e-02  5.39609384e-02 
 1.57471088e-02  5.39604740e-02 
 1.57871088e-02  5.39605256e-02 
 1.58271088e-02  5.39605198e-02 
 1.58671088e-02  5.39605205e-02 
 1.59071088e-02  5.39605204e-02 
 1.59471088e-02  5.39605204e-02 
 1.59871088e-02  5.39605204e-02 
 1.59999992e-02  5.39605204e-02 
 1.59999993e-02  5.39605204e-02 
 1.59999994e-02  5.39605204e-02 
 1.59999998e-02  5.39605204e-02 
 1.60000000e-02  5.39605204e-02 
 1.60000001e-02  5.39605204e-02 
 1.60000002e-02  5.39605204e-02 
 1.60000004e-02  5.39605204e-02 
 1.60000010e-02  5.39605204e-02 
 1.60000020e-02  5.39605204e-02 
 1.60000040e-02  5.39605204e-02 
 1.60000081e-02  5.39605204e-02 
 1.60000163e-02  5.39605204e-02 
 1.60000327e-02  5.39605204e-02 
 1.60000655e-02  5.39605204e-02 
 1.60001310e-02  5.39605204e-02 
 1.60002621e-02  5.39605204e-02 
 1.60005242e-02  5.39605204e-02 
 1.60010485e-02  5.39605204e-02 
 1.60020971e-02  5.39605204e-02 
 1.60041942e-02  5.39605204e-02 
 1.60083885e-02  5.39605204e-02 
 1.60167772e-02  5.39605204e-02 
 1.60335544e-02  5.39605204e-02 
 1.60671088e-02  5.39605204e-02 
 1.61071088e-02  5.39605204e-02 
 1.61471088e-02  5.39605204e-02 
 1.61871088e-02  5.39605204e-02 
 1.62271088e-02  5.39605204e-02 
 1.62671088e-02  5.39605204e-02 
 1.63071088e-02  5.39605204e-02 
 1.63471088e-02  5.39605204e-02 
 1.63871088e-02  5.39605204e-02 
 1.63999992e-02  5.39605204e-02 
 1.63999993e-02  5.39605204e-02 
 1.63999994e-02  5.39605204e-02 
 1.63999998e-02  5.39605204e-02 
 1.64000000e-02  5.39605098e-02 
 1.64000001e-02  5.39605042e-02 
 1.64000002e-02  5.39604929e-02 
 1.64000004e-02  5.39604704e-02 
 1.64000010e-02  5.39604254e-02 
 1.64000020e-02  5.39603353e-02 
 1.64000040e-02  5.39601551e-02 
 1.64000081e-02  5.39597948e-02 
 1.64000163e-02  5.39590745e-02 
 1.64000327e-02  5.39576350e-02 
 1.64000655e-02  5.39547605e-02 
 1.64001310e-02  5.39490290e-02 
 1.64002621e-02  5.39376362e-02 
 1.64005242e-02  5.39151283e-02 
 1.64010485e-02  5.38712010e-02 
 1.64020971e-02  5.37875276e-02 
 1.64041942e-02  5.36356199e-02 
 1.64083885e-02  5.33846151e-02 
 1.64167772e-02  5.30390045e-02 
 1.64335544e-02  5.27044078e-02 
 1.64671088e-02  5.25490105e-02 
 1.65071088e-02  5.25530099e-02 
 1.65471088e-02  5.25525655e-02 
 1.65871088e-02  5.25526149e-02 
 1.66271088e-02  5.25526094e-02 
 1.66671088e-02  5.25526100e-02 
 1.67071088e-02  5.25526099e-02 
 1.67471088e-02  5.25526099e-02 
 1.67871088e-02  5.25526099e-02 
 1.67999992e-02  5.25526099e-02 
 1.67999993e-02  5.25526099e-02 
 1.67999994e-02  5.25526099e-02 
 1.67999998e-02  5.25526099e-02 
 1.68000000e-02  5.25526099e-02 
 1.68000001e-02  5.25526099e-02 
 1.68000002e-02  5.25526099e-02 
 1.68000004e-02  5.25526099e-02 
 1.68000010e-02  5.25526099e-02 
 1.68000020e-02  5.25526099e-02 
 1.68000040e-02  5.25526099e-02 
 1.68000081e-02  5.25526099e-02 
 1.68000163e-02  5.25526099e-02 
 1.68000327e-02  5.25526099e-02 
 1.68000655e-02  5.25526099e-02 
 1.68001310e-02  5.25526099e-02 
 1.68002621e-02  5.25526099e-02 
 1.68005242e-02  5.25526099e-02 
 1.68010485e-02  5.25526099e-02 
 1.68020971e-02  5.25526099e-02 
 1.68041942e-02  5.25526099e-02 
 1.68083885e-02  5.25526099e-02 
 1.68167772e-02  5.25526099e-02 
 1.68335544e-02  5.25526099e-02 
 1.68671088e-02  5.25526099e-02 
 1.69071088e-02  5.25526099e-02 
 1.69471088e-02  5.25526099e-02 
 1.69871088e-02  5.25526099e-02 
 1.70271088e-02  5.25526099e-02 
 1.70671088e-02  5.25526099e-02 
 1.71071088e-02  5.25526099e-02 
 1.71471088e-02  5.25526099e-02 
 1.71871088e-02  5.25526099e-02 
 1.71999992e-02  5.25526099e-02 
 1.71999993e-02  5.25526099e-02 
 1.71999994e-02  5.25526099e-02 
 1.71999998e-02  5.25526099e-02 
 1.72000000e-02  5.25525998e-02 
 1.72000001e-02  5.25525945e-02 
 1.72000002e-02  5.25525837e-02 
 1.72000004e-02  5.25525622e-02 
 1.72000010e-02  5.25525191e-02 
 1.72000020e-02  5.25524331e-02 
 1.72000040e-02  5.25522609e-02 
 1.72000081e-02  5.25519167e-02 
 1.72000163e-02  5.25512286e-02 
 1.72000327e-02  5.25498534e-02 
 1.72000655e-02  5.25471072e-02 
 1.72001310e-02  5.25416317e-02 
 1.72002621e-02  5.25307477e-02 
 1.72005242e-02  5.25092450e-02 
 1.72010485e-02  5.24672794e-02 
 1.72020971e-02  5.23873427e-02 
 1.72041942e-02  5.22422189e-02 
 1.72083885e-02  5.20024235e-02 
 1.72167772e-02  5.16722473e-02 
 1.72335544e-02  5.13525931e-02 
 1.72671088e-02  5.12041355e-02 
 1.73071088e-02  5.12079563e-02 
 1.73471088e-02  5.12075317e-02 
 1.73871088e-02  5.12075789e-02 
 1.74271088e-02  5.12075737e-02 
 1.74671088e-02  5.12075743e-02 
 1.75071088e-02  5.12075742e-02 
 1.75471088e-02  5.12075742e-02 
 1.75871088e-02  5.12075742e-02 
 1.75999992e-02  5.12075742e-02 
 1.75999993e-02  5.12075742e-02 
 1.75999994e-02  5.12075742e-02 
 1.75999998e-02  5.12075742e-02 
 1.76000000e-02  5.12075742e-02 
 1.76000001e-02  5.12075742e-02 
 1.76000002e-02  5.12075742e-02 
 1.76000004e-02  5.12075742e-02 
 1.76000010e-02  5.12075742e-02 
 1.76000020e-02  5.12075742e-02 
 1.76000040e-02  5.12075742e-02 
 1.76000081e-02  5.12075742e-02 
 1.76000163e-02  5.12075742e-02 
 1.76000327e-02  5.12075742e-02 
 1.76000655e-02  5.12075742e-02 
 1.76001310e-02  5.12075742e-02 
 1.76002621e-02  5.12075742e-02 
 1.76005242e-02  5.12075742e-02 
 1.76010485e-02  5.12075742e-02 
 1.76020971e-02  5.12075742e-02 
 1.76041942e-02  5.12075742e-02 
 1.76083885e-02  5.12075742e-02 
 1.76167772e-02  5.12075742e-02 
 1.76335544e-02  5.12075742e-02 
 1.76671088e-02  5.12075742e-02 
 1.77071088e-02  5.12075742e-02 
 1.77471088e-02  5.12075742e-02 
 1.77871088e-02  5.12075742e-02 
 1.78271088e-02  5.12075742e-02 
 1.78671088e-02  5.12075742e-02 
 1.79071088e-02  5.12075742e-02 
 1.79471088e-02  5.12075742e-02 
 1.79871088e-02  5.12075742e-02 
 1.79999992e-02  5.12075742e-02 
 1.79999993e-02  5.12075742e-02 
 1.79999994e-02  5.12075742e-02 
 1.79999998e-02  5.12075742e-02 
 1.80000000e-02  5.12075646e-02 
 1.80000001e-02  5.12075594e-02 
 1.80000002e-02  5.12075492e-02 
 1.80000004e-02  5.12075286e-02 
 1.80000010e-02  5.12074876e-02 
 1.80000020e-02  5.12074055e-02 
 1.80000040e-02  5.12072412e-02 
 1.80000081e-02  5.12069129e-02 
 1.80000163e-02  5.12062563e-02 
 1.80000327e-02  5.12049443e-02 
 1.80000655e-02  5.12023243e-02 
 1.80001310e-02  5.11971002e-02 
 1.80002621e-02  5.11867161e-02 
 1.80005242e-02  5.11662011e-02 
 1.80010485e-02  5.11261631e-02 
 1.80020971e-02  5.10498980e-02 
 1.80041942e-02  5.09114400e-02 
 1.80083885e-02  5.06826588e-02 
 1.80167772e-02  5.03676481e-02 
 1.80335544e-02  5.00626763e-02 
 1.80671088e-02  4.99210376e-02 
 1.81071088e-02  4.99246829e-02 
 1.81471088e-02  4.99242778e-02 
 1.81871088e-02  4.99243228e-02 
 1.82271088e-02  4.99243178e-02 
 1.82671088e-02  4.99243184e-02 
 1.83071088e-02  4.99243183e-02 
 1.83471088e-02  4.99243183e-02 
 1.83871088e-02  4.99243183e-02 
 1.83999992e-02  4.99243183e-02 
 1.83999993e-02  4.99243183e-02 
 1.83999994e-02  4.99243183e-02 
 1.83999998e-02  4.99243183e-02 
 1.84000000e-02  4.99243183e-02 
 1.84000001e-02  4.99243183e-02 
 1.84000002e-02  4.99243183e-02 
 1.84000004e-02  4.99243183e-02 
 1.84000010e-02  4.99243183e-02 
 1.84000020e-02  4.99243183e-02 
 1.84000040e-02  4.99243183e-02 
 1.84000081e-02  4.99243183e-02 
 1.84000163e-02  4.99243183e-02 
 1.84000327e-02  4.99243183e-02 
 1.84000655e-02  4.99243183e-02 
 1.84001310e-02  4.99243183e-02 
 1.84002621e-02  4.99243183e-02 
 1.84005242e-02  4.99243183e-02 
 1.84010485e-02  4.99243183e-02 
 1.84020971e-02  4.99243183e-02 
 1.84041942e-02  4.99243183e-02 
 1.84083885e-02  4.99243183e-02 
 1.84167772e-02  4.99243183e-02 
 1.84335544e-02  4.99243183e-02 
 1.84671088e-02  4.99243183e-02 
 1.85071088e-02  4.99243183e-02 
 1.85471088e-02  4.99243183e-02 
 1.85871088e-02  4.99243183e-02 
 1.86271088e-02  4.99243183e-02 
 1.86671088e-02  4.99243183e-02 
 1.87071088e-02  4.99243183e-02 
 1.87471088e-02  4.99243183e-02 
 1.87871088e-02  4.99243183e-02 
 1.87999992e-02  4.99243183e-02 
 1.87999993e-02  4.99243183e-02 
 1.87999994e-02  4.99243183e-02 
 1.87999998e-02  4.99243183e-02 
 1.88000000e-02  4.99243092e-02 
 1.88000001e-02  4.99243043e-02 
 1.88000002e-02  4.99242945e-02 
 1.88000004e-02  4.99242749e-02 
 1.88000010e-02  4.99242358e-02 
 1.88000020e-02  4.99241575e-02 
 1.88000040e-02  4.99240010e-02 
 1.88000081e-02  4.99236881e-02 
 1.88000163e-02  4.99230624e-02 
 1.88000327e-02  4.99218120e-02 
 1.88000655e-02  4.99193151e-02 
 1.88001310e-02  4.99143366e-02 
 1.88002621e-02  4.99044405e-02 
 1.88005242e-02  4.98848896e-02 
 1.88010485e-02  4.98467332e-02 
 1.88020971e-02  4.97740523e-02 
 1.88041942e-02  4.96421013e-02 
 1.88083885e-02  4.94240719e-02 
 1.88167772e-02  4.91238656e-02 
 1.88335544e-02  4.88332262e-02 
 1.88671088e-02  4.86982440e-02 
 1.89071088e-02  4.87017180e-02 
 1.89471088e-02  4.87013320e-02 
 1.89871088e-02  4.87013749e-02 
 1.90271088e-02  4.87013701e-02 
 1.90671088e-02  4.87013706e-02 
 1.91071088e-02  4.87013706e-02 
 1.91471088e-02  4.87013706e-02 
 1.91871088e-02  4.87013706e-02 
 1.91999992e-02  4.87013706e-02 
 1.91999993e-02  4.87013706e-02 
 1.91999994e-02  4.87013706e-02 
 1.91999998e-02  4.87013706e-02 
 1.92000000e-02  4.87013706e-02 
 1.92000001e-02  4.87013706e-02 
 1.92000002e-02  4.87013706e-02 
 1.92000004e-02  4.87013706e-02 
 1.92000010e-02  4.87013706e-02 
 1.92000020e-02  4.87013706e-02 
 1.92000040e-02  4.87013706e-02 
 1.92000081e-02  4.87013706e-02 
 1.92000163e-02  4.87013706e-02 
 1.92000327e-02  4.87013706e-02 
 1.92000655e-02  4.87013706e-02 
 1.92001310e-02  4.87013706e-02 
 1.92002621e-02  4.87013706e-02 
 1.92005242e-02  4.87013706e-02 
 1.92010485e-02  4.87013706e-02 
 1.92020971e-02  4.87013706e-02 
 1.92041942e-02  4.87013706e-02 
 1.92083885e-02  4.87013706e-02 
 1.92167772e-02  4.87013706e-02 
 1.92335544e-02  4.87013706e-02 
 1.92671088e-02  4.87013706e-02 
 1.93071088e-02  4.87013706e-02 
 1.93471088e-02  4.87013706e-02 
 1.93871088e-02  4.87013706e-02 
 1.94271088e-02  4.87013706e-02 
 1.94671088e-02  4.87013706e-02 
 1.95071088e-02  4.87013706e-02 
 1.95471088e-02  4.87013706e-02 
 1.95871088e-02  4.87013706e-02 
 1.95999992e-02  4.87013706e-02 
 1.95999993e-02  4.87013706e-02 
 1.95999994e-02  4.87013706e-02 
 1.95999998e-02  4.87013706e-02 
 1.96000000e-02  4.87013618e-02 
 1.96000001e-02  4.87013572e-02 
 1.96000002e-02  4.87013479e-02 
 1.96000004e-02  4.87013292e-02 
 1.96000010e-02  4.87012920e-02 
 1.96000020e-02  4.87012175e-02 
 1.96000040e-02  4.87010684e-02 
 1.96000081e-02  4.87007705e-02 
 1.96000163e-02  4.87001748e-02 
 1.96000327e-02  4.86989843e-02 
 1.96000655e-02  4.86966069e-02 
 1.96001310e-02  4.86918668e-02 
 1.96002621e-02  4.86824446e-02 
 1.96005242e-02  4.86638299e-02 
 1.96010485e-02  4.86275007e-02 
 1.96020971e-02  4.85583002e-02 
 1.96041942e-02  4.84326679e-02 
 1.96083885e-02  4.82250791e-02 
 1.96167772e-02  4.79392485e-02 
 1.96335544e-02  4.76625268e-02 
 1.96671088e-02  4.75340084e-02 
 1.97071088e-02  4.75373160e-02 
 1.97471088e-02  4.75369485e-02 
 1.97871088e-02  4.75369893e-02 
 1.98271088e-02  4.75369848e-02 
 1.98671088e-02  4.75369853e-02 
 1.99071088e-02  4.75369852e-02 
 1.99471088e-02  4.75369852e-02 
 1.99871088e-02  4.75369852e-02 
 1.99999992e-02  4.75369852e-02 
 1.99999993e-02  4.75369852e-02 
 1.99999994e-02  4.75369852e-02 
 1.99999998e-02  4.75369852e-02 
 2.00000000e-02  4.75369852e-02 
 2.00000001e-02  4.75369852e-02 
 2.00000002e-02  4.75369852e-02 
 2.00000004e-02  4.75369852e-02 
 2.00000010e-02  4.75369852e-02 
 2.00000020e-02  4.75369852e-02 
 2.00000040e-02  4.75369852e-02 
 2.00000081e-02  4.75369852e-02 
 2.00000163e-02  4.75369852e-02 
 2.00000327e-02  4.75369852e-02 
 2.00000655e-02  4.75369852e-02 
 2.00001310e-02  4.75369852e-02 
 2.00002621e-02  4.75369852e-02 
 2.00005242e-02  4.75369852e-02 
 2.00010485e-02  4.75369852e-02 
 2.00020971e-02  4.75369852e-02 
 2.00041942e-02  4.75369852e-02 
 2.00083885e-02  4.75369852e-02 
 2.00167772e-02  4.75369852e-02 
 2.00335544e-02  4.75369852e-02 
 2.00671088e-02  4.75369852e-02 
 2.01071088e-02  4.75369852e-02 
 2.01471088e-02  4.75369852e-02 
 2.01871088e-02  4.75369852e-02 
 2.02271088e-02  4.75369852e-02 
 2.02671088e-02  4.75369852e-02 
 2.03071088e-02  4.75369852e-02 
 2.03471088e-02  4.75369852e-02 
 2.03871088e-02  4.75369852e-02 
 2.03999992e-02  4.75369852e-02 
 2.03999993e-02  4.75369852e-02 
 2.03999994e-02  4.75369852e-02 
 2.03999998e-02  4.75369852e-02 
 2.04000000e-02  4.75369769e-02 
 2.04000001e-02  4.75369725e-02 
 2.04000002e-02  4.75369636e-02 
 2.04000004e-02  4.75369459e-02 
 2.04000010e-02  4.75369105e-02 
 2.04000020e-02  4.75368396e-02 
 2.04000040e-02  4.75366978e-02 
 2.04000081e-02  4.75364143e-02 
 2.04000163e-02  4.75358476e-02 
 2.04000327e-02  4.75347150e-02 
 2.04000655e-02  4.75324533e-02 
 2.04001310e-02  4.75279437e-02 
 2.04002621e-02  4.75189797e-02 
 2.04005242e-02  4.75012702e-02 
 2.04010485e-02  4.74667077e-02 
 2.04020971e-02  4.74008726e-02 
 2.04041942e-02  4.72813499e-02 
 2.04083885e-02  4.70838564e-02 
 2.04167772e-02  4.68119261e-02 
 2.04335544e-02  4.65486617e-02 
 2.04671088e-02  4.64263933e-02 
 2.05071088e-02  4.64295400e-02 
 2.05471088e-02  4.64291904e-02 
 2.05871088e-02  4.64292292e-02 
 2.06271088e-02  4.64292249e-02 
 2.06671088e-02  4.64292254e-02 
 2.07071088e-02  4.64292253e-02 
 2.07471088e-02  4.64292253e-02 
 2.07871088e-02  4.64292253e-02 
 2.07999992e-02  4.64292253e-02 
 2.07999993e-02  4.64292253e-02 
 2.07999994e-02  4.64292253e-02 
 2.07999998e-02  4.64292253e-02 
 2.08000000e-02  4.64292253e-02 
 2.08000001e-02  4.64292253e-02 
 2.08000002e-02  4.64292253e-02 
 2.08000004e-02  4.64292253e-02 
 2.08000010e-02  4.64292253e-02 
 2.08000020e-02  4.64292253e-02 
 2.08000040e-02  4.64292253e-02 
 2.08000081e-02  4.64292253e-02 
 2.08000163e-02  4.64292253e-02 
 2.08000327e-02  4.64292253e-02 
 2.08000655e-02  4.64292253e-02 
 2.08001310e-02  4.64292253e-02 
 2.08002621e-02  4.64292253e-02 
 2.08005242e-02  4.64292253e-02 
 2.08010485e-02  4.64292253e-02 
 2.08020971e-02  4.64292253e-02 
 2.08041942e-02  4.64292253e-02 
 2.08083885e-02  4.64292253e-02 
 2.08167772e-02  4.64292253e-02 
 2.08335544e-02  4.64292253e-02 
 2.08671088e-02  4.64292253e-02 
 2.09071088e-02  4.64292253e-02 
 2.09471088e-02  4.64292253e-02 
 2.09871088e-02  4.64292253e-02 
 2.10271088e-02  4.64292253e-02 
 2.10671088e-02  4.64292253e-02 
 2.11071088e-02  4.64292253e-02 
 2.11471088e-02  4.64292253e-02 
 2.11871088e-02  4.64292253e-02 
 2.11999992e-02  4.64292253e-02 
 2.11999993e-02  4.64292253e-02 
 2.11999994e-02  4.64292253e-02 
 2.11999998e-02  4.64292253e-02 
 2.12000000e-02  4.64292174e-02 
 2.12000001e-02  4.64292132e-02 
 2.12000002e-02  4.64292048e-02 
 2.12000004e-02  4.64291879e-02 
 2.12000010e-02  4.64291542e-02 
 2.12000020e-02  4.64290869e-02 
 2.12000040e-02  4.64289521e-02 
 2.12000081e-02  4.64286826e-02 
 2.12000163e-02  4.64281437e-02 
 2.12000327e-02  4.64270669e-02 
 2.12000655e-02  4.64249166e-02 
 2.12001310e-02  4.64206291e-02 
 2.12002621e-02  4.64121067e-02 
 2.12005242e-02  4.63952695e-02 
 2.12010485e-02  4.63624094e-02 
 2.12020971e-02  4.62998169e-02 
 2.12041942e-02  4.61861813e-02 
 2.12083885e-02  4.59984153e-02 
 2.12167772e-02  4.57398789e-02 
 2.12335544e-02  4.54895816e-02 
 2.12671088e-02  4.53733355e-02 
 2.13071088e-02  4.53763273e-02 
 2.13471088e-02  4.53759949e-02 
 2.13871088e-02  4.53760318e-02 
 2.14271088e-02  4.53760277e-02 
 2.14671088e-02  4.53760282e-02 
 2.15071088e-02  4.53760281e-02 
 2.15471088e-02  4.53760281e-02 
 2.15871088e-02  4.53760281e-02 
 2.15999992e-02  4.53760281e-02 
 2.15999993e-02  4.53760281e-02 
 2.15999994e-02  4.53760281e-02 
 2.15999998e-02  4.53760281e-02 
 2.16000000e-02  4.53760281e-02 
 2.16000001e-02  4.53760281e-02 
 2.16000002e-02  4.53760281e-02 
 2.16000004e-02  4.53760281e-02 
 2.16000010e-02  4.53760281e-02 
 2.16000020e-02  4.53760281e-02 
 2.16000040e-02  4.53760281e-02 
 2.16000081e-02  4.53760281e-02 
 2.16000163e-02  4.53760281e-02 
 2.16000327e-02  4.53760281e-02 
 2.16000655e-02  4.53760281e-02 
 2.16001310e-02  4.53760281e-02 
 2.16002621e-02  4.53760281e-02 
 2.16005242e-02  4.53760281e-02 
 2.16010485e-02  4.53760281e-02 
 2.16020971e-02  4.53760281e-02 
 2.16041942e-02  4.53760281e-02 
 2.16083885e-02  4.53760281e-02 
 2.16167772e-02  4.53760281e-02 
 2.16335544e-02  4.53760281e-02 
 2.16671088e-02  4.53760281e-02 
 2.17071088e-02  4.53760281e-02 
 2.17471088e-02  4.53760281e-02 
 2.17871088e-02  4.53760281e-02 
 2.18271088e-02  4.53760281e-02 
 2.18671088e-02  4.53760281e-02 
 2.19071088e-02  4.53760281e-02 
 2.19471088e-02  4.53760281e-02 
 2.19871088e-02  4.53760281e-02 
 2.19999992e-02  4.53760281e-02 
 2.19999993e-02  4.53760281e-02 
 2.19999994e-02  4.53760281e-02 
 2.19999998e-02  4.53760281e-02 
 2.20000000e-02  4.53760206e-02 
 2.20000001e-02  4.53760166e-02 
 2.20000002e-02  4.53760086e-02 
 2.20000004e-02  4.53759926e-02 
 2.20000010e-02  4.53759606e-02 
 2.20000020e-02  4.53758965e-02 
 2.20000040e-02  4.53757684e-02 
 2.20000081e-02  4.53755123e-02 
 2.20000163e-02  4.53750003e-02 
 2.20000327e-02  4.53739771e-02 
 2.20000655e-02  4.53719338e-02 
 2.20001310e-02  4.53678598e-02 
 2.20002621e-02  4.53597616e-02 
 2.20005242e-02  4.53437625e-02 
 2.20010485e-02  4.53125381e-02 
 2.20020971e-02  4.52530613e-02 
 2.20041942e-02  4.51450822e-02 
 2.20083885e-02  4.49666629e-02 
 2.20167772e-02  4.47209958e-02 
 2.20335544e-02  4.44831577e-02 
 2.20671088e-02  4.43726981e-02 
 2.21071088e-02  4.43755409e-02 
 2.21471088e-02  4.43752251e-02 
 2.21871088e-02  4.43752602e-02 
 2.22271088e-02  4.43752563e-02 
 2.22671088e-02  4.43752567e-02 
 2.23071088e-02  4.43752566e-02 
 2.23471088e-02  4.43752566e-02 
 2.23871088e-02  4.43752566e-02 
 2.23999992e-02  4.43752566e-02 
 2.23999993e-02  4.43752566e-02 
 2.23999994e-02  4.43752566e-02 
 2.23999998e-02  4.43752566e-02 
 2.24000000e-02  4.43752566e-02 
 2.24000001e-02  4.43752566e-02 
 2.24000002e-02  4.43752566e-02 
 2.24000004e-02  4.43752566e-02 
 2.24000010e-02  4.43752566e-02 
 2.24000020e-02  4.43752566e-02 
 2.24000040e-02  4.43752566e-02 
 2.24000081e-02  4.43752566e-02 
 2.24000163e-02  4.43752566e-02 
 2.24000327e-02  4.43752566e-02 
 2.24000655e-02  4.43752566e-02 
 2.24001310e-02  4.43752566e-02 
 2.24002621e-02  4.43752566e-02 
 2.24005242e-02  4.43752566e-02 
 2.24010485e-02  4.43752566e-02 
 2.24020971e-02  4.43752566e-02 
 2.24041942e-02  4.43752566e-02 
 2.24083885e-02  4.43752566e-02 
 2.24167772e-02  4.43752566e-02 
 2.24335544e-02  4.43752566e-02 
 2.24671088e-02  4.43752566e-02 
 2.25071088e-02  4.43752566e-02 
 2.25471088e-02  4.43752566e-02 
 2.25871088e-02  4.43752566e-02 
 2.26271088e-02  4.43752566e-02 
 2.26671088e-02  4.43752566e-02 
 2.27071088e-02  4.43752566e-02 
 2.27471088e-02  4.43752566e-02 
 2.27871088e-02  4.43752566e-02 
 2.27999992e-02  4.43752566e-02 
 2.27999993e-02  4.43752566e-02 
 2.27999994e-02  4.43752566e-02 
 2.27999998e-02  4.43752566e-02 
 2.28000000e-02  4.43752495e-02 
 2.28000001e-02  4.43752457e-02 
 2.28000002e-02  4.43752381e-02 
 2.28000004e-02  4.43752229e-02 
 2.28000010e-02  4.43751925e-02 
 2.28000020e-02  4.43751317e-02 
 2.28000040e-02  4.43750100e-02 
 2.28000081e-02  4.43747668e-02 
 2.28000163e-02  4.43742805e-02 
 2.28000327e-02  4.43733087e-02 
 2.28000655e-02  4.43713680e-02 
 2.28001310e-02  4.43674985e-02 
 2.28002621e-02  4.43598069e-02 
 2.28005242e-02  4.43446113e-02 
 2.28010485e-02  4.43149548e-02 
 2.28020971e-02  4.42584648e-02 
 2.28041942e-02  4.41559080e-02 
 2.28083885e-02  4.39864482e-02 
 2.28167772e-02  4.37531177e-02 
 2.28335544e-02  4.35272229e-02 
 2.28671088e-02  4.34223102e-02 
 2.29071088e-02  4.34250103e-02 
 2.29471088e-02  4.34247103e-02 
 2.29871088e-02  4.34247436e-02 
 2.30271088e-02  4.34247399e-02 
 2.30671088e-02  4.34247403e-02 
 2.31071088e-02  4.34247403e-02 
 2.31471088e-02  4.34247403e-02 
 2.31871088e-02  4.34247403e-02 
 2.31999992e-02  4.34247403e-02 
 2.31999993e-02  4.34247403e-02 
 2.31999994e-02  4.34247403e-02 
 2.31999998e-02  4.34247403e-02 
 2.32000000e-02  4.34247403e-02 
 2.32000001e-02  4.34247403e-02 
 2.32000002e-02  4.34247403e-02 
 2.32000004e-02  4.34247403e-02 
 2.32000010e-02  4.34247403e-02 
 2.32000020e-02  4.34247403e-02 
 2.32000040e-02  4.34247403e-02 
 2.32000081e-02  4.34247403e-02 
 2.32000163e-02  4.34247403e-02 
 2.32000327e-02  4.34247403e-02 
 2.32000655e-02  4.34247403e-02 
 2.32001310e-02  4.34247403e-02 
 2.32002621e-02  4.34247403e-02 
 2.32005242e-02  4.34247403e-02 
 2.32010485e-02  4.34247403e-02 
 2.32020971e-02  4.34247403e-02 
 2.32041942e-02  4.34247403e-02 
 2.32083885e-02  4.34247403e-02 
 2.32167772e-02  4.34247403e-02 
 2.32335544e-02  4.34247403e-02 
 2.32671088e-02  4.34247403e-02 
 2.33071088e-02  4.34247403e-02 
 2.33471088e-02  4.34247403e-02 
 2.33871088e-02  4.34247403e-02 
 2.34271088e-02  4.34247403e-02 
 2.34671088e-02  4.34247403e-02 
 2.35071088e-02  4.34247403e-02 
 2.35471088e-02  4.34247403e-02 
 2.35871088e-02  4.34247403e-02 
 2.35999992e-02  4.34247403e-02 
 2.35999993e-02  4.34247403e-02 
 2.35999994e-02  4.34247403e-02 
 2.35999998e-02  4.34247403e-02 
 2.36000000e-02  4.34247335e-02 
 2.36000001e-02  4.34247299e-02 
 2.36000002e-02  4.34247227e-02 
 2.36000004e-02  4.34247082e-02 
 2.36000010e-02  4.34246794e-02 
 2.36000020e-02  4.34246216e-02 
 2.36000040e-02  4.34245061e-02 
 2.36000081e-02  4.34242752e-02 
 2.36000163e-02  4.34238135e-02 
 2.36000327e-02  4.34228908e-02 
 2.36000655e-02  4.34210483e-02 
 2.36001310e-02  4.34173746e-02 
 2.36002621e-02  4.34100721e-02 
 2.36005242e-02  4.33956451e-02 
 2.36010485e-02  4.33674888e-02 
 2.36020971e-02  4.33138563e-02 
 2.36041942e-02  4.32164874e-02 
 2.36083885e-02  4.30555997e-02 
 2.36167772e-02  4.28340722e-02 
 2.36335544e-02  4.26196043e-02 
 2.36671088e-02  4.25199985e-02 
 2.37071088e-02  4.25225620e-02 
 2.37471088e-02  4.25222772e-02 
 2.37871088e-02  4.25223088e-02 
 2.38271088e-02  4.25223053e-02 
 2.38671088e-02  4.25223057e-02 
 2.39071088e-02  4.25223057e-02 
 2.39471088e-02  4.25223057e-02 
 2.39871088e-02  4.25223057e-02 
 2.39999992e-02  4.25223057e-02 
 2.39999993e-02  4.25223057e-02 
 2.39999994e-02  4.25223057e-02 
 2.39999998e-02  4.25223057e-02 
 2.40000000e-02  4.25223057e-02 
 2.40000001e-02  4.25223057e-02 
 2.40000002e-02  4.25223057e-02 
 2.40000004e-02  4.25223057e-02 
 2.40000010e-02  4.25223057e-02 
 2.40000020e-02  4.25223057e-02 
 2.40000040e-02  4.25223057e-02 
 2.40000081e-02  4.25223057e-02 
 2.40000163e-02  4.25223057e-02 
 2.40000327e-02  4.25223057e-02 
 2.40000655e-02  4.25223057e-02 
 2.40001310e-02  4.25223057e-02 
 2.40002621e-02  4.25223057e-02 
 2.40005242e-02  4.25223057e-02 
 2.40010485e-02  4.25223057e-02 
 2.40020971e-02  4.25223057e-02 
 2.40041942e-02  4.25223057e-02 
 2.40083885e-02  4.25223057e-02 
 2.40167772e-02  4.25223057e-02 
 2.40335544e-02  4.25223057e-02 
 2.40671088e-02  4.25223057e-02 
 2.41071088e-02  4.25223057e-02 
 2.41471088e-02  4.25223057e-02 
 2.41871088e-02  4.25223057e-02 
 2.42271088e-02  4.25223057e-02 
 2.42671088e-02  4.25223057e-02 
 2.43071088e-02  4.25223057e-02 
 2.43471088e-02  4.25223057e-02 
 2.43871088e-02  4.25223057e-02 
 2.43999992e-02  4.25223057e-02 
 2.43999993e-02  4.25223057e-02 
 2.43999994e-02  4.25223057e-02 
 2.43999998e-02  4.25223057e-02 
 2.44000000e-02  4.25222993e-02 
 2.44000001e-02  4.25222958e-02 
 2.44000002e-02  4.25222890e-02 
 2.44000004e-02  4.25222753e-02 
 2.44000010e-02  4.25222479e-02 
 2.44000020e-02  4.25221931e-02 
 2.44000040e-02  4.25220834e-02 
 2.44000081e-02  4.25218643e-02 
 2.44000163e-02  4.25214261e-02 
 2.44000327e-02  4.25205504e-02 
 2.44000655e-02  4.25188016e-02 
 2.44001310e-02  4.25153149e-02 
 2.44002621e-02  4.25083840e-02 
 2.44005242e-02  4.24946913e-02 
 2.44010485e-02  4.24679681e-02 
 2.44020971e-02  4.24170652e-02 
 2.44041942e-02  4.23246519e-02 
 2.44083885e-02  4.21719525e-02 
 2.44167772e-02  4.19616997e-02 
 2.44335544e-02  4.17581471e-02 
 2.44671088e-02  4.16636109e-02 
 2.45071088e-02  4.16660439e-02 
 2.45471088e-02  4.16657736e-02 
 2.45871088e-02  4.16658036e-02 
 2.46271088e-02  4.16658003e-02 
 2.46671088e-02  4.16658006e-02 
 2.47071088e-02  4.16658006e-02 
 2.47471088e-02  4.16658006e-02 
 2.47871088e-02  4.16658006e-02 
 2.47999992e-02  4.16658006e-02 
 2.47999993e-02  4.16658006e-02 
 2.47999994e-02  4.16658006e-02 
 2.47999998e-02  4.16658006e-02 
 2.48000000e-02  4.16658006e-02 
 2.48000001e-02  4.16658006e-02 
 2.48000002e-02  4.16658006e-02 
 2.48000004e-02  4.16658006e-02 
 2.48000010e-02  4.16658006e-02 
 2.48000020e-02  4.16658006e-02 
 2.48000040e-02  4.16658006e-02 
 2.48000081e-02  4.16658006e-02 
 2.48000163e-02  4.16658006e-02 
 2.48000327e-02  4.16658006e-02 
 2.48000655e-02  4.16658006e-02 
 2.48001310e-02  4.16658006e-02 
 2.48002621e-02  4.16658006e-02 
 2.48005242e-02  4.16658006e-02 
 2.48010485e-02  4.16658006e-02 
 2.48020971e-02  4.16658006e-02 
 2.48041942e-02  4.16658006e-02 
 2.48083885e-02  4.16658006e-02 
 2.48167772e-02  4.16658006e-02 
 2.48335544e-02  4.16658006e-02 
 2.48671088e-02  4.16658006e-02 
 2.49071088e-02  4.16658006e-02 
 2.49471088e-02  4.16658006e-02 
 2.49871088e-02  4.16658006e-02 
 2.50271088e-02  4.16658006e-02 
 2.50671088e-02  4.16658006e-02 
 2.51071088e-02  4.16658006e-02 
 2.51471088e-02  4.16658006e-02 
 2.51871088e-02  4.16658006e-02 
 2.51999992e-02  4.16658006e-02 
 2.51999993e-02  4.16658006e-02 
 2.51999994e-02  4.16658006e-02 
 2.51999998e-02  4.16658006e-02 
 2.52000000e-02  4.16657945e-02 
 2.52000001e-02  4.16657912e-02 
 2.52000002e-02  4.16657847e-02 
 2.52000004e-02  4.16657717e-02 
 2.52000010e-02  4.16657457e-02 
 2.52000020e-02  4.16656937e-02 
 2.52000040e-02  4.16655897e-02 
 2.52000081e-02  4.16653818e-02 
 2.52000163e-02  4.16649660e-02 
 2.52000327e-02  4.16641351e-02 
 2.52000655e-02  4.16624758e-02 
 2.52001310e-02  4.16591674e-02 
 2.52002621e-02  4.16525911e-02 
 2.52005242e-02  4.16395989e-02 
 2.52010485e-02  4.16142427e-02 
 2.52020971e-02  4.15659439e-02 
 2.52041942e-02  4.14782581e-02 
 2.52083885e-02  4.13333704e-02 
 2.52167772e-02  4.11338734e-02 
 2.52335544e-02  4.09407339e-02 
 2.52671088e-02  4.08510338e-02 
 2.53071088e-02  4.08533424e-02 
 2.53471088e-02  4.08530859e-02 
 2.53871088e-02  4.08531144e-02 
 2.54271088e-02  4.08531112e-02 
 2.54671088e-02  4.08531115e-02 
 2.55071088e-02  4.08531115e-02 
 2.55471088e-02  4.08531115e-02 
 2.55871088e-02  4.08531115e-02 
 2.55999992e-02  4.08531115e-02 
 2.55999993e-02  4.08531115e-02 
 2.55999994e-02  4.08531115e-02 
 2.55999998e-02  4.08531115e-02 
 2.56000000e-02  4.08531115e-02 
 2.56000001e-02  4.08531115e-02 
 2.56000002e-02  4.08531115e-02 
 2.56000004e-02  4.08531115e-02 
 2.56000010e-02  4.08531115e-02 
 2.56000020e-02  4.08531115e-02 
 2.56000040e-02  4.08531115e-02 
 2.56000081e-02  4.08531115e-02 
 2.56000163e-02  4.08531115e-02 
 2.56000327e-02  4.08531115e-02 
 2.56000655e-02  4.08531115e-02 
 2.56001310e-02  4.08531115e-02 
 2.56002621e-02  4.08531115e-02 
 2.56005242e-02  4.08531115e-02 
 2.56010485e-02  4.08531115e-02 
 2.56020971e-02  4.08531115e-02 
 2.56041942e-02  4.08531115e-02 
 2.56083885e-02  4.08531115e-02 
 2.56167772e-02  4.08531115e-02 
 2.56335544e-02  4.08531115e-02 
 2.56671088e-02  4.08531115e-02 
 2.57071088e-02  4.08531115e-02 
 2.57471088e-02  4.08531115e-02 
 2.57871088e-02  4.08531115e-02 
 2.58271088e-02  4.08531115e-02 
 2.58671088e-02  4.08531115e-02 
 2.59071088e-02  4.08531115e-02 
 2.59471088e-02  4.08531115e-02 
 2.59871088e-02  4.08531115e-02 
 2.59999992e-02  4.08531115e-02 
 2.59999993e-02  4.08531115e-02 
 2.59999994e-02  4.08531115e-02 
 2.59999998e-02  4.08531115e-02 
 2.60000000e-02  4.08531057e-02 
 2.60000001e-02  4.08531026e-02 
 2.60000002e-02  4.08530965e-02 
 2.60000004e-02  4.08530841e-02 
 2.60000010e-02  4.08530595e-02 
 2.60000020e-02  4.08530101e-02 
 2.60000040e-02  4.08529115e-02 
 2.60000081e-02  4.08527142e-02 
 2.60000163e-02  4.08523198e-02 
 2.60000327e-02  4.08515316e-02 
 2.60000655e-02  4.08499575e-02 
 2.60001310e-02  4.08468191e-02 
 2.60002621e-02  4.08405807e-02 
 2.60005242e-02  4.08282560e-02 
 2.60010485e-02  4.08042026e-02 
 2.60020971e-02  4.07583852e-02 
 2.60041942e-02  4.06752046e-02 
 2.60083885e-02  4.05377609e-02 
 2.60167772e-02  4.03485136e-02 
 2.60335544e-02  4.01652973e-02 
 2.60671088e-02  4.00802058e-02 
 2.61071088e-02  4.00823958e-02 
 2.61471088e-02  4.00821524e-02 
 2.61871088e-02  4.00821795e-02 
 2.62271088e-02  4.00821765e-02 
 2.62671088e-02  4.00821768e-02 
 2.63071088e-02  4.00821768e-02 
 2.63471088e-02  4.00821768e-02 
 2.63871088e-02  4.00821768e-02 
 2.63999992e-02  4.00821768e-02 
 2.63999993e-02  4.00821768e-02 
 2.63999994e-02  4.00821768e-02 
 2.63999998e-02  4.00821768e-02 
 2.64000000e-02  4.00821768e-02 
 2.64000001e-02  4.00821768e-02 
 2.64000002e-02  4.00821768e-02 
 2.64000004e-02  4.00821768e-02 
 2.64000010e-02  4.00821768e-02 
 2.64000020e-02  4.00821768e-02 
 2.64000040e-02  4.00821768e-02 
 2.64000081e-02  4.00821768e-02 
 2.64000163e-02  4.00821768e-02 
 2.64000327e-02  4.00821768e-02 
 2.64000655e-02  4.00821768e-02 
 2.64001310e-02  4.00821768e-02 
 2.64002621e-02  4.00821768e-02 
 2.64005242e-02  4.00821768e-02 
 2.64010485e-02  4.00821768e-02 
 2.64020971e-02  4.00821768e-02 
 2.64041942e-02  4.00821768e-02 
 2.64083885e-02  4.00821768e-02 
 2.64167772e-02  4.00821768e-02 
 2.64335544e-02  4.00821768e-02 
 2.64671088e-02  4.00821768e-02 
 2.65071088e-02  4.00821768e-02 
 2.65471088e-02  4.00821768e-02 
 2.65871088e-02  4.00821768e-02 
 2.66271088e-02  4.00821768e-02 
 2.66671088e-02  4.00821768e-02 
 2.67071088e-02  4.00821768e-02 
 2.67471088e-02  4.00821768e-02 
 2.67871088e-02  4.00821768e-02 
 2.67999992e-02  4.00821768e-02 
 2.67999993e-02  4.00821768e-02 
 2.67999994e-02  4.00821768e-02 
 2.67999998e-02  4.00821768e-02 
 2.68000000e-02  4.00821713e-02 
 2.68000001e-02  4.00821684e-02 
 2.68000002e-02  4.00821625e-02 
 2.68000004e-02  4.00821508e-02 
 2.68000010e-02  4.00821274e-02 
 2.68000020e-02  4.00820806e-02 
 2.68000040e-02  4.00819871e-02 
 2.68000081e-02  4.00817999e-02 
 2.68000163e-02  4.00814259e-02 
 2.68000327e-02  4.00806783e-02 
 2.68000655e-02  4.00791854e-02 
 2.68001310e-02  4.00762089e-02 
 2.68002621e-02  4.00702922e-02 
 2.68005242e-02  4.00586030e-02 
 2.68010485e-02  4.00357899e-02 
 2.68020971e-02  3.99923351e-02 
 2.68041942e-02  3.99134437e-02 
 2.68083885e-02  3.97830874e-02 
 2.68167772e-02  3.96035988e-02 
 2.68335544e-02  3.94298302e-02 
 2.68671088e-02  3.93491265e-02 
 2.69071088e-02  3.93512035e-02 
 2.69471088e-02  3.93509727e-02 
 2.69871088e-02  3.93509983e-02 
 2.70271088e-02  3.93509955e-02 
 2.70671088e-02  3.93509958e-02 
 2.71071088e-02  3.93509958e-02 
 2.71471088e-02  3.93509958e-02 
 2.71871088e-02  3.93509958e-02 
 2.71999992e-02  3.93509958e-02 
 2.71999993e-02  3.93509958e-02 
 2.71999994e-02  3.93509958e-02 
 2.71999998e-02  3.93509958e-02 
 2.72000000e-02  3.93509958e-02 
 2.72000001e-02  3.93509958e-02 
 2.72000002e-02  3.93509958e-02 
 2.72000004e-02  3.93509958e-02 
 2.72000010e-02  3.93509958e-02 
 2.72000020e-02  3.93509958e-02 
 2.72000040e-02  3.93509958e-02 
 2.72000081e-02  3.93509958e-02 
 2.72000163e-02  3.93509958e-02 
 2.72000327e-02  3.93509958e-02 
 2.72000655e-02  3.93509958e-02 
 2.72001310e-02  3.93509958e-02 
 2.72002621e-02  3.93509958e-02 
 2.72005242e-02  3.93509958e-02 
 2.72010485e-02  3.93509958e-02 
 2.72020971e-02  3.93509958e-02 
 2.72041942e-02  3.93509958e-02 
 2.72083885e-02  3.93509958e-02 
 2.72167772e-02  3.93509958e-02 
 2.72335544e-02  3.93509958e-02 
 2.72671088e-02  3.93509958e-02 
 2.73071088e-02  3.93509958e-02 
 2.73471088e-02  3.93509958e-02 
 2.73871088e-02  3.93509958e-02 
 2.74271088e-02  3.93509958e-02 
 2.74671088e-02  3.93509958e-02 
 2.75071088e-02  3.93509958e-02 
 2.75471088e-02  3.93509958e-02 
 2.75871088e-02  3.93509958e-02 
 2.75999992e-02  3.93509958e-02 
 2.75999993e-02  3.93509958e-02 
 2.75999994e-02  3.93509958e-02 
 2.75999998e-02  3.93509958e-02 
 2.76000000e-02  3.93509906e-02 
 2.76000001e-02  3.93509878e-02 
 2.76000002e-02  3.93509823e-02 
 2.76000004e-02  3.93509712e-02 
 2.76000010e-02  3.93509490e-02 
 2.76000020e-02  3.93509046e-02 
 2.76000040e-02  3.93508159e-02 
 2.76000081e-02  3.93506384e-02 
 2.76000163e-02  3.93502837e-02 
 2.76000327e-02  3.93495748e-02 
 2.76000655e-02  3.93481592e-02 
 2.76001310e-02  3.93453366e-02 
 2.76002621e-02  3.93397259e-02 
 2.76005242e-02  3.93286413e-02 
 2.76010485e-02  3.93070082e-02 
 2.76020971e-02  3.92658012e-02 
 2.76041942e-02  3.91909905e-02 
 2.76083885e-02  3.90673769e-02 
 2.76167772e-02  3.88971724e-02 
 2.76335544e-02  3.87323920e-02 
 2.76671088e-02  3.86558627e-02 
 2.77071088e-02  3.86578323e-02 
 2.77471088e-02  3.86576135e-02 
 2.77871088e-02  3.86576378e-02 
 2.78271088e-02  3.86576351e-02 
 2.78671088e-02  3.86576354e-02 
 2.79071088e-02  3.86576353e-02 
 2.79471088e-02  3.86576353e-02 
 2.79871088e-02  3.86576353e-02 
 2.79999992e-02  3.86576353e-02 
 2.79999993e-02  3.86576353e-02 
 2.79999994e-02  3.86576353e-02 
 2.79999998e-02  3.86576353e-02 
 2.80000000e-02  3.86576353e-02 
 2.80000001e-02  3.86576353e-02 
 2.80000002e-02  3.86576353e-02 
 2.80000004e-02  3.86576353e-02 
 2.80000010e-02  3.86576353e-02 
 2.80000020e-02  3.86576353e-02 
 2.80000040e-02  3.86576353e-02 
 2.80000081e-02  3.86576353e-02 
 2.80000163e-02  3.86576353e-02 
 2.80000327e-02  3.86576353e-02 
 2.80000655e-02  3.86576353e-02 
 2.80001310e-02  3.86576353e-02 
 2.80002621e-02  3.86576353e-02 
 2.80005242e-02  3.86576353e-02 
 2.80010485e-02  3.86576353e-02 
 2.80020971e-02  3.86576353e-02 
 2.80041942e-02  3.86576353e-02 
 2.80083885e-02  3.86576353e-02 
 2.80167772e-02  3.86576353e-02 
 2.80335544e-02  3.86576353e-02 
 2.80671088e-02  3.86576353e-02 
 2.81071088e-02  3.86576353e-02 
 2.81471088e-02  3.86576353e-02 
 2.81871088e-02  3.86576353e-02 
 2.82271088e-02  3.86576353e-02 
 2.82671088e-02  3.86576353e-02 
 2.83071088e-02  3.86576353e-02 
 2.83471088e-02  3.86576353e-02 
 2.83871088e-02  3.86576353e-02 
 2.83999992e-02  3.86576353e-02 
 2.83999993e-02  3.86576353e-02 
 2.83999994e-02  3.86576353e-02 
 2.83999998e-02  3.86576353e-02 
 2.84000000e-02  3.86576304e-02 
 2.84000001e-02  3.86576278e-02 
 2.84000002e-02  3.86576225e-02 
 2.84000004e-02  3.86576120e-02 
 2.84000010e-02  3.86575910e-02 
 2.84000020e-02  3.86575489e-02 
 2.84000040e-02  3.86574648e-02 
 2.84000081e-02  3.86572965e-02 
 2.84000163e-02  3.86569602e-02 
 2.84000327e-02  3.86562881e-02 
 2.84000655e-02  3.86549458e-02 
 2.84001310e-02  3.86522696e-02 
 2.84002621e-02  3.86469499e-02 
 2.84005242e-02  3.86364402e-02 
 2.84010485e-02  3.86159291e-02 
 2.84020971e-02  3.85768591e-02 
 2.84041942e-02  3.85059282e-02 
 2.84083885e-02  3.83887254e-02 
 2.84167772e-02  3.82273480e-02 
 2.84335544e-02  3.80711134e-02 
 2.84671088e-02  3.79985530e-02 
 2.85071088e-02  3.80004205e-02 
 2.85471088e-02  3.80002130e-02 
 2.85871088e-02  3.80002360e-02 
 2.86271088e-02  3.80002335e-02 
 2.86671088e-02  3.80002337e-02 
 2.87071088e-02  3.80002337e-02 
 2.87471088e-02  3.80002337e-02 
 2.87871088e-02  3.80002337e-02 
 2.87999992e-02  3.80002337e-02 
 2.87999993e-02  3.80002337e-02 
 2.87999994e-02  3.80002337e-02 
 2.87999998e-02  3.80002337e-02 
 2.88000000e-02  3.80002337e-02 
 2.88000001e-02  3.80002337e-02 
 2.88000002e-02  3.80002337e-02 
 2.88000004e-02  3.80002337e-02 
 2.88000010e-02  3.80002337e-02 
 2.88000020e-02  3.80002337e-02 
 2.88000040e-02  3.80002337e-02 
 2.88000081e-02  3.80002337e-02 
 2.88000163e-02  3.80002337e-02 
 2.88000327e-02  3.80002337e-02 
 2.88000655e-02  3.80002337e-02 
 2.88001310e-02  3.80002337e-02 
 2.88002621e-02  3.80002337e-02 
 2.88005242e-02  3.80002337e-02 
 2.88010485e-02  3.80002337e-02 
 2.88020971e-02  3.80002337e-02 
 2.88041942e-02  3.80002337e-02 
 2.88083885e-02  3.80002337e-02 
 2.88167772e-02  3.80002337e-02 
 2.88335544e-02  3.80002337e-02 
 2.88671088e-02  3.80002337e-02 
 2.89071088e-02  3.80002337e-02 
 2.89471088e-02  3.80002337e-02 
 2.89871088e-02  3.80002337e-02 
 2.90271088e-02  3.80002337e-02 
 2.90671088e-02  3.80002337e-02 
 2.91071088e-02  3.80002337e-02 
 2.91471088e-02  3.80002337e-02 
 2.91871088e-02  3.80002337e-02 
 2.91999992e-02  3.80002337e-02 
 2.91999993e-02  3.80002337e-02 
 2.91999994e-02  3.80002337e-02 
 2.91999998e-02  3.80002337e-02 
 2.92000000e-02  3.80002290e-02 
 2.92000001e-02  3.80002266e-02 
 2.92000002e-02  3.80002216e-02 
 2.92000004e-02  3.80002116e-02 
 2.92000010e-02  3.80001917e-02 
 2.92000020e-02  3.80001518e-02 
 2.92000040e-02  3.80000720e-02 
 2.92000081e-02  3.79999125e-02 
 2.92000163e-02  3.79995937e-02 
 2.92000327e-02  3.79989565e-02 
 2.92000655e-02  3.79976840e-02 
 2.92001310e-02  3.79951469e-02 
 2.92002621e-02  3.79901037e-02 
 2.92005242e-02  3.79801403e-02 
 2.92010485e-02  3.79606953e-02 
 2.92020971e-02  3.79236561e-02 
 2.92041942e-02  3.78564121e-02 
 2.92083885e-02  3.77453014e-02 
 2.92167772e-02  3.75923121e-02 
 2.92335544e-02  3.74441983e-02 
 2.92671088e-02  3.73754096e-02 
 2.93071088e-02  3.73771799e-02 
 2.93471088e-02  3.73769832e-02 
 2.93871088e-02  3.73770051e-02 
 2.94271088e-02  3.73770027e-02 
 2.94671088e-02  3.73770029e-02 
 2.95071088e-02  3.73770029e-02 
 2.95471088e-02  3.73770029e-02 
 2.95871088e-02  3.73770029e-02 
 2.95999992e-02  3.73770029e-02 
 2.95999993e-02  3.73770029e-02 
 2.95999994e-02  3.73770029e-02 
 2.95999998e-02  3.73770029e-02 
 2.96000000e-02  3.73770029e-02 
 2.96000001e-02  3.73770029e-02 
 2.96000002e-02  3.73770029e-02 
 2.96000004e-02  3.73770029e-02 
 2.96000010e-02  3.73770029e-02 
 2.96000020e-02  3.73770029e-02 
 2.96000040e-02  3.73770029e-02 
 2.96000081e-02  3.73770029e-02 
 2.96000163e-02  3.73770029e-02 
 2.96000327e-02  3.73770029e-02 
 2.96000655e-02  3.73770029e-02 
 2.96001310e-02  3.73770029e-02 
 2.96002621e-02  3.73770029e-02 
 2.96005242e-02  3.73770029e-02 
 2.96010485e-02  3.73770029e-02 
 2.96020971e-02  3.73770029e-02 
 2.96041942e-02  3.73770029e-02 
 2.96083885e-02  3.73770029e-02 
 2.96167772e-02  3.73770029e-02 
 2.96335544e-02  3.73770029e-02 
 2.96671088e-02  3.73770029e-02 
 2.97071088e-02  3.73770029e-02 
 2.97471088e-02  3.73770029e-02 
 2.97871088e-02  3.73770029e-02 
 2.98271088e-02  3.73770029e-02 
 2.98671088e-02  3.73770029e-02 
 2.99071088e-02  3.73770029e-02 
 2.99471088e-02  3.73770029e-02 
 2.99871088e-02  3.73770029e-02 
 2.99999992e-02  3.73770029e-02 
 2.99999993e-02  3.73770029e-02 
 2.99999994e-02  3.73770029e-02 
 2.99999998e-02  3.73770029e-02 
 3.00000000e-02  3.73769985e-02 
 3.00000001e-02  3.73769961e-02 
 3.00000002e-02  3.73769914e-02 
 3.00000004e-02  3.73769819e-02 
 3.00000010e-02  3.73769630e-02 
 3.00000020e-02  3.73769252e-02 
 3.00000040e-02  3.73768496e-02 
 3.00000081e-02  3.73766984e-02 
 3.00000163e-02  3.73763962e-02 
 3.00000327e-02  3.73757922e-02 
 3.00000655e-02  3.73745860e-02 
 3.00001310e-02  3.73721810e-02 
 3.00002621e-02  3.73674005e-02 
 3.00005242e-02  3.73579559e-02 
 3.00010485e-02  3.73395236e-02 
 3.00020971e-02  3.73044134e-02 
 3.00041942e-02  3.72406714e-02 
 3.00083885e-02  3.71353472e-02 
 3.00167772e-02  3.69903255e-02 
 3.00335544e-02  3.68499254e-02 
 3.00671088e-02  3.67847191e-02 
 3.01071088e-02  3.67863973e-02 
 3.01471088e-02  3.67862108e-02 
 3.01871088e-02  3.67862316e-02 
 3.02271088e-02  3.67862293e-02 
 3.02671088e-02  3.67862295e-02 
 3.03071088e-02  3.67862295e-02 
 3.03471088e-02  3.67862295e-02 
 3.03871088e-02  3.67862295e-02 
 3.03999992e-02  3.67862295e-02 
 3.03999993e-02  3.67862295e-02 
 3.03999994e-02  3.67862295e-02 
 3.03999998e-02  3.67862295e-02 
 3.04000000e-02  3.67862295e-02 
 3.04000001e-02  3.67862295e-02 
 3.04000002e-02  3.67862295e-02 
 3.04000004e-02  3.67862295e-02 
 3.04000010e-02  3.67862295e-02 
 3.04000020e-02  3.67862295e-02 
 3.04000040e-02  3.67862295e-02 
 3.04000081e-02  3.67862295e-02 
 3.04000163e-02  3.67862295e-02 
 3.04000327e-02  3.67862295e-02 
 3.04000655e-02  3.67862295e-02 
 3.04001310e-02  3.67862295e-02 
 3.04002621e-02  3.67862295e-02 
 3.04005242e-02  3.67862295e-02 
 3.04010485e-02  3.67862295e-02 
 3.04020971e-02  3.67862295e-02 
 3.04041942e-02  3.67862295e-02 
 3.04083885e-02  3.67862295e-02 
 3.04167772e-02  3.67862295e-02 
 3.04335544e-02  3.67862295e-02 
 3.04671088e-02  3.67862295e-02 
 3.05071088e-02  3.67862295e-02 
 3.05471088e-02  3.67862295e-02 
 3.05871088e-02  3.67862295e-02 
 3.06271088e-02  3.67862295e-02 
 3.06671088e-02  3.67862295e-02 
 3.07071088e-02  3.67862295e-02 
 3.07471088e-02  3.67862295e-02 
 3.07871088e-02  3.67862295e-02 
 3.07999992e-02  3.67862295e-02 
 3.07999993e-02  3.67862295e-02 
 3.07999994e-02  3.67862295e-02 
 3.07999998e-02  3.67862295e-02 
 3.08000000e-02  3.67862253e-02 
 3.08000001e-02  3.67862230e-02 
 3.08000002e-02  3.67862186e-02 
 3.08000004e-02  3.67862096e-02 
 3.08000010e-02  3.67861917e-02 
 3.08000020e-02  3.67861559e-02 
 3.08000040e-02  3.67860842e-02 
 3.08000081e-02  3.67859409e-02 
 3.08000163e-02  3.67856544e-02 
 3.08000327e-02  3.67850819e-02 
 3.08000655e-02  3.67839386e-02 
 3.08001310e-02  3.67816591e-02 
 3.08002621e-02  3.67771280e-02 
 3.08005242e-02  3.67681761e-02 
 3.08010485e-02  3.67507053e-02 
 3.08020971e-02  3.67174267e-02 
 3.08041942e-02  3.66570099e-02 
 3.08083885e-02  3.65571801e-02 
 3.08167772e-02  3.64197237e-02 
 3.08335544e-02  3.62866477e-02 
 3.08671088e-02  3.62248430e-02 
 3.09071088e-02  3.62264337e-02 
 3.09471088e-02  3.62262569e-02 
 3.09871088e-02  3.62262766e-02 
 3.10271088e-02  3.62262744e-02 
 3.10671088e-02  3.62262746e-02 
 3.11071088e-02  3.62262746e-02 
 3.11471088e-02  3.62262746e-02 
 3.11871088e-02  3.62262746e-02 
 3.11999992e-02  3.62262746e-02 
 3.11999993e-02  3.62262746e-02 
 3.11999994e-02  3.62262746e-02 
 3.11999998e-02  3.62262746e-02 
 3.12000000e-02  3.62262746e-02 
 3.12000001e-02  3.62262746e-02 
 3.12000002e-02  3.62262746e-02 
 3.12000004e-02  3.62262746e-02 
 3.12000010e-02  3.62262746e-02 
 3.12000020e-02  3.62262746e-02 
 3.12000040e-02  3.62262746e-02 
 3.12000081e-02  3.62262746e-02 
 3.12000163e-02  3.62262746e-02 
 3.12000327e-02  3.62262746e-02 
 3.12000655e-02  3.62262746e-02 
 3.12001310e-02  3.62262746e-02 
 3.12002621e-02  3.62262746e-02 
 3.12005242e-02  3.62262746e-02 
 3.12010485e-02  3.62262746e-02 
 3.12020971e-02  3.62262746e-02 
 3.12041942e-02  3.62262746e-02 
 3.12083885e-02  3.62262746e-02 
 3.12167772e-02  3.62262746e-02 
 3.12335544e-02  3.62262746e-02 
 3.12671088e-02  3.62262746e-02 
 3.13071088e-02  3.62262746e-02 
 3.13471088e-02  3.62262746e-02 
 3.13871088e-02  3.62262746e-02 
 3.14271088e-02  3.62262746e-02 
 3.14671088e-02  3.62262746e-02 
 3.15071088e-02  3.62262746e-02 
 3.15471088e-02  3.62262746e-02 
 3.15871088e-02  3.62262746e-02 
 3.15999992e-02  3.62262746e-02 
 3.15999993e-02  3.62262746e-02 
 3.15999994e-02  3.62262746e-02 
 3.15999998e-02  3.62262746e-02 
 3.16000000e-02  3.62262706e-02 
 3.16000001e-02  3.62262685e-02 
 3.16000002e-02  3.62262642e-02 
 3.16000004e-02  3.62262558e-02 
 3.16000010e-02  3.62262388e-02 
 3.16000020e-02  3.62262048e-02 
 3.16000040e-02  3.62261369e-02 
 3.16000081e-02  3.62260011e-02 
 3.16000163e-02  3.62257296e-02 
 3.16000327e-02  3.62251870e-02 
 3.16000655e-02  3.62241034e-02 
 3.16001310e-02  3.62219430e-02 
 3.16002621e-02  3.62176486e-02 
 3.16005242e-02  3.62091644e-02 
 3.16010485e-02  3.61926063e-02 
 3.16020971e-02  3.61610662e-02 
 3.16041942e-02  3.61038057e-02 
 3.16083885e-02  3.60091913e-02 
 3.16167772e-02  3.58789159e-02 
 3.16335544e-02  3.57527921e-02 
 3.16671088e-02  3.56942162e-02 
 3.17071088e-02  3.56957237e-02 
 3.17471088e-02  3.56955562e-02 
 3.17871088e-02  3.56955748e-02 
 3.18271088e-02  3.56955728e-02 
 3.18671088e-02  3.56955730e-02 
 3.19071088e-02  3.56955730e-02 
 3.19471088e-02  3.56955730e-02 
 3.19871088e-02  3.56955730e-02 
 3.19999992e-02  3.56955730e-02 
 3.19999993e-02  3.56955730e-02 
 3.19999994e-02  3.56955730e-02 
 3.19999998e-02  3.56955730e-02 
 3.20000000e-02  3.56955730e-02 
 3.20000001e-02  3.56955730e-02 
 3.20000002e-02  3.56955730e-02 
 3.20000004e-02  3.56955730e-02 
 3.20000010e-02  3.56955730e-02 
 3.20000020e-02  3.56955730e-02 
 3.20000040e-02  3.56955730e-02 
 3.20000081e-02  3.56955730e-02 
 3.20000163e-02  3.56955730e-02 
 3.20000327e-02  3.56955730e-02 
 3.20000655e-02  3.56955730e-02 
 3.20001310e-02  3.56955730e-02 
 3.20002621e-02  3.56955730e-02 
 3.20005242e-02  3.56955730e-02 
 3.20010485e-02  3.56955730e-02 
 3.20020971e-02  3.56955730e-02 
 3.20041942e-02  3.56955730e-02 
 3.20083885e-02  3.56955730e-02 
 3.20167772e-02  3.56955730e-02 
 3.20335544e-02  3.56955730e-02 
 3.20671088e-02  3.56955730e-02 
 3.21071088e-02  3.56955730e-02 
 3.21471088e-02  3.56955730e-02 
 3.21871088e-02  3.56955730e-02 
 3.22271088e-02  3.56955730e-02 
 3.22671088e-02  3.56955730e-02 
 3.23071088e-02  3.56955730e-02 
 3.23471088e-02  3.56955730e-02 
 3.23871088e-02  3.56955730e-02 
 3.23999992e-02  3.56955730e-02 
 3.23999993e-02  3.56955730e-02 
 3.23999994e-02  3.56955730e-02 
 3.23999998e-02  3.56955730e-02 
 3.24000000e-02  3.56955692e-02 
 3.24000001e-02  3.56955672e-02 
 3.24000002e-02  3.56955632e-02 
 3.24000004e-02  3.56955551e-02 
 3.24000010e-02  3.56955390e-02 
 3.24000020e-02  3.56955068e-02 
 3.24000040e-02  3.56954425e-02 
 3.24000081e-02  3.56953138e-02 
 3.24000163e-02  3.56950565e-02 
 3.24000327e-02  3.56945422e-02 
 3.24000655e-02  3.56935154e-02 
 3.24001310e-02  3.56914680e-02 
 3.24002621e-02  3.56873982e-02 
 3.24005242e-02  3.56793578e-02 
 3.24010485e-02  3.56636658e-02 
 3.24020971e-02  3.56337756e-02 
 3.24041942e-02  3.55795102e-02 
 3.24083885e-02  3.54898449e-02 
 3.24167772e-02  3.53663840e-02 
 3.24335544e-02  3.52468576e-02 
 3.24671088e-02  3.51913457e-02 
 3.25071088e-02  3.51927744e-02 
 3.25471088e-02  3.51926156e-02 
 3.25871088e-02  3.51926333e-02 
 3.26271088e-02  3.51926313e-02 
 3.26671088e-02  3.51926315e-02 
 3.27071088e-02  3.51926315e-02 
 3.27471088e-02  3.51926315e-02 
 3.27871088e-02  3.51926315e-02 
 3.27999992e-02  3.51926315e-02 
 3.27999993e-02  3.51926315e-02 
 3.27999994e-02  3.51926315e-02 
 3.27999998e-02  3.51926315e-02 
 3.28000000e-02  3.51926315e-02 
 3.28000001e-02  3.51926315e-02 
 3.28000002e-02  3.51926315e-02 
 3.28000004e-02  3.51926315e-02 
 3.28000010e-02  3.51926315e-02 
 3.28000020e-02  3.51926315e-02 
 3.28000040e-02  3.51926315e-02 
 3.28000081e-02  3.51926315e-02 
 3.28000163e-02  3.51926315e-02 
 3.28000327e-02  3.51926315e-02 
 3.28000655e-02  3.51926315e-02 
 3.28001310e-02  3.51926315e-02 
 3.28002621e-02  3.51926315e-02 
 3.28005242e-02  3.51926315e-02 
 3.28010485e-02  3.51926315e-02 
 3.28020971e-02  3.51926315e-02 
 3.28041942e-02  3.51926315e-02 
 3.28083885e-02  3.51926315e-02 
 3.28167772e-02  3.51926315e-02 
 3.28335544e-02  3.51926315e-02 
 3.28671088e-02  3.51926315e-02 
 3.29071088e-02  3.51926315e-02 
 3.29471088e-02  3.51926315e-02 
 3.29871088e-02  3.51926315e-02 
 3.30271088e-02  3.51926315e-02 
 3.30671088e-02  3.51926315e-02 
 3.31071088e-02  3.51926315e-02 
 3.31471088e-02  3.51926315e-02 
 3.31871088e-02  3.51926315e-02 
 3.31999992e-02  3.51926315e-02 
 3.31999993e-02  3.51926315e-02 
 3.31999994e-02  3.51926315e-02 
 3.31999998e-02  3.51926315e-02 
 3.32000000e-02  3.51926279e-02 
 3.32000001e-02  3.51926260e-02 
 3.32000002e-02  3.51926222e-02 
 3.32000004e-02  3.51926146e-02 
 3.32000010e-02  3.51925993e-02 
 3.32000020e-02  3.51925688e-02 
 3.32000040e-02  3.51925078e-02 
 3.32000081e-02  3.51923859e-02 
 3.32000163e-02  3.51921420e-02 
 3.32000327e-02  3.51916547e-02 
 3.32000655e-02  3.51906817e-02 
 3.32001310e-02  3.51887414e-02 
 3.32002621e-02  3.51848848e-02 
 3.32005242e-02  3.51772654e-02 
 3.32010485e-02  3.51623952e-02 
 3.32020971e-02  3.51340702e-02 
 3.32041942e-02  3.50826466e-02 
 3.32083885e-02  3.49976767e-02 
 3.32167772e-02  3.48806811e-02 
 3.32335544e-02  3.47674138e-02 
 3.32671088e-02  3.47148089e-02 
 3.33071088e-02  3.47161627e-02 
 3.33471088e-02  3.47160123e-02 
 3.33871088e-02  3.47160290e-02 
 3.34271088e-02  3.47160272e-02 
 3.34671088e-02  3.47160274e-02 
 3.35071088e-02  3.47160273e-02 
 3.35471088e-02  3.47160273e-02 
 3.35871088e-02  3.47160273e-02 
 3.35999992e-02  3.47160273e-02 
 3.35999993e-02  3.47160273e-02 
 3.35999994e-02  3.47160273e-02 
 3.35999998e-02  3.47160273e-02 
 3.36000000e-02  3.47160273e-02 
 3.36000001e-02  3.47160273e-02 
 3.36000002e-02  3.47160273e-02 
 3.36000004e-02  3.47160273e-02 
 3.36000010e-02  3.47160273e-02 
 3.36000020e-02  3.47160273e-02 
 3.36000040e-02  3.47160273e-02 
 3.36000081e-02  3.47160273e-02 
 3.36000163e-02  3.47160273e-02 
 3.36000327e-02  3.47160273e-02 
 3.36000655e-02  3.47160273e-02 
 3.36001310e-02  3.47160273e-02 
 3.36002621e-02  3.47160273e-02 
 3.36005242e-02  3.47160273e-02 
 3.36010485e-02  3.47160273e-02 
 3.36020971e-02  3.47160273e-02 
 3.36041942e-02  3.47160273e-02 
 3.36083885e-02  3.47160273e-02 
 3.36167772e-02  3.47160273e-02 
 3.36335544e-02  3.47160273e-02 
 3.36671088e-02  3.47160273e-02 
 3.37071088e-02  3.47160273e-02 
 3.37471088e-02  3.47160273e-02 
 3.37871088e-02  3.47160273e-02 
 3.38271088e-02  3.47160273e-02 
 3.38671088e-02  3.47160273e-02 
 3.39071088e-02  3.47160273e-02 
 3.39471088e-02  3.47160273e-02 
 3.39871088e-02  3.47160273e-02 
 3.39999992e-02  3.47160273e-02 
 3.39999993e-02  3.47160273e-02 
 3.39999994e-02  3.47160273e-02 
 3.39999998e-02  3.47160273e-02 
 3.40000000e-02  3.47160240e-02 
 3.40000001e-02  3.47160222e-02 
 3.40000002e-02  3.47160185e-02 
 3.40000004e-02  3.47160113e-02 
 3.40000010e-02  3.47159969e-02 
 3.40000020e-02  3.47159680e-02 
 3.40000040e-02  3.47159102e-02 
 3.40000081e-02  3.47157946e-02 
 3.40000163e-02  3.47155635e-02 
 3.40000327e-02  3.47151018e-02 
 3.40000655e-02  3.47141797e-02 
 3.40001310e-02  3.47123412e-02 
 3.40002621e-02  3.47086867e-02 
 3.40005242e-02  3.47014667e-02 
 3.40010485e-02  3.46873760e-02 
 3.40020971e-02  3.46605357e-02 
 3.40041942e-02  3.46118076e-02 
 3.40083885e-02  3.45312917e-02 
 3.40167772e-02  3.44204287e-02 
 3.40335544e-02  3.43130987e-02 
 3.40671088e-02  3.42632512e-02 
 3.41071088e-02  3.42645341e-02 
 3.41471088e-02  3.42643916e-02 
 3.41871088e-02  3.42644074e-02 
 3.42271088e-02  3.42644057e-02 
 3.42671088e-02  3.42644059e-02 
 3.43071088e-02  3.42644058e-02 
 3.43471088e-02  3.42644058e-02 
 3.43871088e-02  3.42644058e-02 
 3.43999992e-02  3.42644058e-02 
 3.43999993e-02  3.42644058e-02 
 3.43999994e-02  3.42644058e-02 
 3.43999998e-02  3.42644058e-02 
 3.44000000e-02  3.42644058e-02 
 3.44000001e-02  3.42644058e-02 
 3.44000002e-02  3.42644058e-02 
 3.44000004e-02  3.42644058e-02 
 3.44000010e-02  3.42644058e-02 
 3.44000020e-02  3.42644058e-02 
 3.44000040e-02  3.42644058e-02 
 3.44000081e-02  3.42644058e-02 
 3.44000163e-02  3.42644058e-02 
 3.44000327e-02  3.42644058e-02 
 3.44000655e-02  3.42644058e-02 
 3.44001310e-02  3.42644058e-02 
 3.44002621e-02  3.42644058e-02 
 3.44005242e-02  3.42644058e-02 
 3.44010485e-02  3.42644058e-02 
 3.44020971e-02  3.42644058e-02 
 3.44041942e-02  3.42644058e-02 
 3.44083885e-02  3.42644058e-02 
 3.44167772e-02  3.42644058e-02 
 3.44335544e-02  3.42644058e-02 
 3.44671088e-02  3.42644058e-02 
 3.45071088e-02  3.42644058e-02 
 3.45471088e-02  3.42644058e-02 
 3.45871088e-02  3.42644058e-02 
 3.46271088e-02  3.42644058e-02 
 3.46671088e-02  3.42644058e-02 
 3.47071088e-02  3.42644058e-02 
 3.47471088e-02  3.42644058e-02 
 3.47871088e-02  3.42644058e-02 
 3.47999992e-02  3.42644058e-02 
 3.47999993e-02  3.42644058e-02 
 3.47999994e-02  3.42644058e-02 
 3.47999998e-02  3.42644058e-02 
 3.48000000e-02  3.42644026e-02 
 3.48000001e-02  3.42644009e-02 
 3.48000002e-02  3.42643975e-02 
 3.48000004e-02  3.42643906e-02 
 3.48000010e-02  3.42643770e-02 
 3.48000020e-02  3.42643496e-02 
 3.48000040e-02  3.42642948e-02 
 3.48000081e-02  3.42641853e-02 
 3.48000163e-02  3.42639664e-02 
 3.48000327e-02  3.42635288e-02 
 3.48000655e-02  3.42626551e-02 
 3.48001310e-02  3.42609131e-02 
 3.48002621e-02  3.42574503e-02 
 3.48005242e-02  3.42506091e-02 
 3.48010485e-02  3.42372576e-02 
 3.48020971e-02  3.42118255e-02 
 3.48041942e-02  3.41656539e-02 
 3.48083885e-02  3.40893621e-02 
 3.48167772e-02  3.39843154e-02 
 3.48335544e-02  3.38826163e-02 
 3.48671088e-02  3.38353840e-02 
 3.49071088e-02  3.38365996e-02 
 3.49471088e-02  3.38364645e-02 
 3.49871088e-02  3.38364795e-02 
 3.50271088e-02  3.38364779e-02 
 3.50671088e-02  3.38364780e-02 
 3.51071088e-02  3.38364780e-02 
 3.51471088e-02  3.38364780e-02 
 3.51871088e-02  3.38364780e-02 
 3.51999992e-02  3.38364780e-02 
 3.51999993e-02  3.38364780e-02 
 3.51999994e-02  3.38364780e-02 
 3.51999998e-02  3.38364780e-02 
 3.52000000e-02  3.38364780e-02 
 3.52000001e-02  3.38364780e-02 
 3.52000002e-02  3.38364780e-02 
 3.52000004e-02  3.38364780e-02 
 3.52000010e-02  3.38364780e-02 
 3.52000020e-02  3.38364780e-02 
 3.52000040e-02  3.38364780e-02 
 3.52000081e-02  3.38364780e-02 
 3.52000163e-02  3.38364780e-02 
 3.52000327e-02  3.38364780e-02 
 3.52000655e-02  3.38364780e-02 
 3.52001310e-02  3.38364780e-02 
 3.52002621e-02  3.38364780e-02 
 3.52005242e-02  3.38364780e-02 
 3.52010485e-02  3.38364780e-02 
 3.52020971e-02  3.38364780e-02 
 3.52041942e-02  3.38364780e-02 
 3.52083885e-02  3.38364780e-02 
 3.52167772e-02  3.38364780e-02 
 3.52335544e-02  3.38364780e-02 
 3.52671088e-02  3.38364780e-02 
 3.53071088e-02  3.38364780e-02 
 3.53471088e-02  3.38364780e-02 
 3.53871088e-02  3.38364780e-02 
 3.54271088e-02  3.38364780e-02 
 3.54671088e-02  3.38364780e-02 
 3.55071088e-02  3.38364780e-02 
 3.55471088e-02  3.38364780e-02 
 3.55871088e-02  3.38364780e-02 
 3.55999992e-02  3.38364780e-02 
 3.55999993e-02  3.38364780e-02 
 3.55999994e-02  3.38364780e-02 
 3.55999998e-02  3.38364780e-02 
 3.56000000e-02  3.38364750e-02 
 3.56000001e-02  3.38364734e-02 
 3.56000002e-02  3.38364701e-02 
 3.56000004e-02  3.38364636e-02 
 3.56000010e-02  3.38364507e-02 
 3.56000020e-02  3.38364247e-02 
 3.56000040e-02  3.38363728e-02 
 3.56000081e-02  3.38362691e-02 
 3.56000163e-02  3.38360616e-02 
 3.56000327e-02  3.38356471e-02 
 3.56000655e-02  3.38348192e-02 
 3.56001310e-02  3.38331687e-02 
 3.56002621e-02  3.38298877e-02 
 3.56005242e-02  3.38234057e-02 
 3.56010485e-02  3.38107552e-02 
 3.56020971e-02  3.37866584e-02 
 3.56041942e-02  3.37429110e-02 
 3.56083885e-02  3.36706249e-02 
 3.56167772e-02  3.35710936e-02 
 3.56335544e-02  3.34747341e-02 
 3.56671088e-02  3.34299817e-02 
 3.57071088e-02  3.34311335e-02 
 3.57471088e-02  3.34310055e-02 
 3.57871088e-02  3.34310197e-02 
 3.58271088e-02  3.34310181e-02 
 3.58671088e-02  3.34310183e-02 
 3.59071088e-02  3.34310183e-02 
 3.59471088e-02  3.34310183e-02 
 3.59871088e-02  3.34310183e-02 
 3.59999992e-02  3.34310183e-02 
 3.59999993e-02  3.34310183e-02 
 3.59999994e-02  3.34310183e-02 
 3.59999998e-02  3.34310183e-02 
 3.60000000e-02  3.34310183e-02 
 3.60000001e-02  3.34310183e-02 
 3.60000002e-02  3.34310183e-02 
 3.60000004e-02  3.34310183e-02 
 3.60000010e-02  3.34310183e-02 
 3.60000020e-02  3.34310183e-02 
 3.60000040e-02  3.34310183e-02 
 3.60000081e-02  3.34310183e-02 
 3.60000163e-02  3.34310183e-02 
 3.60000327e-02  3.34310183e-02 
 3.60000655e-02  3.34310183e-02 
 3.60001310e-02  3.34310183e-02 
 3.60002621e-02  3.34310183e-02 
 3.60005242e-02  3.34310183e-02 
 3.60010485e-02  3.34310183e-02 
 3.60020971e-02  3.34310183e-02 
 3.60041942e-02  3.34310183e-02 
 3.60083885e-02  3.34310183e-02 
 3.60167772e-02  3.34310183e-02 
 3.60335544e-02  3.34310183e-02 
 3.60671088e-02  3.34310183e-02 
 3.61071088e-02  3.34310183e-02 
 3.61471088e-02  3.34310183e-02 
 3.61871088e-02  3.34310183e-02 
 3.62271088e-02  3.34310183e-02 
 3.62671088e-02  3.34310183e-02 
 3.63071088e-02  3.34310183e-02 
 3.63471088e-02  3.34310183e-02 
 3.63871088e-02  3.34310183e-02 
 3.63999992e-02  3.34310183e-02 
 3.63999993e-02  3.34310183e-02 
 3.63999994e-02  3.34310183e-02 
 3.63999998e-02  3.34310183e-02 
 3.64000000e-02  3.34310154e-02 
 3.64000001e-02  3.34310139e-02 
 3.64000002e-02  3.34310108e-02 
 3.64000004e-02  3.34310047e-02 
 3.64000010e-02  3.34309924e-02 
 3.64000020e-02  3.34309678e-02 
 3.64000040e-02  3.34309186e-02 
 3.64000081e-02  3.34308203e-02 
 3.64000163e-02  3.34306238e-02 
 3.64000327e-02  3.34302310e-02 
 3.64000655e-02  3.34294467e-02 
 3.64001310e-02  3.34278828e-02 
 3.64002621e-02  3.34247742e-02 
 3.64005242e-02  3.34186328e-02 
 3.64010485e-02  3.34066470e-02 
 3.64020971e-02  3.33838162e-02 
 3.64041942e-02  3.33423673e-02 
 3.64083885e-02  3.32738792e-02 
 3.64167772e-02  3.31795774e-02 
 3.64335544e-02  3.30882807e-02 
 3.64671088e-02  3.30458797e-02 
 3.65071088e-02  3.30469709e-02 
 3.65471088e-02  3.30468497e-02 
 3.65871088e-02  3.30468632e-02 
 3.66271088e-02  3.30468617e-02 
 3.66671088e-02  3.30468618e-02 
 3.67071088e-02  3.30468618e-02 
 3.67471088e-02  3.30468618e-02 
 3.67871088e-02  3.30468618e-02 
 3.67999992e-02  3.30468618e-02 
 3.67999993e-02  3.30468618e-02 
 3.67999994e-02  3.30468618e-02 
 3.67999998e-02  3.30468618e-02 
 3.68000000e-02  3.30468618e-02 
 3.68000001e-02  3.30468618e-02 
 3.68000002e-02  3.30468618e-02 
 3.68000004e-02  3.30468618e-02 
 3.68000010e-02  3.30468618e-02 
 3.68000020e-02  3.30468618e-02 
 3.68000040e-02  3.30468618e-02 
 3.68000081e-02  3.30468618e-02 
 3.68000163e-02  3.30468618e-02 
 3.68000327e-02  3.30468618e-02 
 3.68000655e-02  3.30468618e-02 
 3.68001310e-02  3.30468618e-02 
 3.68002621e-02  3.30468618e-02 
 3.68005242e-02  3.30468618e-02 
 3.68010485e-02  3.30468618e-02 
 3.68020971e-02  3.30468618e-02 
 3.68041942e-02  3.30468618e-02 
 3.68083885e-02  3.30468618e-02 
 3.68167772e-02  3.30468618e-02 
 3.68335544e-02  3.30468618e-02 
 3.68671088e-02  3.30468618e-02 
 3.69071088e-02  3.30468618e-02 
 3.69471088e-02  3.30468618e-02 
 3.69871088e-02  3.30468618e-02 
 3.70271088e-02  3.30468618e-02 
 3.70671088e-02  3.30468618e-02 
 3.71071088e-02  3.30468618e-02 
 3.71471088e-02  3.30468618e-02 
 3.71871088e-02  3.30468618e-02 
 3.71999992e-02  3.30468618e-02 
 3.71999993e-02  3.30468618e-02 
 3.71999994e-02  3.30468618e-02 
 3.71999998e-02  3.30468618e-02 
 3.72000000e-02  3.30468591e-02 
 3.72000001e-02  3.30468576e-02 
 3.72000002e-02  3.30468547e-02 
 3.72000004e-02  3.30468489e-02 
 3.72000010e-02  3.30468372e-02 
 3.72000020e-02  3.30468140e-02 
 3.72000040e-02  3.30467674e-02 
 3.72000081e-02  3.30466742e-02 
 3.72000163e-02  3.30464880e-02 
 3.72000327e-02  3.30461159e-02 
 3.72000655e-02  3.30453728e-02 
 3.72001310e-02  3.30438912e-02 
 3.72002621e-02  3.30409460e-02 
 3.72005242e-02  3.30351275e-02 
 3.72010485e-02  3.30237718e-02 
 3.72020971e-02  3.30021413e-02 
 3.72041942e-02  3.29628716e-02 
 3.72083885e-02  3.28979841e-02 
 3.72167772e-02  3.28086401e-02 
 3.72335544e-02  3.27221433e-02 
 3.72671088e-02  3.26819714e-02 
 3.73071088e-02  3.26830053e-02 
 3.73471088e-02  3.26828904e-02 
 3.73871088e-02  3.26829032e-02 
 3.74271088e-02  3.26829018e-02 
 3.74671088e-02  3.26829019e-02 
 3.75071088e-02  3.26829019e-02 
 3.75471088e-02  3.26829019e-02 
 3.75871088e-02  3.26829019e-02 
 3.75999992e-02  3.26829019e-02 
 3.75999993e-02  3.26829019e-02 
 3.75999994e-02  3.26829019e-02 
 3.75999998e-02  3.26829019e-02 
 3.76000000e-02  3.26829019e-02 
 3.76000001e-02  3.26829019e-02 
 3.76000002e-02  3.26829019e-02 
 3.76000004e-02  3.26829019e-02 
 3.76000010e-02  3.26829019e-02 
 3.76000020e-02  3.26829019e-02 
 3.76000040e-02  3.26829019e-02 
 3.76000081e-02  3.26829019e-02 
 3.76000163e-02  3.26829019e-02 
 3.76000327e-02  3.26829019e-02 
 3.76000655e-02  3.26829019e-02 
 3.76001310e-02  3.26829019e-02 
 3.76002621e-02  3.26829019e-02 
 3.76005242e-02  3.26829019e-02 
 3.76010485e-02  3.26829019e-02 
 3.76020971e-02  3.26829019e-02 
 3.76041942e-02  3.26829019e-02 
 3.76083885e-02  3.26829019e-02 
 3.76167772e-02  3.26829019e-02 
 3.76335544e-02  3.26829019e-02 
 3.76671088e-02  3.26829019e-02 
 3.77071088e-02  3.26829019e-02 
 3.77471088e-02  3.26829019e-02 
 3.77871088e-02  3.26829019e-02 
 3.78271088e-02  3.26829019e-02 
 3.78671088e-02  3.26829019e-02 
 3.79071088e-02  3.26829019e-02 
 3.79471088e-02  3.26829019e-02 
 3.79871088e-02  3.26829019e-02 
 3.79999992e-02  3.26829019e-02 
 3.79999993e-02  3.26829019e-02 
 3.79999994e-02  3.26829019e-02 
 3.79999998e-02  3.26829019e-02 
 3.80000000e-02  3.26828993e-02 
 3.80000001e-02  3.26828980e-02 
 3.80000002e-02  3.26828952e-02 
 3.80000004e-02  3.26828897e-02 
 3.80000010e-02  3.26828787e-02 
 3.80000020e-02  3.26828566e-02 
 3.80000040e-02  3.26828125e-02 
 3.80000081e-02  3.26827242e-02 
 3.80000163e-02  3.26825478e-02 
 3.80000327e-02  3.26821953e-02 
 3.80000655e-02  3.26814913e-02 
 3.80001310e-02  3.26800875e-02 
 3.80002621e-02  3.26772973e-02 
 3.80005242e-02  3.26717849e-02 
 3.80010485e-02  3.26610265e-02 
 3.80020971e-02  3.26405339e-02 
 3.80041942e-02  3.26033299e-02 
 3.80083885e-02  3.25418558e-02 
 3.80167772e-02  3.24572116e-02 
 3.80335544e-02  3.23752648e-02 
 3.80671088e-02  3.23372062e-02 
 3.81071088e-02  3.23381857e-02 
 3.81471088e-02  3.23380768e-02 
 3.81871088e-02  3.23380889e-02 
 3.82271088e-02  3.23380876e-02 
 3.82671088e-02  3.23380877e-02 
 3.83071088e-02  3.23380877e-02 
 3.83471088e-02  3.23380877e-02 
 3.83871088e-02  3.23380877e-02 
 3.83999992e-02  3.23380877e-02 
 3.83999993e-02  3.23380877e-02 
 3.83999994e-02  3.23380877e-02 
 3.83999998e-02  3.23380877e-02 
 3.84000000e-02  3.23380877e-02 
 3.84000001e-02  3.23380877e-02 
 3.84000002e-02  3.23380877e-02 
 3.84000004e-02  3.23380877e-02 
 3.84000010e-02  3.23380877e-02 
 3.84000020e-02  3.23380877e-02 
 3.84000040e-02  3.23380877e-02 
 3.84000081e-02  3.23380877e-02 
 3.84000163e-02  3.23380877e-02 
 3.84000327e-02  3.23380877e-02 
 3.84000655e-02  3.23380877e-02 
 3.84001310e-02  3.23380877e-02 
 3.84002621e-02  3.23380877e-02 
 3.84005242e-02  3.23380877e-02 
 3.84010485e-02  3.23380877e-02 
 3.84020971e-02  3.23380877e-02 
 3.84041942e-02  3.23380877e-02 
 3.84083885e-02  3.23380877e-02 
 3.84167772e-02  3.23380877e-02 
 3.84335544e-02  3.23380877e-02 
 3.84671088e-02  3.23380877e-02 
 3.85071088e-02  3.23380877e-02 
 3.85471088e-02  3.23380877e-02 
 3.85871088e-02  3.23380877e-02 
 3.86271088e-02  3.23380877e-02 
 3.86671088e-02  3.23380877e-02 
 3.87071088e-02  3.23380877e-02 
 3.87471088e-02  3.23380877e-02 
 3.87871088e-02  3.23380877e-02 
 3.87999992e-02  3.23380877e-02 
 3.87999993e-02  3.23380877e-02 
 3.87999994e-02  3.23380877e-02 
 3.87999998e-02  3.23380877e-02 
 3.88000000e-02  3.23380853e-02 
 3.88000001e-02  3.23380839e-02 
 3.88000002e-02  3.23380813e-02 
 3.88000004e-02  3.23380761e-02 
 3.88000010e-02  3.23380657e-02 
 3.88000020e-02  3.23380447e-02 
 3.88000040e-02  3.23380029e-02 
 3.88000081e-02  3.23379194e-02 
 3.88000163e-02  3.23377522e-02 
 3.88000327e-02  3.23374182e-02 
 3.88000655e-02  3.23367513e-02 
 3.88001310e-02  3.23354214e-02 
 3.88002621e-02  3.23327781e-02 
 3.88005242e-02  3.23275557e-02 
 3.88010485e-02  3.23173636e-02 
 3.88020971e-02  3.22979496e-02 
 3.88041942e-02  3.22627036e-02 
 3.88083885e-02  3.22044649e-02 
 3.88167772e-02  3.21242757e-02 
 3.88335544e-02  3.20466418e-02 
 3.88671088e-02  3.20105862e-02 
 3.89071088e-02  3.20115142e-02 
 3.89471088e-02  3.20114111e-02 
 3.89871088e-02  3.20114225e-02 
 3.90271088e-02  3.20114213e-02 
 3.90671088e-02  3.20114214e-02 
 3.91071088e-02  3.20114214e-02 
 3.91471088e-02  3.20114214e-02 
 3.91871088e-02  3.20114214e-02 
 3.91999992e-02  3.20114214e-02 
 3.91999993e-02  3.20114214e-02 
 3.91999994e-02  3.20114214e-02 
 3.91999998e-02  3.20114214e-02 
 3.92000000e-02  3.20114214e-02 
 3.92000001e-02  3.20114214e-02 
 3.92000002e-02  3.20114214e-02 
 3.92000004e-02  3.20114214e-02 
 3.92000010e-02  3.20114214e-02 
 3.92000020e-02  3.20114214e-02 
 3.92000040e-02  3.20114214e-02 
 3.92000081e-02  3.20114214e-02 
 3.92000163e-02  3.20114214e-02 
 3.92000327e-02  3.20114214e-02 
 3.92000655e-02  3.20114214e-02 
 3.92001310e-02  3.20114214e-02 
 3.92002621e-02  3.20114214e-02 
 3.92005242e-02  3.20114214e-02 
 3.92010485e-02  3.20114214e-02 
 3.92020971e-02  3.20114214e-02 
 3.92041942e-02  3.20114214e-02 
 3.92083885e-02  3.20114214e-02 
 3.92167772e-02  3.20114214e-02 
 3.92335544e-02  3.20114214e-02 
 3.92671088e-02  3.20114214e-02 
 3.93071088e-02  3.20114214e-02 
 3.93471088e-02  3.20114214e-02 
 3.93871088e-02  3.20114214e-02 
 3.94271088e-02  3.20114214e-02 
 3.94671088e-02  3.20114214e-02 
 3.95071088e-02  3.20114214e-02 
 3.95471088e-02  3.20114214e-02 
 3.95871088e-02  3.20114214e-02 
 3.95999992e-02  3.20114214e-02 
 3.95999993e-02  3.20114214e-02 
 3.95999994e-02  3.20114214e-02 
 3.95999998e-02  3.20114214e-02 
 3.96000000e-02  3.20114191e-02 
 3.96000001e-02  3.20114178e-02 
 3.96000002e-02  3.20114153e-02 
 3.96000004e-02  3.20114104e-02 
 3.96000010e-02  3.20114005e-02 
 3.96000020e-02  3.20113807e-02 
 3.96000040e-02  3.20113411e-02 
 3.96000081e-02  3.20112619e-02 
 3.96000163e-02  3.20111036e-02 
 3.96000327e-02  3.20107872e-02 
 3.96000655e-02  3.20101553e-02 
 3.96001310e-02  3.20088955e-02 
 3.96002621e-02  3.20063913e-02 
 3.96005242e-02  3.20014440e-02 
 3.96010485e-02  3.19917886e-02 
 3.96020971e-02  3.19733967e-02 
 3.96041942e-02  3.19400067e-02 
 3.96083885e-02  3.18848346e-02 
 3.96167772e-02  3.18088678e-02 
 3.96335544e-02  3.17353218e-02 
 3.96671088e-02  3.17011648e-02 
 3.97071088e-02  3.17020438e-02 
 3.97471088e-02  3.17019462e-02 
 3.97871088e-02  3.17019570e-02 
 3.98271088e-02  3.17019558e-02 
 3.98671088e-02  3.17019559e-02 
 3.99071088e-02  3.17019559e-02 
 3.99471088e-02  3.17019559e-02 
 3.99871088e-02  3.17019559e-02 
 3.99999992e-02  3.17019559e-02 
 3.99999993e-02  3.17019559e-02 
 3.99999994e-02  3.17019559e-02 
 3.99999998e-02  3.17019559e-02 
 4.00000000e-02  3.17019559e-02 
 4.00000001e-02  3.17019559e-02 
 4.00000002e-02  3.17019559e-02 
 4.00000004e-02  3.17019559e-02 
 4.00000010e-02  3.17019559e-02 
 4.00000020e-02  3.17019559e-02 
 4.00000040e-02  3.17019559e-02 
 4.00000081e-02  3.17019559e-02 
 4.00000163e-02  3.17019559e-02 
 4.00000327e-02  3.17019559e-02 
 4.00000655e-02  3.17019559e-02 
 4.00001310e-02  3.17019559e-02 
 4.00002621e-02  3.17019559e-02 
 4.00005242e-02  3.17019559e-02 
 4.00010485e-02  3.17019559e-02 
 4.00020971e-02  3.17019559e-02 
 4.00041942e-02  3.17019559e-02 
 4.00083885e-02  3.17019559e-02 
 4.00167772e-02  3.17019559e-02 
 4.00335544e-02  3.17019559e-02 
 4.00671088e-02  3.17019559e-02 
 4.01071088e-02  3.17019559e-02 
 4.01471088e-02  3.17019559e-02 
 4.01871088e-02  3.17019559e-02 
 4.02271088e-02  3.17019559e-02 
 4.02671088e-02  3.17019559e-02 
 4.03071088e-02  3.17019559e-02 
 4.03471088e-02  3.17019559e-02 
 4.03871088e-02  3.17019559e-02 
 4.03999992e-02  3.17019559e-02 
 4.03999993e-02  3.17019559e-02 
 4.03999994e-02  3.17019559e-02 
 4.03999998e-02  3.17019559e-02 
 4.04000000e-02  3.17019537e-02 
 4.04000001e-02  3.17019526e-02 
 4.04000002e-02  3.17019502e-02 
 4.04000004e-02  3.17019455e-02 
 4.04000010e-02  3.17019361e-02 
 4.04000020e-02  3.17019174e-02 
 4.04000040e-02  3.17018799e-02 
 4.04000081e-02  3.17018048e-02 
 4.04000163e-02  3.17016549e-02 
 4.04000327e-02  3.17013551e-02 
 4.04000655e-02  3.17007566e-02 
 4.04001310e-02  3.16995631e-02 
 4.04002621e-02  3.16971909e-02 
 4.04005242e-02  3.16925041e-02 
 4.04010485e-02  3.16833573e-02 
 4.04020971e-02  3.16659344e-02 
 4.04041942e-02  3.16343033e-02 
 4.04083885e-02  3.15820376e-02 
 4.04167772e-02  3.15100726e-02 
 4.04335544e-02  3.14404009e-02 
 4.04671088e-02  3.14080432e-02 
 4.05071088e-02  3.14088760e-02 
 4.05471088e-02  3.14087834e-02 
 4.05871088e-02  3.14087937e-02 
 4.06271088e-02  3.14087926e-02 
 4.06671088e-02  3.14087927e-02 
 4.07071088e-02  3.14087927e-02 
 4.07471088e-02  3.14087927e-02 
 4.07871088e-02  3.14087927e-02 
 4.07999992e-02  3.14087927e-02 
 4.07999993e-02  3.14087927e-02 
 4.07999994e-02  3.14087927e-02 
 4.07999998e-02  3.14087927e-02 
 4.08000000e-02  3.14087927e-02 
 4.08000001e-02  3.14087927e-02 
 4.08000002e-02  3.14087927e-02 
 4.08000004e-02  3.14087927e-02 
 4.08000010e-02  3.14087927e-02 
 4.08000020e-02  3.14087927e-02 
 4.08000040e-02  3.14087927e-02 
 4.08000081e-02  3.14087927e-02 
 4.08000163e-02  3.14087927e-02 
 4.08000327e-02  3.14087927e-02 
 4.08000655e-02  3.14087927e-02 
 4.08001310e-02  3.14087927e-02 
 4.08002621e-02  3.14087927e-02 
 4.08005242e-02  3.14087927e-02 
 4.08010485e-02  3.14087927e-02 
 4.08020971e-02  3.14087927e-02 
 4.08041942e-02  3.14087927e-02 
 4.08083885e-02  3.14087927e-02 
 4.08167772e-02  3.14087927e-02 
 4.08335544e-02  3.14087927e-02 
 4.08671088e-02  3.14087927e-02 
 4.09071088e-02  3.14087927e-02 
 4.09471088e-02  3.14087927e-02 
 4.09871088e-02  3.14087927e-02 
 4.10271088e-02  3.14087927e-02 
 4.10671088e-02  3.14087927e-02 
 4.11071088e-02  3.14087927e-02 
 4.11471088e-02  3.14087927e-02 
 4.11871088e-02  3.14087927e-02 
 4.11999992e-02  3.14087927e-02 
 4.11999993e-02  3.14087927e-02 
 4.11999994e-02  3.14087927e-02 
 4.11999998e-02  3.14087927e-02 
 4.12000000e-02  3.14087906e-02 
 4.12000001e-02  3.14087895e-02 
 4.12000002e-02  3.14087873e-02 
 4.12000004e-02  3.14087828e-02 
 4.12000010e-02  3.14087739e-02 
 4.12000020e-02  3.14087562e-02 
 4.12000040e-02  3.14087206e-02 
 4.12000081e-02  3.14086496e-02 
 4.12000163e-02  3.14085075e-02 
 4.12000327e-02  3.14082235e-02 
 4.12000655e-02  3.14076565e-02 
 4.12001310e-02  3.14065260e-02 
 4.12002621e-02  3.14042787e-02 
 4.12005242e-02  3.13998390e-02 
 4.12010485e-02  3.13911742e-02 
 4.12020971e-02  3.13746694e-02 
 4.12041942e-02  3.13447053e-02 
 4.12083885e-02  3.12951940e-02 
 4.12167772e-02  3.12270215e-02 
 4.12335544e-02  3.11610215e-02 
 4.12671088e-02  3.11303690e-02 
 4.13071088e-02  3.11311579e-02 
 4.13471088e-02  3.11310702e-02 
 4.13871088e-02  3.11310800e-02 
 4.14271088e-02  3.11310789e-02 
 4.14671088e-02  3.11310790e-02 
 4.15071088e-02  3.11310790e-02 
 4.15471088e-02  3.11310790e-02 
 4.15871088e-02  3.11310790e-02 
 4.15999992e-02  3.11310790e-02 
 4.15999993e-02  3.11310790e-02 
 4.15999994e-02  3.11310790e-02 
 4.15999998e-02  3.11310790e-02 
 4.16000000e-02  3.11310790e-02 
 4.16000001e-02  3.11310790e-02 
 4.16000002e-02  3.11310790e-02 
 4.16000004e-02  3.11310790e-02 
 4.16000010e-02  3.11310790e-02 
 4.16000020e-02  3.11310790e-02 
 4.16000040e-02  3.11310790e-02 
 4.16000081e-02  3.11310790e-02 
 4.16000163e-02  3.11310790e-02 
 4.16000327e-02  3.11310790e-02 
 4.16000655e-02  3.11310790e-02 
 4.16001310e-02  3.11310790e-02 
 4.16002621e-02  3.11310790e-02 
 4.16005242e-02  3.11310790e-02 
 4.16010485e-02  3.11310790e-02 
 4.16020971e-02  3.11310790e-02 
 4.16041942e-02  3.11310790e-02 
 4.16083885e-02  3.11310790e-02 
 4.16167772e-02  3.11310790e-02 
 4.16335544e-02  3.11310790e-02 
 4.16671088e-02  3.11310790e-02 
 4.17071088e-02  3.11310790e-02 
 4.17471088e-02  3.11310790e-02 
 4.17871088e-02  3.11310790e-02 
 4.18271088e-02  3.11310790e-02 
 4.18671088e-02  3.11310790e-02 
 4.19071088e-02  3.11310790e-02 
 4.19471088e-02  3.11310790e-02 
 4.19871088e-02  3.11310790e-02 
 4.19999992e-02  3.11310790e-02 
 4.19999993e-02  3.11310790e-02 
 4.19999994e-02  3.11310790e-02 
 4.19999998e-02  3.11310790e-02 
 4.20000000e-02  3.11310770e-02 
 4.20000001e-02  3.11310760e-02 
 4.20000002e-02  3.11310739e-02 
 4.20000004e-02  3.11310697e-02 
 4.20000010e-02  3.11310612e-02 
 4.20000020e-02  3.11310444e-02 
 4.20000040e-02  3.11310107e-02 
 4.20000081e-02  3.11309434e-02 
 4.20000163e-02  3.11308088e-02 
 4.20000327e-02  3.11305399e-02 
 4.20000655e-02  3.11300027e-02 
 4.20001310e-02  3.11289318e-02 
 4.20002621e-02  3.11268030e-02 
 4.20005242e-02  3.11225973e-02 
 4.20010485e-02  3.11143894e-02 
 4.20020971e-02  3.10987547e-02 
 4.20041942e-02  3.10703702e-02 
 4.20083885e-02  3.10234691e-02 
 4.20167772e-02  3.09588906e-02 
 4.20335544e-02  3.08963700e-02 
 4.20671088e-02  3.08673335e-02 
 4.21071088e-02  3.08680808e-02 
 4.21471088e-02  3.08679978e-02 
 4.21871088e-02  3.08680070e-02 
 4.22271088e-02  3.08680060e-02 
 4.22671088e-02  3.08680061e-02 
 4.23071088e-02  3.08680061e-02 
 4.23471088e-02  3.08680061e-02 
 4.23871088e-02  3.08680061e-02 
 4.23999992e-02  3.08680061e-02 
 4.23999993e-02  3.08680061e-02 
 4.23999994e-02  3.08680061e-02 
 4.23999998e-02  3.08680061e-02 
 4.24000000e-02  3.08680061e-02 
 4.24000001e-02  3.08680061e-02 
 4.24000002e-02  3.08680061e-02 
 4.24000004e-02  3.08680061e-02 
 4.24000010e-02  3.08680061e-02 
 4.24000020e-02  3.08680061e-02 
 4.24000040e-02  3.08680061e-02 
 4.24000081e-02  3.08680061e-02 
 4.24000163e-02  3.08680061e-02 
 4.24000327e-02  3.08680061e-02 
 4.24000655e-02  3.08680061e-02 
 4.24001310e-02  3.08680061e-02 
 4.24002621e-02  3.08680061e-02 
 4.24005242e-02  3.08680061e-02 
 4.24010485e-02  3.08680061e-02 
 4.24020971e-02  3.08680061e-02 
 4.24041942e-02  3.08680061e-02 
 4.24083885e-02  3.08680061e-02 
 4.24167772e-02  3.08680061e-02 
 4.24335544e-02  3.08680061e-02 
 4.24671088e-02  3.08680061e-02 
 4.25071088e-02  3.08680061e-02 
 4.25471088e-02  3.08680061e-02 
 4.25871088e-02  3.08680061e-02 
 4.26271088e-02  3.08680061e-02 
 4.26671088e-02  3.08680061e-02 
 4.27071088e-02  3.08680061e-02 
 4.27471088e-02  3.08680061e-02 
 4.27871088e-02  3.08680061e-02 
 4.27999992e-02  3.08680061e-02 
 4.27999993e-02  3.08680061e-02 
 4.27999994e-02  3.08680061e-02 
 4.27999998e-02  3.08680061e-02 
 4.28000000e-02  3.08680042e-02 
 4.28000001e-02  3.08680032e-02 
 4.28000002e-02  3.08680012e-02 
 4.28000004e-02  3.08679972e-02 
 4.28000010e-02  3.08679893e-02 
 4.28000020e-02  3.08679733e-02 
 4.28000040e-02  3.08679414e-02 
 4.28000081e-02  3.08678777e-02 
 4.28000163e-02  3.08677502e-02 
 4.28000327e-02  3.08674954e-02 
 4.28000655e-02  3.08669866e-02 
 4.28001310e-02  3.08659721e-02 
 4.28002621e-02  3.08639556e-02 
 4.28005242e-02  3.08599717e-02 
 4.28010485e-02  3.08521966e-02 
 4.28020971e-02  3.08373865e-02 
 4.28041942e-02  3.08104989e-02 
 4.28083885e-02  3.07660712e-02 
 4.28167772e-02  3.07048984e-02 
 4.28335544e-02  3.06456750e-02 
 4.28671088e-02  3.06181697e-02 
 4.29071088e-02  3.06188776e-02 
 4.29471088e-02  3.06187990e-02 
 4.29871088e-02  3.06188077e-02 
 4.30271088e-02  3.06188067e-02 
 4.30671088e-02  3.06188068e-02 
 4.31071088e-02  3.06188068e-02 
 4.31471088e-02  3.06188068e-02 
 4.31871088e-02  3.06188068e-02 
 4.31999992e-02  3.06188068e-02 
 4.31999993e-02  3.06188068e-02 
 4.31999994e-02  3.06188068e-02 
 4.31999998e-02  3.06188068e-02 
 4.32000000e-02  3.06188068e-02 
 4.32000001e-02  3.06188068e-02 
 4.32000002e-02  3.06188068e-02 
 4.32000004e-02  3.06188068e-02 
 4.32000010e-02  3.06188068e-02 
 4.32000020e-02  3.06188068e-02 
 4.32000040e-02  3.06188068e-02 
 4.32000081e-02  3.06188068e-02 
 4.32000163e-02  3.06188068e-02 
 4.32000327e-02  3.06188068e-02 
 4.32000655e-02  3.06188068e-02 
 4.32001310e-02  3.06188068e-02 
 4.32002621e-02  3.06188068e-02 
 4.32005242e-02  3.06188068e-02 
 4.32010485e-02  3.06188068e-02 
 4.32020971e-02  3.06188068e-02 
 4.32041942e-02  3.06188068e-02 
 4.32083885e-02  3.06188068e-02 
 4.32167772e-02  3.06188068e-02 
 4.32335544e-02  3.06188068e-02 
 4.32671088e-02  3.06188068e-02 
 4.33071088e-02  3.06188068e-02 
 4.33471088e-02  3.06188068e-02 
 4.33871088e-02  3.06188068e-02 
 4.34271088e-02  3.06188068e-02 
 4.34671088e-02  3.06188068e-02 
 4.35071088e-02  3.06188068e-02 
 4.35471088e-02  3.06188068e-02 
 4.35871088e-02  3.06188068e-02 
 4.35999992e-02  3.06188068e-02 
 4.35999993e-02  3.06188068e-02 
 4.35999994e-02  3.06188068e-02 
 4.35999998e-02  3.06188068e-02 
 4.36000000e-02  3.06188050e-02 
 4.36000001e-02  3.06188041e-02 
 4.36000002e-02  3.06188022e-02 
 4.36000004e-02  3.06187984e-02 
 4.36000010e-02  3.06187909e-02 
 4.36000020e-02  3.06187758e-02 
 4.36000040e-02  3.06187456e-02 
 4.36000081e-02  3.06186852e-02 
 4.36000163e-02  3.06185644e-02 
 4.36000327e-02  3.06183231e-02 
 4.36000655e-02  3.06178411e-02 
 4.36001310e-02  3.06168801e-02 
 4.36002621e-02  3.06149700e-02 
 4.36005242e-02  3.06111963e-02 
 4.36010485e-02  3.06038314e-02 
 4.36020971e-02  3.05898025e-02 
 4.36041942e-02  3.05643333e-02 
 4.36083885e-02  3.05222494e-02 
 4.36167772e-02  3.04643036e-02 
 4.36335544e-02  3.04082044e-02 
 4.36671088e-02  3.03821502e-02 
 4.37071088e-02  3.03828208e-02 
 4.37471088e-02  3.03827462e-02 
 4.37871088e-02  3.03827545e-02 
 4.38271088e-02  3.03827536e-02 
 4.38671088e-02  3.03827537e-02 
 4.39071088e-02  3.03827537e-02 
 4.39471088e-02  3.03827537e-02 
 4.39871088e-02  3.03827537e-02 
 4.39999992e-02  3.03827537e-02 
 4.39999993e-02  3.03827537e-02 
 4.39999994e-02  3.03827537e-02 
 4.39999998e-02  3.03827537e-02 
 4.40000000e-02  3.03827537e-02 
 4.40000001e-02  3.03827537e-02 
 4.40000002e-02  3.03827537e-02 
 4.40000004e-02  3.03827537e-02 
 4.40000010e-02  3.03827537e-02 
 4.40000020e-02  3.03827537e-02 
 4.40000040e-02  3.03827537e-02 
 4.40000081e-02  3.03827537e-02 
 4.40000163e-02  3.03827537e-02 
 4.40000327e-02  3.03827537e-02 
 4.40000655e-02  3.03827537e-02 
 4.40001310e-02  3.03827537e-02 
 4.40002621e-02  3.03827537e-02 
 4.40005242e-02  3.03827537e-02 
 4.40010485e-02  3.03827537e-02 
 4.40020971e-02  3.03827537e-02 
 4.40041942e-02  3.03827537e-02 
 4.40083885e-02  3.03827537e-02 
 4.40167772e-02  3.03827537e-02 
 4.40335544e-02  3.03827537e-02 
 4.40671088e-02  3.03827537e-02 
 4.41071088e-02  3.03827537e-02 
 4.41471088e-02  3.03827537e-02 
 4.41871088e-02  3.03827537e-02 
 4.42271088e-02  3.03827537e-02 
 4.42671088e-02  3.03827537e-02 
 4.43071088e-02  3.03827537e-02 
 4.43471088e-02  3.03827537e-02 
 4.43871088e-02  3.03827537e-02 
 4.43999992e-02  3.03827537e-02 
 4.43999993e-02  3.03827537e-02 
 4.43999994e-02  3.03827537e-02 
 4.43999998e-02  3.03827537e-02 
 4.44000000e-02  3.03827520e-02 
 4.44000001e-02  3.03827511e-02 
 4.44000002e-02  3.03827493e-02 
 4.44000004e-02  3.03827458e-02 
 4.44000010e-02  3.03827386e-02 
 4.44000020e-02  3.03827243e-02 
 4.44000040e-02  3.03826957e-02 
 4.44000081e-02  3.03826385e-02 
 4.44000163e-02  3.03825241e-02 
 4.44000327e-02  3.03822955e-02 
 4.44000655e-02  3.03818389e-02 
 4.44001310e-02  3.03809287e-02 
 4.44002621e-02  3.03791194e-02 
 4.44005242e-02  3.03755448e-02 
 4.44010485e-02  3.03685685e-02 
 4.44020971e-02  3.03552799e-02 
 4.44041942e-02  3.03311547e-02 
 4.44083885e-02  3.02912915e-02 
 4.44167772e-02  3.02364035e-02 
 4.44335544e-02  3.01832646e-02 
 4.44671088e-02  3.01585852e-02 
 4.45071088e-02  3.01592204e-02 
 4.45471088e-02  3.01591498e-02 
 4.45871088e-02  3.01591577e-02 
 4.46271088e-02  3.01591568e-02 
 4.46671088e-02  3.01591569e-02 
 4.47071088e-02  3.01591569e-02 
 4.47471088e-02  3.01591569e-02 
 4.47871088e-02  3.01591569e-02 
 4.47999992e-02  3.01591569e-02 
 4.47999993e-02  3.01591569e-02 
 4.47999994e-02  3.01591569e-02 
 4.47999998e-02  3.01591569e-02 
 4.48000000e-02  3.01591569e-02 
 4.48000001e-02  3.01591569e-02 
 4.48000002e-02  3.01591569e-02 
 4.48000004e-02  3.01591569e-02 
 4.48000010e-02  3.01591569e-02 
 4.48000020e-02  3.01591569e-02 
 4.48000040e-02  3.01591569e-02 
 4.48000081e-02  3.01591569e-02 
 4.48000163e-02  3.01591569e-02 
 4.48000327e-02  3.01591569e-02 
 4.48000655e-02  3.01591569e-02 
 4.48001310e-02  3.01591569e-02 
 4.48002621e-02  3.01591569e-02 
 4.48005242e-02  3.01591569e-02 
 4.48010485e-02  3.01591569e-02 
 4.48020971e-02  3.01591569e-02 
 4.48041942e-02  3.01591569e-02 
 4.48083885e-02  3.01591569e-02 
 4.48167772e-02  3.01591569e-02 
 4.48335544e-02  3.01591569e-02 
 4.48671088e-02  3.01591569e-02 
 4.49071088e-02  3.01591569e-02 
 4.49471088e-02  3.01591569e-02 
 4.49871088e-02  3.01591569e-02 
 4.50271088e-02  3.01591569e-02 
 4.50671088e-02  3.01591569e-02 
 4.51071088e-02  3.01591569e-02 
 4.51471088e-02  3.01591569e-02 
 4.51871088e-02  3.01591569e-02 
 4.51999992e-02  3.01591569e-02 
 4.51999993e-02  3.01591569e-02 
 4.51999994e-02  3.01591569e-02 
 4.51999998e-02  3.01591569e-02 
 4.52000000e-02  3.01591553e-02 
 4.52000001e-02  3.01591544e-02 
 4.52000002e-02  3.01591528e-02 
 4.52000004e-02  3.01591494e-02 
 4.52000010e-02  3.01591426e-02 
 4.52000020e-02  3.01591290e-02 
 4.52000040e-02  3.01591019e-02 
 4.52000081e-02  3.01590477e-02 
 4.52000163e-02  3.01589394e-02 
 4.52000327e-02  3.01587228e-02 
 4.52000655e-02  3.01582904e-02 
 4.52001310e-02  3.01574282e-02 
 4.52002621e-02  3.01557144e-02 
 4.52005242e-02  3.01523285e-02 
 4.52010485e-02  3.01457204e-02 
 4.52020971e-02  3.01331333e-02 
 4.52041942e-02  3.01102815e-02 
 4.52083885e-02  3.00725224e-02 
 4.52167772e-02  3.00205315e-02 
 4.52335544e-02  2.99701975e-02 
 4.52671088e-02  2.99468208e-02 
 4.53071088e-02  2.99474225e-02 
 4.53471088e-02  2.99473556e-02 
 4.53871088e-02  2.99473630e-02 
 4.54271088e-02  2.99473622e-02 
 4.54671088e-02  2.99473623e-02 
 4.55071088e-02  2.99473623e-02 
 4.55471088e-02  2.99473623e-02 
 4.55871088e-02  2.99473623e-02 
 4.55999992e-02  2.99473623e-02 
 4.55999993e-02  2.99473623e-02 
 4.55999994e-02  2.99473623e-02 
 4.55999998e-02  2.99473623e-02 
 4.56000000e-02  2.99473623e-02 
 4.56000001e-02  2.99473623e-02 
 4.56000002e-02  2.99473623e-02 
 4.56000004e-02  2.99473623e-02 
 4.56000010e-02  2.99473623e-02 
 4.56000020e-02  2.99473623e-02 
 4.56000040e-02  2.99473623e-02 
 4.56000081e-02  2.99473623e-02 
 4.56000163e-02  2.99473623e-02 
 4.56000327e-02  2.99473623e-02 
 4.56000655e-02  2.99473623e-02 
 4.56001310e-02  2.99473623e-02 
 4.56002621e-02  2.99473623e-02 
 4.56005242e-02  2.99473623e-02 
 4.56010485e-02  2.99473623e-02 
 4.56020971e-02  2.99473623e-02 
 4.56041942e-02  2.99473623e-02 
 4.56083885e-02  2.99473623e-02 
 4.56167772e-02  2.99473623e-02 
 4.56335544e-02  2.99473623e-02 
 4.56671088e-02  2.99473623e-02 
 4.57071088e-02  2.99473623e-02 
 4.57471088e-02  2.99473623e-02 
 4.57871088e-02  2.99473623e-02 
 4.58271088e-02  2.99473623e-02 
 4.58671088e-02  2.99473623e-02 
 4.59071088e-02  2.99473623e-02 
 4.59471088e-02  2.99473623e-02 
 4.59871088e-02  2.99473623e-02 
 4.59999992e-02  2.99473623e-02 
 4.59999993e-02  2.99473623e-02 
 4.59999994e-02  2.99473623e-02 
 4.59999998e-02  2.99473623e-02 
 4.60000000e-02  2.99473608e-02 
 4.60000001e-02  2.99473600e-02 
 4.60000002e-02  2.99473584e-02 
 4.60000004e-02  2.99473552e-02 
 4.60000010e-02  2.99473488e-02 
 4.60000020e-02  2.99473359e-02 
 4.60000040e-02  2.99473103e-02 
 4.60000081e-02  2.99472589e-02 
 4.60000163e-02  2.99471563e-02 
 4.60000327e-02  2.99469512e-02 
 4.60000655e-02  2.99465416e-02 
 4.60001310e-02  2.99457249e-02 
 4.60002621e-02  2.99441016e-02 
 4.60005242e-02  2.99408944e-02 
 4.60010485e-02  2.99346352e-02 
 4.60020971e-02  2.99227127e-02 
 4.60041942e-02  2.99010674e-02 
 4.60083885e-02  2.98653019e-02 
 4.60167772e-02  2.98160560e-02 
 4.60335544e-02  2.97683795e-02 
 4.60671088e-02  2.97462370e-02 
 4.61071088e-02  2.97468069e-02 
 4.61471088e-02  2.97467435e-02 
 4.61871088e-02  2.97467506e-02 
 4.62271088e-02  2.97467498e-02 
 4.62671088e-02  2.97467499e-02 
 4.63071088e-02  2.97467499e-02 
 4.63471088e-02  2.97467499e-02 
 4.63871088e-02  2.97467499e-02 
 4.63999992e-02  2.97467499e-02 
 4.63999993e-02  2.97467499e-02 
 4.63999994e-02  2.97467499e-02 
 4.63999998e-02  2.97467499e-02 
 4.64000000e-02  2.97467499e-02 
 4.64000001e-02  2.97467499e-02 
 4.64000002e-02  2.97467499e-02 
 4.64000004e-02  2.97467499e-02 
 4.64000010e-02  2.97467499e-02 
 4.64000020e-02  2.97467499e-02 
 4.64000040e-02  2.97467499e-02 
 4.64000081e-02  2.97467499e-02 
 4.64000163e-02  2.97467499e-02 
 4.64000327e-02  2.97467499e-02 
 4.64000655e-02  2.97467499e-02 
 4.64001310e-02  2.97467499e-02 
 4.64002621e-02  2.97467499e-02 
 4.64005242e-02  2.97467499e-02 
 4.64010485e-02  2.97467499e-02 
 4.64020971e-02  2.97467499e-02 
 4.64041942e-02  2.97467499e-02 
 4.64083885e-02  2.97467499e-02 
 4.64167772e-02  2.97467499e-02 
 4.64335544e-02  2.97467499e-02 
 4.64671088e-02  2.97467499e-02 
 4.65071088e-02  2.97467499e-02 
 4.65471088e-02  2.97467499e-02 
 4.65871088e-02  2.97467499e-02 
 4.66271088e-02  2.97467499e-02 
 4.66671088e-02  2.97467499e-02 
 4.67071088e-02  2.97467499e-02 
 4.67471088e-02  2.97467499e-02 
 4.67871088e-02  2.97467499e-02 
 4.67999992e-02  2.97467499e-02 
 4.67999993e-02  2.97467499e-02 
 4.67999994e-02  2.97467499e-02 
 4.67999998e-02  2.97467499e-02 
 4.68000000e-02  2.97467484e-02 
 4.68000001e-02  2.97467477e-02 
 4.68000002e-02  2.97467462e-02 
 4.68000004e-02  2.97467431e-02 
 4.68000010e-02  2.97467370e-02 
 4.68000020e-02  2.97467249e-02 
 4.68000040e-02  2.97467006e-02 
 4.68000081e-02  2.97466519e-02 
 4.68000163e-02  2.97465547e-02 
 4.68000327e-02  2.97463604e-02 
 4.68000655e-02  2.97459725e-02 
 4.68001310e-02  2.97451989e-02 
 4.68002621e-02  2.97436613e-02 
 4.68005242e-02  2.97406235e-02 
 4.68010485e-02  2.97346949e-02 
 4.68020971e-02  2.97234020e-02 
 4.68041942e-02  2.97028998e-02 
 4.68083885e-02  2.96690230e-02 
 4.68167772e-02  2.96223778e-02 
 4.68335544e-02  2.95772191e-02 
 4.68671088e-02  2.95562459e-02 
 4.69071088e-02  2.95567857e-02 
 4.69471088e-02  2.95567257e-02 
 4.69871088e-02  2.95567324e-02 
 4.70271088e-02  2.95567317e-02 
 4.70671088e-02  2.95567317e-02 
 4.71071088e-02  2.95567317e-02 
 4.71471088e-02  2.95567317e-02 
 4.71871088e-02  2.95567317e-02 
 4.71999992e-02  2.95567317e-02 
 4.71999993e-02  2.95567317e-02 
 4.71999994e-02  2.95567317e-02 
 4.71999998e-02  2.95567317e-02 
 4.72000000e-02  2.95567317e-02 
 4.72000001e-02  2.95567317e-02 
 4.72000002e-02  2.95567317e-02 
 4.72000004e-02  2.95567317e-02 
 4.72000010e-02  2.95567317e-02 
 4.72000020e-02  2.95567317e-02 
 4.72000040e-02  2.95567317e-02 
 4.72000081e-02  2.95567317e-02 
 4.72000163e-02  2.95567317e-02 
 4.72000327e-02  2.95567317e-02 
 4.72000655e-02  2.95567317e-02 
 4.72001310e-02  2.95567317e-02 
 4.72002621e-02  2.95567317e-02 
 4.72005242e-02  2.95567317e-02 
 4.72010485e-02  2.95567317e-02 
 4.72020971e-02  2.95567317e-02 
 4.72041942e-02  2.95567317e-02 
 4.72083885e-02  2.95567317e-02 
 4.72167772e-02  2.95567317e-02 
 4.72335544e-02  2.95567317e-02 
 4.72671088e-02  2.95567317e-02 
 4.73071088e-02  2.95567317e-02 
 4.73471088e-02  2.95567317e-02 
 4.73871088e-02  2.95567317e-02 
 4.74271088e-02  2.95567317e-02 
 4.74671088e-02  2.95567317e-02 
 4.75071088e-02  2.95567317e-02 
 4.75471088e-02  2.95567317e-02 
 4.75871088e-02  2.95567317e-02 
 4.75999992e-02  2.95567317e-02 
 4.75999993e-02  2.95567317e-02 
 4.75999994e-02  2.95567317e-02 
 4.75999998e-02  2.95567317e-02 
 4.76000000e-02  2.95567304e-02 
 4.76000001e-02  2.95567297e-02 
 4.76000002e-02  2.95567282e-02 
 4.76000004e-02  2.95567253e-02 
 4.76000010e-02  2.95567196e-02 
 4.76000020e-02  2.95567081e-02 
 4.76000040e-02  2.95566850e-02 
 4.76000081e-02  2.95566390e-02 
 4.76000163e-02  2.95565469e-02 
 4.76000327e-02  2.95563629e-02 
 4.76000655e-02  2.95559954e-02 
 4.76001310e-02  2.95552627e-02 
 4.76002621e-02  2.95538063e-02 
 4.76005242e-02  2.95509290e-02 
 4.76010485e-02  2.95453135e-02 
 4.76020971e-02  2.95346171e-02 
 4.76041942e-02  2.95151979e-02 
 4.76083885e-02  2.94831105e-02 
 4.76167772e-02  2.94389292e-02 
 4.76335544e-02  2.93961558e-02 
 4.76671088e-02  2.93762905e-02 
 4.77071088e-02  2.93768018e-02 
 4.77471088e-02  2.93767450e-02 
 4.77871088e-02  2.93767513e-02 
 4.78271088e-02  2.93767506e-02 
 4.78671088e-02  2.93767507e-02 
 4.79071088e-02  2.93767507e-02 
 4.79471088e-02  2.93767507e-02 
 4.79871088e-02  2.93767507e-02 
 4.79999992e-02  2.93767507e-02 
 4.79999993e-02  2.93767507e-02 
 4.79999994e-02  2.93767507e-02 
 4.79999998e-02  2.93767507e-02 
 4.80000000e-02  2.93767507e-02 
 4.80000001e-02  2.93767507e-02 
 4.80000002e-02  2.93767507e-02 
 4.80000004e-02  2.93767507e-02 
 4.80000010e-02  2.93767507e-02 
 4.80000020e-02  2.93767507e-02 
 4.80000040e-02  2.93767507e-02 
 4.80000081e-02  2.93767507e-02 
 4.80000163e-02  2.93767507e-02 
 4.80000327e-02  2.93767507e-02 
 4.80000655e-02  2.93767507e-02 
 4.80001310e-02  2.93767507e-02 
 4.80002621e-02  2.93767507e-02 
 4.80005242e-02  2.93767507e-02 
 4.80010485e-02  2.93767507e-02 
 4.80020971e-02  2.93767507e-02 
 4.80041942e-02  2.93767507e-02 
 4.80083885e-02  2.93767507e-02 
 4.80167772e-02  2.93767507e-02 
 4.80335544e-02  2.93767507e-02 
 4.80671088e-02  2.93767507e-02 
 4.81071088e-02  2.93767507e-02 
 4.81471088e-02  2.93767507e-02 
 4.81871088e-02  2.93767507e-02 
 4.82271088e-02  2.93767507e-02 
 4.82671088e-02  2.93767507e-02 
 4.83071088e-02  2.93767507e-02 
 4.83471088e-02  2.93767507e-02 
 4.83871088e-02  2.93767507e-02 
 4.83999992e-02  2.93767507e-02 
 4.83999993e-02  2.93767507e-02 
 4.83999994e-02  2.93767507e-02 
 4.83999998e-02  2.93767507e-02 
 4.84000000e-02  2.93767494e-02 
 4.84000001e-02  2.93767487e-02 
 4.84000002e-02  2.93767473e-02 
 4.84000004e-02  2.93767446e-02 
 4.84000010e-02  2.93767392e-02 
 4.84000020e-02  2.93767283e-02 
 4.84000040e-02  2.93767064e-02 
 4.84000081e-02  2.93766628e-02 
 4.84000163e-02  2.93765756e-02 
 4.84000327e-02  2.93764013e-02 
 4.84000655e-02  2.93760533e-02 
 4.84001310e-02  2.93753593e-02 
 4.84002621e-02  2.93739798e-02 
 4.84005242e-02  2.93712545e-02 
 4.84010485e-02  2.93659357e-02 
 4.84020971e-02  2.93558044e-02 
 4.84041942e-02  2.93374112e-02 
 4.84083885e-02  2.93070191e-02 
 4.84167772e-02  2.92651720e-02 
 4.84335544e-02  2.92246585e-02 
 4.84671088e-02  2.92058427e-02 
 4.85071088e-02  2.92063269e-02 
 4.85471088e-02  2.92062731e-02 
 4.85871088e-02  2.92062791e-02 
 4.86271088e-02  2.92062785e-02 
 4.86671088e-02  2.92062785e-02 
 4.87071088e-02  2.92062785e-02 
 4.87471088e-02  2.92062785e-02 
 4.87871088e-02  2.92062785e-02 
 4.87999992e-02  2.92062785e-02 
 4.87999993e-02  2.92062785e-02 
 4.87999994e-02  2.92062785e-02 
 4.87999998e-02  2.92062785e-02 
 4.88000000e-02  2.92062785e-02 
 4.88000001e-02  2.92062785e-02 
 4.88000002e-02  2.92062785e-02 
 4.88000004e-02  2.92062785e-02 
 4.88000010e-02  2.92062785e-02 
 4.88000020e-02  2.92062785e-02 
 4.88000040e-02  2.92062785e-02 
 4.88000081e-02  2.92062785e-02 
 4.88000163e-02  2.92062785e-02 
 4.88000327e-02  2.92062785e-02 
 4.88000655e-02  2.92062785e-02 
 4.88001310e-02  2.92062785e-02 
 4.88002621e-02  2.92062785e-02 
 4.88005242e-02  2.92062785e-02 
 4.88010485e-02  2.92062785e-02 
 4.88020971e-02  2.92062785e-02 
 4.88041942e-02  2.92062785e-02 
 4.88083885e-02  2.92062785e-02 
 4.88167772e-02  2.92062785e-02 
 4.88335544e-02  2.92062785e-02 
 4.88671088e-02  2.92062785e-02 
 4.89071088e-02  2.92062785e-02 
 4.89471088e-02  2.92062785e-02 
 4.89871088e-02  2.92062785e-02 
 4.90271088e-02  2.92062785e-02 
 4.90671088e-02  2.92062785e-02 
 4.91071088e-02  2.92062785e-02 
 4.91471088e-02  2.92062785e-02 
 4.91871088e-02  2.92062785e-02 
 4.91999992e-02  2.92062785e-02 
 4.91999993e-02  2.92062785e-02 
 4.91999994e-02  2.92062785e-02 
 4.91999998e-02  2.92062785e-02 
 4.92000000e-02  2.92062773e-02 
 4.92000001e-02  2.92062767e-02 
 4.92000002e-02  2.92062754e-02 
 4.92000004e-02  2.92062728e-02 
 4.92000010e-02  2.92062676e-02 
 4.92000020e-02  2.92062573e-02 
 4.92000040e-02  2.92062366e-02 
 4.92000081e-02  2.92061953e-02 
 4.92000163e-02  2.92061127e-02 
 4.92000327e-02  2.92059476e-02 
 4.92000655e-02  2.92056180e-02 
 4.92001310e-02  2.92049607e-02 
 4.92002621e-02  2.92036541e-02 
 4.92005242e-02  2.92010728e-02 
 4.92010485e-02  2.91960351e-02 
 4.92020971e-02  2.91864391e-02 
 4.92041942e-02  2.91690179e-02 
 4.92083885e-02  2.91402318e-02 
 4.92167772e-02  2.91005960e-02 
 4.92335544e-02  2.90622234e-02 
 4.92671088e-02  2.90444019e-02 
 4.93071088e-02  2.90448606e-02 
 4.93471088e-02  2.90448096e-02 
 4.93871088e-02  2.90448153e-02 
 4.94271088e-02  2.90448146e-02 
 4.94671088e-02  2.90448147e-02 
 4.95071088e-02  2.90448147e-02 
 4.95471088e-02  2.90448147e-02 
 4.95871088e-02  2.90448147e-02 
 4.95999992e-02  2.90448147e-02 
 4.95999993e-02  2.90448147e-02 
 4.95999994e-02  2.90448147e-02 
 4.95999998e-02  2.90448147e-02 
 4.96000000e-02  2.90448147e-02 
 4.96000001e-02  2.90448147e-02 
 4.96000002e-02  2.90448147e-02 
 4.96000004e-02  2.90448147e-02 
 4.96000010e-02  2.90448147e-02 
 4.96000020e-02  2.90448147e-02 
 4.96000040e-02  2.90448147e-02 
 4.96000081e-02  2.90448147e-02 
 4.96000163e-02  2.90448147e-02 
 4.96000327e-02  2.90448147e-02 
 4.96000655e-02  2.90448147e-02 
 4.96001310e-02  2.90448147e-02 
 4.96002621e-02  2.90448147e-02 
 4.96005242e-02  2.90448147e-02 
 4.96010485e-02  2.90448147e-02 
 4.96020971e-02  2.90448147e-02 
 4.96041942e-02  2.90448147e-02 
 4.96083885e-02  2.90448147e-02 
 4.96167772e-02  2.90448147e-02 
 4.96335544e-02  2.90448147e-02 
 4.96671088e-02  2.90448147e-02 
 4.97071088e-02  2.90448147e-02 
 4.97471088e-02  2.90448147e-02 
 4.97871088e-02  2.90448147e-02 
 4.98271088e-02  2.90448147e-02 
 4.98671088e-02  2.90448147e-02 
 4.99071088e-02  2.90448147e-02 
 4.99471088e-02  2.90448147e-02 
 4.99871088e-02  2.90448147e-02 
 4.99999992e-02  2.90448147e-02 
 4.99999993e-02  2.90448147e-02 
 4.99999994e-02  2.90448147e-02 
 4.99999998e-02  2.90448147e-02 
 5.00000000e-02  2.90448135e-02 
 5.00000001e-02  2.90448129e-02 
 5.00000002e-02  2.90448117e-02 
 5.00000004e-02  2.90448093e-02 
 5.00000010e-02  2.90448044e-02 
 5.00000020e-02  2.90447946e-02 
 5.00000040e-02  2.90447750e-02 
 5.00000081e-02  2.90447359e-02 
 5.00000163e-02  2.90446576e-02 
 5.00000327e-02  2.90445013e-02 
 5.00000655e-02  2.90441890e-02 
 5.00001310e-02  2.90435665e-02 
 5.00002621e-02  2.90423290e-02 
 5.00005242e-02  2.90398841e-02 
 5.00010485e-02  2.90351126e-02 
 5.00020971e-02  2.90260239e-02 
 5.00041942e-02  2.90095234e-02 
 5.00083885e-02  2.89822587e-02 
 5.00167772e-02  2.89447179e-02 
 5.00335544e-02  2.89083733e-02 
 5.00671088e-02  2.88914938e-02 
 5.01071088e-02  2.88919282e-02 
 5.01471088e-02  2.88918799e-02 
 5.01871088e-02  2.88918853e-02 
 5.02271088e-02  2.88918847e-02 
 5.02671088e-02  2.88918847e-02 
 5.03071088e-02  2.88918847e-02 
 5.03471088e-02  2.88918847e-02 
 5.03871088e-02  2.88918847e-02 
 5.03999992e-02  2.88918847e-02 
 5.03999993e-02  2.88918847e-02 
 5.03999994e-02  2.88918847e-02 
 5.03999998e-02  2.88918847e-02 
 5.04000000e-02  2.88918847e-02 
 5.04000001e-02  2.88918847e-02 
 5.04000002e-02  2.88918847e-02 
 5.04000004e-02  2.88918847e-02 
 5.04000010e-02  2.88918847e-02 
 5.04000020e-02  2.88918847e-02 
 5.04000040e-02  2.88918847e-02 
 5.04000081e-02  2.88918847e-02 
 5.04000163e-02  2.88918847e-02 
 5.04000327e-02  2.88918847e-02 
 5.04000655e-02  2.88918847e-02 
 5.04001310e-02  2.88918847e-02 
 5.04002621e-02  2.88918847e-02 
 5.04005242e-02  2.88918847e-02 
 5.04010485e-02  2.88918847e-02 
 5.04020971e-02  2.88918847e-02 
 5.04041942e-02  2.88918847e-02 
 5.04083885e-02  2.88918847e-02 
 5.04167772e-02  2.88918847e-02 
 5.04335544e-02  2.88918847e-02 
 5.04671088e-02  2.88918847e-02 
 5.05071088e-02  2.88918847e-02 
 5.05471088e-02  2.88918847e-02 
 5.05871088e-02  2.88918847e-02 
 5.06271088e-02  2.88918847e-02 
 5.06671088e-02  2.88918847e-02 
 5.07071088e-02  2.88918847e-02 
 5.07471088e-02  2.88918847e-02 
 5.07871088e-02  2.88918847e-02 
 5.07999992e-02  2.88918847e-02 
 5.07999993e-02  2.88918847e-02 
 5.07999994e-02  2.88918847e-02 
 5.07999998e-02  2.88918847e-02 
 5.08000000e-02  2.88918837e-02 
 5.08000001e-02  2.88918831e-02 
 5.08000002e-02  2.88918819e-02 
 5.08000004e-02  2.88918796e-02 
 5.08000010e-02  2.88918750e-02 
 5.08000020e-02  2.88918657e-02 
 5.08000040e-02  2.88918472e-02 
 5.08000081e-02  2.88918101e-02 
 5.08000163e-02  2.88917360e-02 
 5.08000327e-02  2.88915879e-02 
 5.08000655e-02  2.88912922e-02 
 5.08001310e-02  2.88907025e-02 
 5.08002621e-02  2.88895304e-02 
 5.08005242e-02  2.88872148e-02 
 5.08010485e-02  2.88826956e-02 
 5.08020971e-02  2.88740873e-02 
 5.08041942e-02  2.88584590e-02 
 5.08083885e-02  2.88326357e-02 
 5.08167772e-02  2.87970793e-02 
 5.08335544e-02  2.87626560e-02 
 5.08671088e-02  2.87466687e-02 
 5.09071088e-02  2.87470802e-02 
 5.09471088e-02  2.87470345e-02 
 5.09871088e-02  2.87470396e-02 
 5.10271088e-02  2.87470390e-02 
 5.10671088e-02  2.87470391e-02 
 5.11071088e-02  2.87470391e-02 
 5.11471088e-02  2.87470391e-02 
 5.11871088e-02  2.87470391e-02 
 5.11999992e-02  2.87470391e-02 
 5.11999993e-02  2.87470391e-02 
 5.11999994e-02  2.87470391e-02 
 5.11999998e-02  2.87470391e-02 
 5.12000000e-02  2.87470391e-02 
 5.12000001e-02  2.87470391e-02 
 5.12000002e-02  2.87470391e-02 
 5.12000004e-02  2.87470391e-02 
 5.12000010e-02  2.87470391e-02 
 5.12000020e-02  2.87470391e-02 
 5.12000040e-02  2.87470391e-02 
 5.12000081e-02  2.87470391e-02 
 5.12000163e-02  2.87470391e-02 
 5.12000327e-02  2.87470391e-02 
 5.12000655e-02  2.87470391e-02 
 5.12001310e-02  2.87470391e-02 
 5.12002621e-02  2.87470391e-02 
 5.12005242e-02  2.87470391e-02 
 5.12010485e-02  2.87470391e-02 
 5.12020971e-02  2.87470391e-02 
 5.12041942e-02  2.87470391e-02 
 5.12083885e-02  2.87470391e-02 
 5.12167772e-02  2.87470391e-02 
 5.12335544e-02  2.87470391e-02 
 5.12671088e-02  2.87470391e-02 
 5.13071088e-02  2.87470391e-02 
 5.13471088e-02  2.87470391e-02 
 5.13871088e-02  2.87470391e-02 
 5.14271088e-02  2.87470391e-02 
 5.14671088e-02  2.87470391e-02 
 5.15071088e-02  2.87470391e-02 
 5.15471088e-02  2.87470391e-02 
 5.15871088e-02  2.87470391e-02 
 5.15999992e-02  2.87470391e-02 
 5.15999993e-02  2.87470391e-02 
 5.15999994e-02  2.87470391e-02 
 5.15999998e-02  2.87470391e-02 
 5.16000000e-02  2.87470380e-02 
 5.16000001e-02  2.87470375e-02 
 5.16000002e-02  2.87470364e-02 
 5.16000004e-02  2.87470342e-02 
 5.16000010e-02  2.87470298e-02 
 5.16000020e-02  2.87470210e-02 
 5.16000040e-02  2.87470035e-02 
 5.16000081e-02  2.87469683e-02 
 5.16000163e-02  2.87468982e-02 
 5.16000327e-02  2.87467579e-02 
 5.16000655e-02  2.87464778e-02 
 5.16001310e-02  2.87459193e-02 
 5.16002621e-02  2.87448092e-02 
 5.16005242e-02  2.87426160e-02 
 5.16010485e-02  2.87383357e-02 
 5.16020971e-02  2.87301825e-02 
 5.16041942e-02  2.87153806e-02 
 5.16083885e-02  2.86909225e-02 
 5.16167772e-02  2.86572461e-02 
 5.16335544e-02  2.86246428e-02 
 5.16671088e-02  2.86095008e-02 
 5.17071088e-02  2.86098905e-02 
 5.17471088e-02  2.86098472e-02 
 5.17871088e-02  2.86098520e-02 
 5.18271088e-02  2.86098515e-02 
 5.18671088e-02  2.86098515e-02 
 5.19071088e-02  2.86098515e-02 
 5.19471088e-02  2.86098515e-02 
 5.19871088e-02  2.86098515e-02 
 5.19999992e-02  2.86098515e-02 
 5.19999993e-02  2.86098515e-02 
 5.19999994e-02  2.86098515e-02 
 5.19999998e-02  2.86098515e-02 
 5.20000000e-02  2.86098515e-02 
 5.20000001e-02  2.86098515e-02 
 5.20000002e-02  2.86098515e-02 
 5.20000004e-02  2.86098515e-02 
 5.20000010e-02  2.86098515e-02 
 5.20000020e-02  2.86098515e-02 
 5.20000040e-02  2.86098515e-02 
 5.20000081e-02  2.86098515e-02 
 5.20000163e-02  2.86098515e-02 
 5.20000327e-02  2.86098515e-02 
 5.20000655e-02  2.86098515e-02 
 5.20001310e-02  2.86098515e-02 
 5.20002621e-02  2.86098515e-02 
 5.20005242e-02  2.86098515e-02 
 5.20010485e-02  2.86098515e-02 
 5.20020971e-02  2.86098515e-02 
 5.20041942e-02  2.86098515e-02 
 5.20083885e-02  2.86098515e-02 
 5.20167772e-02  2.86098515e-02 
 5.20335544e-02  2.86098515e-02 
 5.20671088e-02  2.86098515e-02 
 5.21071088e-02  2.86098515e-02 
 5.21471088e-02  2.86098515e-02 
 5.21871088e-02  2.86098515e-02 
 5.22271088e-02  2.86098515e-02 
 5.22671088e-02  2.86098515e-02 
 5.23071088e-02  2.86098515e-02 
 5.23471088e-02  2.86098515e-02 
 5.23871088e-02  2.86098515e-02 
 5.23999992e-02  2.86098515e-02 
 5.23999993e-02  2.86098515e-02 
 5.23999994e-02  2.86098515e-02 
 5.23999998e-02  2.86098515e-02 
 5.24000000e-02  2.86098506e-02 
 5.24000001e-02  2.86098500e-02 
 5.24000002e-02  2.86098490e-02 
 5.24000004e-02  2.86098469e-02 
 5.24000010e-02  2.86098428e-02 
 5.24000020e-02  2.86098345e-02 
 5.24000040e-02  2.86098178e-02 
 5.24000081e-02  2.86097846e-02 
 5.24000163e-02  2.86097181e-02 
 5.24000327e-02  2.86095853e-02 
 5.24000655e-02  2.86093200e-02 
 5.24001310e-02  2.86087910e-02 
 5.24002621e-02  2.86077396e-02 
 5.24005242e-02  2.86056624e-02 
 5.24010485e-02  2.86016084e-02 
 5.24020971e-02  2.85938864e-02 
 5.24041942e-02  2.85798672e-02 
 5.24083885e-02  2.85567024e-02 
 5.24167772e-02  2.85248068e-02 
 5.24335544e-02  2.84939276e-02 
 5.24671088e-02  2.84795863e-02 
 5.25071088e-02  2.84799554e-02 
 5.25471088e-02  2.84799143e-02 
 5.25871088e-02  2.84799189e-02 
 5.26271088e-02  2.84799184e-02 
 5.26671088e-02  2.84799184e-02 
 5.27071088e-02  2.84799184e-02 
 5.27471088e-02  2.84799184e-02 
 5.27871088e-02  2.84799184e-02 
 5.27999992e-02  2.84799184e-02 
 5.27999993e-02  2.84799184e-02 
 5.27999994e-02  2.84799184e-02 
 5.27999998e-02  2.84799184e-02 
 5.28000000e-02  2.84799184e-02 
 5.28000001e-02  2.84799184e-02 
 5.28000002e-02  2.84799184e-02 
 5.28000004e-02  2.84799184e-02 
 5.28000010e-02  2.84799184e-02 
 5.28000020e-02  2.84799184e-02 
 5.28000040e-02  2.84799184e-02 
 5.28000081e-02  2.84799184e-02 
 5.28000163e-02  2.84799184e-02 
 5.28000327e-02  2.84799184e-02 
 5.28000655e-02  2.84799184e-02 
 5.28001310e-02  2.84799184e-02 
 5.28002621e-02  2.84799184e-02 
 5.28005242e-02  2.84799184e-02 
 5.28010485e-02  2.84799184e-02 
 5.28020971e-02  2.84799184e-02 
 5.28041942e-02  2.84799184e-02 
 5.28083885e-02  2.84799184e-02 
 5.28167772e-02  2.84799184e-02 
 5.28335544e-02  2.84799184e-02 
 5.28671088e-02  2.84799184e-02 
 5.29071088e-02  2.84799184e-02 
 5.29471088e-02  2.84799184e-02 
 5.29871088e-02  2.84799184e-02 
 5.30271088e-02  2.84799184e-02 
 5.30671088e-02  2.84799184e-02 
 5.31071088e-02  2.84799184e-02 
 5.31471088e-02  2.84799184e-02 
 5.31871088e-02  2.84799184e-02 
 5.31999992e-02  2.84799184e-02 
 5.31999993e-02  2.84799184e-02 
 5.31999994e-02  2.84799184e-02 
 5.31999998e-02  2.84799184e-02 
 5.32000000e-02  2.84799175e-02 
 5.32000001e-02  2.84799170e-02 
 5.32000002e-02  2.84799160e-02 
 5.32000004e-02  2.84799141e-02 
 5.32000010e-02  2.84799101e-02 
 5.32000020e-02  2.84799023e-02 
 5.32000040e-02  2.84798865e-02 
 5.32000081e-02  2.84798550e-02 
 5.32000163e-02  2.84797921e-02 
 5.32000327e-02  2.84796662e-02 
 5.32000655e-02  2.84794150e-02 
 5.32001310e-02  2.84789140e-02 
 5.32002621e-02  2.84779182e-02 
 5.32005242e-02  2.84759509e-02 
 5.32010485e-02  2.84721113e-02 
 5.32020971e-02  2.84647977e-02 
 5.32041942e-02  2.84515199e-02 
 5.32083885e-02  2.84295803e-02 
 5.32167772e-02  2.83993715e-02 
 5.32335544e-02  2.83701254e-02 
 5.32671088e-02  2.83565425e-02 
 5.33071088e-02  2.83568921e-02 
 5.33471088e-02  2.83568533e-02 
 5.33871088e-02  2.83568576e-02 
 5.34271088e-02  2.83568571e-02 
 5.34671088e-02  2.83568572e-02 
 5.35071088e-02  2.83568572e-02 
 5.35471088e-02  2.83568572e-02 
 5.35871088e-02  2.83568572e-02 
 5.35999992e-02  2.83568572e-02 
 5.35999993e-02  2.83568572e-02 
 5.35999994e-02  2.83568572e-02 
 5.35999998e-02  2.83568572e-02 
 5.36000000e-02  2.83568572e-02 
 5.36000001e-02  2.83568572e-02 
 5.36000002e-02  2.83568572e-02 
 5.36000004e-02  2.83568572e-02 
 5.36000010e-02  2.83568572e-02 
 5.36000020e-02  2.83568572e-02 
 5.36000040e-02  2.83568572e-02 
 5.36000081e-02  2.83568572e-02 
 5.36000163e-02  2.83568572e-02 
 5.36000327e-02  2.83568572e-02 
 5.36000655e-02  2.83568572e-02 
 5.36001310e-02  2.83568572e-02 
 5.36002621e-02  2.83568572e-02 
 5.36005242e-02  2.83568572e-02 
 5.36010485e-02  2.83568572e-02 
 5.36020971e-02  2.83568572e-02 
 5.36041942e-02  2.83568572e-02 
 5.36083885e-02  2.83568572e-02 
 5.36167772e-02  2.83568572e-02 
 5.36335544e-02  2.83568572e-02 
 5.36671088e-02  2.83568572e-02 
 5.37071088e-02  2.83568572e-02 
 5.37471088e-02  2.83568572e-02 
 5.37871088e-02  2.83568572e-02 
 5.38271088e-02  2.83568572e-02 
 5.38671088e-02  2.83568572e-02 
 5.39071088e-02  2.83568572e-02 
 5.39471088e-02  2.83568572e-02 
 5.39871088e-02  2.83568572e-02 
 5.39999992e-02  2.83568572e-02 
 5.39999993e-02  2.83568572e-02 
 5.39999994e-02  2.83568572e-02 
 5.39999998e-02  2.83568572e-02 
 5.40000000e-02  2.83568563e-02 
 5.40000001e-02  2.83568558e-02 
 5.40000002e-02  2.83568549e-02 
 5.40000004e-02  2.83568530e-02 
 5.40000010e-02  2.83568493e-02 
 5.40000020e-02  2.83568418e-02 
 5.40000040e-02  2.83568269e-02 
 5.40000081e-02  2.83567971e-02 
 5.40000163e-02  2.83567375e-02 
 5.40000327e-02  2.83566183e-02 
 5.40000655e-02  2.83563803e-02 
 5.40001310e-02  2.83559059e-02 
 5.40002621e-02  2.83549627e-02 
 5.40005242e-02  2.83530994e-02 
 5.40010485e-02  2.83494630e-02 
 5.40020971e-02  2.83425362e-02 
 5.40041942e-02  2.83299607e-02 
 5.40083885e-02  2.83091816e-02 
 5.40167772e-02  2.82805707e-02 
 5.40335544e-02  2.82528716e-02 
 5.40671088e-02  2.82400072e-02 
 5.41071088e-02  2.82403383e-02 
 5.41471088e-02  2.82403015e-02 
 5.41871088e-02  2.82403056e-02 
 5.42271088e-02  2.82403051e-02 
 5.42671088e-02  2.82403052e-02 
 5.43071088e-02  2.82403052e-02 
 5.43471088e-02  2.82403052e-02 
 5.43871088e-02  2.82403052e-02 
 5.43999992e-02  2.82403052e-02 
 5.43999993e-02  2.82403052e-02 
 5.43999994e-02  2.82403052e-02 
 5.43999998e-02  2.82403052e-02 
 5.44000000e-02  2.82403052e-02 
 5.44000001e-02  2.82403052e-02 
 5.44000002e-02  2.82403052e-02 
 5.44000004e-02  2.82403052e-02 
 5.44000010e-02  2.82403052e-02 
 5.44000020e-02  2.82403052e-02 
 5.44000040e-02  2.82403052e-02 
 5.44000081e-02  2.82403052e-02 
 5.44000163e-02  2.82403052e-02 
 5.44000327e-02  2.82403052e-02 
 5.44000655e-02  2.82403052e-02 
 5.44001310e-02  2.82403052e-02 
 5.44002621e-02  2.82403052e-02 
 5.44005242e-02  2.82403052e-02 
 5.44010485e-02  2.82403052e-02 
 5.44020971e-02  2.82403052e-02 
 5.44041942e-02  2.82403052e-02 
 5.44083885e-02  2.82403052e-02 
 5.44167772e-02  2.82403052e-02 
 5.44335544e-02  2.82403052e-02 
 5.44671088e-02  2.82403052e-02 
 5.45071088e-02  2.82403052e-02 
 5.45471088e-02  2.82403052e-02 
 5.45871088e-02  2.82403052e-02 
 5.46271088e-02  2.82403052e-02 
 5.46671088e-02  2.82403052e-02 
 5.47071088e-02  2.82403052e-02 
 5.47471088e-02  2.82403052e-02 
 5.47871088e-02  2.82403052e-02 
 5.47999992e-02  2.82403052e-02 
 5.47999993e-02  2.82403052e-02 
 5.47999994e-02  2.82403052e-02 
 5.47999998e-02  2.82403052e-02 
 5.48000000e-02  2.82403043e-02 
 5.48000001e-02  2.82403039e-02 
 5.48000002e-02  2.82403030e-02 
 5.48000004e-02  2.82403013e-02 
 5.48000010e-02  2.82402977e-02 
 5.48000020e-02  2.82402907e-02 
 5.48000040e-02  2.82402765e-02 
 5.48000081e-02  2.82402483e-02 
 5.48000163e-02  2.82401918e-02 
 5.48000327e-02  2.82400790e-02 
 5.48000655e-02  2.82398536e-02 
 5.48001310e-02  2.82394042e-02 
 5.48002621e-02  2.82385110e-02 
 5.48005242e-02  2.82367462e-02 
 5.48010485e-02  2.82333022e-02 
 5.48020971e-02  2.82267418e-02 
 5.48041942e-02  2.82148316e-02 
 5.48083885e-02  2.81951517e-02 
 5.48167772e-02  2.81680544e-02 
 5.48335544e-02  2.81418206e-02 
 5.48671088e-02  2.81296368e-02 
 5.49071088e-02  2.81299503e-02 
 5.49471088e-02  2.81299155e-02 
 5.49871088e-02  2.81299194e-02 
 5.50271088e-02  2.81299189e-02 
 5.50671088e-02  2.81299190e-02 
 5.51071088e-02  2.81299190e-02 
 5.51471088e-02  2.81299190e-02 
 5.51871088e-02  2.81299190e-02 
 5.51999992e-02  2.81299190e-02 
 5.51999993e-02  2.81299190e-02 
 5.51999994e-02  2.81299190e-02 
 5.51999998e-02  2.81299190e-02 
 5.52000000e-02  2.81299190e-02 
 5.52000001e-02  2.81299190e-02 
 5.52000002e-02  2.81299190e-02 
 5.52000004e-02  2.81299190e-02 
 5.52000010e-02  2.81299190e-02 
 5.52000020e-02  2.81299190e-02 
 5.52000040e-02  2.81299190e-02 
 5.52000081e-02  2.81299190e-02 
 5.52000163e-02  2.81299190e-02 
 5.52000327e-02  2.81299190e-02 
 5.52000655e-02  2.81299190e-02 
 5.52001310e-02  2.81299190e-02 
 5.52002621e-02  2.81299190e-02 
 5.52005242e-02  2.81299190e-02 
 5.52010485e-02  2.81299190e-02 
 5.52020971e-02  2.81299190e-02 
 5.52041942e-02  2.81299190e-02 
 5.52083885e-02  2.81299190e-02 
 5.52167772e-02  2.81299190e-02 
 5.52335544e-02  2.81299190e-02 
 5.52671088e-02  2.81299190e-02 
 5.53071088e-02  2.81299190e-02 
 5.53471088e-02  2.81299190e-02 
 5.53871088e-02  2.81299190e-02 
 5.54271088e-02  2.81299190e-02 
 5.54671088e-02  2.81299190e-02 
 5.55071088e-02  2.81299190e-02 
 5.55471088e-02  2.81299190e-02 
 5.55871088e-02  2.81299190e-02 
 5.55999992e-02  2.81299190e-02 
 5.55999993e-02  2.81299190e-02 
 5.55999994e-02  2.81299190e-02 
 5.55999998e-02  2.81299190e-02 
 5.56000000e-02  2.81299182e-02 
 5.56000001e-02  2.81299178e-02 
 5.56000002e-02  2.81299169e-02 
 5.56000004e-02  2.81299153e-02 
 5.56000010e-02  2.81299119e-02 
 5.56000020e-02  2.81299052e-02 
 5.56000040e-02  2.81298919e-02 
 5.56000081e-02  2.81298651e-02 
 5.56000163e-02  2.81298116e-02 
 5.56000327e-02  2.81297047e-02 
 5.56000655e-02  2.81294913e-02 
 5.56001310e-02  2.81290657e-02 
 5.56002621e-02  2.81282197e-02 
 5.56005242e-02  2.81265483e-02 
 5.56010485e-02  2.81232865e-02 
 5.56020971e-02  2.81170732e-02 
 5.56041942e-02  2.81057932e-02 
 5.56083885e-02  2.80871545e-02 
 5.56167772e-02  2.80614909e-02 
 5.56335544e-02  2.80366450e-02 
 5.56671088e-02  2.80251059e-02 
 5.57071088e-02  2.80254028e-02 
 5.57471088e-02  2.80253698e-02 
 5.57871088e-02  2.80253735e-02 
 5.58271088e-02  2.80253731e-02 
 5.58671088e-02  2.80253731e-02 
 5.59071088e-02  2.80253731e-02 
 5.59471088e-02  2.80253731e-02 
 5.59871088e-02  2.80253731e-02 
 5.59999992e-02  2.80253731e-02 
 5.59999993e-02  2.80253731e-02 
 5.59999994e-02  2.80253731e-02 
 5.59999998e-02  2.80253731e-02 
 5.60000000e-02  2.80253731e-02 
 5.60000001e-02  2.80253731e-02 
 5.60000002e-02  2.80253731e-02 
 5.60000004e-02  2.80253731e-02 
 5.60000010e-02  2.80253731e-02 
 5.60000020e-02  2.80253731e-02 
 5.60000040e-02  2.80253731e-02 
 5.60000081e-02  2.80253731e-02 
 5.60000163e-02  2.80253731e-02 
 5.60000327e-02  2.80253731e-02 
 5.60000655e-02  2.80253731e-02 
 5.60001310e-02  2.80253731e-02 
 5.60002621e-02  2.80253731e-02 
 5.60005242e-02  2.80253731e-02 
 5.60010485e-02  2.80253731e-02 
 5.60020971e-02  2.80253731e-02 
 5.60041942e-02  2.80253731e-02 
 5.60083885e-02  2.80253731e-02 
 5.60167772e-02  2.80253731e-02 
 5.60335544e-02  2.80253731e-02 
 5.60671088e-02  2.80253731e-02 
 5.61071088e-02  2.80253731e-02 
 5.61471088e-02  2.80253731e-02 
 5.61871088e-02  2.80253731e-02 
 5.62271088e-02  2.80253731e-02 
 5.62671088e-02  2.80253731e-02 
 5.63071088e-02  2.80253731e-02 
 5.63471088e-02  2.80253731e-02 
 5.63871088e-02  2.80253731e-02 
 5.63999992e-02  2.80253731e-02 
 5.63999993e-02  2.80253731e-02 
 5.63999994e-02  2.80253731e-02 
 5.63999998e-02  2.80253731e-02 
 5.64000000e-02  2.80253724e-02 
 5.64000001e-02  2.80253720e-02 
 5.64000002e-02  2.80253712e-02 
 5.64000004e-02  2.80253696e-02 
 5.64000010e-02  2.80253664e-02 
 5.64000020e-02  2.80253601e-02 
 5.64000040e-02  2.80253474e-02 
 5.64000081e-02  2.80253221e-02 
 5.64000163e-02  2.80252714e-02 
 5.64000327e-02  2.80251702e-02 
 5.64000655e-02  2.80249681e-02 
 5.64001310e-02  2.80245650e-02 
 5.64002621e-02  2.80237638e-02 
 5.64005242e-02  2.80221809e-02 
 5.64010485e-02  2.80190916e-02 
 5.64020971e-02  2.80132071e-02 
 5.64041942e-02  2.80025239e-02 
 5.64083885e-02  2.79848715e-02 
 5.64167772e-02  2.79605658e-02 
 5.64335544e-02  2.79370347e-02 
 5.64671088e-02  2.79261061e-02 
 5.65071088e-02  2.79263874e-02 
 5.65471088e-02  2.79263561e-02 
 5.65871088e-02  2.79263596e-02 
 5.66271088e-02  2.79263592e-02 
 5.66671088e-02  2.79263593e-02 
 5.67071088e-02  2.79263593e-02 
 5.67471088e-02  2.79263593e-02 
 5.67871088e-02  2.79263593e-02 
 5.67999992e-02  2.79263593e-02 
 5.67999993e-02  2.79263593e-02 
 5.67999994e-02  2.79263593e-02 
 5.67999998e-02  2.79263593e-02 
 5.68000000e-02  2.79263593e-02 
 5.68000001e-02  2.79263593e-02 
 5.68000002e-02  2.79263593e-02 
 5.68000004e-02  2.79263593e-02 
 5.68000010e-02  2.79263593e-02 
 5.68000020e-02  2.79263593e-02 
 5.68000040e-02  2.79263593e-02 
 5.68000081e-02  2.79263593e-02 
 5.68000163e-02  2.79263593e-02 
 5.68000327e-02  2.79263593e-02 
 5.68000655e-02  2.79263593e-02 
 5.68001310e-02  2.79263593e-02 
 5.68002621e-02  2.79263593e-02 
 5.68005242e-02  2.79263593e-02 
 5.68010485e-02  2.79263593e-02 
 5.68020971e-02  2.79263593e-02 
 5.68041942e-02  2.79263593e-02 
 5.68083885e-02  2.79263593e-02 
 5.68167772e-02  2.79263593e-02 
 5.68335544e-02  2.79263593e-02 
 5.68671088e-02  2.79263593e-02 
 5.69071088e-02  2.79263593e-02 
 5.69471088e-02  2.79263593e-02 
 5.69871088e-02  2.79263593e-02 
 5.70271088e-02  2.79263593e-02 
 5.70671088e-02  2.79263593e-02 
 5.71071088e-02  2.79263593e-02 
 5.71471088e-02  2.79263593e-02 
 5.71871088e-02  2.79263593e-02 
 5.71999992e-02  2.79263593e-02 
 5.71999993e-02  2.79263593e-02 
 5.71999994e-02  2.79263593e-02 
 5.71999998e-02  2.79263593e-02 
 5.72000000e-02  2.79263586e-02 
 5.72000001e-02  2.79263582e-02 
 5.72000002e-02  2.79263574e-02 
 5.72000004e-02  2.79263559e-02 
 5.72000010e-02  2.79263529e-02 
 5.72000020e-02  2.79263469e-02 
 5.72000040e-02  2.79263349e-02 
 5.72000081e-02  2.79263109e-02 
 5.72000163e-02  2.79262630e-02 
 5.72000327e-02  2.79261671e-02 
 5.72000655e-02  2.79259756e-02 
 5.72001310e-02  2.79255939e-02 
 5.72002621e-02  2.79248351e-02 
 5.72005242e-02  2.79233359e-02 
 5.72010485e-02  2.79204101e-02 
 5.72020971e-02  2.79148371e-02 
 5.72041942e-02  2.79047192e-02 
 5.72083885e-02  2.78880010e-02 
 5.72167772e-02  2.78649816e-02 
 5.72335544e-02  2.78426958e-02 
 5.72671088e-02  2.78323455e-02 
 5.73071088e-02  2.78326119e-02 
 5.73471088e-02  2.78325823e-02 
 5.73871088e-02  2.78325856e-02 
 5.74271088e-02  2.78325852e-02 
 5.74671088e-02  2.78325853e-02 
 5.75071088e-02  2.78325852e-02 
 5.75471088e-02  2.78325852e-02 
 5.75871088e-02  2.78325852e-02 
 5.75999992e-02  2.78325852e-02 
 5.75999993e-02  2.78325852e-02 
 5.75999994e-02  2.78325852e-02 
 5.75999998e-02  2.78325852e-02 
 5.76000000e-02  2.78325852e-02 
 5.76000001e-02  2.78325852e-02 
 5.76000002e-02  2.78325852e-02 
 5.76000004e-02  2.78325852e-02 
 5.76000010e-02  2.78325852e-02 
 5.76000020e-02  2.78325852e-02 
 5.76000040e-02  2.78325852e-02 
 5.76000081e-02  2.78325852e-02 
 5.76000163e-02  2.78325852e-02 
 5.76000327e-02  2.78325852e-02 
 5.76000655e-02  2.78325852e-02 
 5.76001310e-02  2.78325852e-02 
 5.76002621e-02  2.78325852e-02 
 5.76005242e-02  2.78325852e-02 
 5.76010485e-02  2.78325852e-02 
 5.76020971e-02  2.78325852e-02 
 5.76041942e-02  2.78325852e-02 
 5.76083885e-02  2.78325852e-02 
 5.76167772e-02  2.78325852e-02 
 5.76335544e-02  2.78325852e-02 
 5.76671088e-02  2.78325852e-02 
 5.77071088e-02  2.78325852e-02 
 5.77471088e-02  2.78325852e-02 
 5.77871088e-02  2.78325852e-02 
 5.78271088e-02  2.78325852e-02 
 5.78671088e-02  2.78325852e-02 
 5.79071088e-02  2.78325852e-02 
 5.79471088e-02  2.78325852e-02 
 5.79871088e-02  2.78325852e-02 
 5.79999992e-02  2.78325852e-02 
 5.79999993e-02  2.78325852e-02 
 5.79999994e-02  2.78325852e-02 
 5.79999998e-02  2.78325852e-02 
 5.80000000e-02  2.78325846e-02 
 5.80000001e-02  2.78325842e-02 
 5.80000002e-02  2.78325835e-02 
 5.80000004e-02  2.78325821e-02 
 5.80000010e-02  2.78325793e-02 
 5.80000020e-02  2.78325736e-02 
 5.80000040e-02  2.78325622e-02 
 5.80000081e-02  2.78325395e-02 
 5.80000163e-02  2.78324940e-02 
 5.80000327e-02  2.78324032e-02 
 5.80000655e-02  2.78322219e-02 
 5.80001310e-02  2.78318604e-02 
 5.80002621e-02  2.78311417e-02 
 5.80005242e-02  2.78297219e-02 
 5.80010485e-02  2.78269510e-02 
 5.80020971e-02  2.78216729e-02 
 5.80041942e-02  2.78120905e-02 
 5.80083885e-02  2.77962572e-02 
 5.80167772e-02  2.77744561e-02 
 5.80335544e-02  2.77533497e-02 
 5.80671088e-02  2.77435473e-02 
 5.81071088e-02  2.77437995e-02 
 5.81471088e-02  2.77437715e-02 
 5.81871088e-02  2.77437746e-02 
 5.82271088e-02  2.77437743e-02 
 5.82671088e-02  2.77437743e-02 
 5.83071088e-02  2.77437743e-02 
 5.83471088e-02  2.77437743e-02 
 5.83871088e-02  2.77437743e-02 
 5.83999992e-02  2.77437743e-02 
 5.83999993e-02  2.77437743e-02 
 5.83999994e-02  2.77437743e-02 
 5.83999998e-02  2.77437743e-02 
 5.84000000e-02  2.77437743e-02 
 5.84000001e-02  2.77437743e-02 
 5.84000002e-02  2.77437743e-02 
 5.84000004e-02  2.77437743e-02 
 5.84000010e-02  2.77437743e-02 
 5.84000020e-02  2.77437743e-02 
 5.84000040e-02  2.77437743e-02 
 5.84000081e-02  2.77437743e-02 
 5.84000163e-02  2.77437743e-02 
 5.84000327e-02  2.77437743e-02 
 5.84000655e-02  2.77437743e-02 
 5.84001310e-02  2.77437743e-02 
 5.84002621e-02  2.77437743e-02 
 5.84005242e-02  2.77437743e-02 
 5.84010485e-02  2.77437743e-02 
 5.84020971e-02  2.77437743e-02 
 5.84041942e-02  2.77437743e-02 
 5.84083885e-02  2.77437743e-02 
 5.84167772e-02  2.77437743e-02 
 5.84335544e-02  2.77437743e-02 
 5.84671088e-02  2.77437743e-02 
 5.85071088e-02  2.77437743e-02 
 5.85471088e-02  2.77437743e-02 
 5.85871088e-02  2.77437743e-02 
 5.86271088e-02  2.77437743e-02 
 5.86671088e-02  2.77437743e-02 
 5.87071088e-02  2.77437743e-02 
 5.87471088e-02  2.77437743e-02 
 5.87871088e-02  2.77437743e-02 
 5.87999992e-02  2.77437743e-02 
 5.87999993e-02  2.77437743e-02 
 5.87999994e-02  2.77437743e-02 
 5.87999998e-02  2.77437743e-02 
 5.88000000e-02  2.77437737e-02 
 5.88000001e-02  2.77437733e-02 
 5.88000002e-02  2.77437727e-02 
 5.88000004e-02  2.77437713e-02 
 5.88000010e-02  2.77437686e-02 
 5.88000020e-02  2.77437632e-02 
 5.88000040e-02  2.77437525e-02 
 5.88000081e-02  2.77437310e-02 
 5.88000163e-02  2.77436879e-02 
 5.88000327e-02  2.77436019e-02 
 5.88000655e-02  2.77434302e-02 
 5.88001310e-02  2.77430878e-02 
 5.88002621e-02  2.77424072e-02 
 5.88005242e-02  2.77410625e-02 
 5.88010485e-02  2.77384383e-02 
 5.88020971e-02  2.77334395e-02 
 5.88041942e-02  2.77243644e-02 
 5.88083885e-02  2.77093691e-02 
 5.88167772e-02  2.76887220e-02 
 5.88335544e-02  2.76687328e-02 
 5.88671088e-02  2.76594492e-02 
 5.89071088e-02  2.76596881e-02 
 5.89471088e-02  2.76596616e-02 
 5.89871088e-02  2.76596645e-02 
 5.90271088e-02  2.76596642e-02 
 5.90671088e-02  2.76596642e-02 
 5.91071088e-02  2.76596642e-02 
 5.91471088e-02  2.76596642e-02 
 5.91871088e-02  2.76596642e-02 
 5.91999992e-02  2.76596642e-02 
 5.91999993e-02  2.76596642e-02 
 5.91999994e-02  2.76596642e-02 
 5.91999998e-02  2.76596642e-02 
 5.92000000e-02  2.76596642e-02 
 5.92000001e-02  2.76596642e-02 
 5.92000002e-02  2.76596642e-02 
 5.92000004e-02  2.76596642e-02 
 5.92000010e-02  2.76596642e-02 
 5.92000020e-02  2.76596642e-02 
 5.92000040e-02  2.76596642e-02 
 5.92000081e-02  2.76596642e-02 
 5.92000163e-02  2.76596642e-02 
 5.92000327e-02  2.76596642e-02 
 5.92000655e-02  2.76596642e-02 
 5.92001310e-02  2.76596642e-02 
 5.92002621e-02  2.76596642e-02 
 5.92005242e-02  2.76596642e-02 
 5.92010485e-02  2.76596642e-02 
 5.92020971e-02  2.76596642e-02 
 5.92041942e-02  2.76596642e-02 
 5.92083885e-02  2.76596642e-02 
 5.92167772e-02  2.76596642e-02 
 5.92335544e-02  2.76596642e-02 
 5.92671088e-02  2.76596642e-02 
 5.93071088e-02  2.76596642e-02 
 5.93471088e-02  2.76596642e-02 
 5.93871088e-02  2.76596642e-02 
 5.94271088e-02  2.76596642e-02 
 5.94671088e-02  2.76596642e-02 
 5.95071088e-02  2.76596642e-02 
 5.95471088e-02  2.76596642e-02 
 5.95871088e-02  2.76596642e-02 
 5.95999992e-02  2.76596642e-02 
 5.95999993e-02  2.76596642e-02 
 5.95999994e-02  2.76596642e-02 
 5.95999998e-02  2.76596642e-02 
 5.96000000e-02  2.76596636e-02 
 5.96000001e-02  2.76596633e-02 
 5.96000002e-02  2.76596627e-02 
 5.96000004e-02  2.76596614e-02 
 5.96000010e-02  2.76596588e-02 
 5.96000020e-02  2.76596538e-02 
 5.96000040e-02  2.76596436e-02 
 5.96000081e-02  2.76596232e-02 
 5.96000163e-02  2.76595824e-02 
 5.96000327e-02  2.76595010e-02 
 5.96000655e-02  2.76593383e-02 
 5.96001310e-02  2.76590141e-02 
 5.96002621e-02  2.76583695e-02 
 5.96005242e-02  2.76570960e-02 
 5.96010485e-02  2.76546107e-02 
 5.96020971e-02  2.76498765e-02 
 5.96041942e-02  2.76412818e-02 
 5.96083885e-02  2.76270803e-02 
 5.96167772e-02  2.76075261e-02 
 5.96335544e-02  2.75885951e-02 
 5.96671088e-02  2.75798030e-02 
 5.97071088e-02  2.75800292e-02 
 5.97471088e-02  2.75800041e-02 
 5.97871088e-02  2.75800069e-02 
 5.98271088e-02  2.75800066e-02 
 5.98671088e-02  2.75800066e-02 
 5.99071088e-02  2.75800066e-02 
 5.99471088e-02  2.75800066e-02 
 5.99871088e-02  2.75800066e-02 
 5.99999992e-02  2.75800066e-02 
 5.99999993e-02  2.75800066e-02 
 5.99999994e-02  2.75800066e-02 
 5.99999998e-02  2.75800066e-02 
 6.00000000e-02  2.75800066e-02 
 6.00000001e-02  2.75800066e-02 
 6.00000002e-02  2.75800066e-02 
 6.00000004e-02  2.75800066e-02 
 6.00000010e-02  2.75800066e-02 
 6.00000020e-02  2.75800066e-02 
 6.00000040e-02  2.75800066e-02 
 6.00000081e-02  2.75800066e-02 
 6.00000163e-02  2.75800066e-02 
 6.00000327e-02  2.75800066e-02 
 6.00000655e-02  2.75800066e-02 
 6.00001310e-02  2.75800066e-02 
 6.00002621e-02  2.75800066e-02 
 6.00005242e-02  2.75800066e-02 
 6.00010485e-02  2.75800066e-02 
 6.00020971e-02  2.75800066e-02 
 6.00041942e-02  2.75800066e-02 
 6.00083885e-02  2.75800066e-02 
 6.00167772e-02  2.75800066e-02 
 6.00335544e-02  2.75800066e-02 
 6.00671088e-02  2.75800066e-02 
 6.01071088e-02  2.75800066e-02 
 6.01471088e-02  2.75800066e-02 
 6.01871088e-02  2.75800066e-02 
 6.02271088e-02  2.75800066e-02 
 6.02671088e-02  2.75800066e-02 
 6.03071088e-02  2.75800066e-02 
 6.03471088e-02  2.75800066e-02 
 6.03871088e-02  2.75800066e-02 
 6.03999992e-02  2.75800066e-02 
 6.03999993e-02  2.75800066e-02 
 6.03999994e-02  2.75800066e-02 
 6.03999998e-02  2.75800066e-02 
 6.04000000e-02  2.75800060e-02 
 6.04000001e-02  2.75800057e-02 
 6.04000002e-02  2.75800051e-02 
 6.04000004e-02  2.75800039e-02 
 6.04000010e-02  2.75800015e-02 
 6.04000020e-02  2.75799967e-02 
 6.04000040e-02  2.75799870e-02 
 6.04000081e-02  2.75799677e-02 
 6.04000163e-02  2.75799291e-02 
 6.04000327e-02  2.75798520e-02 
 6.04000655e-02  2.75796980e-02 
 6.04001310e-02  2.75793909e-02 
 6.04002621e-02  2.75787804e-02 
 6.04005242e-02  2.75775744e-02 
 6.04010485e-02  2.75752206e-02 
 6.04020971e-02  2.75707371e-02 
 6.04041942e-02  2.75625974e-02 
 6.04083885e-02  2.75491477e-02 
 6.04167772e-02  2.75306288e-02 
 6.04335544e-02  2.75127000e-02 
 6.04671088e-02  2.75043733e-02 
 6.05071088e-02  2.75045876e-02 
 6.05471088e-02  2.75045637e-02 
 6.05871088e-02  2.75045664e-02 
 6.06271088e-02  2.75045661e-02 
 6.06671088e-02  2.75045661e-02 
 6.07071088e-02  2.75045661e-02 
 6.07471088e-02  2.75045661e-02 
 6.07871088e-02  2.75045661e-02 
 6.07999992e-02  2.75045661e-02 
 6.07999993e-02  2.75045661e-02 
 6.07999994e-02  2.75045661e-02 
 6.07999998e-02  2.75045661e-02 
 6.08000000e-02  2.75045661e-02 
 6.08000001e-02  2.75045661e-02 
 6.08000002e-02  2.75045661e-02 
 6.08000004e-02  2.75045661e-02 
 6.08000010e-02  2.75045661e-02 
 6.08000020e-02  2.75045661e-02 
 6.08000040e-02  2.75045661e-02 
 6.08000081e-02  2.75045661e-02 
 6.08000163e-02  2.75045661e-02 
 6.08000327e-02  2.75045661e-02 
 6.08000655e-02  2.75045661e-02 
 6.08001310e-02  2.75045661e-02 
 6.08002621e-02  2.75045661e-02 
 6.08005242e-02  2.75045661e-02 
 6.08010485e-02  2.75045661e-02 
 6.08020971e-02  2.75045661e-02 
 6.08041942e-02  2.75045661e-02 
 6.08083885e-02  2.75045661e-02 
 6.08167772e-02  2.75045661e-02 
 6.08335544e-02  2.75045661e-02 
 6.08671088e-02  2.75045661e-02 
 6.09071088e-02  2.75045661e-02 
 6.09471088e-02  2.75045661e-02 
 6.09871088e-02  2.75045661e-02 
 6.10271088e-02  2.75045661e-02 
 6.10671088e-02  2.75045661e-02 
 6.11071088e-02  2.75045661e-02 
 6.11471088e-02  2.75045661e-02 
 6.11871088e-02  2.75045661e-02 
 6.11999992e-02  2.75045661e-02 
 6.11999993e-02  2.75045661e-02 
 6.11999994e-02  2.75045661e-02 
 6.11999998e-02  2.75045661e-02 
 6.12000000e-02  2.75045656e-02 
 6.12000001e-02  2.75045653e-02 
 6.12000002e-02  2.75045647e-02 
 6.12000004e-02  2.75045636e-02 
 6.12000010e-02  2.75045613e-02 
 6.12000020e-02  2.75045567e-02 
 6.12000040e-02  2.75045476e-02 
 6.12000081e-02  2.75045293e-02 
 6.12000163e-02  2.75044928e-02 
 6.12000327e-02  2.75044197e-02 
 6.12000655e-02  2.75042738e-02 
 6.12001310e-02  2.75039830e-02 
 6.12002621e-02  2.75034048e-02 
 6.12005242e-02  2.75022626e-02 
 6.12010485e-02  2.75000335e-02 
 6.12020971e-02  2.74957874e-02 
 6.12041942e-02  2.74880786e-02 
 6.12083885e-02  2.74753411e-02 
 6.12167772e-02  2.74578026e-02 
 6.12335544e-02  2.74408231e-02 
 6.12671088e-02  2.74329372e-02 
 6.13071088e-02  2.74331402e-02 
 6.13471088e-02  2.74331176e-02 
 6.13871088e-02  2.74331201e-02 
 6.14271088e-02  2.74331198e-02 
 6.14671088e-02  2.74331199e-02 
 6.15071088e-02  2.74331199e-02 
 6.15471088e-02  2.74331199e-02 
 6.15871088e-02  2.74331199e-02 
 6.15999992e-02  2.74331199e-02 
 6.15999993e-02  2.74331199e-02 
 6.15999994e-02  2.74331199e-02 
 6.15999998e-02  2.74331199e-02 
 6.16000000e-02  2.74331199e-02 
 6.16000001e-02  2.74331199e-02 
 6.16000002e-02  2.74331199e-02 
 6.16000004e-02  2.74331199e-02 
 6.16000010e-02  2.74331199e-02 
 6.16000020e-02  2.74331199e-02 
 6.16000040e-02  2.74331199e-02 
 6.16000081e-02  2.74331199e-02 
 6.16000163e-02  2.74331199e-02 
 6.16000327e-02  2.74331199e-02 
 6.16000655e-02  2.74331199e-02 
 6.16001310e-02  2.74331199e-02 
 6.16002621e-02  2.74331199e-02 
 6.16005242e-02  2.74331199e-02 
 6.16010485e-02  2.74331199e-02 
 6.16020971e-02  2.74331199e-02 
 6.16041942e-02  2.74331199e-02 
 6.16083885e-02  2.74331199e-02 
 6.16167772e-02  2.74331199e-02 
 6.16335544e-02  2.74331199e-02 
 6.16671088e-02  2.74331199e-02 
 6.17071088e-02  2.74331199e-02 
 6.17471088e-02  2.74331199e-02 
 6.17871088e-02  2.74331199e-02 
 6.18271088e-02  2.74331199e-02 
 6.18671088e-02  2.74331199e-02 
 6.19071088e-02  2.74331199e-02 
 6.19471088e-02  2.74331199e-02 
 6.19871088e-02  2.74331199e-02 
 6.19999992e-02  2.74331199e-02 
 6.19999993e-02  2.74331199e-02 
 6.19999994e-02  2.74331199e-02 
 6.19999998e-02  2.74331199e-02 
 6.20000000e-02  2.74331194e-02 
 6.20000001e-02  2.74331191e-02 
 6.20000002e-02  2.74331185e-02 
 6.20000004e-02  2.74331175e-02 
 6.20000010e-02  2.74331153e-02 
 6.20000020e-02  2.74331110e-02 
 6.20000040e-02  2.74331023e-02 
 6.20000081e-02  2.74330850e-02 
 6.20000163e-02  2.74330504e-02 
 6.20000327e-02  2.74329812e-02 
 6.20000655e-02  2.74328430e-02 
 6.20001310e-02  2.74325676e-02 
 6.20002621e-02  2.74320201e-02 
 6.20005242e-02  2.74309384e-02 
 6.20010485e-02  2.74288272e-02 
 6.20020971e-02  2.74248060e-02 
 6.20041942e-02  2.74175054e-02 
 6.20083885e-02  2.74054422e-02 
 6.20167772e-02  2.73888324e-02 
 6.20335544e-02  2.73727520e-02 
 6.20671088e-02  2.73652837e-02 
 6.21071088e-02  2.73654759e-02 
 6.21471088e-02  2.73654545e-02 
 6.21871088e-02  2.73654569e-02 
 6.22271088e-02  2.73654566e-02 
 6.22671088e-02  2.73654566e-02 
 6.23071088e-02  2.73654566e-02 
 6.23471088e-02  2.73654566e-02 
 6.23871088e-02  2.73654566e-02 
 6.23999992e-02  2.73654566e-02 
 6.23999993e-02  2.73654566e-02 
 6.23999994e-02  2.73654566e-02 
 6.23999998e-02  2.73654566e-02 
 6.24000000e-02  2.73654566e-02 
 6.24000001e-02  2.73654566e-02 
 6.24000002e-02  2.73654566e-02 
 6.24000004e-02  2.73654566e-02 
 6.24000010e-02  2.73654566e-02 
 6.24000020e-02  2.73654566e-02 
 6.24000040e-02  2.73654566e-02 
 6.24000081e-02  2.73654566e-02 
 6.24000163e-02  2.73654566e-02 
 6.24000327e-02  2.73654566e-02 
 6.24000655e-02  2.73654566e-02 
 6.24001310e-02  2.73654566e-02 
 6.24002621e-02  2.73654566e-02 
 6.24005242e-02  2.73654566e-02 
 6.24010485e-02  2.73654566e-02 
 6.24020971e-02  2.73654566e-02 
 6.24041942e-02  2.73654566e-02 
 6.24083885e-02  2.73654566e-02 
 6.24167772e-02  2.73654566e-02 
 6.24335544e-02  2.73654566e-02 
 6.24671088e-02  2.73654566e-02 
 6.25071088e-02  2.73654566e-02 
 6.25471088e-02  2.73654566e-02 
 6.25871088e-02  2.73654566e-02 
 6.26271088e-02  2.73654566e-02 
 6.26671088e-02  2.73654566e-02 
 6.27071088e-02  2.73654566e-02 
 6.27471088e-02  2.73654566e-02 
 6.27871088e-02  2.73654566e-02 
 6.27999992e-02  2.73654566e-02 
 6.27999993e-02  2.73654566e-02 
 6.27999994e-02  2.73654566e-02 
 6.27999998e-02  2.73654566e-02 
 6.28000000e-02  2.73654562e-02 
 6.28000001e-02  2.73654559e-02 
 6.28000002e-02  2.73654554e-02 
 6.28000004e-02  2.73654544e-02 
 6.28000010e-02  2.73654523e-02 
 6.28000020e-02  2.73654482e-02 
 6.28000040e-02  2.73654400e-02 
 6.28000081e-02  2.73654236e-02 
 6.28000163e-02  2.73653908e-02 
 6.28000327e-02  2.73653253e-02 
 6.28000655e-02  2.73651945e-02 
 6.28001310e-02  2.73649336e-02 
 6.28002621e-02  2.73644151e-02 
 6.28005242e-02  2.73633907e-02 
 6.28010485e-02  2.73613913e-02 
 6.28020971e-02  2.73575830e-02 
 6.28041942e-02  2.73506690e-02 
 6.28083885e-02  2.73392447e-02 
 6.28167772e-02  2.73235144e-02 
 6.28335544e-02  2.73082854e-02 
 6.28671088e-02  2.73012126e-02 
 6.29071088e-02  2.73013946e-02 
 6.29471088e-02  2.73013744e-02 
 6.29871088e-02  2.73013767e-02 
 6.30271088e-02  2.73013764e-02 
 6.30671088e-02  2.73013764e-02 
 6.31071088e-02  2.73013764e-02 
 6.31471088e-02  2.73013764e-02 
 6.31871088e-02  2.73013764e-02 
 6.31999992e-02  2.73013764e-02 
 6.31999993e-02  2.73013764e-02 
 6.31999994e-02  2.73013764e-02 
 6.31999998e-02  2.73013764e-02 
 6.32000000e-02  2.73013764e-02 
 6.32000001e-02  2.73013764e-02 
 6.32000002e-02  2.73013764e-02 
 6.32000004e-02  2.73013764e-02 
 6.32000010e-02  2.73013764e-02 
 6.32000020e-02  2.73013764e-02 
 6.32000040e-02  2.73013764e-02 
 6.32000081e-02  2.73013764e-02 
 6.32000163e-02  2.73013764e-02 
 6.32000327e-02  2.73013764e-02 
 6.32000655e-02  2.73013764e-02 
 6.32001310e-02  2.73013764e-02 
 6.32002621e-02  2.73013764e-02 
 6.32005242e-02  2.73013764e-02 
 6.32010485e-02  2.73013764e-02 
 6.32020971e-02  2.73013764e-02 
 6.32041942e-02  2.73013764e-02 
 6.32083885e-02  2.73013764e-02 
 6.32167772e-02  2.73013764e-02 
 6.32335544e-02  2.73013764e-02 
 6.32671088e-02  2.73013764e-02 
 6.33071088e-02  2.73013764e-02 
 6.33471088e-02  2.73013764e-02 
 6.33871088e-02  2.73013764e-02 
 6.34271088e-02  2.73013764e-02 
 6.34671088e-02  2.73013764e-02 
 6.35071088e-02  2.73013764e-02 
 6.35471088e-02  2.73013764e-02 
 6.35871088e-02  2.73013764e-02 
 6.35999992e-02  2.73013764e-02 
 6.35999993e-02  2.73013764e-02 
 6.35999994e-02  2.73013764e-02 
 6.35999998e-02  2.73013764e-02 
 6.36000000e-02  2.73013760e-02 
 6.36000001e-02  2.73013757e-02 
 6.36000002e-02  2.73013752e-02 
 6.36000004e-02  2.73013743e-02 
 6.36000010e-02  2.73013723e-02 
 6.36000020e-02  2.73013684e-02 
 6.36000040e-02  2.73013607e-02 
 6.36000081e-02  2.73013452e-02 
 6.36000163e-02  2.73013141e-02 
 6.36000327e-02  2.73012521e-02 
 6.36000655e-02  2.73011282e-02 
 6.36001310e-02  2.73008811e-02 
 6.36002621e-02  2.73003900e-02 
 6.36005242e-02  2.72994198e-02 
 6.36010485e-02  2.72975264e-02 
 6.36020971e-02  2.72939197e-02 
 6.36041942e-02  2.72873719e-02 
 6.36083885e-02  2.72765526e-02 
 6.36167772e-02  2.72616553e-02 
 6.36335544e-02  2.72472328e-02 
 6.36671088e-02  2.72405346e-02 
 6.37071088e-02  2.72407070e-02 
 6.37471088e-02  2.72406878e-02 
 6.37871088e-02  2.72406899e-02 
 6.38271088e-02  2.72406897e-02 
 6.38671088e-02  2.72406897e-02 
 6.39071088e-02  2.72406897e-02 
 6.39471088e-02  2.72406897e-02 
 6.39871088e-02  2.72406897e-02 
 6.39999992e-02  2.72406897e-02 
 6.39999993e-02  2.72406897e-02 
 6.39999994e-02  2.72406897e-02 
 6.39999998e-02  2.72406897e-02 
 6.40000000e-02  2.72406897e-02 
 6.40000001e-02  2.72406897e-02 
 6.40000002e-02  2.72406897e-02 
 6.40000004e-02  2.72406897e-02 
 6.40000010e-02  2.72406897e-02 
 6.40000020e-02  2.72406897e-02 
 6.40000040e-02  2.72406897e-02 
 6.40000081e-02  2.72406897e-02 
 6.40000163e-02  2.72406897e-02 
 6.40000327e-02  2.72406897e-02 
 6.40000655e-02  2.72406897e-02 
 6.40001310e-02  2.72406897e-02 
 6.40002621e-02  2.72406897e-02 
 6.40005242e-02  2.72406897e-02 
 6.40010485e-02  2.72406897e-02 
 6.40020971e-02  2.72406897e-02 
 6.40041942e-02  2.72406897e-02 
 6.40083885e-02  2.72406897e-02 
 6.40167772e-02  2.72406897e-02 
 6.40335544e-02  2.72406897e-02 
 6.40671088e-02  2.72406897e-02 
 6.41071088e-02  2.72406897e-02 
 6.41471088e-02  2.72406897e-02 
 6.41871088e-02  2.72406897e-02 
 6.42271088e-02  2.72406897e-02 
 6.42671088e-02  2.72406897e-02 
 6.43071088e-02  2.72406897e-02 
 6.43471088e-02  2.72406897e-02 
 6.43871088e-02  2.72406897e-02 
 6.43999992e-02  2.72406897e-02 
 6.43999993e-02  2.72406897e-02 
 6.43999994e-02  2.72406897e-02 
 6.43999998e-02  2.72406897e-02 
 6.44000000e-02  2.72406893e-02 
 6.44000001e-02  2.72406891e-02 
 6.44000002e-02  2.72406886e-02 
 6.44000004e-02  2.72406877e-02 
 6.44000010e-02  2.72406858e-02 
 6.44000020e-02  2.72406822e-02 
 6.44000040e-02  2.72406748e-02 
 6.44000081e-02  2.72406601e-02 
 6.44000163e-02  2.72406307e-02 
 6.44000327e-02  2.72405719e-02 
 6.44000655e-02  2.72404546e-02 
 6.44001310e-02  2.72402206e-02 
 6.44002621e-02  2.72397556e-02 
 6.44005242e-02  2.72388368e-02 
 6.44010485e-02  2.72370436e-02 
 6.44020971e-02  2.72336279e-02 
 6.44041942e-02  2.72274269e-02 
 6.44083885e-02  2.72171805e-02 
 6.44167772e-02  2.72030723e-02 
 6.44335544e-02  2.71894136e-02 
 6.44671088e-02  2.71830701e-02 
 6.45071088e-02  2.71832334e-02 
 6.45471088e-02  2.71832152e-02 
 6.45871088e-02  2.71832172e-02 
 6.46271088e-02  2.71832170e-02 
 6.46671088e-02  2.71832170e-02 
 6.47071088e-02  2.71832170e-02 
 6.47471088e-02  2.71832170e-02 
 6.47871088e-02  2.71832170e-02 
 6.47999992e-02  2.71832170e-02 
 6.47999993e-02  2.71832170e-02 
 6.47999994e-02  2.71832170e-02 
 6.47999998e-02  2.71832170e-02 
 6.48000000e-02  2.71832170e-02 
 6.48000001e-02  2.71832170e-02 
 6.48000002e-02  2.71832170e-02 
 6.48000004e-02  2.71832170e-02 
 6.48000010e-02  2.71832170e-02 
 6.48000020e-02  2.71832170e-02 
 6.48000040e-02  2.71832170e-02 
 6.48000081e-02  2.71832170e-02 
 6.48000163e-02  2.71832170e-02 
 6.48000327e-02  2.71832170e-02 
 6.48000655e-02  2.71832170e-02 
 6.48001310e-02  2.71832170e-02 
 6.48002621e-02  2.71832170e-02 
 6.48005242e-02  2.71832170e-02 
 6.48010485e-02  2.71832170e-02 
 6.48020971e-02  2.71832170e-02 
 6.48041942e-02  2.71832170e-02 
 6.48083885e-02  2.71832170e-02 
 6.48167772e-02  2.71832170e-02 
 6.48335544e-02  2.71832170e-02 
 6.48671088e-02  2.71832170e-02 
 6.49071088e-02  2.71832170e-02 
 6.49471088e-02  2.71832170e-02 
 6.49871088e-02  2.71832170e-02 
 6.50271088e-02  2.71832170e-02 
 6.50671088e-02  2.71832170e-02 
 6.51071088e-02  2.71832170e-02 
 6.51471088e-02  2.71832170e-02 
 6.51871088e-02  2.71832170e-02 
 6.51999992e-02  2.71832170e-02 
 6.51999993e-02  2.71832170e-02 
 6.51999994e-02  2.71832170e-02 
 6.51999998e-02  2.71832170e-02 
 6.52000000e-02  2.71832166e-02 
 6.52000001e-02  2.71832164e-02 
 6.52000002e-02  2.71832160e-02 
 6.52000004e-02  2.71832151e-02 
 6.52000010e-02  2.71832134e-02 
 6.52000020e-02  2.71832099e-02 
 6.52000040e-02  2.71832029e-02 
 6.52000081e-02  2.71831890e-02 
 6.52000163e-02  2.71831611e-02 
 6.52000327e-02  2.71831055e-02 
 6.52000655e-02  2.71829944e-02 
 6.52001310e-02  2.71827728e-02 
 6.52002621e-02  2.71823323e-02 
 6.52005242e-02  2.71814622e-02 
 6.52010485e-02  2.71797640e-02 
 6.52020971e-02  2.71765293e-02 
 6.52041942e-02  2.71706566e-02 
 6.52083885e-02  2.71609530e-02 
 6.52167772e-02  2.71475920e-02 
 6.52335544e-02  2.71346567e-02 
 6.52671088e-02  2.71286492e-02 
 6.53071088e-02  2.71288038e-02 
 6.53471088e-02  2.71287866e-02 
 6.53871088e-02  2.71287885e-02 
 6.54271088e-02  2.71287883e-02 
 6.54671088e-02  2.71287883e-02 
 6.55071088e-02  2.71287883e-02 
 6.55471088e-02  2.71287883e-02 
 6.55871088e-02  2.71287883e-02 
 6.55999992e-02  2.71287883e-02 
 6.55999993e-02  2.71287883e-02 
 6.55999994e-02  2.71287883e-02 
 6.55999998e-02  2.71287883e-02 
 6.56000000e-02  2.71287883e-02 
 6.56000001e-02  2.71287883e-02 
 6.56000002e-02  2.71287883e-02 
 6.56000004e-02  2.71287883e-02 
 6.56000010e-02  2.71287883e-02 
 6.56000020e-02  2.71287883e-02 
 6.56000040e-02  2.71287883e-02 
 6.56000081e-02  2.71287883e-02 
 6.56000163e-02  2.71287883e-02 
 6.56000327e-02  2.71287883e-02 
 6.56000655e-02  2.71287883e-02 
 6.56001310e-02  2.71287883e-02 
 6.56002621e-02  2.71287883e-02 
 6.56005242e-02  2.71287883e-02 
 6.56010485e-02  2.71287883e-02 
 6.56020971e-02  2.71287883e-02 
 6.56041942e-02  2.71287883e-02 
 6.56083885e-02  2.71287883e-02 
 6.56167772e-02  2.71287883e-02 
 6.56335544e-02  2.71287883e-02 
 6.56671088e-02  2.71287883e-02 
 6.57071088e-02  2.71287883e-02 
 6.57471088e-02  2.71287883e-02 
 6.57871088e-02  2.71287883e-02 
 6.58271088e-02  2.71287883e-02 
 6.58671088e-02  2.71287883e-02 
 6.59071088e-02  2.71287883e-02 
 6.59471088e-02  2.71287883e-02 
 6.59871088e-02  2.71287883e-02 
 6.59999992e-02  2.71287883e-02 
 6.59999993e-02  2.71287883e-02 
 6.59999994e-02  2.71287883e-02 
 6.59999998e-02  2.71287883e-02 
 6.60000000e-02  2.71287880e-02 
 6.60000001e-02  2.71287877e-02 
 6.60000002e-02  2.71287873e-02 
 6.60000004e-02  2.71287865e-02 
 6.60000010e-02  2.71287849e-02 
 6.60000020e-02  2.71287816e-02 
 6.60000040e-02  2.71287750e-02 
 6.60000081e-02  2.71287618e-02 
 6.60000163e-02  2.71287354e-02 
 6.60000327e-02  2.71286827e-02 
 6.60000655e-02  2.71285775e-02 
 6.60001310e-02  2.71283676e-02 
 6.60002621e-02  2.71279505e-02 
 6.60005242e-02  2.71271265e-02 
 6.60010485e-02  2.71255182e-02 
 6.60020971e-02  2.71224548e-02 
 6.60041942e-02  2.71168932e-02 
 6.60083885e-02  2.71077036e-02 
 6.60167772e-02  2.70950502e-02 
 6.60335544e-02  2.70828001e-02 
 6.60671088e-02  2.70771108e-02 
 6.61071088e-02  2.70772572e-02 
 6.61471088e-02  2.70772410e-02 
 6.61871088e-02  2.70772428e-02 
 6.62271088e-02  2.70772426e-02 
 6.62671088e-02  2.70772426e-02 
 6.63071088e-02  2.70772426e-02 
 6.63471088e-02  2.70772426e-02 
 6.63871088e-02  2.70772426e-02 
 6.63999992e-02  2.70772426e-02 
 6.63999993e-02  2.70772426e-02 
 6.63999994e-02  2.70772426e-02 
 6.63999998e-02  2.70772426e-02 
 6.64000000e-02  2.70772426e-02 
 6.64000001e-02  2.70772426e-02 
 6.64000002e-02  2.70772426e-02 
 6.64000004e-02  2.70772426e-02 
 6.64000010e-02  2.70772426e-02 
 6.64000020e-02  2.70772426e-02 
 6.64000040e-02  2.70772426e-02 
 6.64000081e-02  2.70772426e-02 
 6.64000163e-02  2.70772426e-02 
 6.64000327e-02  2.70772426e-02 
 6.64000655e-02  2.70772426e-02 
 6.64001310e-02  2.70772426e-02 
 6.64002621e-02  2.70772426e-02 
 6.64005242e-02  2.70772426e-02 
 6.64010485e-02  2.70772426e-02 
 6.64020971e-02  2.70772426e-02 
 6.64041942e-02  2.70772426e-02 
 6.64083885e-02  2.70772426e-02 
 6.64167772e-02  2.70772426e-02 
 6.64286564e-02  2.70772426e-02 
 6.64437717e-02  2.70772426e-02 
 6.64627726e-02  2.70772426e-02 
 6.64883910e-02  2.70772426e-02 
 6.65258000e-02  2.70772426e-02 
 6.65658000e-02  2.70772426e-02 
 6.66058000e-02  2.70772426e-02 
 6.66458000e-02  2.70772426e-02 
 6.66858000e-02  2.70772426e-02 
 6.67258000e-02  2.70772426e-02 
 6.67658000e-02  2.70772426e-02 
 6.67999992e-02  2.70772426e-02 
 6.67999993e-02  2.70772426e-02 
 6.67999994e-02  2.70772426e-02 
 6.67999998e-02  2.70772426e-02 
 6.68000000e-02  2.70784154e-02 
 6.68000001e-02  2.70790409e-02 
 6.68000002e-02  2.70802920e-02 
 6.68000004e-02  2.70827940e-02 
 6.68000010e-02  2.70877979e-02 
 6.68000020e-02  2.70978052e-02 
 6.68000040e-02  2.71178179e-02 
 6.68000081e-02  2.71578357e-02 
 6.68000163e-02  2.72378405e-02 
 6.68000327e-02  2.73977272e-02 
 6.68000655e-02  2.77170101e-02 
 6.68001310e-02  2.83536182e-02 
 6.68002621e-02  2.96190436e-02 
 6.68005242e-02  3.21190480e-02 
 6.68010485e-02  3.69981574e-02 
 6.68020971e-02  4.62919583e-02 
 6.68041942e-02  6.31647091e-02 
 6.68083885e-02  9.10444166e-02 
 6.68167772e-02  1.29432205e-01 
 6.68286564e-02  1.58684128e-01 
 6.68437717e-02  1.74579259e-01 
 6.68627726e-02  1.81194398e-01 
 6.68883910e-02  1.83206589e-01 
 6.69258000e-02  1.83476740e-01 
 6.69658000e-02  1.83455039e-01 
 6.70058000e-02  1.83457450e-01 
 6.70458000e-02  1.83457182e-01 
 6.70858000e-02  1.83457212e-01 
 6.71258000e-02  1.83457209e-01 
 6.71658000e-02  1.83457209e-01 
 6.71999992e-02  1.83457209e-01 
 6.71999993e-02  1.83457209e-01 
 6.71999994e-02  1.83457209e-01 
 6.71999998e-02  1.83457209e-01 
 6.72000000e-02  1.83457209e-01 
 6.72000001e-02  1.83457209e-01 
 6.72000002e-02  1.83457209e-01 
 6.72000004e-02  1.83457209e-01 
 6.72000010e-02  1.83457209e-01 
 6.72000020e-02  1.83457209e-01 
 6.72000040e-02  1.83457209e-01 
 6.72000081e-02  1.83457209e-01 
 6.72000163e-02  1.83457209e-01 
 6.72000327e-02  1.83457209e-01 
 6.72000655e-02  1.83457209e-01 
 6.72001310e-02  1.83457209e-01 
 6.72002621e-02  1.83457209e-01 
 6.72005242e-02  1.83457209e-01 
 6.72010485e-02  1.83457209e-01 
 6.72020971e-02  1.83457209e-01 
 6.72041942e-02  1.83457209e-01 
 6.72083885e-02  1.83457209e-01 
 6.72167772e-02  1.83457209e-01 
 6.72303843e-02  1.83457209e-01 
 6.72437519e-02  1.83457209e-01 
 6.72578135e-02  1.83457209e-01 
 6.72740549e-02  1.83457209e-01 
 6.72983479e-02  1.83457209e-01 
 6.73383257e-02  1.83457209e-01 
 6.73783257e-02  1.83457209e-01 
 6.74183257e-02  1.83457209e-01 
 6.74583257e-02  1.83457209e-01 
 6.74983257e-02  1.83457209e-01 
 6.75383257e-02  1.83457209e-01 
 6.75783257e-02  1.83457209e-01 
 6.75999992e-02  1.83457209e-01 
 6.75999993e-02  1.83457209e-01 
 6.75999994e-02  1.83457209e-01 
 6.75999998e-02  1.83457209e-01 
 6.76000000e-02  1.83458667e-01 
 6.76000001e-02  1.83459445e-01 
 6.76000002e-02  1.83461000e-01 
 6.76000004e-02  1.83464111e-01 
 6.76000010e-02  1.83470333e-01 
 6.76000020e-02  1.83482776e-01 
 6.76000040e-02  1.83507659e-01 
 6.76000081e-02  1.83557416e-01 
 6.76000163e-02  1.83656891e-01 
 6.76000327e-02  1.83855689e-01 
 6.76000655e-02  1.84252674e-01 
 6.76001310e-02  1.85044212e-01 
 6.76002621e-02  1.86617599e-01 
 6.76005242e-02  1.89726021e-01 
 6.76010485e-02  1.95792542e-01 
 6.76020971e-02  2.07348143e-01 
 6.76041942e-02  2.28327156e-01 
 6.76083885e-02  2.62991850e-01 
 6.76167772e-02  3.10721941e-01 
 6.76303843e-02  3.50804698e-01 
 6.76437519e-02  3.66768961e-01 
 6.76578135e-02  3.73561936e-01 
 6.76740549e-02  3.76479431e-01 
 6.76983479e-02  3.77701043e-01 
 6.77383257e-02  3.77916298e-01 
 6.77783257e-02  3.77892434e-01 
 6.78183257e-02  3.77895086e-01 
 6.78583257e-02  3.77894791e-01 
 6.78983257e-02  3.77894824e-01 
 6.79383257e-02  3.77894820e-01 
 6.79783257e-02  3.77894821e-01 
 6.79999992e-02  3.77894821e-01 
 6.79999993e-02  3.77894821e-01 
 6.79999994e-02  3.77894821e-01 
 6.79999998e-02  3.77894821e-01 
 6.80000000e-02  3.77894821e-01 
 6.80000001e-02  3.77894821e-01 
 6.80000002e-02  3.77894821e-01 
 6.80000004e-02  3.77894821e-01 
 6.80000010e-02  3.77894821e-01 
 6.80000020e-02  3.77894821e-01 
 6.80000040e-02  3.77894821e-01 
 6.80000081e-02  3.77894821e-01 
 6.80000163e-02  3.77894821e-01 
 6.80000327e-02  3.77894821e-01 
 6.80000655e-02  3.77894821e-01 
 6.80001310e-02  3.77894821e-01 
 6.80002621e-02  3.77894821e-01 
 6.80005242e-02  3.77894821e-01 
 6.80010485e-02  3.77894821e-01 
 6.80020971e-02  3.77894821e-01 
 6.80041942e-02  3.77894821e-01 
 6.80083885e-02  3.77894821e-01 
 6.80167772e-02  3.77894821e-01 
 6.80335544e-02  3.77894821e-01 
 6.80511084e-02  3.77894821e-01 
 6.80726181e-02  3.77894821e-01 
 6.80986269e-02  3.77894821e-01 
 6.81386269e-02  3.77894821e-01 
 6.81786269e-02  3.77894821e-01 
 6.82186269e-02  3.77894821e-01 
 6.82586269e-02  3.77894821e-01 
 6.82986269e-02  3.77894821e-01 
 6.83386269e-02  3.77894821e-01 
 6.83786269e-02  3.77894821e-01 
 6.83999992e-02  3.77894821e-01 
 6.83999993e-02  3.77894821e-01 
 6.83999994e-02  3.77894821e-01 
 6.83999998e-02  3.77894821e-01 
 6.84000000e-02  3.77896449e-01 
 6.84000001e-02  3.77897318e-01 
 6.84000002e-02  3.77899055e-01 
 6.84000004e-02  3.77902528e-01 
 6.84000010e-02  3.77909476e-01 
 6.84000020e-02  3.77923371e-01 
 6.84000040e-02  3.77951157e-01 
 6.84000081e-02  3.78006719e-01 
 6.84000163e-02  3.78117801e-01 
 6.84000327e-02  3.78339794e-01 
 6.84000655e-02  3.78783098e-01 
 6.84001310e-02  3.79666989e-01 
 6.84002621e-02  3.81423953e-01 
 6.84005242e-02  3.84895053e-01 
 6.84010485e-02  3.91669392e-01 
 6.84020971e-02  4.04573256e-01 
 6.84041942e-02  4.28000018e-01 
 6.84083885e-02  4.66709254e-01 
 6.84167772e-02  5.20008305e-01 
 6.84335544e-02  5.71608823e-01 
 6.84511084e-02  5.88194252e-01 
 6.84726181e-02  5.93680766e-01 
 6.84986269e-02  5.94880475e-01 
 6.85386269e-02  5.95034008e-01 
 6.85786269e-02  5.95016948e-01 
 6.86186269e-02  5.95018844e-01 
 6.86586269e-02  5.95018633e-01 
 6.86986269e-02  5.95018657e-01 
 6.87386269e-02  5.95018654e-01 
 6.87786269e-02  5.95018654e-01 
 6.87999992e-02  5.95018654e-01 
 6.87999993e-02  5.95018654e-01 
 6.87999994e-02  5.95018654e-01 
 6.87999998e-02  5.95018654e-01 
 6.88000000e-02  5.95018654e-01 
 6.88000001e-02  5.95018654e-01 
 6.88000002e-02  5.95018654e-01 
 6.88000004e-02  5.95018654e-01 
 6.88000010e-02  5.95018654e-01 
 6.88000020e-02  5.95018654e-01 
 6.88000040e-02  5.95018654e-01 
 6.88000081e-02  5.95018654e-01 
 6.88000163e-02  5.95018654e-01 
 6.88000327e-02  5.95018654e-01 
 6.88000655e-02  5.95018654e-01 
 6.88001310e-02  5.95018654e-01 
 6.88002621e-02  5.95018654e-01 
 6.88005242e-02  5.95018654e-01 
 6.88010485e-02  5.95018654e-01 
 6.88020971e-02  5.95018654e-01 
 6.88041942e-02  5.95018654e-01 
 6.88083885e-02  5.95018654e-01 
 6.88167772e-02  5.95018654e-01 
 6.88297195e-02  5.95018654e-01 
 6.88433530e-02  5.95018654e-01 
 6.88594360e-02  5.95018654e-01 
 6.88808031e-02  5.95018654e-01 
 6.89122909e-02  5.95018654e-01 
 6.89522909e-02  5.95018654e-01 
 6.89922909e-02  5.95018654e-01 
 6.90322909e-02  5.95018654e-01 
 6.90722909e-02  5.95018654e-01 
 6.91122909e-02  5.95018654e-01 
 6.91522909e-02  5.95018654e-01 
 6.91922909e-02  5.95018654e-01 
 6.91999992e-02  5.95018654e-01 
 6.91999993e-02  5.95018654e-01 
 6.91999994e-02  5.95018654e-01 
 6.91999998e-02  5.95018654e-01 
 6.92000000e-02  5.95020367e-01 
 6.92000001e-02  5.95021280e-01 
 6.92000002e-02  5.95023107e-01 
 6.92000004e-02  5.95026760e-01 
 6.92000010e-02  5.95034066e-01 
 6.92000020e-02  5.95048678e-01 
 6.92000040e-02  5.95077900e-01 
 6.92000081e-02  5.95136331e-01 
 6.92000163e-02  5.95253148e-01 
 6.92000327e-02  5.95486604e-01 
 6.92000655e-02  5.95952799e-01 
 6.92001310e-02  5.96882331e-01 
 6.92002621e-02  5.98730019e-01 
 6.92005242e-02  6.02380355e-01 
 6.92010485e-02  6.09504498e-01 
 6.92020971e-02  6.23074673e-01 
 6.92041942e-02  6.47711114e-01 
 6.92083885e-02  6.88419164e-01 
 6.92167772e-02  7.44470397e-01 
 6.92297195e-02  7.89903736e-01 
 6.92433530e-02  8.09890984e-01 
 6.92594360e-02  8.18897348e-01 
 6.92808031e-02  8.22466075e-01 
 6.93122909e-02  8.23346863e-01 
 6.93522909e-02  8.23354823e-01 
 6.93922909e-02  8.23353939e-01 
 6.94322909e-02  8.23354037e-01 
 6.94722909e-02  8.23354026e-01 
 6.95122909e-02  8.23354027e-01 
 6.95522909e-02  8.23354027e-01 
 6.95922909e-02  8.23354027e-01 
 6.95999992e-02  8.23354027e-01 
 6.95999993e-02  8.23354027e-01 
 6.95999994e-02  8.23354027e-01 
 6.95999998e-02  8.23354027e-01 
 6.96000000e-02  8.23354027e-01 
 6.96000001e-02  8.23354027e-01 
 6.96000002e-02  8.23354027e-01 
 6.96000004e-02  8.23354027e-01 
 6.96000010e-02  8.23354027e-01 
 6.96000020e-02  8.23354027e-01 
 6.96000040e-02  8.23354027e-01 
 6.96000081e-02  8.23354027e-01 
 6.96000163e-02  8.23354027e-01 
 6.96000327e-02  8.23354027e-01 
 6.96000655e-02  8.23354027e-01 
 6.96001310e-02  8.23354027e-01 
 6.96002621e-02  8.23354027e-01 
 6.96005242e-02  8.23354027e-01 
 6.96010485e-02  8.23354027e-01 
 6.96020971e-02  8.23354027e-01 
 6.96041942e-02  8.23354027e-01 
 6.96083885e-02  8.23354027e-01 
 6.96167772e-02  8.23354027e-01 
 6.96335544e-02  8.23354027e-01 
 6.96542572e-02  8.23354027e-01 
 6.96823470e-02  8.23354027e-01 
 6.97183914e-02  8.23354027e-01 
 6.97583914e-02  8.23354027e-01 
 6.97983914e-02  8.23354027e-01 
 6.98383914e-02  8.23354027e-01 
 6.98783914e-02  8.23354027e-01 
 6.99183914e-02  8.23354027e-01 
 6.99583914e-02  8.23354027e-01 
 6.99983914e-02  8.23354027e-01 
 6.99999992e-02  8.23354027e-01 
 6.99999993e-02  8.23354027e-01 
 6.99999994e-02  8.23354027e-01 
 6.99999998e-02  8.23354027e-01 
 7.00000000e-02  8.23355777e-01 
 7.00000001e-02  8.23356710e-01 
 7.00000002e-02  8.23358576e-01 
 7.00000004e-02  8.23362308e-01 
 7.00000010e-02  8.23369773e-01 
 7.00000020e-02  8.23384701e-01 
 7.00000040e-02  8.23414555e-01 
 7.00000081e-02  8.23474251e-01 
 7.00000163e-02  8.23593597e-01 
 7.00000327e-02  8.23832106e-01 
 7.00000655e-02  8.24308391e-01 
 7.00001310e-02  8.25258043e-01 
 7.00002621e-02  8.27145723e-01 
 7.00005242e-02  8.30875070e-01 
 7.00010485e-02  8.38153414e-01 
 7.00020971e-02  8.52017313e-01 
 7.00041942e-02  8.77187006e-01 
 7.00083885e-02  9.18776173e-01 
 7.00167772e-02  9.76040626e-01 
 7.00335544e-02  1.03148018e+00 
 7.00542572e-02  1.05124031e+00 
 7.00823470e-02  1.05628085e+00 
 7.01183914e-02  1.05665253e+00 
 7.01583914e-02  1.05662936e+00 
 7.01983914e-02  1.05663193e+00 
 7.02383914e-02  1.05663165e+00 
 7.02783914e-02  1.05663168e+00 
 7.03183914e-02  1.05663168e+00 
 7.03583914e-02  1.05663168e+00 
 7.03983914e-02  1.05663168e+00 
 7.03999992e-02  1.05663168e+00 
 7.03999993e-02  1.05663168e+00 
 7.03999994e-02  1.05663168e+00 
 7.03999998e-02  1.05663168e+00 
 7.04000000e-02  1.05663168e+00 
 7.04000001e-02  1.05663168e+00 
 7.04000002e-02  1.05663168e+00 
 7.04000004e-02  1.05663168e+00 
 7.04000010e-02  1.05663168e+00 
 7.04000020e-02  1.05663168e+00 
 7.04000040e-02  1.05663168e+00 
 7.04000081e-02  1.05663168e+00 
 7.04000163e-02  1.05663168e+00 
 7.04000327e-02  1.05663168e+00 
 7.04000655e-02  1.05663168e+00 
 7.04001310e-02  1.05663168e+00 
 7.04002621e-02  1.05663168e+00 
 7.04005242e-02  1.05663168e+00 
 7.04010485e-02  1.05663168e+00 
 7.04020971e-02  1.05663168e+00 
 7.04041942e-02  1.05663168e+00 
 7.04083885e-02  1.05663168e+00 
 7.04167772e-02  1.05663168e+00 
 7.04303223e-02  1.05663168e+00 
 7.04452634e-02  1.05663168e+00 
 7.04605354e-02  1.05663168e+00 
 7.04787018e-02  1.05663168e+00 
 7.05039496e-02  1.05663168e+00 
 7.05439496e-02  1.05663168e+00 
 7.05839496e-02  1.05663168e+00 
 7.06239496e-02  1.05663168e+00 
 7.06639496e-02  1.05663168e+00 
 7.07039496e-02  1.05663168e+00 
 7.07439496e-02  1.05663168e+00 
 7.07839496e-02  1.05663168e+00 
 7.07999992e-02  1.05663168e+00 
 7.07999993e-02  1.05663168e+00 
 7.07999994e-02  1.05663168e+00 
 7.07999998e-02  1.05663168e+00 
 7.08000000e-02  1.05663343e+00 
 7.08000001e-02  1.05663437e+00 
 7.08000002e-02  1.05663624e+00 
 7.08000004e-02  1.05663998e+00 
 7.08000010e-02  1.05664746e+00 
 7.08000020e-02  1.05666243e+00 
 7.08000040e-02  1.05669235e+00 
 7.08000081e-02  1.05675219e+00 
 7.08000163e-02  1.05687182e+00 
 7.08000327e-02  1.05711091e+00 
 7.08000655e-02  1.05758835e+00 
 7.08001310e-02  1.05854029e+00 
 7.08002621e-02  1.06043253e+00 
 7.08005242e-02  1.06417088e+00 
 7.08010485e-02  1.07146679e+00 
 7.08020971e-02  1.08536416e+00 
 7.08041942e-02  1.11059461e+00 
 7.08083885e-02  1.15228418e+00 
 7.08167772e-02  1.20968687e+00 
 7.08303223e-02  1.25773816e+00 
 7.08452634e-02  1.27857650e+00 
 7.08605354e-02  1.28626288e+00 
 7.08787018e-02  1.28931167e+00 
 7.09039496e-02  1.29033556e+00 
 7.09439496e-02  1.29048769e+00 
 7.09839496e-02  1.29047079e+00 
 7.10239496e-02  1.29047267e+00 
 7.10639496e-02  1.29047246e+00 
 7.11039496e-02  1.29047248e+00 
 7.11439496e-02  1.29047248e+00 
 7.11839496e-02  1.29047248e+00 
 7.11999992e-02  1.29047248e+00 
 7.11999993e-02  1.29047248e+00 
 7.11999994e-02  1.29047248e+00 
 7.11999998e-02  1.29047248e+00 
 7.12000000e-02  1.29047248e+00 
 7.12000001e-02  1.29047248e+00 
 7.12000002e-02  1.29047248e+00 
 7.12000004e-02  1.29047248e+00 
 7.12000010e-02  1.29047248e+00 
 7.12000020e-02  1.29047248e+00 
 7.12000040e-02  1.29047248e+00 
 7.12000081e-02  1.29047248e+00 
 7.12000163e-02  1.29047248e+00 
 7.12000327e-02  1.29047248e+00 
 7.12000655e-02  1.29047248e+00 
 7.12001310e-02  1.29047248e+00 
 7.12002621e-02  1.29047248e+00 
 7.12005242e-02  1.29047248e+00 
 7.12010485e-02  1.29047248e+00 
 7.12020971e-02  1.29047248e+00 
 7.12041942e-02  1.29047248e+00 
 7.12083885e-02  1.29047248e+00 
 7.12167772e-02  1.29047248e+00 
 7.12300689e-02  1.29047248e+00 
 7.12461966e-02  1.29047248e+00 
 7.12672657e-02  1.29047248e+00 
 7.12949123e-02  1.29047248e+00 
 7.13349123e-02  1.29047248e+00 
 7.13749123e-02  1.29047248e+00 
 7.14149123e-02  1.29047248e+00 
 7.14549123e-02  1.29047248e+00 
 7.14949123e-02  1.29047248e+00 
 7.15349123e-02  1.29047248e+00 
 7.15749123e-02  1.29047248e+00 
 7.15999992e-02  1.29047248e+00 
 7.15999993e-02  1.29047248e+00 
 7.15999994e-02  1.29047248e+00 
 7.15999998e-02  1.29047248e+00 
 7.16000000e-02  1.29047420e+00 
 7.16000001e-02  1.29047512e+00 
 7.16000002e-02  1.29047696e+00 
 7.16000004e-02  1.29048065e+00 
 7.16000010e-02  1.29048801e+00 
 7.16000020e-02  1.29050273e+00 
 7.16000040e-02  1.29053218e+00 
 7.16000081e-02  1.29059105e+00 
 7.16000163e-02  1.29070876e+00 
 7.16000327e-02  1.29094401e+00 
 7.16000655e-02  1.29141377e+00 
 7.16001310e-02  1.29235040e+00 
 7.16002621e-02  1.29421222e+00 
 7.16005242e-02  1.29789046e+00 
 7.16010485e-02  1.30506908e+00 
 7.16020971e-02  1.31874301e+00 
 7.16041942e-02  1.34356781e+00 
 7.16083885e-02  1.38458711e+00 
 7.16167772e-02  1.44106689e+00 
 7.16300689e-02  1.48772069e+00 
 7.16461966e-02  1.50972548e+00 
 7.16672657e-02  1.51832333e+00 
 7.16949123e-02  1.52039086e+00 
 7.17349123e-02  1.52057173e+00 
 7.17749123e-02  1.52055164e+00 
 7.18149123e-02  1.52055387e+00 
 7.18549123e-02  1.52055362e+00 
 7.18949123e-02  1.52055365e+00 
 7.19349123e-02  1.52055364e+00 
 7.19749123e-02  1.52055364e+00 
 7.19999992e-02  1.52055364e+00 
 7.19999993e-02  1.52055364e+00 
 7.19999994e-02  1.52055364e+00 
 7.19999998e-02  1.52055364e+00 
 7.20000000e-02  1.52055364e+00 
 7.20000001e-02  1.52055364e+00 
 7.20000002e-02  1.52055364e+00 
 7.20000004e-02  1.52055364e+00 
 7.20000010e-02  1.52055364e+00 
 7.20000020e-02  1.52055364e+00 
 7.20000040e-02  1.52055364e+00 
 7.20000081e-02  1.52055364e+00 
 7.20000163e-02  1.52055364e+00 
 7.20000327e-02  1.52055364e+00 
 7.20000655e-02  1.52055364e+00 
 7.20001310e-02  1.52055364e+00 
 7.20002621e-02  1.52055364e+00 
 7.20005242e-02  1.52055364e+00 
 7.20010485e-02  1.52055364e+00 
 7.20020971e-02  1.52055364e+00 
 7.20041942e-02  1.52055364e+00 
 7.20083885e-02  1.52055364e+00 
 7.20167772e-02  1.52055364e+00 
 7.20335544e-02  1.52055364e+00 
 7.20568850e-02  1.52055364e+00 
 7.20868313e-02  1.52055364e+00 
 7.21268313e-02  1.52055364e+00 
 7.21668313e-02  1.52055364e+00 
 7.22068313e-02  1.52055364e+00 
 7.22468313e-02  1.52055364e+00 
 7.22868313e-02  1.52055364e+00 
 7.23268313e-02  1.52055364e+00 
 7.23668313e-02  1.52055364e+00 
 7.23999992e-02  1.52055364e+00 
 7.23999993e-02  1.52055364e+00 
 7.23999994e-02  1.52055364e+00 
 7.23999998e-02  1.52055364e+00 
 7.24000000e-02  1.52055531e+00 
 7.24000001e-02  1.52055619e+00 
 7.24000002e-02  1.52055797e+00 
 7.24000004e-02  1.52056152e+00 
 7.24000010e-02  1.52056861e+00 
 7.24000020e-02  1.52058280e+00 
 7.24000040e-02  1.52061117e+00 
 7.24000081e-02  1.52066791e+00 
 7.24000163e-02  1.52078135e+00 
 7.24000327e-02  1.52100804e+00 
 7.24000655e-02  1.52146073e+00 
 7.24001310e-02  1.52236334e+00 
 7.24002621e-02  1.52415751e+00 
 7.24005242e-02  1.52770212e+00 
 7.24010485e-02  1.53461991e+00 
 7.24020971e-02  1.54779703e+00 
 7.24041942e-02  1.57171989e+00 
 7.24083885e-02  1.61124885e+00 
 7.24167772e-02  1.66567659e+00 
 7.24335544e-02  1.71836983e+00 
 7.24568850e-02  1.73852978e+00 
 7.24868313e-02  1.74215122e+00 
 7.25268313e-02  1.74228919e+00 
 7.25668313e-02  1.74227386e+00 
 7.26068313e-02  1.74227557e+00 
 7.26468313e-02  1.74227538e+00 
 7.26868313e-02  1.74227540e+00 
 7.27268313e-02  1.74227540e+00 
 7.27668313e-02  1.74227540e+00 
 7.27999992e-02  1.74227540e+00 
 7.27999993e-02  1.74227540e+00 
 7.27999994e-02  1.74227540e+00 
 7.27999998e-02  1.74227540e+00 
 7.28000000e-02  1.74227540e+00 
 7.28000001e-02  1.74227540e+00 
 7.28000002e-02  1.74227540e+00 
 7.28000004e-02  1.74227540e+00 
 7.28000010e-02  1.74227540e+00 
 7.28000020e-02  1.74227540e+00 
 7.28000040e-02  1.74227540e+00 
 7.28000081e-02  1.74227540e+00 
 7.28000163e-02  1.74227540e+00 
 7.28000327e-02  1.74227540e+00 
 7.28000655e-02  1.74227540e+00 
 7.28001310e-02  1.74227540e+00 
 7.28002621e-02  1.74227540e+00 
 7.28005242e-02  1.74227540e+00 
 7.28010485e-02  1.74227540e+00 
 7.28020971e-02  1.74227540e+00 
 7.28041942e-02  1.74227540e+00 
 7.28083885e-02  1.74227540e+00 
 7.28167772e-02  1.74227540e+00 
 7.28335544e-02  1.74227540e+00 
 7.28632643e-02  1.74227540e+00 
 7.28976387e-02  1.74227540e+00 
 7.29376387e-02  1.74227540e+00 
 7.29776387e-02  1.74227540e+00 
 7.30176387e-02  1.74227540e+00 
 7.30576387e-02  1.74227540e+00 
 7.30976387e-02  1.74227540e+00 
 7.31376387e-02  1.74227540e+00 
 7.31776387e-02  1.74227540e+00 
 7.31999992e-02  1.74227540e+00 
 7.31999993e-02  1.74227540e+00 
 7.31999994e-02  1.74227540e+00 
 7.31999998e-02  1.74227540e+00 
 7.32000000e-02  1.74227696e+00 
 7.32000001e-02  1.74227780e+00 
 7.32000002e-02  1.74227947e+00 
 7.32000004e-02  1.74228281e+00 
 7.32000010e-02  1.74228950e+00 
 7.32000020e-02  1.74230286e+00 
 7.32000040e-02  1.74232960e+00 
 7.32000081e-02  1.74238306e+00 
 7.32000163e-02  1.74248993e+00 
 7.32000327e-02  1.74270352e+00 
 7.32000655e-02  1.74313004e+00 
 7.32001310e-02  1.74398046e+00 
 7.32002621e-02  1.74567090e+00 
 7.32005242e-02  1.74901057e+00 
 7.32010485e-02  1.75552840e+00 
 7.32020971e-02  1.76794367e+00 
 7.32041942e-02  1.79048340e+00 
 7.32083885e-02  1.82772693e+00 
 7.32167772e-02  1.87900785e+00 
 7.32335544e-02  1.92865455e+00 
 7.32632643e-02  1.95034212e+00 
 7.32976387e-02  1.95120789e+00 
 7.33376387e-02  1.95117467e+00 
 7.33776387e-02  1.95117836e+00 
 7.34176387e-02  1.95117795e+00 
 7.34576387e-02  1.95117799e+00 
 7.34976387e-02  1.95117799e+00 
 7.35376387e-02  1.95117799e+00 
 7.35776387e-02  1.95117799e+00 
 7.35999992e-02  1.95117799e+00 
 7.35999993e-02  1.95117799e+00 
 7.35999994e-02  1.95117799e+00 
 7.35999998e-02  1.95117799e+00 
 7.36000000e-02  1.95117799e+00 
 7.36000001e-02  1.95117799e+00 
 7.36000002e-02  1.95117799e+00 
 7.36000004e-02  1.95117799e+00 
 7.36000010e-02  1.95117799e+00 
 7.36000020e-02  1.95117799e+00 
 7.36000040e-02  1.95117799e+00 
 7.36000081e-02  1.95117799e+00 
 7.36000163e-02  1.95117799e+00 
 7.36000327e-02  1.95117799e+00 
 7.36000655e-02  1.95117799e+00 
 7.36001310e-02  1.95117799e+00 
 7.36002621e-02  1.95117799e+00 
 7.36005242e-02  1.95117799e+00 
 7.36010485e-02  1.95117799e+00 
 7.36020971e-02  1.95117799e+00 
 7.36041942e-02  1.95117799e+00 
 7.36083885e-02  1.95117799e+00 
 7.36167772e-02  1.95117799e+00 
 7.36335544e-02  1.95117799e+00 
 7.36671088e-02  1.95117799e+00 
 7.37061313e-02  1.95117799e+00 
 7.37461313e-02  1.95117799e+00 
 7.37861313e-02  1.95117799e+00 
 7.38261313e-02  1.95117799e+00 
 7.38661313e-02  1.95117799e+00 
 7.39061313e-02  1.95117799e+00 
 7.39461313e-02  1.95117799e+00 
 7.39861313e-02  1.95117799e+00 
 7.39999992e-02  1.95117799e+00 
 7.39999993e-02  1.95117799e+00 
 7.39999994e-02  1.95117799e+00 
 7.39999998e-02  1.95117799e+00 
 7.40000000e-02  1.95117943e+00 
 7.40000001e-02  1.95118020e+00 
 7.40000002e-02  1.95118174e+00 
 7.40000004e-02  1.95118482e+00 
 7.40000010e-02  1.95119097e+00 
 7.40000020e-02  1.95120328e+00 
 7.40000040e-02  1.95122790e+00 
 7.40000081e-02  1.95127713e+00 
 7.40000163e-02  1.95137555e+00 
 7.40000327e-02  1.95157224e+00 
 7.40000655e-02  1.95196502e+00 
 7.40001310e-02  1.95274817e+00 
 7.40002621e-02  1.95430487e+00 
 7.40005242e-02  1.95738034e+00 
 7.40010485e-02  1.96338255e+00 
 7.40020971e-02  1.97481565e+00 
 7.40041942e-02  1.99557226e+00 
 7.40083885e-02  2.02986946e+00 
 7.40167772e-02  2.07709355e+00 
 7.40335544e-02  2.12281270e+00 
 7.40671088e-02  2.14404613e+00 
 7.41061313e-02  2.14350568e+00 
 7.41461313e-02  2.14355971e+00 
 7.41861313e-02  2.14355371e+00 
 7.42261313e-02  2.14355437e+00 
 7.42661313e-02  2.14355430e+00 
 7.43061313e-02  2.14355431e+00 
 7.43461313e-02  2.14355431e+00 
 7.43861313e-02  2.14355431e+00 
 7.43999992e-02  2.14355431e+00 
 7.43999993e-02  2.14355431e+00 
 7.43999994e-02  2.14355431e+00 
 7.43999998e-02  2.14355431e+00 
 7.44000000e-02  2.14355431e+00 
 7.44000001e-02  2.14355431e+00 
 7.44000002e-02  2.14355431e+00 
 7.44000004e-02  2.14355431e+00 
 7.44000010e-02  2.14355431e+00 
 7.44000020e-02  2.14355431e+00 
 7.44000040e-02  2.14355431e+00 
 7.44000081e-02  2.14355431e+00 
 7.44000163e-02  2.14355431e+00 
 7.44000327e-02  2.14355431e+00 
 7.44000655e-02  2.14355431e+00 
 7.44001310e-02  2.14355431e+00 
 7.44002621e-02  2.14355431e+00 
 7.44005242e-02  2.14355431e+00 
 7.44010485e-02  2.14355431e+00 
 7.44020971e-02  2.14355431e+00 
 7.44041942e-02  2.14355431e+00 
 7.44083885e-02  2.14355431e+00 
 7.44167772e-02  2.14355431e+00 
 7.44335544e-02  2.14355431e+00 
 7.44671088e-02  2.14355431e+00 
 7.45071088e-02  2.14355431e+00 
 7.45471088e-02  2.14355431e+00 
 7.45871088e-02  2.14355431e+00 
 7.46271088e-02  2.14355431e+00 
 7.46671088e-02  2.14355431e+00 
 7.47071088e-02  2.14355431e+00 
 7.47471088e-02  2.14355431e+00 
 7.47871088e-02  2.14355431e+00 
 7.47999992e-02  2.14355431e+00 
 7.47999993e-02  2.14355431e+00 
 7.47999994e-02  2.14355431e+00 
 7.47999998e-02  2.14355431e+00 
 7.48000000e-02  2.14355561e+00 
 7.48000001e-02  2.14355630e+00 
 7.48000002e-02  2.14355769e+00 
 7.48000004e-02  2.14356046e+00 
 7.48000010e-02  2.14356601e+00 
 7.48000020e-02  2.14357710e+00 
 7.48000040e-02  2.14359929e+00 
 7.48000081e-02  2.14364365e+00 
 7.48000163e-02  2.14373234e+00 
 7.48000327e-02  2.14390958e+00 
 7.48000655e-02  2.14426353e+00 
 7.48001310e-02  2.14496925e+00 
 7.48002621e-02  2.14637206e+00 
 7.48005242e-02  2.14914348e+00 
 7.48010485e-02  2.15455230e+00 
 7.48020971e-02  2.16485510e+00 
 7.48041942e-02  2.18355968e+00 
 7.48083885e-02  2.21446620e+00 
 7.48167772e-02  2.25702163e+00 
 7.48335544e-02  2.29822091e+00 
 7.48671088e-02  2.31735517e+00 
 7.49071088e-02  2.31686272e+00 
 7.49471088e-02  2.31691744e+00 
 7.49871088e-02  2.31691136e+00 
 7.50271088e-02  2.31691203e+00 
 7.50671088e-02  2.31691196e+00 
 7.51071088e-02  2.31691196e+00 
 7.51471088e-02  2.31691196e+00 
 7.51871088e-02  2.31691196e+00 
 7.51999992e-02  2.31691196e+00 
 7.51999993e-02  2.31691196e+00 
 7.51999994e-02  2.31691196e+00 
 7.51999998e-02  2.31691196e+00 
 7.52000000e-02  2.31691196e+00 
 7.52000001e-02  2.31691196e+00 
 7.52000002e-02  2.31691196e+00 
 7.52000004e-02  2.31691196e+00 
 7.52000010e-02  2.31691196e+00 
 7.52000020e-02  2.31691196e+00 
 7.52000040e-02  2.31691196e+00 
 7.52000081e-02  2.31691196e+00 
 7.52000163e-02  2.31691196e+00 
 7.52000327e-02  2.31691196e+00 
 7.52000655e-02  2.31691196e+00 
 7.52001310e-02  2.31691196e+00 
 7.52002621e-02  2.31691196e+00 
 7.52005242e-02  2.31691196e+00 
 7.52010485e-02  2.31691196e+00 
 7.52020971e-02  2.31691196e+00 
 7.52041942e-02  2.31691196e+00 
 7.52083885e-02  2.31691196e+00 
 7.52167772e-02  2.31691196e+00 
 7.52335544e-02  2.31691196e+00 
 7.52671088e-02  2.31691196e+00 
 7.53071088e-02  2.31691196e+00 
 7.53471088e-02  2.31691196e+00 
 7.53871088e-02  2.31691196e+00 
 7.54271088e-02  2.31691196e+00 
 7.54671088e-02  2.31691196e+00 
 7.55071088e-02  2.31691196e+00 
 7.55471088e-02  2.31691196e+00 
 7.55871088e-02  2.31691196e+00 
 7.55999992e-02  2.31691196e+00 
 7.55999993e-02  2.31691196e+00 
 7.55999994e-02  2.31691196e+00 
 7.55999998e-02  2.31691196e+00 
 7.56000000e-02  2.31691311e+00 
 7.56000001e-02  2.31691373e+00 
 7.56000002e-02  2.31691495e+00 
 7.56000004e-02  2.31691740e+00 
 7.56000010e-02  2.31692231e+00 
 7.56000020e-02  2.31693211e+00 
 7.56000040e-02  2.31695172e+00 
 7.56000081e-02  2.31699093e+00 
 7.56000163e-02  2.31706931e+00 
 7.56000327e-02  2.31722597e+00 
 7.56000655e-02  2.31753879e+00 
 7.56001310e-02  2.31816252e+00 
 7.56002621e-02  2.31940235e+00 
 7.56005242e-02  2.32185178e+00 
 7.56010485e-02  2.32663219e+00 
 7.56020971e-02  2.33573799e+00 
 7.56041942e-02  2.35226943e+00 
 7.56083885e-02  2.37958517e+00 
 7.56167772e-02  2.41719643e+00 
 7.56335544e-02  2.45360910e+00 
 7.56671088e-02  2.47052030e+00 
 7.57071088e-02  2.47008506e+00 
 7.57471088e-02  2.47013342e+00 
 7.57871088e-02  2.47012805e+00 
 7.58271088e-02  2.47012865e+00 
 7.58671088e-02  2.47012858e+00 
 7.59071088e-02  2.47012859e+00 
 7.59471088e-02  2.47012859e+00 
 7.59871088e-02  2.47012859e+00 
 7.59999992e-02  2.47012859e+00 
 7.59999993e-02  2.47012859e+00 
 7.59999994e-02  2.47012859e+00 
 7.59999998e-02  2.47012859e+00 
 7.60000000e-02  2.47012859e+00 
 7.60000001e-02  2.47012859e+00 
 7.60000002e-02  2.47012859e+00 
 7.60000004e-02  2.47012859e+00 
 7.60000010e-02  2.47012859e+00 
 7.60000020e-02  2.47012859e+00 
 7.60000040e-02  2.47012859e+00 
 7.60000081e-02  2.47012859e+00 
 7.60000163e-02  2.47012859e+00 
 7.60000327e-02  2.47012859e+00 
 7.60000655e-02  2.47012859e+00 
 7.60001310e-02  2.47012859e+00 
 7.60002621e-02  2.47012859e+00 
 7.60005242e-02  2.47012859e+00 
 7.60010485e-02  2.47012859e+00 
 7.60020971e-02  2.47012859e+00 
 7.60041942e-02  2.47012859e+00 
 7.60083885e-02  2.47012859e+00 
 7.60167772e-02  2.47012859e+00 
 7.60335544e-02  2.47012859e+00 
 7.60671088e-02  2.47012859e+00 
 7.61071088e-02  2.47012859e+00 
 7.61471088e-02  2.47012859e+00 
 7.61871088e-02  2.47012859e+00 
 7.62271088e-02  2.47012859e+00 
 7.62671088e-02  2.47012859e+00 
 7.63071088e-02  2.47012859e+00 
 7.63471088e-02  2.47012859e+00 
 7.63871088e-02  2.47012859e+00 
 7.63999992e-02  2.47012859e+00 
 7.63999993e-02  2.47012859e+00 
 7.63999994e-02  2.47012859e+00 
 7.63999998e-02  2.47012859e+00 
 7.64000000e-02  2.47012959e+00 
 7.64000001e-02  2.47013012e+00 
 7.64000002e-02  2.47013118e+00 
 7.64000004e-02  2.47013332e+00 
 7.64000010e-02  2.47013758e+00 
 7.64000020e-02  2.47014610e+00 
 7.64000040e-02  2.47016315e+00 
 7.64000081e-02  2.47019723e+00 
 7.64000163e-02  2.47026537e+00 
 7.64000327e-02  2.47040154e+00 
 7.64000655e-02  2.47067347e+00 
 7.64001310e-02  2.47121567e+00 
 7.64002621e-02  2.47229343e+00 
 7.64005242e-02  2.47442267e+00 
 7.64010485e-02  2.47857819e+00 
 7.64020971e-02  2.48649367e+00 
 7.64041942e-02  2.50086412e+00 
 7.64083885e-02  2.52460914e+00 
 7.64167772e-02  2.55730385e+00 
 7.64335544e-02  2.58895664e+00 
 7.64671088e-02  2.60365721e+00 
 7.65071088e-02  2.60327887e+00 
 7.65471088e-02  2.60332090e+00 
 7.65871088e-02  2.60331623e+00 
 7.66271088e-02  2.60331675e+00 
 7.66671088e-02  2.60331669e+00 
 7.67071088e-02  2.60331670e+00 
 7.67471088e-02  2.60331670e+00 
 7.67871088e-02  2.60331670e+00 
 7.67999992e-02  2.60331670e+00 
 7.67999993e-02  2.60331670e+00 
 7.67999994e-02  2.60331670e+00 
 7.67999998e-02  2.60331670e+00 
 7.68000000e-02  2.60331670e+00 
 7.68000001e-02  2.60331670e+00 
 7.68000002e-02  2.60331670e+00 
 7.68000004e-02  2.60331670e+00 
 7.68000010e-02  2.60331670e+00 
 7.68000020e-02  2.60331670e+00 
 7.68000040e-02  2.60331670e+00 
 7.68000081e-02  2.60331670e+00 
 7.68000163e-02  2.60331670e+00 
 7.68000327e-02  2.60331670e+00 
 7.68000655e-02  2.60331670e+00 
 7.68001310e-02  2.60331670e+00 
 7.68002621e-02  2.60331670e+00 
 7.68005242e-02  2.60331670e+00 
 7.68010485e-02  2.60331670e+00 
 7.68020971e-02  2.60331670e+00 
 7.68041942e-02  2.60331670e+00 
 7.68083885e-02  2.60331670e+00 
 7.68167772e-02  2.60331670e+00 
 7.68335544e-02  2.60331670e+00 
 7.68671088e-02  2.60331670e+00 
 7.69071088e-02  2.60331670e+00 
 7.69471088e-02  2.60331670e+00 
 7.69871088e-02  2.60331670e+00 
 7.70271088e-02  2.60331670e+00 
 7.70671088e-02  2.60331670e+00 
 7.71071088e-02  2.60331670e+00 
 7.71471088e-02  2.60331670e+00 
 7.71871088e-02  2.60331670e+00 
 7.71999992e-02  2.60331670e+00 
 7.71999993e-02  2.60331670e+00 
 7.71999994e-02  2.60331670e+00 
 7.71999998e-02  2.60331670e+00 
 7.72000000e-02  2.60331756e+00 
 7.72000001e-02  2.60331801e+00 
 7.72000002e-02  2.60331893e+00 
 7.72000004e-02  2.60332075e+00 
 7.72000010e-02  2.60332441e+00 
 7.72000020e-02  2.60333172e+00 
 7.72000040e-02  2.60334633e+00 
 7.72000081e-02  2.60337556e+00 
 7.72000163e-02  2.60343398e+00 
 7.72000327e-02  2.60355074e+00 
 7.72000655e-02  2.60378391e+00 
 7.72001310e-02  2.60424881e+00 
 7.72002621e-02  2.60517292e+00 
 7.72005242e-02  2.60699862e+00 
 7.72010485e-02  2.61056173e+00 
 7.72020971e-02  2.61734880e+00 
 7.72041942e-02  2.62967060e+00 
 7.72083885e-02  2.65003056e+00 
 7.72167772e-02  2.67806433e+00 
 7.72335544e-02  2.70520473e+00 
 7.72671088e-02  2.71780960e+00 
 7.73071088e-02  2.71748520e+00 
 7.73471088e-02  2.71752124e+00 
 7.73871088e-02  2.71751724e+00 
 7.74271088e-02  2.71751768e+00 
 7.74671088e-02  2.71751763e+00 
 7.75071088e-02  2.71751764e+00 
 7.75471088e-02  2.71751764e+00 
 7.75871088e-02  2.71751764e+00 
 7.75999992e-02  2.71751764e+00 
 7.75999993e-02  2.71751764e+00 
 7.75999994e-02  2.71751764e+00 
 7.75999998e-02  2.71751764e+00 
 7.76000000e-02  2.71751764e+00 
 7.76000001e-02  2.71751764e+00 
 7.76000002e-02  2.71751764e+00 
 7.76000004e-02  2.71751764e+00 
 7.76000010e-02  2.71751764e+00 
 7.76000020e-02  2.71751764e+00 
 7.76000040e-02  2.71751764e+00 
 7.76000081e-02  2.71751764e+00 
 7.76000163e-02  2.71751764e+00 
 7.76000327e-02  2.71751764e+00 
 7.76000655e-02  2.71751764e+00 
 7.76001310e-02  2.71751764e+00 
 7.76002621e-02  2.71751764e+00 
 7.76005242e-02  2.71751764e+00 
 7.76010485e-02  2.71751764e+00 
 7.76020971e-02  2.71751764e+00 
 7.76041942e-02  2.71751764e+00 
 7.76083885e-02  2.71751764e+00 
 7.76167772e-02  2.71751764e+00 
 7.76335544e-02  2.71751764e+00 
 7.76671088e-02  2.71751764e+00 
 7.77071088e-02  2.71751764e+00 
 7.77471088e-02  2.71751764e+00 
 7.77871088e-02  2.71751764e+00 
 7.78271088e-02  2.71751764e+00 
 7.78671088e-02  2.71751764e+00 
 7.79071088e-02  2.71751764e+00 
 7.79471088e-02  2.71751764e+00 
 7.79871088e-02  2.71751764e+00 
 7.79999992e-02  2.71751764e+00 
 7.79999993e-02  2.71751764e+00 
 7.79999994e-02  2.71751764e+00 
 7.79999998e-02  2.71751764e+00 
 7.80000000e-02  2.71751836e+00 
 7.80000001e-02  2.71751875e+00 
 7.80000002e-02  2.71751952e+00 
 7.80000004e-02  2.71752107e+00 
 7.80000010e-02  2.71752417e+00 
 7.80000020e-02  2.71753037e+00 
 7.80000040e-02  2.71754276e+00 
 7.80000081e-02  2.71756754e+00 
 7.80000163e-02  2.71761709e+00 
 7.80000327e-02  2.71771610e+00 
 7.80000655e-02  2.71791381e+00 
 7.80001310e-02  2.71830803e+00 
 7.80002621e-02  2.71909164e+00 
 7.80005242e-02  2.72063977e+00 
 7.80010485e-02  2.72366115e+00 
 7.80020971e-02  2.72941633e+00 
 7.80041942e-02  2.73986476e+00 
 7.80083885e-02  2.75712923e+00 
 7.80167772e-02  2.78090083e+00 
 7.80335544e-02  2.80391487e+00 
 7.80671088e-02  2.81460332e+00 
 7.81071088e-02  2.81432824e+00 
 7.81471088e-02  2.81435880e+00 
 7.81871088e-02  2.81435541e+00 
 7.82271088e-02  2.81435578e+00 
 7.82671088e-02  2.81435574e+00 
 7.83071088e-02  2.81435575e+00 
 7.83471088e-02  2.81435574e+00 
 7.83871088e-02  2.81435574e+00 
 7.83999992e-02  2.81435574e+00 
 7.83999993e-02  2.81435574e+00 
 7.83999994e-02  2.81435574e+00 
 7.83999998e-02  2.81435574e+00 
 7.84000000e-02  2.81435574e+00 
 7.84000001e-02  2.81435574e+00 
 7.84000002e-02  2.81435574e+00 
 7.84000004e-02  2.81435574e+00 
 7.84000010e-02  2.81435574e+00 
 7.84000020e-02  2.81435574e+00 
 7.84000040e-02  2.81435574e+00 
 7.84000081e-02  2.81435574e+00 
 7.84000163e-02  2.81435574e+00 
 7.84000327e-02  2.81435574e+00 
 7.84000655e-02  2.81435574e+00 
 7.84001310e-02  2.81435574e+00 
 7.84002621e-02  2.81435574e+00 
 7.84005242e-02  2.81435574e+00 
 7.84010485e-02  2.81435574e+00 
 7.84020971e-02  2.81435574e+00 
 7.84041942e-02  2.81435574e+00 
 7.84083885e-02  2.81435574e+00 
 7.84167772e-02  2.81435574e+00 
 7.84335544e-02  2.81435574e+00 
 7.84671088e-02  2.81435574e+00 
 7.85071088e-02  2.81435574e+00 
 7.85471088e-02  2.81435574e+00 
 7.85871088e-02  2.81435574e+00 
 7.86271088e-02  2.81435574e+00 
 7.86671088e-02  2.81435574e+00 
 7.87071088e-02  2.81435574e+00 
 7.87471088e-02  2.81435574e+00 
 7.87871088e-02  2.81435574e+00 
 7.87999992e-02  2.81435574e+00 
 7.87999993e-02  2.81435574e+00 
 7.87999994e-02  2.81435574e+00 
 7.87999998e-02  2.81435574e+00 
 7.88000000e-02  2.81435636e+00 
 7.88000001e-02  2.81435668e+00 
 7.88000002e-02  2.81435733e+00 
 7.88000004e-02  2.81435863e+00 
 7.88000010e-02  2.81436124e+00 
 7.88000020e-02  2.81436645e+00 
 7.88000040e-02  2.81437686e+00 
 7.88000081e-02  2.81439769e+00 
 7.88000163e-02  2.81443932e+00 
 7.88000327e-02  2.81452253e+00 
 7.88000655e-02  2.81468869e+00 
 7.88001310e-02  2.81502000e+00 
 7.88002621e-02  2.81567856e+00 
 7.88005242e-02  2.81697962e+00 
 7.88010485e-02  2.81951882e+00 
 7.88020971e-02  2.82435553e+00 
 7.88041942e-02  2.83313650e+00 
 7.88083885e-02  2.84764575e+00 
 7.88167772e-02  2.86762364e+00 
 7.88335544e-02  2.88696488e+00 
 7.88671088e-02  2.89594757e+00 
 7.89071088e-02  2.89571639e+00 
 7.89471088e-02  2.89574207e+00 
 7.89871088e-02  2.89573922e+00 
 7.90271088e-02  2.89573954e+00 
 7.90671088e-02  2.89573950e+00 
 7.91071088e-02  2.89573951e+00 
 7.91471088e-02  2.89573951e+00 
 7.91871088e-02  2.89573951e+00 
 7.91999992e-02  2.89573951e+00 
 7.91999993e-02  2.89573951e+00 
 7.91999994e-02  2.89573951e+00 
 7.91999998e-02  2.89573951e+00 
 7.92000000e-02  2.89573951e+00 
 7.92000001e-02  2.89573951e+00 
 7.92000002e-02  2.89573951e+00 
 7.92000004e-02  2.89573951e+00 
 7.92000010e-02  2.89573951e+00 
 7.92000020e-02  2.89573951e+00 
 7.92000040e-02  2.89573951e+00 
 7.92000081e-02  2.89573951e+00 
 7.92000163e-02  2.89573951e+00 
 7.92000327e-02  2.89573951e+00 
 7.92000655e-02  2.89573951e+00 
 7.92001310e-02  2.89573951e+00 
 7.92002621e-02  2.89573951e+00 
 7.92005242e-02  2.89573951e+00 
 7.92010485e-02  2.89573951e+00 
 7.92020971e-02  2.89573951e+00 
 7.92041942e-02  2.89573951e+00 
 7.92083885e-02  2.89573951e+00 
 7.92167772e-02  2.89573951e+00 
 7.92335544e-02  2.89573951e+00 
 7.92671088e-02  2.89573951e+00 
 7.93071088e-02  2.89573951e+00 
 7.93471088e-02  2.89573951e+00 
 7.93871088e-02  2.89573951e+00 
 7.94271088e-02  2.89573951e+00 
 7.94671088e-02  2.89573951e+00 
 7.95071088e-02  2.89573951e+00 
 7.95471088e-02  2.89573951e+00 
 7.95871088e-02  2.89573951e+00 
 7.95999992e-02  2.89573951e+00 
 7.95999993e-02  2.89573951e+00 
 7.95999994e-02  2.89573951e+00 
 7.95999998e-02  2.89573951e+00 
 7.96000000e-02  2.89574001e+00 
 7.96000001e-02  2.89574029e+00 
 7.96000002e-02  2.89574083e+00 
 7.96000004e-02  2.89574192e+00 
 7.96000010e-02  2.89574409e+00 
 7.96000020e-02  2.89574843e+00 
 7.96000040e-02  2.89575712e+00 
 7.96000081e-02  2.89577450e+00 
 7.96000163e-02  2.89580924e+00 
 7.96000327e-02  2.89587867e+00 
 7.96000655e-02  2.89601731e+00 
 7.96001310e-02  2.89629374e+00 
 7.96002621e-02  2.89684321e+00 
 7.96005242e-02  2.89792877e+00 
 7.96010485e-02  2.90004738e+00 
 7.96020971e-02  2.90408295e+00 
 7.96041942e-02  2.91140946e+00 
 7.96083885e-02  2.92351542e+00 
 7.96167772e-02  2.94018422e+00 
 7.96335544e-02  2.95632182e+00 
 7.96671088e-02  2.96381664e+00 
 7.97071088e-02  2.96362375e+00 
 7.97471088e-02  2.96364518e+00 
 7.97871088e-02  2.96364280e+00 
 7.98271088e-02  2.96364306e+00 
 7.98671088e-02  2.96364304e+00 
 7.99071088e-02  2.96364304e+00 
 7.99471088e-02  2.96364304e+00 
 7.99871088e-02  2.96364304e+00 
 7.99999992e-02  2.96364304e+00 
 7.99999993e-02  2.96364304e+00 
 7.99999994e-02  2.96364304e+00 
 7.99999998e-02  2.96364304e+00 
 8.00000000e-02  2.96364304e+00 
 8.00000001e-02  2.96364304e+00 
 8.00000002e-02  2.96364304e+00 
 8.00000004e-02  2.96364304e+00 
 8.00000010e-02  2.96364304e+00 
 8.00000020e-02  2.96364304e+00 
 8.00000040e-02  2.96364304e+00 
 8.00000081e-02  2.96364304e+00 
 8.00000163e-02  2.96364304e+00 
 8.00000327e-02  2.96364304e+00 
 8.00000655e-02  2.96364304e+00 
 8.00001310e-02  2.96364304e+00 
 8.00002621e-02  2.96364304e+00 
 8.00005242e-02  2.96364304e+00 
 8.00010485e-02  2.96364304e+00 
 8.00020971e-02  2.96364304e+00 
 8.00041942e-02  2.96364304e+00 
 8.00083885e-02  2.96364304e+00 
 8.00167772e-02  2.96364304e+00 
 8.00335544e-02  2.96364304e+00 
 8.00671088e-02  2.96364304e+00 
 8.01071088e-02  2.96364304e+00 
 8.01471088e-02  2.96364304e+00 
 8.01871088e-02  2.96364304e+00 
 8.02271088e-02  2.96364304e+00 
 8.02671088e-02  2.96364304e+00 
 8.03071088e-02  2.96364304e+00 
 8.03471088e-02  2.96364304e+00 
 8.03871088e-02  2.96364304e+00 
 8.03999992e-02  2.96364304e+00 
 8.03999993e-02  2.96364304e+00 
 8.03999994e-02  2.96364304e+00 
 8.03999998e-02  2.96364304e+00 
 8.04000000e-02  2.96364346e+00 
 8.04000001e-02  2.96364369e+00 
 8.04000002e-02  2.96364414e+00 
 8.04000004e-02  2.96364504e+00 
 8.04000010e-02  2.96364684e+00 
 8.04000020e-02  2.96365044e+00 
 8.04000040e-02  2.96365765e+00 
 8.04000081e-02  2.96367207e+00 
 8.04000163e-02  2.96370088e+00 
 8.04000327e-02  2.96375847e+00 
 8.04000655e-02  2.96387346e+00 
 8.04001310e-02  2.96410275e+00 
 8.04002621e-02  2.96455851e+00 
 8.04005242e-02  2.96545894e+00 
 8.04010485e-02  2.96721624e+00 
 8.04020971e-02  2.97056357e+00 
 8.04041942e-02  2.97664059e+00 
 8.04083885e-02  2.98668197e+00 
 8.04167772e-02  3.00050803e+00 
 8.04335544e-02  3.01389347e+00 
 8.04671088e-02  3.02011010e+00 
 8.05071088e-02  3.01995011e+00 
 8.05471088e-02  3.01996789e+00 
 8.05871088e-02  3.01996591e+00 
 8.06271088e-02  3.01996613e+00 
 8.06671088e-02  3.01996611e+00 
 8.07071088e-02  3.01996611e+00 
 8.07471088e-02  3.01996611e+00 
 8.07871088e-02  3.01996611e+00 
 8.07999992e-02  3.01996611e+00 
 8.07999993e-02  3.01996611e+00 
 8.07999994e-02  3.01996611e+00 
 8.07999998e-02  3.01996611e+00 
 8.08000000e-02  3.01996611e+00 
 8.08000001e-02  3.01996611e+00 
 8.08000002e-02  3.01996611e+00 
 8.08000004e-02  3.01996611e+00 
 8.08000010e-02  3.01996611e+00 
 8.08000020e-02  3.01996611e+00 
 8.08000040e-02  3.01996611e+00 
 8.08000081e-02  3.01996611e+00 
 8.08000163e-02  3.01996611e+00 
 8.08000327e-02  3.01996611e+00 
 8.08000655e-02  3.01996611e+00 
 8.08001310e-02  3.01996611e+00 
 8.08002621e-02  3.01996611e+00 
 8.08005242e-02  3.01996611e+00 
 8.08010485e-02  3.01996611e+00 
 8.08020971e-02  3.01996611e+00 
 8.08041942e-02  3.01996611e+00 
 8.08083885e-02  3.01996611e+00 
 8.08167772e-02  3.01996611e+00 
 8.08335544e-02  3.01996611e+00 
 8.08671088e-02  3.01996611e+00 
 8.09071088e-02  3.01996611e+00 
 8.09471088e-02  3.01996611e+00 
 8.09871088e-02  3.01996611e+00 
 8.10271088e-02  3.01996611e+00 
 8.10671088e-02  3.01996611e+00 
 8.11071088e-02  3.01996611e+00 
 8.11471088e-02  3.01996611e+00 
 8.11871088e-02  3.01996611e+00 
 8.11999992e-02  3.01996611e+00 
 8.11999993e-02  3.01996611e+00 
 8.11999994e-02  3.01996611e+00 
 8.11999998e-02  3.01996611e+00 
 8.12000000e-02  3.01996646e+00 
 8.12000001e-02  3.01996664e+00 
 8.12000002e-02  3.01996701e+00 
 8.12000004e-02  3.01996776e+00 
 8.12000010e-02  3.01996925e+00 
 8.12000020e-02  3.01997222e+00 
 8.12000040e-02  3.01997817e+00 
 8.12000081e-02  3.01999007e+00 
 8.12000163e-02  3.02001385e+00 
 8.12000327e-02  3.02006138e+00 
 8.12000655e-02  3.02015630e+00 
 8.12001310e-02  3.02034556e+00 
 8.12002621e-02  3.02072175e+00 
 8.12005242e-02  3.02146497e+00 
 8.12010485e-02  3.02291546e+00 
 8.12020971e-02  3.02567838e+00 
 8.12041942e-02  3.03069441e+00 
 8.12083885e-02  3.03898267e+00 
 8.12167772e-02  3.05039483e+00 
 8.12335544e-02  3.06144331e+00 
 8.12671088e-02  3.06657457e+00 
 8.13071088e-02  3.06644251e+00 
 8.13471088e-02  3.06645718e+00 
 8.13871088e-02  3.06645555e+00 
 8.14271088e-02  3.06645573e+00 
 8.14671088e-02  3.06645571e+00 
 8.15071088e-02  3.06645572e+00 
 8.15471088e-02  3.06645572e+00 
 8.15871088e-02  3.06645572e+00 
 8.15999992e-02  3.06645572e+00 
 8.15999993e-02  3.06645572e+00 
 8.15999994e-02  3.06645572e+00 
 8.15999998e-02  3.06645572e+00 
 8.16000000e-02  3.06645572e+00 
 8.16000001e-02  3.06645572e+00 
 8.16000002e-02  3.06645572e+00 
 8.16000004e-02  3.06645572e+00 
 8.16000010e-02  3.06645572e+00 
 8.16000020e-02  3.06645572e+00 
 8.16000040e-02  3.06645572e+00 
 8.16000081e-02  3.06645572e+00 
 8.16000163e-02  3.06645572e+00 
 8.16000327e-02  3.06645572e+00 
 8.16000655e-02  3.06645572e+00 
 8.16001310e-02  3.06645572e+00 
 8.16002621e-02  3.06645572e+00 
 8.16005242e-02  3.06645572e+00 
 8.16010485e-02  3.06645572e+00 
 8.16020971e-02  3.06645572e+00 
 8.16041942e-02  3.06645572e+00 
 8.16083885e-02  3.06645572e+00 
 8.16167772e-02  3.06645572e+00 
 8.16335544e-02  3.06645572e+00 
 8.16671088e-02  3.06645572e+00 
 8.17071088e-02  3.06645572e+00 
 8.17471088e-02  3.06645572e+00 
 8.17871088e-02  3.06645572e+00 
 8.18271088e-02  3.06645572e+00 
 8.18671088e-02  3.06645572e+00 
 8.19071088e-02  3.06645572e+00 
 8.19471088e-02  3.06645572e+00 
 8.19871088e-02  3.06645572e+00 
 8.19999992e-02  3.06645572e+00 
 8.19999993e-02  3.06645572e+00 
 8.19999994e-02  3.06645572e+00 
 8.19999998e-02  3.06645572e+00 
 8.20000000e-02  3.06645600e+00 
 8.20000001e-02  3.06645616e+00 
 8.20000002e-02  3.06645646e+00 
 8.20000004e-02  3.06645707e+00 
 8.20000010e-02  3.06645830e+00 
 8.20000020e-02  3.06646074e+00 
 8.20000040e-02  3.06646563e+00 
 8.20000081e-02  3.06647541e+00 
 8.20000163e-02  3.06649496e+00 
 8.20000327e-02  3.06653403e+00 
 8.20000655e-02  3.06661206e+00 
 8.20001310e-02  3.06676762e+00 
 8.20002621e-02  3.06707686e+00 
 8.20005242e-02  3.06768778e+00 
 8.20010485e-02  3.06888009e+00 
 8.20020971e-02  3.07115121e+00 
 8.20041942e-02  3.07527441e+00 
 8.20083885e-02  3.08208737e+00 
 8.20167772e-02  3.09146818e+00 
 8.20335544e-02  3.10055006e+00 
 8.20671088e-02  3.10476797e+00 
 8.21071088e-02  3.10465941e+00 
 8.21471088e-02  3.10467147e+00 
 8.21871088e-02  3.10467013e+00 
 8.22271088e-02  3.10467028e+00 
 8.22671088e-02  3.10467027e+00 
 8.23071088e-02  3.10467027e+00 
 8.23471088e-02  3.10467027e+00 
 8.23871088e-02  3.10467027e+00 
 8.23999992e-02  3.10467027e+00 
 8.23999993e-02  3.10467027e+00 
 8.23999994e-02  3.10467027e+00 
 8.23999998e-02  3.10467027e+00 
 8.24000000e-02  3.10467027e+00 
 8.24000001e-02  3.10467027e+00 
 8.24000002e-02  3.10467027e+00 
 8.24000004e-02  3.10467027e+00 
 8.24000010e-02  3.10467027e+00 
 8.24000020e-02  3.10467027e+00 
 8.24000040e-02  3.10467027e+00 
 8.24000081e-02  3.10467027e+00 
 8.24000163e-02  3.10467027e+00 
 8.24000327e-02  3.10467027e+00 
 8.24000655e-02  3.10467027e+00 
 8.24001310e-02  3.10467027e+00 
 8.24002621e-02  3.10467027e+00 
 8.24005242e-02  3.10467027e+00 
 8.24010485e-02  3.10467027e+00 
 8.24020971e-02  3.10467027e+00 
 8.24041942e-02  3.10467027e+00 
 8.24083885e-02  3.10467027e+00 
 8.24167772e-02  3.10467027e+00 
 8.24335544e-02  3.10467027e+00 
 8.24671088e-02  3.10467027e+00 
 8.25071088e-02  3.10467027e+00 
 8.25471088e-02  3.10467027e+00 
 8.25871088e-02  3.10467027e+00 
 8.26271088e-02  3.10467027e+00 
 8.26671088e-02  3.10467027e+00 
 8.27071088e-02  3.10467027e+00 
 8.27471088e-02  3.10467027e+00 
 8.27871088e-02  3.10467027e+00 
 8.27999992e-02  3.10467027e+00 
 8.27999993e-02  3.10467027e+00 
 8.27999994e-02  3.10467027e+00 
 8.27999998e-02  3.10467027e+00 
 8.28000000e-02  3.10467050e+00 
 8.28000001e-02  3.10467063e+00 
 8.28000002e-02  3.10467088e+00 
 8.28000004e-02  3.10467138e+00 
 8.28000010e-02  3.10467238e+00 
 8.28000020e-02  3.10467438e+00 
 8.28000040e-02  3.10467839e+00 
 8.28000081e-02  3.10468640e+00 
 8.28000163e-02  3.10470241e+00 
 8.28000327e-02  3.10473441e+00 
 8.28000655e-02  3.10479832e+00 
 8.28001310e-02  3.10492574e+00 
 8.28002621e-02  3.10517902e+00 
 8.28005242e-02  3.10567941e+00 
 8.28010485e-02  3.10665600e+00 
 8.28020971e-02  3.10851621e+00 
 8.28041942e-02  3.11189339e+00 
 8.28083885e-02  3.11747368e+00 
 8.28167772e-02  3.12515723e+00 
 8.28335544e-02  3.13259592e+00 
 8.28671088e-02  3.13605068e+00 
 8.29071088e-02  3.13596177e+00 
 8.29471088e-02  3.13597165e+00 
 8.29871088e-02  3.13597055e+00 
 8.30271088e-02  3.13597067e+00 
 8.30671088e-02  3.13597066e+00 
 8.31071088e-02  3.13597066e+00 
 8.31471088e-02  3.13597066e+00 
 8.31871088e-02  3.13597066e+00 
 8.31999992e-02  3.13597066e+00 
 8.31999993e-02  3.13597066e+00 
 8.31999994e-02  3.13597066e+00 
 8.31999998e-02  3.13597066e+00 
 8.32000000e-02  3.13597066e+00 
 8.32000001e-02  3.13597066e+00 
 8.32000002e-02  3.13597066e+00 
 8.32000004e-02  3.13597066e+00 
 8.32000010e-02  3.13597066e+00 
 8.32000020e-02  3.13597066e+00 
 8.32000040e-02  3.13597066e+00 
 8.32000081e-02  3.13597066e+00 
 8.32000163e-02  3.13597066e+00 
 8.32000327e-02  3.13597066e+00 
 8.32000655e-02  3.13597066e+00 
 8.32001310e-02  3.13597066e+00 
 8.32002621e-02  3.13597066e+00 
 8.32005242e-02  3.13597066e+00 
 8.32010485e-02  3.13597066e+00 
 8.32020971e-02  3.13597066e+00 
 8.32041942e-02  3.13597066e+00 
 8.32083885e-02  3.13597066e+00 
 8.32167772e-02  3.13597066e+00 
 8.32335544e-02  3.13597066e+00 
 8.32671088e-02  3.13597066e+00 
 8.33071088e-02  3.13597066e+00 
 8.33471088e-02  3.13597066e+00 
 8.33871088e-02  3.13597066e+00 
 8.34271088e-02  3.13597066e+00 
 8.34671088e-02  3.13597066e+00 
 8.35071088e-02  3.13597066e+00 
 8.35471088e-02  3.13597066e+00 
 8.35871088e-02  3.13597066e+00 
 8.35999992e-02  3.13597066e+00 
 8.35999993e-02  3.13597066e+00 
 8.35999994e-02  3.13597066e+00 
 8.35999998e-02  3.13597066e+00 
 8.36000000e-02  3.13597085e+00 
 8.36000001e-02  3.13597096e+00 
 8.36000002e-02  3.13597116e+00 
 8.36000004e-02  3.13597157e+00 
 8.36000010e-02  3.13597239e+00 
 8.36000020e-02  3.13597402e+00 
 8.36000040e-02  3.13597729e+00 
 8.36000081e-02  3.13598383e+00 
 8.36000163e-02  3.13599691e+00 
 8.36000327e-02  3.13602304e+00 
 8.36000655e-02  3.13607522e+00 
 8.36001310e-02  3.13617925e+00 
 8.36002621e-02  3.13638606e+00 
 8.36005242e-02  3.13679462e+00 
 8.36010485e-02  3.13759199e+00 
 8.36020971e-02  3.13911083e+00 
 8.36041942e-02  3.14186827e+00 
 8.36083885e-02  3.14642452e+00 
 8.36167772e-02  3.15269806e+00 
 8.36335544e-02  3.15877167e+00 
 8.36671088e-02  3.16159245e+00 
 8.37071088e-02  3.16151985e+00 
 8.37471088e-02  3.16152792e+00 
 8.37871088e-02  3.16152702e+00 
 8.38271088e-02  3.16152712e+00 
 8.38671088e-02  3.16152711e+00 
 8.39071088e-02  3.16152711e+00 
 8.39471088e-02  3.16152711e+00 
 8.39871088e-02  3.16152711e+00 
 8.39999992e-02  3.16152711e+00 
 8.39999993e-02  3.16152711e+00 
 8.39999994e-02  3.16152711e+00 
 8.39999998e-02  3.16152711e+00 
 8.40000000e-02  3.16152711e+00 
 8.40000001e-02  3.16152711e+00 
 8.40000002e-02  3.16152711e+00 
 8.40000004e-02  3.16152711e+00 
 8.40000010e-02  3.16152711e+00 
 8.40000020e-02  3.16152711e+00 
 8.40000040e-02  3.16152711e+00 
 8.40000081e-02  3.16152711e+00 
 8.40000163e-02  3.16152711e+00 
 8.40000327e-02  3.16152711e+00 
 8.40000655e-02  3.16152711e+00 
 8.40001310e-02  3.16152711e+00 
 8.40002621e-02  3.16152711e+00 
 8.40005242e-02  3.16152711e+00 
 8.40010485e-02  3.16152711e+00 
 8.40020971e-02  3.16152711e+00 
 8.40041942e-02  3.16152711e+00 
 8.40083885e-02  3.16152711e+00 
 8.40167772e-02  3.16152711e+00 
 8.40335544e-02  3.16152711e+00 
 8.40671088e-02  3.16152711e+00 
 8.41071088e-02  3.16152711e+00 
 8.41471088e-02  3.16152711e+00 
 8.41871088e-02  3.16152711e+00 
 8.42271088e-02  3.16152711e+00 
 8.42671088e-02  3.16152711e+00 
 8.43071088e-02  3.16152711e+00 
 8.43471088e-02  3.16152711e+00 
 8.43871088e-02  3.16152711e+00 
 8.43999992e-02  3.16152711e+00 
 8.43999993e-02  3.16152711e+00 
 8.43999994e-02  3.16152711e+00 
 8.43999998e-02  3.16152711e+00 
 8.44000000e-02  3.16152727e+00 
 8.44000001e-02  3.16152735e+00 
 8.44000002e-02  3.16152752e+00 
 8.44000004e-02  3.16152785e+00 
 8.44000010e-02  3.16152852e+00 
 8.44000020e-02  3.16152985e+00 
 8.44000040e-02  3.16153251e+00 
 8.44000081e-02  3.16153784e+00 
 8.44000163e-02  3.16154848e+00 
 8.44000327e-02  3.16156975e+00 
 8.44000655e-02  3.16161224e+00 
 8.44001310e-02  3.16169694e+00 
 8.44002621e-02  3.16186531e+00 
 8.44005242e-02  3.16219795e+00 
 8.44010485e-02  3.16284714e+00 
 8.44020971e-02  3.16408373e+00 
 8.44041942e-02  3.16632874e+00 
 8.44083885e-02  3.17003828e+00 
 8.44167772e-02  3.17514597e+00 
 8.44335544e-02  3.18009090e+00 
 8.44671088e-02  3.18238748e+00 
 8.45071088e-02  3.18232837e+00 
 8.45471088e-02  3.18233494e+00 
 8.45871088e-02  3.18233421e+00 
 8.46271088e-02  3.18233429e+00 
 8.46671088e-02  3.18233428e+00 
 8.47071088e-02  3.18233428e+00 
 8.47471088e-02  3.18233428e+00 
 8.47871088e-02  3.18233428e+00 
 8.47999992e-02  3.18233428e+00 
 8.47999993e-02  3.18233428e+00 
 8.47999994e-02  3.18233428e+00 
 8.47999998e-02  3.18233428e+00 
 8.48000000e-02  3.18233428e+00 
 8.48000001e-02  3.18233428e+00 
 8.48000002e-02  3.18233428e+00 
 8.48000004e-02  3.18233428e+00 
 8.48000010e-02  3.18233428e+00 
 8.48000020e-02  3.18233428e+00 
 8.48000040e-02  3.18233428e+00 
 8.48000081e-02  3.18233428e+00 
 8.48000163e-02  3.18233428e+00 
 8.48000327e-02  3.18233428e+00 
 8.48000655e-02  3.18233428e+00 
 8.48001310e-02  3.18233428e+00 
 8.48002621e-02  3.18233428e+00 
 8.48005242e-02  3.18233428e+00 
 8.48010485e-02  3.18233428e+00 
 8.48020971e-02  3.18233428e+00 
 8.48041942e-02  3.18233428e+00 
 8.48083885e-02  3.18233428e+00 
 8.48167772e-02  3.18233428e+00 
 8.48335544e-02  3.18233428e+00 
 8.48671088e-02  3.18233428e+00 
 8.49071088e-02  3.18233428e+00 
 8.49471088e-02  3.18233428e+00 
 8.49871088e-02  3.18233428e+00 
 8.50271088e-02  3.18233428e+00 
 8.50671088e-02  3.18233428e+00 
 8.51071088e-02  3.18233428e+00 
 8.51471088e-02  3.18233428e+00 
 8.51871088e-02  3.18233428e+00 
 8.51999992e-02  3.18233428e+00 
 8.51999993e-02  3.18233428e+00 
 8.51999994e-02  3.18233428e+00 
 8.51999998e-02  3.18233428e+00 
 8.52000000e-02  3.18233441e+00 
 8.52000001e-02  3.18233448e+00 
 8.52000002e-02  3.18233461e+00 
 8.52000004e-02  3.18233488e+00 
 8.52000010e-02  3.18233542e+00 
 8.52000020e-02  3.18233650e+00 
 8.52000040e-02  3.18233867e+00 
 8.52000081e-02  3.18234299e+00 
 8.52000163e-02  3.18235163e+00 
 8.52000327e-02  3.18236891e+00 
 8.52000655e-02  3.18240340e+00 
 8.52001310e-02  3.18247219e+00 
 8.52002621e-02  3.18260891e+00 
 8.52005242e-02  3.18287902e+00 
 8.52010485e-02  3.18340617e+00 
 8.52020971e-02  3.18441031e+00 
 8.52041942e-02  3.18623330e+00 
 8.52083885e-02  3.18924552e+00 
 8.52167772e-02  3.19339306e+00 
 8.52335544e-02  3.19740844e+00 
 8.52671088e-02  3.19927331e+00 
 8.53071088e-02  3.19922531e+00 
 8.53471088e-02  3.19923064e+00 
 8.53871088e-02  3.19923005e+00 
 8.54271088e-02  3.19923012e+00 
 8.54671088e-02  3.19923011e+00 
 8.55071088e-02  3.19923011e+00 
 8.55471088e-02  3.19923011e+00 
 8.55871088e-02  3.19923011e+00 
 8.55999992e-02  3.19923011e+00 
 8.55999993e-02  3.19923011e+00 
 8.55999994e-02  3.19923011e+00 
 8.55999998e-02  3.19923011e+00 
 8.56000000e-02  3.19923011e+00 
 8.56000001e-02  3.19923011e+00 
 8.56000002e-02  3.19923011e+00 
 8.56000004e-02  3.19923011e+00 
 8.56000010e-02  3.19923011e+00 
 8.56000020e-02  3.19923011e+00 
 8.56000040e-02  3.19923011e+00 
 8.56000081e-02  3.19923011e+00 
 8.56000163e-02  3.19923011e+00 
 8.56000327e-02  3.19923011e+00 
 8.56000655e-02  3.19923011e+00 
 8.56001310e-02  3.19923011e+00 
 8.56002621e-02  3.19923011e+00 
 8.56005242e-02  3.19923011e+00 
 8.56010485e-02  3.19923011e+00 
 8.56020971e-02  3.19923011e+00 
 8.56041942e-02  3.19923011e+00 
 8.56083885e-02  3.19923011e+00 
 8.56167772e-02  3.19923011e+00 
 8.56335544e-02  3.19923011e+00 
 8.56671088e-02  3.19923011e+00 
 8.57071088e-02  3.19923011e+00 
 8.57471088e-02  3.19923011e+00 
 8.57871088e-02  3.19923011e+00 
 8.58271088e-02  3.19923011e+00 
 8.58671088e-02  3.19923011e+00 
 8.59071088e-02  3.19923011e+00 
 8.59471088e-02  3.19923011e+00 
 8.59871088e-02  3.19923011e+00 
 8.59999992e-02  3.19923011e+00 
 8.59999993e-02  3.19923011e+00 
 8.59999994e-02  3.19923011e+00 
 8.59999998e-02  3.19923011e+00 
 8.60000000e-02  3.19923021e+00 
 8.60000001e-02  3.19923027e+00 
 8.60000002e-02  3.19923038e+00 
 8.60000004e-02  3.19923060e+00 
 8.60000010e-02  3.19923104e+00 
 8.60000020e-02  3.19923191e+00 
 8.60000040e-02  3.19923366e+00 
 8.60000081e-02  3.19923716e+00 
 8.60000163e-02  3.19924417e+00 
 8.60000327e-02  3.19925816e+00 
 8.60000655e-02  3.19928610e+00 
 8.60001310e-02  3.19934181e+00 
 8.60002621e-02  3.19945255e+00 
 8.60005242e-02  3.19967134e+00 
 8.60010485e-02  3.20009833e+00 
 8.60020971e-02  3.20091167e+00 
 8.60041942e-02  3.20238827e+00 
 8.60083885e-02  3.20482814e+00 
 8.60167772e-02  3.20818762e+00 
 8.60335544e-02  3.21144003e+00 
 8.60671088e-02  3.21295056e+00 
 8.61071088e-02  3.21291168e+00 
 8.61471088e-02  3.21291600e+00 
 8.61871088e-02  3.21291552e+00 
 8.62271088e-02  3.21291557e+00 
 8.62671088e-02  3.21291557e+00 
 8.63071088e-02  3.21291557e+00 
 8.63471088e-02  3.21291557e+00 
 8.63871088e-02  3.21291557e+00 
 8.63999992e-02  3.21291557e+00 
 8.63999993e-02  3.21291557e+00 
 8.63999994e-02  3.21291557e+00 
 8.63999998e-02  3.21291557e+00 
 8.64000000e-02  3.21291557e+00 
 8.64000001e-02  3.21291557e+00 
 8.64000002e-02  3.21291557e+00 
 8.64000004e-02  3.21291557e+00 
 8.64000010e-02  3.21291557e+00 
 8.64000020e-02  3.21291557e+00 
 8.64000040e-02  3.21291557e+00 
 8.64000081e-02  3.21291557e+00 
 8.64000163e-02  3.21291557e+00 
 8.64000327e-02  3.21291557e+00 
 8.64000655e-02  3.21291557e+00 
 8.64001310e-02  3.21291557e+00 
 8.64002621e-02  3.21291557e+00 
 8.64005242e-02  3.21291557e+00 
 8.64010485e-02  3.21291557e+00 
 8.64020971e-02  3.21291557e+00 
 8.64041942e-02  3.21291557e+00 
 8.64083885e-02  3.21291557e+00 
 8.64167772e-02  3.21291557e+00 
 8.64335544e-02  3.21291557e+00 
 8.64671088e-02  3.21291557e+00 
 8.65071088e-02  3.21291557e+00 
 8.65471088e-02  3.21291557e+00 
 8.65871088e-02  3.21291557e+00 
 8.66271088e-02  3.21291557e+00 
 8.66671088e-02  3.21291557e+00 
 8.67071088e-02  3.21291557e+00 
 8.67471088e-02  3.21291557e+00 
 8.67871088e-02  3.21291557e+00 
 8.67999992e-02  3.21291557e+00 
 8.67999993e-02  3.21291557e+00 
 8.67999994e-02  3.21291557e+00 
 8.67999998e-02  3.21291557e+00 
 8.68000000e-02  3.21291565e+00 
 8.68000001e-02  3.21291570e+00 
 8.68000002e-02  3.21291578e+00 
 8.68000004e-02  3.21291596e+00 
 8.68000010e-02  3.21291632e+00 
 8.68000020e-02  3.21291702e+00 
 8.68000040e-02  3.21291844e+00 
 8.68000081e-02  3.21292127e+00 
 8.68000163e-02  3.21292693e+00 
 8.68000327e-02  3.21293823e+00 
 8.68000655e-02  3.21296081e+00 
 8.68001310e-02  3.21300583e+00 
 8.68002621e-02  3.21309531e+00 
 8.68005242e-02  3.21327209e+00 
 8.68010485e-02  3.21361711e+00 
 8.68020971e-02  3.21427431e+00 
 8.68041942e-02  3.21546744e+00 
 8.68083885e-02  3.21743890e+00 
 8.68167772e-02  3.22015343e+00 
 8.68335544e-02  3.22278146e+00 
 8.68671088e-02  3.22400200e+00 
 8.69071088e-02  3.22397058e+00 
 8.69471088e-02  3.22397407e+00 
 8.69871088e-02  3.22397369e+00 
 8.70271088e-02  3.22397373e+00 
 8.70671088e-02  3.22397372e+00 
 8.71071088e-02  3.22397373e+00 
 8.71471088e-02  3.22397373e+00 
 8.71871088e-02  3.22397373e+00 
 8.71999992e-02  3.22397373e+00 
 8.71999993e-02  3.22397373e+00 
 8.71999994e-02  3.22397373e+00 
 8.71999998e-02  3.22397373e+00 
 8.72000000e-02  3.22397373e+00 
 8.72000001e-02  3.22397373e+00 
 8.72000002e-02  3.22397373e+00 
 8.72000004e-02  3.22397373e+00 
 8.72000010e-02  3.22397373e+00 
 8.72000020e-02  3.22397373e+00 
 8.72000040e-02  3.22397373e+00 
 8.72000081e-02  3.22397373e+00 
 8.72000163e-02  3.22397373e+00 
 8.72000327e-02  3.22397373e+00 
 8.72000655e-02  3.22397373e+00 
 8.72001310e-02  3.22397373e+00 
 8.72002621e-02  3.22397373e+00 
 8.72005242e-02  3.22397373e+00 
 8.72010485e-02  3.22397373e+00 
 8.72020971e-02  3.22397373e+00 
 8.72041942e-02  3.22397373e+00 
 8.72083885e-02  3.22397373e+00 
 8.72167772e-02  3.22397373e+00 
 8.72335544e-02  3.22397373e+00 
 8.72671088e-02  3.22397373e+00 
 8.73071088e-02  3.22397373e+00 
 8.73471088e-02  3.22397373e+00 
 8.73871088e-02  3.22397373e+00 
 8.74271088e-02  3.22397373e+00 
 8.74671088e-02  3.22397373e+00 
 8.75071088e-02  3.22397373e+00 
 8.75471088e-02  3.22397373e+00 
 8.75871088e-02  3.22397373e+00 
 8.75999992e-02  3.22397373e+00 
 8.75999993e-02  3.22397373e+00 
 8.75999994e-02  3.22397373e+00 
 8.75999998e-02  3.22397373e+00 
 8.76000000e-02  3.22397379e+00 
 8.76000001e-02  3.22397383e+00 
 8.76000002e-02  3.22397390e+00 
 8.76000004e-02  3.22397404e+00 
 8.76000010e-02  3.22397433e+00 
 8.76000020e-02  3.22397490e+00 
 8.76000040e-02  3.22397604e+00 
 8.76000081e-02  3.22397832e+00 
 8.76000163e-02  3.22398288e+00 
 8.76000327e-02  3.22399199e+00 
 8.76000655e-02  3.22401019e+00 
 8.76001310e-02  3.22404648e+00 
 8.76002621e-02  3.22411861e+00 
 8.76005242e-02  3.22426111e+00 
 8.76010485e-02  3.22453921e+00 
 8.76020971e-02  3.22506896e+00 
 8.76041942e-02  3.22603070e+00 
 8.76083885e-02  3.22761984e+00 
 8.76167772e-02  3.22980793e+00 
 8.76335544e-02  3.23192630e+00 
 8.76671088e-02  3.23291013e+00 
 8.77071088e-02  3.23288481e+00 
 8.77471088e-02  3.23288762e+00 
 8.77871088e-02  3.23288731e+00 
 8.78271088e-02  3.23288735e+00 
 8.78671088e-02  3.23288734e+00 
 8.79071088e-02  3.23288734e+00 
 8.79471088e-02  3.23288734e+00 
 8.79871088e-02  3.23288734e+00 
 8.79999992e-02  3.23288734e+00 
 8.79999993e-02  3.23288734e+00 
 8.79999994e-02  3.23288734e+00 
 8.79999998e-02  3.23288734e+00 
 8.80000000e-02  3.23288734e+00 
 8.80000001e-02  3.23288734e+00 
 8.80000002e-02  3.23288734e+00 
 8.80000004e-02  3.23288734e+00 
 8.80000010e-02  3.23288734e+00 
 8.80000020e-02  3.23288734e+00 
 8.80000040e-02  3.23288734e+00 
 8.80000081e-02  3.23288734e+00 
 8.80000163e-02  3.23288734e+00 
 8.80000327e-02  3.23288734e+00 
 8.80000655e-02  3.23288734e+00 
 8.80001310e-02  3.23288734e+00 
 8.80002621e-02  3.23288734e+00 
 8.80005242e-02  3.23288734e+00 
 8.80010485e-02  3.23288734e+00 
 8.80020971e-02  3.23288734e+00 
 8.80041942e-02  3.23288734e+00 
 8.80083885e-02  3.23288734e+00 
 8.80167772e-02  3.23288734e+00 
 8.80335544e-02  3.23288734e+00 
 8.80671088e-02  3.23288734e+00 
 8.81071088e-02  3.23288734e+00 
 8.81471088e-02  3.23288734e+00 
 8.81871088e-02  3.23288734e+00 
 8.82271088e-02  3.23288734e+00 
 8.82671088e-02  3.23288734e+00 
 8.83071088e-02  3.23288734e+00 
 8.83471088e-02  3.23288734e+00 
 8.83871088e-02  3.23288734e+00 
 8.83999992e-02  3.23288734e+00 
 8.83999993e-02  3.23288734e+00 
 8.83999994e-02  3.23288734e+00 
 8.83999998e-02  3.23288734e+00 
 8.84000000e-02  3.23288740e+00 
 8.84000001e-02  3.23288742e+00 
 8.84000002e-02  3.23288748e+00 
 8.84000004e-02  3.23288760e+00 
 8.84000010e-02  3.23288783e+00 
 8.84000020e-02  3.23288828e+00 
 8.84000040e-02  3.23288920e+00 
 8.84000081e-02  3.23289104e+00 
 8.84000163e-02  3.23289470e+00 
 8.84000327e-02  3.23290203e+00 
 8.84000655e-02  3.23291666e+00 
 8.84001310e-02  3.23294584e+00 
 8.84002621e-02  3.23300384e+00 
 8.84005242e-02  3.23311842e+00 
 8.84010485e-02  3.23334204e+00 
 8.84020971e-02  3.23376800e+00 
 8.84041942e-02  3.23454131e+00 
 8.84083885e-02  3.23581910e+00 
 8.84167772e-02  3.23757850e+00 
 8.84335544e-02  3.23928183e+00 
 8.84671088e-02  3.24007291e+00 
 8.85071088e-02  3.24005255e+00 
 8.85471088e-02  3.24005481e+00 
 8.85871088e-02  3.24005456e+00 
 8.86271088e-02  3.24005459e+00 
 8.86671088e-02  3.24005459e+00 
 8.87071088e-02  3.24005459e+00 
 8.87471088e-02  3.24005459e+00 
 8.87871088e-02  3.24005459e+00 
 8.87999992e-02  3.24005459e+00 
 8.87999993e-02  3.24005459e+00 
 8.87999994e-02  3.24005459e+00 
 8.87999998e-02  3.24005459e+00 
 8.88000000e-02  3.24005459e+00 
 8.88000001e-02  3.24005459e+00 
 8.88000002e-02  3.24005459e+00 
 8.88000004e-02  3.24005459e+00 
 8.88000010e-02  3.24005459e+00 
 8.88000020e-02  3.24005459e+00 
 8.88000040e-02  3.24005459e+00 
 8.88000081e-02  3.24005459e+00 
 8.88000163e-02  3.24005459e+00 
 8.88000327e-02  3.24005459e+00 
 8.88000655e-02  3.24005459e+00 
 8.88001310e-02  3.24005459e+00 
 8.88002621e-02  3.24005459e+00 
 8.88005242e-02  3.24005459e+00 
 8.88010485e-02  3.24005459e+00 
 8.88020971e-02  3.24005459e+00 
 8.88041942e-02  3.24005459e+00 
 8.88083885e-02  3.24005459e+00 
 8.88167772e-02  3.24005459e+00 
 8.88335544e-02  3.24005459e+00 
 8.88671088e-02  3.24005459e+00 
 8.89071088e-02  3.24005459e+00 
 8.89471088e-02  3.24005459e+00 
 8.89871088e-02  3.24005459e+00 
 8.90271088e-02  3.24005459e+00 
 8.90671088e-02  3.24005459e+00 
 8.91071088e-02  3.24005459e+00 
 8.91471088e-02  3.24005459e+00 
 8.91871088e-02  3.24005459e+00 
 8.91999992e-02  3.24005459e+00 
 8.91999993e-02  3.24005459e+00 
 8.91999994e-02  3.24005459e+00 
 8.91999998e-02  3.24005459e+00 
 8.92000000e-02  3.24005463e+00 
 8.92000001e-02  3.24005465e+00 
 8.92000002e-02  3.24005470e+00 
 8.92000004e-02  3.24005479e+00 
 8.92000010e-02  3.24005498e+00 
 8.92000020e-02  3.24005534e+00 
 8.92000040e-02  3.24005608e+00 
 8.92000081e-02  3.24005755e+00 
 8.92000163e-02  3.24006049e+00 
 8.92000327e-02  3.24006637e+00 
 8.92000655e-02  3.24007810e+00 
 8.92001310e-02  3.24010150e+00 
 8.92002621e-02  3.24014802e+00 
 8.92005242e-02  3.24023991e+00 
 8.92010485e-02  3.24041926e+00 
 8.92020971e-02  3.24076088e+00 
 8.92041942e-02  3.24138109e+00 
 8.92083885e-02  3.24240589e+00 
 8.92167772e-02  3.24381694e+00 
 8.92335544e-02  3.24518303e+00 
 8.92671088e-02  3.24581749e+00 
 8.93071088e-02  3.24580116e+00 
 8.93471088e-02  3.24580297e+00 
 8.93871088e-02  3.24580277e+00 
 8.94271088e-02  3.24580279e+00 
 8.94671088e-02  3.24580279e+00 
 8.95071088e-02  3.24580279e+00 
 8.95471088e-02  3.24580279e+00 
 8.95871088e-02  3.24580279e+00 
 8.95999992e-02  3.24580279e+00 
 8.95999993e-02  3.24580279e+00 
 8.95999994e-02  3.24580279e+00 
 8.95999998e-02  3.24580279e+00 
 8.96000000e-02  3.24580279e+00 
 8.96000001e-02  3.24580279e+00 
 8.96000002e-02  3.24580279e+00 
 8.96000004e-02  3.24580279e+00 
 8.96000010e-02  3.24580279e+00 
 8.96000020e-02  3.24580279e+00 
 8.96000040e-02  3.24580279e+00 
 8.96000081e-02  3.24580279e+00 
 8.96000163e-02  3.24580279e+00 
 8.96000327e-02  3.24580279e+00 
 8.96000655e-02  3.24580279e+00 
 8.96001310e-02  3.24580279e+00 
 8.96002621e-02  3.24580279e+00 
 8.96005242e-02  3.24580279e+00 
 8.96010485e-02  3.24580279e+00 
 8.96020971e-02  3.24580279e+00 
 8.96041942e-02  3.24580279e+00 
 8.96083885e-02  3.24580279e+00 
 8.96167772e-02  3.24580279e+00 
 8.96335544e-02  3.24580279e+00 
 8.96671088e-02  3.24580279e+00 
 8.97071088e-02  3.24580279e+00 
 8.97471088e-02  3.24580279e+00 
 8.97871088e-02  3.24580279e+00 
 8.98271088e-02  3.24580279e+00 
 8.98671088e-02  3.24580279e+00 
 8.99071088e-02  3.24580279e+00 
 8.99471088e-02  3.24580279e+00 
 8.99871088e-02  3.24580279e+00 
 8.99999992e-02  3.24580279e+00 
 8.99999993e-02  3.24580279e+00 
 8.99999994e-02  3.24580279e+00 
 8.99999998e-02  3.24580279e+00 
 9.00000000e-02  3.24580282e+00 
 9.00000001e-02  3.24580284e+00 
 9.00000002e-02  3.24580288e+00 
 9.00000004e-02  3.24580295e+00 
 9.00000010e-02  3.24580310e+00 
 9.00000020e-02  3.24580339e+00 
 9.00000040e-02  3.24580398e+00 
 9.00000081e-02  3.24580516e+00 
 9.00000163e-02  3.24580751e+00 
 9.00000327e-02  3.24581221e+00 
 9.00000655e-02  3.24582160e+00 
 9.00001310e-02  3.24584031e+00 
 9.00002621e-02  3.24587752e+00 
 9.00005242e-02  3.24595102e+00 
 9.00010485e-02  3.24609446e+00 
 9.00020971e-02  3.24636769e+00 
 9.00041942e-02  3.24686375e+00 
 9.00083885e-02  3.24768340e+00 
 9.00167772e-02  3.24881198e+00 
 9.00335544e-02  3.24990460e+00 
 9.00671088e-02  3.25041205e+00 
 9.01071088e-02  3.25039899e+00 
 9.01471088e-02  3.25040044e+00 
 9.01871088e-02  3.25040028e+00 
 9.02271088e-02  3.25040030e+00 
 9.02671088e-02  3.25040029e+00 
 9.03071088e-02  3.25040029e+00 
 9.03471088e-02  3.25040029e+00 
 9.03871088e-02  3.25040029e+00 
 9.03999992e-02  3.25040029e+00 
 9.03999993e-02  3.25040029e+00 
 9.03999994e-02  3.25040029e+00 
 9.03999998e-02  3.25040029e+00 
 9.04000000e-02  3.25040029e+00 
 9.04000001e-02  3.25040029e+00 
 9.04000002e-02  3.25040029e+00 
 9.04000004e-02  3.25040029e+00 
 9.04000010e-02  3.25040029e+00 
 9.04000020e-02  3.25040029e+00 
 9.04000040e-02  3.25040029e+00 
 9.04000081e-02  3.25040029e+00 
 9.04000163e-02  3.25040029e+00 
 9.04000327e-02  3.25040029e+00 
 9.04000655e-02  3.25040029e+00 
 9.04001310e-02  3.25040029e+00 
 9.04002621e-02  3.25040029e+00 
 9.04005242e-02  3.25040029e+00 
 9.04010485e-02  3.25040029e+00 
 9.04020971e-02  3.25040029e+00 
 9.04041942e-02  3.25040029e+00 
 9.04083885e-02  3.25040029e+00 
 9.04167772e-02  3.25040029e+00 
 9.04335544e-02  3.25040029e+00 
 9.04671088e-02  3.25040029e+00 
 9.05071088e-02  3.25040029e+00 
 9.05471088e-02  3.25040029e+00 
 9.05871088e-02  3.25040029e+00 
 9.06271088e-02  3.25040029e+00 
 9.06671088e-02  3.25040029e+00 
 9.07071088e-02  3.25040029e+00 
 9.07471088e-02  3.25040029e+00 
 9.07871088e-02  3.25040029e+00 
 9.07999992e-02  3.25040029e+00 
 9.07999993e-02  3.25040029e+00 
 9.07999994e-02  3.25040029e+00 
 9.07999998e-02  3.25040029e+00 
 9.08000000e-02  3.25040032e+00 
 9.08000001e-02  3.25040034e+00 
 9.08000002e-02  3.25040037e+00 
 9.08000004e-02  3.25040043e+00 
 9.08000010e-02  3.25040054e+00 
 9.08000020e-02  3.25040078e+00 
 9.08000040e-02  3.25040125e+00 
 9.08000081e-02  3.25040218e+00 
 9.08000163e-02  3.25040406e+00 
 9.08000327e-02  3.25040781e+00 
 9.08000655e-02  3.25041529e+00 
 9.08001310e-02  3.25043022e+00 
 9.08002621e-02  3.25045989e+00 
 9.08005242e-02  3.25051850e+00 
 9.08010485e-02  3.25063289e+00 
 9.08020971e-02  3.25085078e+00 
 9.08041942e-02  3.25124635e+00 
 9.08083885e-02  3.25189998e+00 
 9.08167772e-02  3.25279996e+00 
 9.08335544e-02  3.25367127e+00 
 9.08671088e-02  3.25407593e+00 
 9.09071088e-02  3.25406552e+00 
 9.09471088e-02  3.25406667e+00 
 9.09871088e-02  3.25406655e+00 
 9.10271088e-02  3.25406656e+00 
 9.10671088e-02  3.25406656e+00 
 9.11071088e-02  3.25406656e+00 
 9.11471088e-02  3.25406656e+00 
 9.11871088e-02  3.25406656e+00 
 9.11999992e-02  3.25406656e+00 
 9.11999993e-02  3.25406656e+00 
 9.11999994e-02  3.25406656e+00 
 9.11999998e-02  3.25406656e+00 
 9.12000000e-02  3.25406656e+00 
 9.12000001e-02  3.25406656e+00 
 9.12000002e-02  3.25406656e+00 
 9.12000004e-02  3.25406656e+00 
 9.12000010e-02  3.25406656e+00 
 9.12000020e-02  3.25406656e+00 
 9.12000040e-02  3.25406656e+00 
 9.12000081e-02  3.25406656e+00 
 9.12000163e-02  3.25406656e+00 
 9.12000327e-02  3.25406656e+00 
 9.12000655e-02  3.25406656e+00 
 9.12001310e-02  3.25406656e+00 
 9.12002621e-02  3.25406656e+00 
 9.12005242e-02  3.25406656e+00 
 9.12010485e-02  3.25406656e+00 
 9.12020971e-02  3.25406656e+00 
 9.12041942e-02  3.25406656e+00 
 9.12083885e-02  3.25406656e+00 
 9.12167772e-02  3.25406656e+00 
 9.12335544e-02  3.25406656e+00 
 9.12671088e-02  3.25406656e+00 
 9.13071088e-02  3.25406656e+00 
 9.13471088e-02  3.25406656e+00 
 9.13871088e-02  3.25406656e+00 
 9.14271088e-02  3.25406656e+00 
 9.14671088e-02  3.25406656e+00 
 9.15071088e-02  3.25406656e+00 
 9.15471088e-02  3.25406656e+00 
 9.15871088e-02  3.25406656e+00 
 9.15999992e-02  3.25406656e+00 
 9.15999993e-02  3.25406656e+00 
 9.15999994e-02  3.25406656e+00 
 9.15999998e-02  3.25406656e+00 
 9.16000000e-02  3.25406658e+00 
 9.16000001e-02  3.25406659e+00 
 9.16000002e-02  3.25406662e+00 
 9.16000004e-02  3.25406666e+00 
 9.16000010e-02  3.25406676e+00 
 9.16000020e-02  3.25406694e+00 
 9.16000040e-02  3.25406731e+00 
 9.16000081e-02  3.25406806e+00 
 9.16000163e-02  3.25406955e+00 
 9.16000327e-02  3.25407253e+00 
 9.16000655e-02  3.25407848e+00 
 9.16001310e-02  3.25409034e+00 
 9.16002621e-02  3.25411392e+00 
 9.16005242e-02  3.25416051e+00 
 9.16010485e-02  3.25425143e+00 
 9.16020971e-02  3.25442462e+00 
 9.16041942e-02  3.25473904e+00 
 9.16083885e-02  3.25525857e+00 
 9.16167772e-02  3.25597392e+00 
 9.16335544e-02  3.25666648e+00 
 9.16671088e-02  3.25698812e+00 
 9.17071088e-02  3.25697984e+00 
 9.17471088e-02  3.25698076e+00 
 9.17871088e-02  3.25698066e+00 
 9.18271088e-02  3.25698067e+00 
 9.18671088e-02  3.25698067e+00 
 9.19071088e-02  3.25698067e+00 
 9.19471088e-02  3.25698067e+00 
 9.19871088e-02  3.25698067e+00 
 9.19999992e-02  3.25698067e+00 
 9.19999993e-02  3.25698067e+00 
 9.19999994e-02  3.25698067e+00 
 9.19999998e-02  3.25698067e+00 
 9.20000000e-02  3.25698067e+00 
 9.20000001e-02  3.25698067e+00 
 9.20000002e-02  3.25698067e+00 
 9.20000004e-02  3.25698067e+00 
 9.20000010e-02  3.25698067e+00 
 9.20000020e-02  3.25698067e+00 
 9.20000040e-02  3.25698067e+00 
 9.20000081e-02  3.25698067e+00 
 9.20000163e-02  3.25698067e+00 
 9.20000327e-02  3.25698067e+00 
 9.20000655e-02  3.25698067e+00 
 9.20001310e-02  3.25698067e+00 
 9.20002621e-02  3.25698067e+00 
 9.20005242e-02  3.25698067e+00 
 9.20010485e-02  3.25698067e+00 
 9.20020971e-02  3.25698067e+00 
 9.20041942e-02  3.25698067e+00 
 9.20083885e-02  3.25698067e+00 
 9.20167772e-02  3.25698067e+00 
 9.20335544e-02  3.25698067e+00 
 9.20671088e-02  3.25698067e+00 
 9.21071088e-02  3.25698067e+00 
 9.21471088e-02  3.25698067e+00 
 9.21871088e-02  3.25698067e+00 
 9.22271088e-02  3.25698067e+00 
 9.22671088e-02  3.25698067e+00 
 9.23071088e-02  3.25698067e+00 
 9.23471088e-02  3.25698067e+00 
 9.23871088e-02  3.25698067e+00 
 9.23999992e-02  3.25698067e+00 
 9.23999993e-02  3.25698067e+00 
 9.23999994e-02  3.25698067e+00 
 9.23999998e-02  3.25698067e+00 
 9.24000000e-02  3.25698069e+00 
 9.24000001e-02  3.25698070e+00 
 9.24000002e-02  3.25698071e+00 
 9.24000004e-02  3.25698075e+00 
 9.24000010e-02  3.25698083e+00 
 9.24000020e-02  3.25698097e+00 
 9.24000040e-02  3.25698127e+00 
 9.24000081e-02  3.25698186e+00 
 9.24000163e-02  3.25698304e+00 
 9.24000327e-02  3.25698540e+00 
 9.24000655e-02  3.25699011e+00 
 9.24001310e-02  3.25699951e+00 
 9.24002621e-02  3.25701818e+00 
 9.24005242e-02  3.25705508e+00 
 9.24010485e-02  3.25712708e+00 
 9.24020971e-02  3.25726424e+00 
 9.24041942e-02  3.25751324e+00 
 9.24083885e-02  3.25792468e+00 
 9.24167772e-02  3.25849120e+00 
 9.24335544e-02  3.25903967e+00 
 9.24671088e-02  3.25929439e+00 
 9.25071088e-02  3.25928784e+00 
 9.25471088e-02  3.25928857e+00 
 9.25871088e-02  3.25928849e+00 
 9.26271088e-02  3.25928850e+00 
 9.26671088e-02  3.25928849e+00 
 9.27071088e-02  3.25928849e+00 
 9.27471088e-02  3.25928849e+00 
 9.27871088e-02  3.25928849e+00 
 9.27999992e-02  3.25928849e+00 
 9.27999993e-02  3.25928849e+00 
 9.27999994e-02  3.25928849e+00 
 9.27999998e-02  3.25928849e+00 
 9.28000000e-02  3.25928849e+00 
 9.28000001e-02  3.25928849e+00 
 9.28000002e-02  3.25928849e+00 
 9.28000004e-02  3.25928849e+00 
 9.28000010e-02  3.25928849e+00 
 9.28000020e-02  3.25928849e+00 
 9.28000040e-02  3.25928849e+00 
 9.28000081e-02  3.25928849e+00 
 9.28000163e-02  3.25928849e+00 
 9.28000327e-02  3.25928849e+00 
 9.28000655e-02  3.25928849e+00 
 9.28001310e-02  3.25928849e+00 
 9.28002621e-02  3.25928849e+00 
 9.28005242e-02  3.25928849e+00 
 9.28010485e-02  3.25928849e+00 
 9.28020971e-02  3.25928849e+00 
 9.28041942e-02  3.25928849e+00 
 9.28083885e-02  3.25928849e+00 
 9.28167772e-02  3.25928849e+00 
 9.28335544e-02  3.25928849e+00 
 9.28671088e-02  3.25928849e+00 
 9.29071088e-02  3.25928849e+00 
 9.29471088e-02  3.25928849e+00 
 9.29871088e-02  3.25928849e+00 
 9.30271088e-02  3.25928849e+00 
 9.30671088e-02  3.25928849e+00 
 9.31071088e-02  3.25928849e+00 
 9.31471088e-02  3.25928849e+00 
 9.31871088e-02  3.25928849e+00 
 9.31999992e-02  3.25928849e+00 
 9.31999993e-02  3.25928849e+00 
 9.31999994e-02  3.25928849e+00 
 9.31999998e-02  3.25928849e+00 
 9.32000000e-02  3.25928851e+00 
 9.32000001e-02  3.25928852e+00 
 9.32000002e-02  3.25928853e+00 
 9.32000004e-02  3.25928856e+00 
 9.32000010e-02  3.25928862e+00 
 9.32000020e-02  3.25928873e+00 
 9.32000040e-02  3.25928897e+00 
 9.32000081e-02  3.25928943e+00 
 9.32000163e-02  3.25929036e+00 
 9.32000327e-02  3.25929222e+00 
 9.32000655e-02  3.25929594e+00 
 9.32001310e-02  3.25930335e+00 
 9.32002621e-02  3.25931808e+00 
 9.32005242e-02  3.25934718e+00 
 9.32010485e-02  3.25940397e+00 
 9.32020971e-02  3.25951214e+00 
 9.32041942e-02  3.25970852e+00 
 9.32083885e-02  3.26003302e+00 
 9.32167772e-02  3.26047982e+00 
 9.32335544e-02  3.26091238e+00 
 9.32671088e-02  3.26111328e+00 
 9.33071088e-02  3.26110811e+00 
 9.33471088e-02  3.26110868e+00 
 9.33871088e-02  3.26110862e+00 
 9.34271088e-02  3.26110863e+00 
 9.34671088e-02  3.26110863e+00 
 9.35071088e-02  3.26110863e+00 
 9.35471088e-02  3.26110863e+00 
 9.35871088e-02  3.26110863e+00 
 9.35999992e-02  3.26110863e+00 
 9.35999993e-02  3.26110863e+00 
 9.35999994e-02  3.26110863e+00 
 9.35999998e-02  3.26110863e+00 
 9.36000000e-02  3.26110863e+00 
 9.36000001e-02  3.26110863e+00 
 9.36000002e-02  3.26110863e+00 
 9.36000004e-02  3.26110863e+00 
 9.36000010e-02  3.26110863e+00 
 9.36000020e-02  3.26110863e+00 
 9.36000040e-02  3.26110863e+00 
 9.36000081e-02  3.26110863e+00 
 9.36000163e-02  3.26110863e+00 
 9.36000327e-02  3.26110863e+00 
 9.36000655e-02  3.26110863e+00 
 9.36001310e-02  3.26110863e+00 
 9.36002621e-02  3.26110863e+00 
 9.36005242e-02  3.26110863e+00 
 9.36010485e-02  3.26110863e+00 
 9.36020971e-02  3.26110863e+00 
 9.36041942e-02  3.26110863e+00 
 9.36083885e-02  3.26110863e+00 
 9.36167772e-02  3.26110863e+00 
 9.36335544e-02  3.26110863e+00 
 9.36671088e-02  3.26110863e+00 
 9.37071088e-02  3.26110863e+00 
 9.37471088e-02  3.26110863e+00 
 9.37871088e-02  3.26110863e+00 
 9.38271088e-02  3.26110863e+00 
 9.38671088e-02  3.26110863e+00 
 9.39071088e-02  3.26110863e+00 
 9.39471088e-02  3.26110863e+00 
 9.39871088e-02  3.26110863e+00 
 9.39999992e-02  3.26110863e+00 
 9.39999993e-02  3.26110863e+00 
 9.39999994e-02  3.26110863e+00 
 9.39999998e-02  3.26110863e+00 
 9.40000000e-02  3.26110864e+00 
 9.40000001e-02  3.26110864e+00 
 9.40000002e-02  3.26110865e+00 
 9.40000004e-02  3.26110868e+00 
 9.40000010e-02  3.26110872e+00 
 9.40000020e-02  3.26110881e+00 
 9.40000040e-02  3.26110900e+00 
 9.40000081e-02  3.26110936e+00 
 9.40000163e-02  3.26111009e+00 
 9.40000327e-02  3.26111155e+00 
 9.40000655e-02  3.26111447e+00 
 9.40001310e-02  3.26112029e+00 
 9.40002621e-02  3.26113185e+00 
 9.40005242e-02  3.26115469e+00 
 9.40010485e-02  3.26119926e+00 
 9.40020971e-02  3.26128417e+00 
 9.40041942e-02  3.26143832e+00 
 9.40083885e-02  3.26169303e+00 
 9.40167772e-02  3.26204375e+00 
 9.40335544e-02  3.26238328e+00 
 9.40671088e-02  3.26254098e+00 
 9.41071088e-02  3.26253692e+00 
 9.41471088e-02  3.26253737e+00 
 9.41871088e-02  3.26253732e+00 
 9.42271088e-02  3.26253732e+00 
 9.42671088e-02  3.26253732e+00 
 9.43071088e-02  3.26253732e+00 
 9.43471088e-02  3.26253732e+00 
 9.43871088e-02  3.26253732e+00 
 9.43999992e-02  3.26253732e+00 
 9.43999993e-02  3.26253732e+00 
 9.43999994e-02  3.26253732e+00 
 9.43999998e-02  3.26253732e+00 
 9.44000000e-02  3.26253732e+00 
 9.44000001e-02  3.26253732e+00 
 9.44000002e-02  3.26253732e+00 
 9.44000004e-02  3.26253732e+00 
 9.44000010e-02  3.26253732e+00 
 9.44000020e-02  3.26253732e+00 
 9.44000040e-02  3.26253732e+00 
 9.44000081e-02  3.26253732e+00 
 9.44000163e-02  3.26253732e+00 
 9.44000327e-02  3.26253732e+00 
 9.44000655e-02  3.26253732e+00 
 9.44001310e-02  3.26253732e+00 
 9.44002621e-02  3.26253732e+00 
 9.44005242e-02  3.26253732e+00 
 9.44010485e-02  3.26253732e+00 
 9.44020971e-02  3.26253732e+00 
 9.44041942e-02  3.26253732e+00 
 9.44083885e-02  3.26253732e+00 
 9.44167772e-02  3.26253732e+00 
 9.44335544e-02  3.26253732e+00 
 9.44671088e-02  3.26253732e+00 
 9.45071088e-02  3.26253732e+00 
 9.45471088e-02  3.26253732e+00 
 9.45871088e-02  3.26253732e+00 
 9.46271088e-02  3.26253732e+00 
 9.46671088e-02  3.26253732e+00 
 9.47071088e-02  3.26253732e+00 
 9.47471088e-02  3.26253732e+00 
 9.47871088e-02  3.26253732e+00 
 9.47999992e-02  3.26253732e+00 
 9.47999993e-02  3.26253732e+00 
 9.47999994e-02  3.26253732e+00 
 9.47999998e-02  3.26253732e+00 
 9.48000000e-02  3.26253733e+00 
 9.48000001e-02  3.26253734e+00 
 9.48000002e-02  3.26253735e+00 
 9.48000004e-02  3.26253736e+00 
 9.48000010e-02  3.26253740e+00 
 9.48000020e-02  3.26253747e+00 
 9.48000040e-02  3.26253761e+00 
 9.48000081e-02  3.26253790e+00 
 9.48000163e-02  3.26253847e+00 
 9.48000327e-02  3.26253961e+00 
 9.48000655e-02  3.26254189e+00 
 9.48001310e-02  3.26254643e+00 
 9.48002621e-02  3.26255545e+00 
 9.48005242e-02  3.26257328e+00 
 9.48010485e-02  3.26260808e+00 
 9.48020971e-02  3.26267436e+00 
 9.48041942e-02  3.26279469e+00 
 9.48083885e-02  3.26299352e+00 
 9.48167772e-02  3.26326730e+00 
 9.48335544e-02  3.26353235e+00 
 9.48671088e-02  3.26365544e+00 
 9.49071088e-02  3.26365228e+00 
 9.49471088e-02  3.26365263e+00 
 9.49871088e-02  3.26365259e+00 
 9.50271088e-02  3.26365259e+00 
 9.50671088e-02  3.26365259e+00 
 9.51071088e-02  3.26365259e+00 
 9.51471088e-02  3.26365259e+00 
 9.51871088e-02  3.26365259e+00 
 9.51999992e-02  3.26365259e+00 
 9.51999993e-02  3.26365259e+00 
 9.51999994e-02  3.26365259e+00 
 9.51999998e-02  3.26365259e+00 
 9.52000000e-02  3.26365259e+00 
 9.52000001e-02  3.26365259e+00 
 9.52000002e-02  3.26365259e+00 
 9.52000004e-02  3.26365259e+00 
 9.52000010e-02  3.26365259e+00 
 9.52000020e-02  3.26365259e+00 
 9.52000040e-02  3.26365259e+00 
 9.52000081e-02  3.26365259e+00 
 9.52000163e-02  3.26365259e+00 
 9.52000327e-02  3.26365259e+00 
 9.52000655e-02  3.26365259e+00 
 9.52001310e-02  3.26365259e+00 
 9.52002621e-02  3.26365259e+00 
 9.52005242e-02  3.26365259e+00 
 9.52010485e-02  3.26365259e+00 
 9.52020971e-02  3.26365259e+00 
 9.52041942e-02  3.26365259e+00 
 9.52083885e-02  3.26365259e+00 
 9.52167772e-02  3.26365259e+00 
 9.52335544e-02  3.26365259e+00 
 9.52671088e-02  3.26365259e+00 
 9.53071088e-02  3.26365259e+00 
 9.53471088e-02  3.26365259e+00 
 9.53871088e-02  3.26365259e+00 
 9.54271088e-02  3.26365259e+00 
 9.54671088e-02  3.26365259e+00 
 9.55071088e-02  3.26365259e+00 
 9.55471088e-02  3.26365259e+00 
 9.55871088e-02  3.26365259e+00 
 9.55999992e-02  3.26365259e+00 
 9.55999993e-02  3.26365259e+00 
 9.55999994e-02  3.26365259e+00 
 9.55999998e-02  3.26365259e+00 
 9.56000000e-02  3.26365260e+00 
 9.56000001e-02  3.26365260e+00 
 9.56000002e-02  3.26365261e+00 
 9.56000004e-02  3.26365262e+00 
 9.56000010e-02  3.26365265e+00 
 9.56000020e-02  3.26365271e+00 
 9.56000040e-02  3.26365282e+00 
 9.56000081e-02  3.26365304e+00 
 9.56000163e-02  3.26365348e+00 
 9.56000327e-02  3.26365437e+00 
 9.56000655e-02  3.26365613e+00 
 9.56001310e-02  3.26365965e+00 
 9.56002621e-02  3.26366665e+00 
 9.56005242e-02  3.26368048e+00 
 9.56010485e-02  3.26370747e+00 
 9.56020971e-02  3.26375887e+00 
 9.56041942e-02  3.26385220e+00 
 9.56083885e-02  3.26400640e+00 
 9.56167772e-02  3.26421873e+00 
 9.56335544e-02  3.26442429e+00 
 9.56671088e-02  3.26451976e+00 
 9.57071088e-02  3.26451730e+00 
 9.57471088e-02  3.26451757e+00 
 9.57871088e-02  3.26451754e+00 
 9.58271088e-02  3.26451754e+00 
 9.58671088e-02  3.26451754e+00 
 9.59071088e-02  3.26451754e+00 
 9.59471088e-02  3.26451754e+00 
 9.59871088e-02  3.26451754e+00 
 9.59999992e-02  3.26451754e+00 
 9.59999993e-02  3.26451754e+00 
 9.59999994e-02  3.26451754e+00 
 9.59999998e-02  3.26451754e+00 
 9.60000000e-02  3.26451754e+00 
 9.60000001e-02  3.26451754e+00 
 9.60000002e-02  3.26451754e+00 
 9.60000004e-02  3.26451754e+00 
 9.60000010e-02  3.26451754e+00 
 9.60000020e-02  3.26451754e+00 
 9.60000040e-02  3.26451754e+00 
 9.60000081e-02  3.26451754e+00 
 9.60000163e-02  3.26451754e+00 
 9.60000327e-02  3.26451754e+00 
 9.60000655e-02  3.26451754e+00 
 9.60001310e-02  3.26451754e+00 
 9.60002621e-02  3.26451754e+00 
 9.60005242e-02  3.26451754e+00 
 9.60010485e-02  3.26451754e+00 
 9.60020971e-02  3.26451754e+00 
 9.60041942e-02  3.26451754e+00 
 9.60083885e-02  3.26451754e+00 
 9.60167772e-02  3.26451754e+00 
 9.60335544e-02  3.26451754e+00 
 9.60671088e-02  3.26451754e+00 
 9.61071088e-02  3.26451754e+00 
 9.61471088e-02  3.26451754e+00 
 9.61871088e-02  3.26451754e+00 
 9.62271088e-02  3.26451754e+00 
 9.62671088e-02  3.26451754e+00 
 9.63071088e-02  3.26451754e+00 
 9.63471088e-02  3.26451754e+00 
 9.63871088e-02  3.26451754e+00 
 9.63999992e-02  3.26451754e+00 
 9.63999993e-02  3.26451754e+00 
 9.63999994e-02  3.26451754e+00 
 9.63999998e-02  3.26451754e+00 
 9.64000000e-02  3.26451755e+00 
 9.64000001e-02  3.26451755e+00 
 9.64000002e-02  3.26451756e+00 
 9.64000004e-02  3.26451757e+00 
 9.64000010e-02  3.26451759e+00 
 9.64000020e-02  3.26451763e+00 
 9.64000040e-02  3.26451772e+00 
 9.64000081e-02  3.26451789e+00 
 9.64000163e-02  3.26451823e+00 
 9.64000327e-02  3.26451891e+00 
 9.64000655e-02  3.26452027e+00 
 9.64001310e-02  3.26452298e+00 
 9.64002621e-02  3.26452836e+00 
 9.64005242e-02  3.26453900e+00 
 9.64010485e-02  3.26455977e+00 
 9.64020971e-02  3.26459933e+00 
 9.64041942e-02  3.26467115e+00 
 9.64083885e-02  3.26478981e+00 
 9.64167772e-02  3.26495320e+00 
 9.64335544e-02  3.26511139e+00 
 9.64671088e-02  3.26518486e+00 
 9.65071088e-02  3.26518297e+00 
 9.65471088e-02  3.26518318e+00 
 9.65871088e-02  3.26518315e+00 
 9.66271088e-02  3.26518315e+00 
 9.66671088e-02  3.26518315e+00 
 9.67071088e-02  3.26518315e+00 
 9.67471088e-02  3.26518315e+00 
 9.67871088e-02  3.26518315e+00 
 9.67999992e-02  3.26518315e+00 
 9.67999993e-02  3.26518315e+00 
 9.67999994e-02  3.26518315e+00 
 9.67999998e-02  3.26518315e+00 
 9.68000000e-02  3.26518315e+00 
 9.68000001e-02  3.26518315e+00 
 9.68000002e-02  3.26518315e+00 
 9.68000004e-02  3.26518315e+00 
 9.68000010e-02  3.26518315e+00 
 9.68000020e-02  3.26518315e+00 
 9.68000040e-02  3.26518315e+00 
 9.68000081e-02  3.26518315e+00 
 9.68000163e-02  3.26518315e+00 
 9.68000327e-02  3.26518315e+00 
 9.68000655e-02  3.26518315e+00 
 9.68001310e-02  3.26518315e+00 
 9.68002621e-02  3.26518315e+00 
 9.68005242e-02  3.26518315e+00 
 9.68010485e-02  3.26518315e+00 
 9.68020971e-02  3.26518315e+00 
 9.68041942e-02  3.26518315e+00 
 9.68083885e-02  3.26518315e+00 
 9.68167772e-02  3.26518315e+00 
 9.68335544e-02  3.26518315e+00 
 9.68671088e-02  3.26518315e+00 
 9.69071088e-02  3.26518315e+00 
 9.69471088e-02  3.26518315e+00 
 9.69871088e-02  3.26518315e+00 
 9.70271088e-02  3.26518315e+00 
 9.70671088e-02  3.26518315e+00 
 9.71071088e-02  3.26518315e+00 
 9.71471088e-02  3.26518315e+00 
 9.71871088e-02  3.26518315e+00 
 9.71999992e-02  3.26518315e+00 
 9.71999993e-02  3.26518315e+00 
 9.71999994e-02  3.26518315e+00 
 9.71999998e-02  3.26518315e+00 
 9.72000000e-02  3.26518316e+00 
 9.72000001e-02  3.26518316e+00 
 9.72000002e-02  3.26518316e+00 
 9.72000004e-02  3.26518317e+00 
 9.72000010e-02  3.26518319e+00 
 9.72000020e-02  3.26518322e+00 
 9.72000040e-02  3.26518329e+00 
 9.72000081e-02  3.26518342e+00 
 9.72000163e-02  3.26518368e+00 
 9.72000327e-02  3.26518419e+00 
 9.72000655e-02  3.26518523e+00 
 9.72001310e-02  3.26518730e+00 
 9.72002621e-02  3.26519140e+00 
 9.72005242e-02  3.26519951e+00 
 9.72010485e-02  3.26521534e+00 
 9.72020971e-02  3.26524550e+00 
 9.72041942e-02  3.26530024e+00 
 9.72083885e-02  3.26539070e+00 
 9.72167772e-02  3.26551525e+00 
 9.72335544e-02  3.26563583e+00 
 9.72671088e-02  3.26569183e+00 
 9.73071088e-02  3.26569039e+00 
 9.73471088e-02  3.26569055e+00 
 9.73871088e-02  3.26569053e+00 
 9.74271088e-02  3.26569053e+00 
 9.74671088e-02  3.26569053e+00 
 9.75071088e-02  3.26569053e+00 
 9.75471088e-02  3.26569053e+00 
 9.75871088e-02  3.26569053e+00 
 9.75999992e-02  3.26569053e+00 
 9.75999993e-02  3.26569053e+00 
 9.75999994e-02  3.26569053e+00 
 9.75999998e-02  3.26569053e+00 
 9.76000000e-02  3.26569053e+00 
 9.76000001e-02  3.26569053e+00 
 9.76000002e-02  3.26569053e+00 
 9.76000004e-02  3.26569053e+00 
 9.76000010e-02  3.26569053e+00 
 9.76000020e-02  3.26569053e+00 
 9.76000040e-02  3.26569053e+00 
 9.76000081e-02  3.26569053e+00 
 9.76000163e-02  3.26569053e+00 
 9.76000327e-02  3.26569053e+00 
 9.76000655e-02  3.26569053e+00 
 9.76001310e-02  3.26569053e+00 
 9.76002621e-02  3.26569053e+00 
 9.76005242e-02  3.26569053e+00 
 9.76010485e-02  3.26569053e+00 
 9.76020971e-02  3.26569053e+00 
 9.76041942e-02  3.26569053e+00 
 9.76083885e-02  3.26569053e+00 
 9.76167772e-02  3.26569053e+00 
 9.76335544e-02  3.26569053e+00 
 9.76671088e-02  3.26569053e+00 
 9.77071088e-02  3.26569053e+00 
 9.77471088e-02  3.26569053e+00 
 9.77871088e-02  3.26569053e+00 
 9.78271088e-02  3.26569053e+00 
 9.78671088e-02  3.26569053e+00 
 9.79071088e-02  3.26569053e+00 
 9.79471088e-02  3.26569053e+00 
 9.79871088e-02  3.26569053e+00 
 9.79999992e-02  3.26569053e+00 
 9.79999993e-02  3.26569053e+00 
 9.79999994e-02  3.26569053e+00 
 9.79999998e-02  3.26569053e+00 
 9.80000000e-02  3.26569054e+00 
 9.80000001e-02  3.26569054e+00 
 9.80000002e-02  3.26569054e+00 
 9.80000004e-02  3.26569055e+00 
 9.80000010e-02  3.26569056e+00 
 9.80000020e-02  3.26569058e+00 
 9.80000040e-02  3.26569063e+00 
 9.80000081e-02  3.26569073e+00 
 9.80000163e-02  3.26569093e+00 
 9.80000327e-02  3.26569132e+00 
 9.80000655e-02  3.26569210e+00 
 9.80001310e-02  3.26569365e+00 
 9.80002621e-02  3.26569675e+00 
 9.80005242e-02  3.26570286e+00 
 9.80010485e-02  3.26571478e+00 
 9.80020971e-02  3.26573750e+00 
 9.80041942e-02  3.26577874e+00 
 9.80083885e-02  3.26584689e+00 
 9.80167772e-02  3.26594072e+00 
 9.80335544e-02  3.26603156e+00 
 9.80671088e-02  3.26607375e+00 
 9.81071088e-02  3.26607266e+00 
 9.81471088e-02  3.26607278e+00 
 9.81871088e-02  3.26607277e+00 
 9.82271088e-02  3.26607277e+00 
 9.82671088e-02  3.26607277e+00 
 9.83071088e-02  3.26607277e+00 
 9.83471088e-02  3.26607277e+00 
 9.83871088e-02  3.26607277e+00 
 9.83999992e-02  3.26607277e+00 
 9.83999993e-02  3.26607277e+00 
 9.83999994e-02  3.26607277e+00 
 9.83999998e-02  3.26607277e+00 
 9.84000000e-02  3.26607277e+00 
 9.84000001e-02  3.26607277e+00 
 9.84000002e-02  3.26607277e+00 
 9.84000004e-02  3.26607277e+00 
 9.84000010e-02  3.26607277e+00 
 9.84000020e-02  3.26607277e+00 
 9.84000040e-02  3.26607277e+00 
 9.84000081e-02  3.26607277e+00 
 9.84000163e-02  3.26607277e+00 
 9.84000327e-02  3.26607277e+00 
 9.84000655e-02  3.26607277e+00 
 9.84001310e-02  3.26607277e+00 
 9.84002621e-02  3.26607277e+00 
 9.84005242e-02  3.26607277e+00 
 9.84010485e-02  3.26607277e+00 
 9.84020971e-02  3.26607277e+00 
 9.84041942e-02  3.26607277e+00 
 9.84083885e-02  3.26607277e+00 
 9.84167772e-02  3.26607277e+00 
 9.84335544e-02  3.26607277e+00 
 9.84671088e-02  3.26607277e+00 
 9.85071088e-02  3.26607277e+00 
 9.85471088e-02  3.26607277e+00 
 9.85871088e-02  3.26607277e+00 
 9.86271088e-02  3.26607277e+00 
 9.86671088e-02  3.26607277e+00 
 9.87071088e-02  3.26607277e+00 
 9.87471088e-02  3.26607277e+00 
 9.87871088e-02  3.26607277e+00 
 9.87999992e-02  3.26607277e+00 
 9.87999993e-02  3.26607277e+00 
 9.87999994e-02  3.26607277e+00 
 9.87999998e-02  3.26607277e+00 
 9.88000000e-02  3.26607277e+00 
 9.88000001e-02  3.26607277e+00 
 9.88000002e-02  3.26607278e+00 
 9.88000004e-02  3.26607278e+00 
 9.88000010e-02  3.26607279e+00 
 9.88000020e-02  3.26607281e+00 
 9.88000040e-02  3.26607284e+00 
 9.88000081e-02  3.26607292e+00 
 9.88000163e-02  3.26607306e+00 
 9.88000327e-02  3.26607335e+00 
 9.88000655e-02  3.26607393e+00 
 9.88001310e-02  3.26607509e+00 
 9.88002621e-02  3.26607738e+00 
 9.88005242e-02  3.26608192e+00 
 9.88010485e-02  3.26609077e+00 
 9.88020971e-02  3.26610763e+00 
 9.88041942e-02  3.26613824e+00 
 9.88083885e-02  3.26618881e+00 
 9.88167772e-02  3.26625845e+00 
 9.88335544e-02  3.26632587e+00 
 9.88671088e-02  3.26635718e+00 
 9.89071088e-02  3.26635637e+00 
 9.89471088e-02  3.26635646e+00 
 9.89871088e-02  3.26635645e+00 
 9.90271088e-02  3.26635645e+00 
 9.90671088e-02  3.26635645e+00 
 9.91071088e-02  3.26635645e+00 
 9.91471088e-02  3.26635645e+00 
 9.91871088e-02  3.26635645e+00 
 9.91999992e-02  3.26635645e+00 
 9.91999993e-02  3.26635645e+00 
 9.91999994e-02  3.26635645e+00 
 9.91999998e-02  3.26635645e+00 
 9.92000000e-02  3.26635645e+00 
 9.92000001e-02  3.26635645e+00 
 9.92000002e-02  3.26635645e+00 
 9.92000004e-02  3.26635645e+00 
 9.92000010e-02  3.26635645e+00 
 9.92000020e-02  3.26635645e+00 
 9.92000040e-02  3.26635645e+00 
 9.92000081e-02  3.26635645e+00 
 9.92000163e-02  3.26635645e+00 
 9.92000327e-02  3.26635645e+00 
 9.92000655e-02  3.26635645e+00 
 9.92001310e-02  3.26635645e+00 
 9.92002621e-02  3.26635645e+00 
 9.92005242e-02  3.26635645e+00 
 9.92010485e-02  3.26635645e+00 
 9.92020971e-02  3.26635645e+00 
 9.92041942e-02  3.26635645e+00 
 9.92083885e-02  3.26635645e+00 
 9.92167772e-02  3.26635645e+00 
 9.92335544e-02  3.26635645e+00 
 9.92671088e-02  3.26635645e+00 
 9.93071088e-02  3.26635645e+00 
 9.93471088e-02  3.26635645e+00 
 9.93871088e-02  3.26635645e+00 
 9.94271088e-02  3.26635645e+00 
 9.94671088e-02  3.26635645e+00 
 9.95071088e-02  3.26635645e+00 
 9.95471088e-02  3.26635645e+00 
 9.95871088e-02  3.26635645e+00 
 9.95999992e-02  3.26635645e+00 
 9.95999993e-02  3.26635645e+00 
 9.95999994e-02  3.26635645e+00 
 9.95999998e-02  3.26635645e+00 
 9.96000000e-02  3.26635646e+00 
 9.96000001e-02  3.26635646e+00 
 9.96000002e-02  3.26635646e+00 
 9.96000004e-02  3.26635646e+00 
 9.96000010e-02  3.26635647e+00 
 9.96000020e-02  3.26635648e+00 
 9.96000040e-02  3.26635651e+00 
 9.96000081e-02  3.26635656e+00 
 9.96000163e-02  3.26635667e+00 
 9.96000327e-02  3.26635688e+00 
 9.96000655e-02  3.26635730e+00 
 9.96001310e-02  3.26635814e+00 
 9.96002621e-02  3.26635981e+00 
 9.96005242e-02  3.26636311e+00 
 9.96010485e-02  3.26636955e+00 
 9.96020971e-02  3.26638182e+00 
 9.96041942e-02  3.26640410e+00 
 9.96083885e-02  3.26644090e+00 
 9.96167772e-02  3.26649158e+00 
 9.96335544e-02  3.26654064e+00 
 9.96671088e-02  3.26656343e+00 
 9.97071088e-02  3.26656284e+00 
 9.97471088e-02  3.26656291e+00 
 9.97871088e-02  3.26656290e+00 
 9.98271088e-02  3.26656290e+00 
 9.98671088e-02  3.26656290e+00 
 9.99071088e-02  3.26656290e+00 
 9.99471088e-02  3.26656290e+00 
 9.99871088e-02  3.26656290e+00 
 9.99999992e-02  3.26656290e+00 
 9.99999993e-02  3.26656290e+00 
 9.99999994e-02  3.26656290e+00 
 9.99999998e-02  3.26656290e+00 
 1.00000000e-01  3.26656290e+00 
 1.00000000e-01  3.26656290e+00 
 1.00000000e-01  3.26656290e+00 
 1.00000000e-01  3.26656290e+00 
 1.00000001e-01  3.26656290e+00 
 1.00000002e-01  3.26656290e+00 
 1.00000004e-01  3.26656290e+00 
 1.00000008e-01  3.26656290e+00 
 1.00000016e-01  3.26656290e+00 
 1.00000033e-01  3.26656290e+00 
 1.00000065e-01  3.26656290e+00 
 1.00000131e-01  3.26656290e+00 
 1.00000262e-01  3.26656290e+00 
 1.00000524e-01  3.26656290e+00 
 1.00001049e-01  3.26656290e+00 
 1.00002097e-01  3.26656290e+00 
 1.00004194e-01  3.26656290e+00 
 1.00008389e-01  3.26656290e+00 
 1.00016777e-01  3.26656290e+00 
 1.00033554e-01  3.26656290e+00 
 1.00067109e-01  3.26656290e+00 
 1.00107109e-01  3.26656290e+00 
 1.00147109e-01  3.26656290e+00 
 1.00187109e-01  3.26656290e+00 
 1.00227109e-01  3.26656290e+00 
 1.00267109e-01  3.26656290e+00 
 1.00307109e-01  3.26656290e+00 
 1.00347109e-01  3.26656290e+00 
 1.00387109e-01  3.26656290e+00 
 1.00399999e-01  3.26656290e+00 
 1.00399999e-01  3.26656290e+00 
 1.00399999e-01  3.26656290e+00 
 1.00400000e-01  3.26656290e+00 
 1.00400000e-01  3.26656290e+00 
 1.00400000e-01  3.26656290e+00 
 1.00400000e-01  3.26656290e+00 
 1.00400000e-01  3.26656291e+00 
 1.00400001e-01  3.26656291e+00 
 1.00400002e-01  3.26656292e+00 
 1.00400004e-01  3.26656294e+00 
 1.00400008e-01  3.26656298e+00 
 1.00400016e-01  3.26656305e+00 
 1.00400033e-01  3.26656320e+00 
 1.00400065e-01  3.26656350e+00 
 1.00400131e-01  3.26656409e+00 
 1.00400262e-01  3.26656528e+00 
 1.00400524e-01  3.26656762e+00 
 1.00401049e-01  3.26657218e+00 
 1.00402097e-01  3.26658087e+00 
 1.00404194e-01  3.26659665e+00 
 1.00408389e-01  3.26662273e+00 
 1.00416777e-01  3.26665863e+00 
 1.00433554e-01  3.26669339e+00 
 1.00467109e-01  3.26670954e+00 
 1.00507109e-01  3.26670912e+00 
 1.00547109e-01  3.26670917e+00 
 1.00587109e-01  3.26670916e+00 
 1.00627109e-01  3.26670916e+00 
 1.00667109e-01  3.26670916e+00 
 1.00707109e-01  3.26670916e+00 
 1.00747109e-01  3.26670916e+00 
 1.00787109e-01  3.26670916e+00 
 1.00799999e-01  3.26670916e+00 
 1.00799999e-01  3.26670916e+00 
 1.00799999e-01  3.26670916e+00 
 1.00800000e-01  3.26670916e+00 
 1.00800000e-01  3.26670916e+00 
 1.00800000e-01  3.26670916e+00 
 1.00800000e-01  3.26670916e+00 
 1.00800000e-01  3.26670916e+00 
 1.00800001e-01  3.26670916e+00 
 1.00800002e-01  3.26670916e+00 
 1.00800004e-01  3.26670916e+00 
 1.00800008e-01  3.26670916e+00 
 1.00800016e-01  3.26670916e+00 
 1.00800033e-01  3.26670916e+00 
 1.00800065e-01  3.26670916e+00 
 1.00800131e-01  3.26670916e+00 
 1.00800262e-01  3.26670916e+00 
 1.00800524e-01  3.26670916e+00 
 1.00801049e-01  3.26670916e+00 
 1.00802097e-01  3.26670916e+00 
 1.00804194e-01  3.26670916e+00 
 1.00808389e-01  3.26670916e+00 
 1.00816777e-01  3.26670916e+00 
 1.00833554e-01  3.26670916e+00 
 1.00867109e-01  3.26670916e+00 
 1.00907109e-01  3.26670916e+00 
 1.00947109e-01  3.26670916e+00 
 1.00987109e-01  3.26670916e+00 
 1.01027109e-01  3.26670916e+00 
 1.01067109e-01  3.26670916e+00 
 1.01107109e-01  3.26670916e+00 
 1.01147109e-01  3.26670916e+00 
 1.01187109e-01  3.26670916e+00 
 1.01199999e-01  3.26670916e+00 
 1.01199999e-01  3.26670916e+00 
 1.01199999e-01  3.26670916e+00 
 1.01200000e-01  3.26670916e+00 
 1.01200000e-01  3.26670916e+00 
 1.01200000e-01  3.26670916e+00 
 1.01200000e-01  3.26670916e+00 
 1.01200000e-01  3.26670917e+00 
 1.01200001e-01  3.26670917e+00 
 1.01200002e-01  3.26670918e+00 
 1.01200004e-01  3.26670919e+00 
 1.01200008e-01  3.26670921e+00 
 1.01200016e-01  3.26670926e+00 
 1.01200033e-01  3.26670937e+00 
 1.01200065e-01  3.26670957e+00 
 1.01200131e-01  3.26670998e+00 
 1.01200262e-01  3.26671078e+00 
 1.01200524e-01  3.26671238e+00 
 1.01201049e-01  3.26671549e+00 
 1.01202097e-01  3.26672141e+00 
 1.01204194e-01  3.26673217e+00 
 1.01208389e-01  3.26674994e+00 
 1.01216777e-01  3.26677441e+00 
 1.01233554e-01  3.26679810e+00 
 1.01267109e-01  3.26680910e+00 
 1.01307109e-01  3.26680882e+00 
 1.01347109e-01  3.26680885e+00 
 1.01387109e-01  3.26680884e+00 
 1.01427109e-01  3.26680884e+00 
 1.01467109e-01  3.26680884e+00 
 1.01507109e-01  3.26680884e+00 
 1.01547109e-01  3.26680884e+00 
 1.01587109e-01  3.26680884e+00 
 1.01599999e-01  3.26680884e+00 
 1.01599999e-01  3.26680884e+00 
 1.01599999e-01  3.26680884e+00 
 1.01600000e-01  3.26680884e+00 
 1.01600000e-01  3.26680884e+00 
 1.01600000e-01  3.26680884e+00 
 1.01600000e-01  3.26680884e+00 
 1.01600000e-01  3.26680884e+00 
 1.01600001e-01  3.26680884e+00 
 1.01600002e-01  3.26680884e+00 
 1.01600004e-01  3.26680884e+00 
 1.01600008e-01  3.26680884e+00 
 1.01600016e-01  3.26680884e+00 
 1.01600033e-01  3.26680884e+00 
 1.01600065e-01  3.26680884e+00 
 1.01600131e-01  3.26680884e+00 
 1.01600262e-01  3.26680884e+00 
 1.01600524e-01  3.26680884e+00 
 1.01601049e-01  3.26680884e+00 
 1.01602097e-01  3.26680884e+00 
 1.01604194e-01  3.26680884e+00 
 1.01608389e-01  3.26680884e+00 
 1.01616777e-01  3.26680884e+00 
 1.01633554e-01  3.26680884e+00 
 1.01667109e-01  3.26680884e+00 
 1.01707109e-01  3.26680884e+00 
 1.01747109e-01  3.26680884e+00 
 1.01787109e-01  3.26680884e+00 
 1.01827109e-01  3.26680884e+00 
 1.01867109e-01  3.26680884e+00 
 1.01907109e-01  3.26680884e+00 
 1.01947109e-01  3.26680884e+00 
 1.01987109e-01  3.26680884e+00 
 1.01999999e-01  3.26680884e+00 
 1.01999999e-01  3.26680884e+00 
 1.01999999e-01  3.26680884e+00 
 1.02000000e-01  3.26680884e+00 
 1.02000000e-01  3.26680885e+00 
 1.02000000e-01  3.26680885e+00 
 1.02000000e-01  3.26680885e+00 
 1.02000000e-01  3.26680885e+00 
 1.02000001e-01  3.26680885e+00 
 1.02000002e-01  3.26680885e+00 
 1.02000004e-01  3.26680886e+00 
 1.02000008e-01  3.26680888e+00 
 1.02000016e-01  3.26680891e+00 
 1.02000033e-01  3.26680898e+00 
 1.02000065e-01  3.26680911e+00 
 1.02000131e-01  3.26680937e+00 
 1.02000262e-01  3.26680988e+00 
 1.02000524e-01  3.26681091e+00 
 1.02001049e-01  3.26681290e+00 
 1.02002097e-01  3.26681670e+00 
 1.02004194e-01  3.26682360e+00 
 1.02008389e-01  3.26683499e+00 
 1.02016777e-01  3.26685069e+00 
 1.02033554e-01  3.26686588e+00 
 1.02067109e-01  3.26687294e+00 
 1.02107109e-01  3.26687275e+00 
 1.02147109e-01  3.26687278e+00 
 1.02187109e-01  3.26687277e+00 
 1.02227109e-01  3.26687277e+00 
 1.02267109e-01  3.26687277e+00 
 1.02307109e-01  3.26687277e+00 
 1.02347109e-01  3.26687277e+00 
 1.02387109e-01  3.26687277e+00 
 1.02399999e-01  3.26687277e+00 
 1.02399999e-01  3.26687277e+00 
 1.02399999e-01  3.26687277e+00 
 1.02400000e-01  3.26687277e+00 
 1.02400000e-01  3.26687277e+00 
 1.02400000e-01  3.26687277e+00 
 1.02400000e-01  3.26687277e+00 
 1.02400000e-01  3.26687277e+00 
 1.02400001e-01  3.26687277e+00 
 1.02400002e-01  3.26687277e+00 
 1.02400004e-01  3.26687277e+00 
 1.02400008e-01  3.26687277e+00 
 1.02400016e-01  3.26687277e+00 
 1.02400033e-01  3.26687277e+00 
 1.02400065e-01  3.26687277e+00 
 1.02400131e-01  3.26687277e+00 
 1.02400262e-01  3.26687277e+00 
 1.02400524e-01  3.26687277e+00 
 1.02401049e-01  3.26687277e+00 
 1.02402097e-01  3.26687277e+00 
 1.02404194e-01  3.26687277e+00 
 1.02408389e-01  3.26687277e+00 
 1.02416777e-01  3.26687277e+00 
 1.02433554e-01  3.26687277e+00 
 1.02467109e-01  3.26687277e+00 
 1.02507109e-01  3.26687277e+00 
 1.02547109e-01  3.26687277e+00 
 1.02587109e-01  3.26687277e+00 
 1.02627109e-01  3.26687277e+00 
 1.02667109e-01  3.26687277e+00 
 1.02707109e-01  3.26687277e+00 
 1.02747109e-01  3.26687277e+00 
 1.02787109e-01  3.26687277e+00 
 1.02799999e-01  3.26687277e+00 
 1.02799999e-01  3.26687277e+00 
 1.02799999e-01  3.26687277e+00 
 1.02800000e-01  3.26687277e+00 
 1.02800000e-01  3.26687277e+00 
 1.02800000e-01  3.26687277e+00 
 1.02800000e-01  3.26687277e+00 
 1.02800000e-01  3.26687277e+00 
 1.02800001e-01  3.26687278e+00 
 1.02800002e-01  3.26687278e+00 
 1.02800004e-01  3.26687278e+00 
 1.02800008e-01  3.26687279e+00 
 1.02800016e-01  3.26687281e+00 
 1.02800033e-01  3.26687285e+00 
 1.02800065e-01  3.26687292e+00 
 1.02800131e-01  3.26687307e+00 
 1.02800262e-01  3.26687337e+00 
 1.02800524e-01  3.26687396e+00 
 1.02801049e-01  3.26687511e+00 
 1.02802097e-01  3.26687729e+00 
 1.02804194e-01  3.26688126e+00 
 1.02808389e-01  3.26688781e+00 
 1.02816777e-01  3.26689683e+00 
 1.02833554e-01  3.26690557e+00 
 1.02867109e-01  3.26690963e+00 
 1.02907109e-01  3.26690952e+00 
 1.02947109e-01  3.26690953e+00 
 1.02987109e-01  3.26690953e+00 
 1.03027109e-01  3.26690953e+00 
 1.03067109e-01  3.26690953e+00 
 1.03107109e-01  3.26690953e+00 
 1.03147109e-01  3.26690953e+00 
 1.03187109e-01  3.26690953e+00 
 1.03199999e-01  3.26690953e+00 
 1.03199999e-01  3.26690953e+00 
 1.03199999e-01  3.26690953e+00 
 1.03200000e-01  3.26690953e+00 
 1.03200000e-01  3.26690953e+00 
 1.03200000e-01  3.26690953e+00 
 1.03200000e-01  3.26690953e+00 
 1.03200000e-01  3.26690953e+00 
 1.03200001e-01  3.26690953e+00 
 1.03200002e-01  3.26690953e+00 
 1.03200004e-01  3.26690953e+00 
 1.03200008e-01  3.26690953e+00 
 1.03200016e-01  3.26690953e+00 
 1.03200033e-01  3.26690953e+00 
 1.03200065e-01  3.26690953e+00 
 1.03200131e-01  3.26690953e+00 
 1.03200262e-01  3.26690953e+00 
 1.03200524e-01  3.26690953e+00 
 1.03201049e-01  3.26690953e+00 
 1.03202097e-01  3.26690953e+00 
 1.03204194e-01  3.26690953e+00 
 1.03208389e-01  3.26690953e+00 
 1.03216777e-01  3.26690953e+00 
 1.03233554e-01  3.26690953e+00 
 1.03267109e-01  3.26690953e+00 
 1.03307109e-01  3.26690953e+00 
 1.03347109e-01  3.26690953e+00 
 1.03387109e-01  3.26690953e+00 
 1.03427109e-01  3.26690953e+00 
 1.03467109e-01  3.26690953e+00 
 1.03507109e-01  3.26690953e+00 
 1.03547109e-01  3.26690953e+00 
 1.03587109e-01  3.26690953e+00 
 1.03599999e-01  3.26690953e+00 
 1.03599999e-01  3.26690953e+00 
 1.03599999e-01  3.26690953e+00 
 1.03600000e-01  3.26690953e+00 
 1.03600000e-01  3.26690953e+00 
 1.03600000e-01  3.26690953e+00 
 1.03600000e-01  3.26690953e+00 
 1.03600000e-01  3.26690953e+00 
 1.03600001e-01  3.26690953e+00 
 1.03600002e-01  3.26690953e+00 
 1.03600004e-01  3.26690954e+00 
 1.03600008e-01  3.26690954e+00 
 1.03600016e-01  3.26690955e+00 
 1.03600033e-01  3.26690957e+00 
 1.03600065e-01  3.26690960e+00 
 1.03600131e-01  3.26690967e+00 
 1.03600262e-01  3.26690980e+00 
 1.03600524e-01  3.26691006e+00 
 1.03601049e-01  3.26691057e+00 
 1.03602097e-01  3.26691154e+00 
 1.03604194e-01  3.26691331e+00 
 1.03608389e-01  3.26691623e+00 
 1.03616777e-01  3.26692025e+00 
 1.03633554e-01  3.26692414e+00 
 1.03667109e-01  3.26692594e+00 
 1.03707109e-01  3.26692590e+00 
 1.03747109e-01  3.26692590e+00 
 1.03787109e-01  3.26692590e+00 
 1.03827109e-01  3.26692590e+00 
 1.03867109e-01  3.26692590e+00 
 1.03907109e-01  3.26692590e+00 
 1.03947109e-01  3.26692590e+00 
 1.03987109e-01  3.26692590e+00 
 1.03999999e-01  3.26692590e+00 
 1.03999999e-01  3.26692590e+00 
 1.03999999e-01  3.26692590e+00 
 1.04000000e-01  3.26692590e+00 
 1.04000000e-01  3.26692590e+00 
 1.04000000e-01  3.26692590e+00 
 1.04000000e-01  3.26692590e+00 
 1.04000000e-01  3.26692590e+00 
 1.04000001e-01  3.26692590e+00 
 1.04000002e-01  3.26692590e+00 
 1.04000004e-01  3.26692590e+00 
 1.04000008e-01  3.26692590e+00 
 1.04000016e-01  3.26692590e+00 
 1.04000033e-01  3.26692590e+00 
 1.04000065e-01  3.26692590e+00 
 1.04000131e-01  3.26692590e+00 
 1.04000262e-01  3.26692590e+00 
 1.04000524e-01  3.26692590e+00 
 1.04001049e-01  3.26692590e+00 
 1.04002097e-01  3.26692590e+00 
 1.04004194e-01  3.26692590e+00 
 1.04008389e-01  3.26692590e+00 
 1.04016777e-01  3.26692590e+00 
 1.04033554e-01  3.26692590e+00 
 1.04067109e-01  3.26692590e+00 
 1.04107109e-01  3.26692590e+00 
 1.04147109e-01  3.26692590e+00 
 1.04187109e-01  3.26692590e+00 
 1.04227109e-01  3.26692590e+00 
 1.04267109e-01  3.26692590e+00 
 1.04307109e-01  3.26692590e+00 
 1.04347109e-01  3.26692590e+00 
 1.04387109e-01  3.26692590e+00 
 1.04399999e-01  3.26692590e+00 
 1.04399999e-01  3.26692590e+00 
 1.04399999e-01  3.26692590e+00 
 1.04400000e-01  3.26692590e+00 
 1.04400000e-01  3.26692590e+00 
 1.04400000e-01  3.26692590e+00 
 1.04400000e-01  3.26692590e+00 
 1.04400000e-01  3.26692590e+00 
 1.04400001e-01  3.26692590e+00 
 1.04400002e-01  3.26692590e+00 
 1.04400004e-01  3.26692590e+00 
 1.04400008e-01  3.26692590e+00 
 1.04400016e-01  3.26692590e+00 
 1.04400033e-01  3.26692591e+00 
 1.04400065e-01  3.26692591e+00 
 1.04400131e-01  3.26692591e+00 
 1.04400262e-01  3.26692592e+00 
 1.04400524e-01  3.26692595e+00 
 1.04401049e-01  3.26692599e+00 
 1.04402097e-01  3.26692606e+00 
 1.04404194e-01  3.26692621e+00 
 1.04408389e-01  3.26692644e+00 
 1.04416777e-01  3.26692677e+00 
 1.04433554e-01  3.26692708e+00 
 1.04467109e-01  3.26692722e+00 
 1.04507109e-01  3.26692722e+00 
 1.04547109e-01  3.26692722e+00 
 1.04587109e-01  3.26692722e+00 
 1.04627109e-01  3.26692722e+00 
 1.04667109e-01  3.26692722e+00 
 1.04707109e-01  3.26692722e+00 
 1.04747109e-01  3.26692722e+00 
 1.04787109e-01  3.26692722e+00 
 1.04799999e-01  3.26692722e+00 
 1.04799999e-01  3.26692722e+00 
 1.04799999e-01  3.26692722e+00 
 1.04800000e-01  3.26692722e+00 
 1.04800000e-01  3.26692722e+00 
 1.04800000e-01  3.26692722e+00 
 1.04800000e-01  3.26692722e+00 
 1.04800000e-01  3.26692722e+00 
 1.04800001e-01  3.26692722e+00 
 1.04800002e-01  3.26692722e+00 
 1.04800004e-01  3.26692722e+00 
 1.04800008e-01  3.26692722e+00 
 1.04800016e-01  3.26692722e+00 
 1.04800033e-01  3.26692722e+00 
 1.04800065e-01  3.26692722e+00 
 1.04800131e-01  3.26692722e+00 
 1.04800262e-01  3.26692722e+00 
 1.04800524e-01  3.26692722e+00 
 1.04801049e-01  3.26692722e+00 
 1.04802097e-01  3.26692722e+00 
 1.04804194e-01  3.26692722e+00 
 1.04808389e-01  3.26692722e+00 
 1.04816777e-01  3.26692722e+00 
 1.04833554e-01  3.26692722e+00 
 1.04867109e-01  3.26692722e+00 
 1.04907109e-01  3.26692722e+00 
 1.04947109e-01  3.26692722e+00 
 1.04987109e-01  3.26692722e+00 
 1.05027109e-01  3.26692722e+00 
 1.05067109e-01  3.26692722e+00 
 1.05107109e-01  3.26692722e+00 
 1.05147109e-01  3.26692722e+00 
 1.05187109e-01  3.26692722e+00 
 1.05199999e-01  3.26692722e+00 
 1.05199999e-01  3.26692722e+00 
 1.05199999e-01  3.26692722e+00 
 1.05200000e-01  3.26692722e+00 
 1.05200000e-01  3.26692722e+00 
 1.05200000e-01  3.26692722e+00 
 1.05200000e-01  3.26692722e+00 
 1.05200000e-01  3.26692722e+00 
 1.05200001e-01  3.26692722e+00 
 1.05200002e-01  3.26692722e+00 
 1.05200004e-01  3.26692722e+00 
 1.05200008e-01  3.26692722e+00 
 1.05200016e-01  3.26692721e+00 
 1.05200033e-01  3.26692720e+00 
 1.05200065e-01  3.26692718e+00 
 1.05200131e-01  3.26692714e+00 
 1.05200262e-01  3.26692707e+00 
 1.05200524e-01  3.26692691e+00 
 1.05201049e-01  3.26692661e+00 
 1.05202097e-01  3.26692605e+00 
 1.05204194e-01  3.26692501e+00 
 1.05208389e-01  3.26692331e+00 
 1.05216777e-01  3.26692096e+00 
 1.05233554e-01  3.26691869e+00 
 1.05267109e-01  3.26691764e+00 
 1.05307109e-01  3.26691766e+00 
 1.05347109e-01  3.26691766e+00 
 1.05387109e-01  3.26691766e+00 
 1.05427109e-01  3.26691766e+00 
 1.05467109e-01  3.26691766e+00 
 1.05507109e-01  3.26691766e+00 
 1.05547109e-01  3.26691766e+00 
 1.05587109e-01  3.26691766e+00 
 1.05599999e-01  3.26691766e+00 
 1.05599999e-01  3.26691766e+00 
 1.05599999e-01  3.26691766e+00 
 1.05600000e-01  3.26691766e+00 
 1.05600000e-01  3.26691766e+00 
 1.05600000e-01  3.26691766e+00 
 1.05600000e-01  3.26691766e+00 
 1.05600000e-01  3.26691766e+00 
 1.05600001e-01  3.26691766e+00 
 1.05600002e-01  3.26691766e+00 
 1.05600004e-01  3.26691766e+00 
 1.05600008e-01  3.26691766e+00 
 1.05600016e-01  3.26691766e+00 
 1.05600033e-01  3.26691766e+00 
 1.05600065e-01  3.26691766e+00 
 1.05600131e-01  3.26691766e+00 
 1.05600262e-01  3.26691766e+00 
 1.05600524e-01  3.26691766e+00 
 1.05601049e-01  3.26691766e+00 
 1.05602097e-01  3.26691766e+00 
 1.05604194e-01  3.26691766e+00 
 1.05608389e-01  3.26691766e+00 
 1.05616777e-01  3.26691766e+00 
 1.05633554e-01  3.26691766e+00 
 1.05667109e-01  3.26691766e+00 
 1.05707109e-01  3.26691766e+00 
 1.05747109e-01  3.26691766e+00 
 1.05787109e-01  3.26691766e+00 
 1.05827109e-01  3.26691766e+00 
 1.05867109e-01  3.26691766e+00 
 1.05907109e-01  3.26691766e+00 
 1.05947109e-01  3.26691766e+00 
 1.05987109e-01  3.26691766e+00 
 1.05999999e-01  3.26691766e+00 
 1.05999999e-01  3.26691766e+00 
 1.05999999e-01  3.26691766e+00 
 1.06000000e-01  3.26691766e+00 
 1.06000000e-01  3.26691766e+00 
 1.06000000e-01  3.26691766e+00 
 1.06000000e-01  3.26691766e+00 
 1.06000000e-01  3.26691766e+00 
 1.06000001e-01  3.26691766e+00 
 1.06000002e-01  3.26691766e+00 
 1.06000004e-01  3.26691766e+00 
 1.06000008e-01  3.26691765e+00 
 1.06000016e-01  3.26691764e+00 
 1.06000033e-01  3.26691762e+00 
 1.06000065e-01  3.26691759e+00 
 1.06000131e-01  3.26691752e+00 
 1.06000262e-01  3.26691738e+00 
 1.06000524e-01  3.26691711e+00 
 1.06001049e-01  3.26691657e+00 
 1.06002097e-01  3.26691555e+00 
 1.06004194e-01  3.26691369e+00 
 1.06008389e-01  3.26691063e+00 
 1.06016777e-01  3.26690641e+00 
 1.06033554e-01  3.26690232e+00 
 1.06067109e-01  3.26690043e+00 
 1.06107109e-01  3.26690047e+00 
 1.06147109e-01  3.26690047e+00 
 1.06187109e-01  3.26690047e+00 
 1.06227109e-01  3.26690047e+00 
 1.06267109e-01  3.26690047e+00 
 1.06307109e-01  3.26690047e+00 
 1.06347109e-01  3.26690047e+00 
 1.06387109e-01  3.26690047e+00 
 1.06399999e-01  3.26690047e+00 
 1.06399999e-01  3.26690047e+00 
 1.06399999e-01  3.26690047e+00 
 1.06400000e-01  3.26690047e+00 
 1.06400000e-01  3.26690047e+00 
 1.06400000e-01  3.26690047e+00 
 1.06400000e-01  3.26690047e+00 
 1.06400000e-01  3.26690047e+00 
 1.06400001e-01  3.26690047e+00 
 1.06400002e-01  3.26690047e+00 
 1.06400004e-01  3.26690047e+00 
 1.06400008e-01  3.26690047e+00 
 1.06400016e-01  3.26690047e+00 
 1.06400033e-01  3.26690047e+00 
 1.06400065e-01  3.26690047e+00 
 1.06400131e-01  3.26690047e+00 
 1.06400262e-01  3.26690047e+00 
 1.06400524e-01  3.26690047e+00 
 1.06401049e-01  3.26690047e+00 
 1.06402097e-01  3.26690047e+00 
 1.06404194e-01  3.26690047e+00 
 1.06408389e-01  3.26690047e+00 
 1.06416777e-01  3.26690047e+00 
 1.06433554e-01  3.26690047e+00 
 1.06467109e-01  3.26690047e+00 
 1.06507109e-01  3.26690047e+00 
 1.06547109e-01  3.26690047e+00 
 1.06587109e-01  3.26690047e+00 
 1.06627109e-01  3.26690047e+00 
 1.06667109e-01  3.26690047e+00 
 1.06707109e-01  3.26690047e+00 
 1.06747109e-01  3.26690047e+00 
 1.06787109e-01  3.26690047e+00 
 1.06799999e-01  3.26690047e+00 
 1.06799999e-01  3.26690047e+00 
 1.06799999e-01  3.26690047e+00 
 1.06800000e-01  3.26690047e+00 
 1.06800000e-01  3.26690047e+00 
 1.06800000e-01  3.26690047e+00 
 1.06800000e-01  3.26690047e+00 
 1.06800000e-01  3.26690047e+00 
 1.06800001e-01  3.26690047e+00 
 1.06800002e-01  3.26690047e+00 
 1.06800004e-01  3.26690046e+00 
 1.06800008e-01  3.26690046e+00 
 1.06800016e-01  3.26690045e+00 
 1.06800033e-01  3.26690042e+00 
 1.06800065e-01  3.26690038e+00 
 1.06800131e-01  3.26690029e+00 
 1.06800262e-01  3.26690011e+00 
 1.06800524e-01  3.26689975e+00 
 1.06801049e-01  3.26689905e+00 
 1.06802097e-01  3.26689773e+00 
 1.06804194e-01  3.26689532e+00 
 1.06808389e-01  3.26689134e+00 
 1.06816777e-01  3.26688586e+00 
 1.06833554e-01  3.26688056e+00 
 1.06867109e-01  3.26687810e+00 
 1.06907109e-01  3.26687816e+00 
 1.06947109e-01  3.26687816e+00 
 1.06987109e-01  3.26687816e+00 
 1.07027109e-01  3.26687816e+00 
 1.07067109e-01  3.26687816e+00 
 1.07107109e-01  3.26687816e+00 
 1.07147109e-01  3.26687816e+00 
 1.07187109e-01  3.26687816e+00 
 1.07199999e-01  3.26687816e+00 
 1.07199999e-01  3.26687816e+00 
 1.07199999e-01  3.26687816e+00 
 1.07200000e-01  3.26687816e+00 
 1.07200000e-01  3.26687816e+00 
 1.07200000e-01  3.26687816e+00 
 1.07200000e-01  3.26687816e+00 
 1.07200000e-01  3.26687816e+00 
 1.07200001e-01  3.26687816e+00 
 1.07200002e-01  3.26687816e+00 
 1.07200004e-01  3.26687816e+00 
 1.07200008e-01  3.26687816e+00 
 1.07200016e-01  3.26687816e+00 
 1.07200033e-01  3.26687816e+00 
 1.07200065e-01  3.26687816e+00 
 1.07200131e-01  3.26687816e+00 
 1.07200262e-01  3.26687816e+00 
 1.07200524e-01  3.26687816e+00 
 1.07201049e-01  3.26687816e+00 
 1.07202097e-01  3.26687816e+00 
 1.07204194e-01  3.26687816e+00 
 1.07208389e-01  3.26687816e+00 
 1.07216777e-01  3.26687816e+00 
 1.07233554e-01  3.26687816e+00 
 1.07267109e-01  3.26687816e+00 
 1.07307109e-01  3.26687816e+00 
 1.07347109e-01  3.26687816e+00 
 1.07387109e-01  3.26687816e+00 
 1.07427109e-01  3.26687816e+00 
 1.07467109e-01  3.26687816e+00 
 1.07507109e-01  3.26687816e+00 
 1.07547109e-01  3.26687816e+00 
 1.07587109e-01  3.26687816e+00 
 1.07599999e-01  3.26687816e+00 
 1.07599999e-01  3.26687816e+00 
 1.07599999e-01  3.26687816e+00 
 1.07600000e-01  3.26687816e+00 
 1.07600000e-01  3.26687816e+00 
 1.07600000e-01  3.26687816e+00 
 1.07600000e-01  3.26687816e+00 
 1.07600000e-01  3.26687816e+00 
 1.07600001e-01  3.26687815e+00 
 1.07600002e-01  3.26687815e+00 
 1.07600004e-01  3.26687815e+00 
 1.07600008e-01  3.26687814e+00 
 1.07600016e-01  3.26687813e+00 
 1.07600033e-01  3.26687810e+00 
 1.07600065e-01  3.26687805e+00 
 1.07600131e-01  3.26687795e+00 
 1.07600262e-01  3.26687774e+00 
 1.07600524e-01  3.26687733e+00 
 1.07601049e-01  3.26687654e+00 
 1.07602097e-01  3.26687502e+00 
 1.07604194e-01  3.26687227e+00 
 1.07608389e-01  3.26686772e+00 
 1.07616777e-01  3.26686146e+00 
 1.07633554e-01  3.26685539e+00 
 1.07667109e-01  3.26685258e+00 
 1.07707109e-01  3.26685265e+00 
 1.07747109e-01  3.26685264e+00 
 1.07787109e-01  3.26685264e+00 
 1.07827109e-01  3.26685264e+00 
 1.07867109e-01  3.26685264e+00 
 1.07907109e-01  3.26685264e+00 
 1.07947109e-01  3.26685264e+00 
 1.07987109e-01  3.26685264e+00 
 1.07999999e-01  3.26685264e+00 
 1.07999999e-01  3.26685264e+00 
 1.07999999e-01  3.26685264e+00 
 1.08000000e-01  3.26685264e+00 
 1.08000000e-01  3.26685264e+00 
 1.08000000e-01  3.26685264e+00 
 1.08000000e-01  3.26685264e+00 
 1.08000000e-01  3.26685264e+00 
 1.08000001e-01  3.26685264e+00 
 1.08000002e-01  3.26685264e+00 
 1.08000004e-01  3.26685264e+00 
 1.08000008e-01  3.26685264e+00 
 1.08000016e-01  3.26685264e+00 
 1.08000033e-01  3.26685264e+00 
 1.08000065e-01  3.26685264e+00 
 1.08000131e-01  3.26685264e+00 
 1.08000262e-01  3.26685264e+00 
 1.08000524e-01  3.26685264e+00 
 1.08001049e-01  3.26685264e+00 
 1.08002097e-01  3.26685264e+00 
 1.08004194e-01  3.26685264e+00 
 1.08008389e-01  3.26685264e+00 
 1.08016777e-01  3.26685264e+00 
 1.08033554e-01  3.26685264e+00 
 1.08067109e-01  3.26685264e+00 
 1.08107109e-01  3.26685264e+00 
 1.08147109e-01  3.26685264e+00 
 1.08187109e-01  3.26685264e+00 
 1.08227109e-01  3.26685264e+00 
 1.08267109e-01  3.26685264e+00 
 1.08307109e-01  3.26685264e+00 
 1.08347109e-01  3.26685264e+00 
 1.08387109e-01  3.26685264e+00 
 1.08399999e-01  3.26685264e+00 
 1.08399999e-01  3.26685264e+00 
 1.08399999e-01  3.26685264e+00 
 1.08400000e-01  3.26685264e+00 
 1.08400000e-01  3.26685264e+00 
 1.08400000e-01  3.26685264e+00 
 1.08400000e-01  3.26685264e+00 
 1.08400000e-01  3.26685264e+00 
 1.08400001e-01  3.26685264e+00 
 1.08400002e-01  3.26685264e+00 
 1.08400004e-01  3.26685264e+00 
 1.08400008e-01  3.26685263e+00 
 1.08400016e-01  3.26685261e+00 
 1.08400033e-01  3.26685259e+00 
 1.08400065e-01  3.26685253e+00 
 1.08400131e-01  3.26685242e+00 
 1.08400262e-01  3.26685220e+00 
 1.08400524e-01  3.26685176e+00 
 1.08401049e-01  3.26685091e+00 
 1.08402097e-01  3.26684929e+00 
 1.08404194e-01  3.26684635e+00 
 1.08408389e-01  3.26684149e+00 
 1.08416777e-01  3.26683480e+00 
 1.08433554e-01  3.26682832e+00 
 1.08467109e-01  3.26682531e+00 
 1.08507109e-01  3.26682539e+00 
 1.08547109e-01  3.26682538e+00 
 1.08587109e-01  3.26682538e+00 
 1.08627109e-01  3.26682538e+00 
 1.08667109e-01  3.26682538e+00 
 1.08707109e-01  3.26682538e+00 
 1.08747109e-01  3.26682538e+00 
 1.08787109e-01  3.26682538e+00 
 1.08799999e-01  3.26682538e+00 
 1.08799999e-01  3.26682538e+00 
 1.08799999e-01  3.26682538e+00 
 1.08800000e-01  3.26682538e+00 
 1.08800000e-01  3.26682538e+00 
 1.08800000e-01  3.26682538e+00 
 1.08800000e-01  3.26682538e+00 
 1.08800000e-01  3.26682538e+00 
 1.08800001e-01  3.26682538e+00 
 1.08800002e-01  3.26682538e+00 
 1.08800004e-01  3.26682538e+00 
 1.08800008e-01  3.26682538e+00 
 1.08800016e-01  3.26682538e+00 
 1.08800033e-01  3.26682538e+00 
 1.08800065e-01  3.26682538e+00 
 1.08800131e-01  3.26682538e+00 
 1.08800262e-01  3.26682538e+00 
 1.08800524e-01  3.26682538e+00 
 1.08801049e-01  3.26682538e+00 
 1.08802097e-01  3.26682538e+00 
 1.08804194e-01  3.26682538e+00 
 1.08808389e-01  3.26682538e+00 
 1.08816777e-01  3.26682538e+00 
 1.08833554e-01  3.26682538e+00 
 1.08867109e-01  3.26682538e+00 
 1.08907109e-01  3.26682538e+00 
 1.08947109e-01  3.26682538e+00 
 1.08987109e-01  3.26682538e+00 
 1.09027109e-01  3.26682538e+00 
 1.09067109e-01  3.26682538e+00 
 1.09107109e-01  3.26682538e+00 
 1.09147109e-01  3.26682538e+00 
 1.09187109e-01  3.26682538e+00 
 1.09199999e-01  3.26682538e+00 
 1.09199999e-01  3.26682538e+00 
 1.09199999e-01  3.26682538e+00 
 1.09200000e-01  3.26682538e+00 
 1.09200000e-01  3.26682538e+00 
 1.09200000e-01  3.26682538e+00 
 1.09200000e-01  3.26682538e+00 
 1.09200000e-01  3.26682538e+00 
 1.09200001e-01  3.26682538e+00 
 1.09200002e-01  3.26682538e+00 
 1.09200004e-01  3.26682538e+00 
 1.09200008e-01  3.26682537e+00 
 1.09200016e-01  3.26682535e+00 
 1.09200033e-01  3.26682533e+00 
 1.09200065e-01  3.26682527e+00 
 1.09200131e-01  3.26682515e+00 
 1.09200262e-01  3.26682493e+00 
 1.09200524e-01  3.26682448e+00 
 1.09201049e-01  3.26682361e+00 
 1.09202097e-01  3.26682195e+00 
 1.09204194e-01  3.26681894e+00 
 1.09208389e-01  3.26681396e+00 
 1.09216777e-01  3.26680711e+00 
 1.09233554e-01  3.26680047e+00 
 1.09267109e-01  3.26679739e+00 
 1.09307109e-01  3.26679747e+00 
 1.09347109e-01  3.26679746e+00 
 1.09387109e-01  3.26679746e+00 
 1.09427109e-01  3.26679746e+00 
 1.09467109e-01  3.26679746e+00 
 1.09507109e-01  3.26679746e+00 
 1.09547109e-01  3.26679746e+00 
 1.09587109e-01  3.26679746e+00 
 1.09599999e-01  3.26679746e+00 
 1.09599999e-01  3.26679746e+00 
 1.09599999e-01  3.26679746e+00 
 1.09600000e-01  3.26679746e+00 
 1.09600000e-01  3.26679746e+00 
 1.09600000e-01  3.26679746e+00 
 1.09600000e-01  3.26679746e+00 
 1.09600000e-01  3.26679746e+00 
 1.09600001e-01  3.26679746e+00 
 1.09600002e-01  3.26679746e+00 
 1.09600004e-01  3.26679746e+00 
 1.09600008e-01  3.26679746e+00 
 1.09600016e-01  3.26679746e+00 
 1.09600033e-01  3.26679746e+00 
 1.09600065e-01  3.26679746e+00 
 1.09600131e-01  3.26679746e+00 
 1.09600262e-01  3.26679746e+00 
 1.09600524e-01  3.26679746e+00 
 1.09601049e-01  3.26679746e+00 
 1.09602097e-01  3.26679746e+00 
 1.09604194e-01  3.26679746e+00 
 1.09608389e-01  3.26679746e+00 
 1.09616777e-01  3.26679746e+00 
 1.09633554e-01  3.26679746e+00 
 1.09667109e-01  3.26679746e+00 
 1.09707109e-01  3.26679746e+00 
 1.09747109e-01  3.26679746e+00 
 1.09787109e-01  3.26679746e+00 
 1.09827109e-01  3.26679746e+00 
 1.09867109e-01  3.26679746e+00 
 1.09907109e-01  3.26679746e+00 
 1.09947109e-01  3.26679746e+00 
 1.09987109e-01  3.26679746e+00 
 1.09999999e-01  3.26679746e+00 
 1.09999999e-01  3.26679746e+00 
 1.09999999e-01  3.26679746e+00 
 1.10000000e-01  3.26679746e+00 
 1.10000000e-01  3.26679746e+00 
 1.10000000e-01  3.26679746e+00 
 1.10000000e-01  3.26679746e+00 
 1.10000000e-01  3.26679746e+00 
 1.10000001e-01  3.26679746e+00 
 1.10000002e-01  3.26679746e+00 
 1.10000004e-01  3.26679746e+00 
 1.10000008e-01  3.26679745e+00 
 1.10000016e-01  3.26679744e+00 
 1.10000033e-01  3.26679741e+00 
 1.10000065e-01  3.26679735e+00 
 1.10000131e-01  3.26679724e+00 
 1.10000262e-01  3.26679701e+00 
 1.10000524e-01  3.26679657e+00 
 1.10001049e-01  3.26679570e+00 
 1.10002097e-01  3.26679405e+00 
 1.10004194e-01  3.26679105e+00 
 1.10008389e-01  3.26678610e+00 
 1.10016777e-01  3.26677928e+00 
 1.10033554e-01  3.26677268e+00 
 1.10067109e-01  3.26676961e+00 
 1.10107109e-01  3.26676969e+00 
 1.10147109e-01  3.26676968e+00 
 1.10187109e-01  3.26676969e+00 
 1.10227109e-01  3.26676968e+00 
 1.10267109e-01  3.26676968e+00 
 1.10307109e-01  3.26676968e+00 
 1.10347109e-01  3.26676968e+00 
 1.10387109e-01  3.26676968e+00 
 1.10399999e-01  3.26676968e+00 
 1.10399999e-01  3.26676968e+00 
 1.10399999e-01  3.26676968e+00 
 1.10400000e-01  3.26676968e+00 
 1.10400000e-01  3.26676968e+00 
 1.10400000e-01  3.26676968e+00 
 1.10400000e-01  3.26676968e+00 
 1.10400000e-01  3.26676968e+00 
 1.10400001e-01  3.26676968e+00 
 1.10400002e-01  3.26676968e+00 
 1.10400004e-01  3.26676968e+00 
 1.10400008e-01  3.26676968e+00 
 1.10400016e-01  3.26676968e+00 
 1.10400033e-01  3.26676968e+00 
 1.10400065e-01  3.26676968e+00 
 1.10400131e-01  3.26676968e+00 
 1.10400262e-01  3.26676968e+00 
 1.10400524e-01  3.26676968e+00 
 1.10401049e-01  3.26676968e+00 
 1.10402097e-01  3.26676968e+00 
 1.10404194e-01  3.26676968e+00 
 1.10408389e-01  3.26676968e+00 
 1.10416777e-01  3.26676968e+00 
 1.10433554e-01  3.26676968e+00 
 1.10467109e-01  3.26676968e+00 
 1.10507109e-01  3.26676968e+00 
 1.10547109e-01  3.26676968e+00 
 1.10587109e-01  3.26676968e+00 
 1.10627109e-01  3.26676968e+00 
 1.10667109e-01  3.26676968e+00 
 1.10707109e-01  3.26676968e+00 
 1.10747109e-01  3.26676968e+00 
 1.10787109e-01  3.26676968e+00 
 1.10799999e-01  3.26676968e+00 
 1.10799999e-01  3.26676968e+00 
 1.10799999e-01  3.26676968e+00 
 1.10800000e-01  3.26676968e+00 
 1.10800000e-01  3.26676968e+00 
 1.10800000e-01  3.26676968e+00 
 1.10800000e-01  3.26676968e+00 
 1.10800000e-01  3.26676968e+00 
 1.10800001e-01  3.26676968e+00 
 1.10800002e-01  3.26676968e+00 
 1.10800004e-01  3.26676968e+00 
 1.10800008e-01  3.26676967e+00 
 1.10800016e-01  3.26676966e+00 
 1.10800033e-01  3.26676963e+00 
 1.10800065e-01  3.26676957e+00 
 1.10800131e-01  3.26676946e+00 
 1.10800262e-01  3.26676924e+00 
 1.10800524e-01  3.26676881e+00 
 1.10801049e-01  3.26676797e+00 
 1.10802097e-01  3.26676636e+00 
 1.10804194e-01  3.26676344e+00 
 1.10808389e-01  3.26675861e+00 
 1.10816777e-01  3.26675197e+00 
 1.10833554e-01  3.26674554e+00 
 1.10867109e-01  3.26674255e+00 
 1.10907109e-01  3.26674263e+00 
 1.10947109e-01  3.26674262e+00 
 1.10987109e-01  3.26674262e+00 
 1.11027109e-01  3.26674262e+00 
 1.11067109e-01  3.26674262e+00 
 1.11107109e-01  3.26674262e+00 
 1.11147109e-01  3.26674262e+00 
 1.11187109e-01  3.26674262e+00 
 1.11199999e-01  3.26674262e+00 
 1.11199999e-01  3.26674262e+00 
 1.11199999e-01  3.26674262e+00 
 1.11200000e-01  3.26674262e+00 
 1.11200000e-01  3.26674262e+00 
 1.11200000e-01  3.26674262e+00 
 1.11200000e-01  3.26674262e+00 
 1.11200000e-01  3.26674262e+00 
 1.11200001e-01  3.26674262e+00 
 1.11200002e-01  3.26674262e+00 
 1.11200004e-01  3.26674262e+00 
 1.11200008e-01  3.26674262e+00 
 1.11200016e-01  3.26674262e+00 
 1.11200033e-01  3.26674262e+00 
 1.11200065e-01  3.26674262e+00 
 1.11200131e-01  3.26674262e+00 
 1.11200262e-01  3.26674262e+00 
 1.11200524e-01  3.26674262e+00 
 1.11201049e-01  3.26674262e+00 
 1.11202097e-01  3.26674262e+00 
 1.11204194e-01  3.26674262e+00 
 1.11208389e-01  3.26674262e+00 
 1.11216777e-01  3.26674262e+00 
 1.11233554e-01  3.26674262e+00 
 1.11267109e-01  3.26674262e+00 
 1.11307109e-01  3.26674262e+00 
 1.11347109e-01  3.26674262e+00 
 1.11387109e-01  3.26674262e+00 
 1.11427109e-01  3.26674262e+00 
 1.11467109e-01  3.26674262e+00 
 1.11507109e-01  3.26674262e+00 
 1.11547109e-01  3.26674262e+00 
 1.11587109e-01  3.26674262e+00 
 1.11599999e-01  3.26674262e+00 
 1.11599999e-01  3.26674262e+00 
 1.11599999e-01  3.26674262e+00 
 1.11600000e-01  3.26674262e+00 
 1.11600000e-01  3.26674262e+00 
 1.11600000e-01  3.26674262e+00 
 1.11600000e-01  3.26674262e+00 
 1.11600000e-01  3.26674262e+00 
 1.11600001e-01  3.26674262e+00 
 1.11600002e-01  3.26674262e+00 
 1.11600004e-01  3.26674261e+00 
 1.11600008e-01  3.26674261e+00 
 1.11600016e-01  3.26674259e+00 
 1.11600033e-01  3.26674257e+00 
 1.11600065e-01  3.26674251e+00 
 1.11600131e-01  3.26674241e+00 
 1.11600262e-01  3.26674220e+00 
 1.11600524e-01  3.26674178e+00 
 1.11601049e-01  3.26674097e+00 
 1.11602097e-01  3.26673943e+00 
 1.11604194e-01  3.26673663e+00 
 1.11608389e-01  3.26673200e+00 
 1.11616777e-01  3.26672563e+00 
 1.11633554e-01  3.26671946e+00 
 1.11667109e-01  3.26671660e+00 
 1.11707109e-01  3.26671667e+00 
 1.11747109e-01  3.26671666e+00 
 1.11787109e-01  3.26671666e+00 
 1.11827109e-01  3.26671666e+00 
 1.11867109e-01  3.26671666e+00 
 1.11907109e-01  3.26671666e+00 
 1.11947109e-01  3.26671666e+00 
 1.11987109e-01  3.26671666e+00 
 1.11999999e-01  3.26671666e+00 
 1.11999999e-01  3.26671666e+00 
 1.11999999e-01  3.26671666e+00 
 1.12000000e-01  3.26671666e+00 
 1.12000000e-01  3.26671666e+00 
 1.12000000e-01  3.26671666e+00 
 1.12000000e-01  3.26671666e+00 
 1.12000000e-01  3.26671666e+00 
 1.12000001e-01  3.26671666e+00 
 1.12000002e-01  3.26671666e+00 
 1.12000004e-01  3.26671666e+00 
 1.12000008e-01  3.26671666e+00 
 1.12000016e-01  3.26671666e+00 
 1.12000033e-01  3.26671666e+00 
 1.12000065e-01  3.26671666e+00 
 1.12000131e-01  3.26671666e+00 
 1.12000262e-01  3.26671666e+00 
 1.12000524e-01  3.26671666e+00 
 1.12001049e-01  3.26671666e+00 
 1.12002097e-01  3.26671666e+00 
 1.12004194e-01  3.26671666e+00 
 1.12008389e-01  3.26671666e+00 
 1.12016777e-01  3.26671666e+00 
 1.12033554e-01  3.26671666e+00 
 1.12067109e-01  3.26671666e+00 
 1.12107109e-01  3.26671666e+00 
 1.12147109e-01  3.26671666e+00 
 1.12187109e-01  3.26671666e+00 
 1.12227109e-01  3.26671666e+00 
 1.12267109e-01  3.26671666e+00 
 1.12307109e-01  3.26671666e+00 
 1.12347109e-01  3.26671666e+00 
 1.12387109e-01  3.26671666e+00 
 1.12399999e-01  3.26671666e+00 
 1.12399999e-01  3.26671666e+00 
 1.12399999e-01  3.26671666e+00 
 1.12400000e-01  3.26671666e+00 
 1.12400000e-01  3.26671666e+00 
 1.12400000e-01  3.26671666e+00 
 1.12400000e-01  3.26671666e+00 
 1.12400000e-01  3.26671666e+00 
 1.12400001e-01  3.26671666e+00 
 1.12400002e-01  3.26671666e+00 
 1.12400004e-01  3.26671666e+00 
 1.12400008e-01  3.26671665e+00 
 1.12400016e-01  3.26671664e+00 
 1.12400033e-01  3.26671661e+00 
 1.12400065e-01  3.26671656e+00 
 1.12400131e-01  3.26671646e+00 
 1.12400262e-01  3.26671626e+00 
 1.12400524e-01  3.26671587e+00 
 1.12401049e-01  3.26671510e+00 
 1.12402097e-01  3.26671364e+00 
 1.12404194e-01  3.26671099e+00 
 1.12408389e-01  3.26670661e+00 
 1.12416777e-01  3.26670057e+00 
 1.12433554e-01  3.26669473e+00 
 1.12467109e-01  3.26669201e+00 
 1.12507109e-01  3.26669208e+00 
 1.12547109e-01  3.26669208e+00 
 1.12587109e-01  3.26669208e+00 
 1.12627109e-01  3.26669208e+00 
 1.12667109e-01  3.26669208e+00 
 1.12707109e-01  3.26669208e+00 
 1.12747109e-01  3.26669208e+00 
 1.12787109e-01  3.26669208e+00 
 1.12799999e-01  3.26669208e+00 
 1.12799999e-01  3.26669208e+00 
 1.12799999e-01  3.26669208e+00 
 1.12800000e-01  3.26669208e+00 
 1.12800000e-01  3.26669208e+00 
 1.12800000e-01  3.26669208e+00 
 1.12800000e-01  3.26669208e+00 
 1.12800000e-01  3.26669208e+00 
 1.12800001e-01  3.26669208e+00 
 1.12800002e-01  3.26669208e+00 
 1.12800004e-01  3.26669208e+00 
 1.12800008e-01  3.26669208e+00 
 1.12800016e-01  3.26669208e+00 
 1.12800033e-01  3.26669208e+00 
 1.12800065e-01  3.26669208e+00 
 1.12800131e-01  3.26669208e+00 
 1.12800262e-01  3.26669208e+00 
 1.12800524e-01  3.26669208e+00 
 1.12801049e-01  3.26669208e+00 
 1.12802097e-01  3.26669208e+00 
 1.12804194e-01  3.26669208e+00 
 1.12808389e-01  3.26669208e+00 
 1.12816777e-01  3.26669208e+00 
 1.12833554e-01  3.26669208e+00 
 1.12867109e-01  3.26669208e+00 
 1.12907109e-01  3.26669208e+00 
 1.12947109e-01  3.26669208e+00 
 1.12987109e-01  3.26669208e+00 
 1.13027109e-01  3.26669208e+00 
 1.13067109e-01  3.26669208e+00 
 1.13107109e-01  3.26669208e+00 
 1.13147109e-01  3.26669208e+00 
 1.13187109e-01  3.26669208e+00 
 1.13199999e-01  3.26669208e+00 
 1.13199999e-01  3.26669208e+00 
 1.13199999e-01  3.26669208e+00 
 1.13200000e-01  3.26669208e+00 
 1.13200000e-01  3.26669208e+00 
 1.13200000e-01  3.26669208e+00 
 1.13200000e-01  3.26669208e+00 
 1.13200000e-01  3.26669208e+00 
 1.13200001e-01  3.26669208e+00 
 1.13200002e-01  3.26669207e+00 
 1.13200004e-01  3.26669207e+00 
 1.13200008e-01  3.26669207e+00 
 1.13200016e-01  3.26669205e+00 
 1.13200033e-01  3.26669203e+00 
 1.13200065e-01  3.26669198e+00 
 1.13200131e-01  3.26669189e+00 
 1.13200262e-01  3.26669170e+00 
 1.13200524e-01  3.26669133e+00 
 1.13201049e-01  3.26669062e+00 
 1.13202097e-01  3.26668925e+00 
 1.13204194e-01  3.26668676e+00 
 1.13208389e-01  3.26668265e+00 
 1.13216777e-01  3.26667699e+00 
 1.13233554e-01  3.26667151e+00 
 1.13267109e-01  3.26666897e+00 
 1.13307109e-01  3.26666903e+00 
 1.13347109e-01  3.26666902e+00 
 1.13387109e-01  3.26666902e+00 
 1.13427109e-01  3.26666902e+00 
 1.13467109e-01  3.26666902e+00 
 1.13507109e-01  3.26666902e+00 
 1.13547109e-01  3.26666902e+00 
 1.13587109e-01  3.26666902e+00 
 1.13599999e-01  3.26666902e+00 
 1.13599999e-01  3.26666902e+00 
 1.13599999e-01  3.26666902e+00 
 1.13600000e-01  3.26666902e+00 
 1.13600000e-01  3.26666902e+00 
 1.13600000e-01  3.26666902e+00 
 1.13600000e-01  3.26666902e+00 
 1.13600000e-01  3.26666902e+00 
 1.13600001e-01  3.26666902e+00 
 1.13600002e-01  3.26666902e+00 
 1.13600004e-01  3.26666902e+00 
 1.13600008e-01  3.26666902e+00 
 1.13600016e-01  3.26666902e+00 
 1.13600033e-01  3.26666902e+00 
 1.13600065e-01  3.26666902e+00 
 1.13600131e-01  3.26666902e+00 
 1.13600262e-01  3.26666902e+00 
 1.13600524e-01  3.26666902e+00 
 1.13601049e-01  3.26666902e+00 
 1.13602097e-01  3.26666902e+00 
 1.13604194e-01  3.26666902e+00 
 1.13608389e-01  3.26666902e+00 
 1.13616777e-01  3.26666902e+00 
 1.13633554e-01  3.26666902e+00 
 1.13667109e-01  3.26666902e+00 
 1.13707109e-01  3.26666902e+00 
 1.13747109e-01  3.26666902e+00 
 1.13787109e-01  3.26666902e+00 
 1.13827109e-01  3.26666902e+00 
 1.13867109e-01  3.26666902e+00 
 1.13907109e-01  3.26666902e+00 
 1.13947109e-01  3.26666902e+00 
 1.13987109e-01  3.26666902e+00 
 1.13999999e-01  3.26666902e+00 
 1.13999999e-01  3.26666902e+00 
 1.13999999e-01  3.26666902e+00 
 1.14000000e-01  3.26666902e+00 
 1.14000000e-01  3.26666902e+00 
 1.14000000e-01  3.26666902e+00 
 1.14000000e-01  3.26666902e+00 
 1.14000000e-01  3.26666902e+00 
 1.14000001e-01  3.26666902e+00 
 1.14000002e-01  3.26666902e+00 
 1.14000004e-01  3.26666902e+00 
 1.14000008e-01  3.26666901e+00 
 1.14000016e-01  3.26666900e+00 
 1.14000033e-01  3.26666898e+00 
 1.14000065e-01  3.26666894e+00 
 1.14000131e-01  3.26666885e+00 
 1.14000262e-01  3.26666868e+00 
 1.14000524e-01  3.26666833e+00 
 1.14001049e-01  3.26666766e+00 
 1.14002097e-01  3.26666639e+00 
 1.14004194e-01  3.26666408e+00 
 1.14008389e-01  3.26666025e+00 
 1.14016777e-01  3.26665499e+00 
 1.14033554e-01  3.26664989e+00 
 1.14067109e-01  3.26664753e+00 
 1.14107109e-01  3.26664759e+00 
 1.14147109e-01  3.26664758e+00 
 1.14187109e-01  3.26664758e+00 
 1.14227109e-01  3.26664758e+00 
 1.14267109e-01  3.26664758e+00 
 1.14307109e-01  3.26664758e+00 
 1.14347109e-01  3.26664758e+00 
 1.14387109e-01  3.26664758e+00 
 1.14399999e-01  3.26664758e+00 
 1.14399999e-01  3.26664758e+00 
 1.14399999e-01  3.26664758e+00 
 1.14400000e-01  3.26664758e+00 
 1.14400000e-01  3.26664758e+00 
 1.14400000e-01  3.26664758e+00 
 1.14400000e-01  3.26664758e+00 
 1.14400000e-01  3.26664758e+00 
 1.14400001e-01  3.26664758e+00 
 1.14400002e-01  3.26664758e+00 
 1.14400004e-01  3.26664758e+00 
 1.14400008e-01  3.26664758e+00 
 1.14400016e-01  3.26664758e+00 
 1.14400033e-01  3.26664758e+00 
 1.14400065e-01  3.26664758e+00 
 1.14400131e-01  3.26664758e+00 
 1.14400262e-01  3.26664758e+00 
 1.14400524e-01  3.26664758e+00 
 1.14401049e-01  3.26664758e+00 
 1.14402097e-01  3.26664758e+00 
 1.14404194e-01  3.26664758e+00 
 1.14408389e-01  3.26664758e+00 
 1.14416777e-01  3.26664758e+00 
 1.14433554e-01  3.26664758e+00 
 1.14467109e-01  3.26664758e+00 
 1.14507109e-01  3.26664758e+00 
 1.14547109e-01  3.26664758e+00 
 1.14587109e-01  3.26664758e+00 
 1.14627109e-01  3.26664758e+00 
 1.14667109e-01  3.26664758e+00 
 1.14707109e-01  3.26664758e+00 
 1.14747109e-01  3.26664758e+00 
 1.14787109e-01  3.26664758e+00 
 1.14799999e-01  3.26664758e+00 
 1.14799999e-01  3.26664758e+00 
 1.14799999e-01  3.26664758e+00 
 1.14800000e-01  3.26664758e+00 
 1.14800000e-01  3.26664758e+00 
 1.14800000e-01  3.26664758e+00 
 1.14800000e-01  3.26664758e+00 
 1.14800000e-01  3.26664758e+00 
 1.14800001e-01  3.26664758e+00 
 1.14800002e-01  3.26664758e+00 
 1.14800004e-01  3.26664758e+00 
 1.14800008e-01  3.26664757e+00 
 1.14800016e-01  3.26664756e+00 
 1.14800033e-01  3.26664754e+00 
 1.14800065e-01  3.26664750e+00 
 1.14800131e-01  3.26664742e+00 
 1.14800262e-01  3.26664726e+00 
 1.14800524e-01  3.26664694e+00 
 1.14801049e-01  3.26664633e+00 
 1.14802097e-01  3.26664515e+00 
 1.14804194e-01  3.26664301e+00 
 1.14808389e-01  3.26663948e+00 
 1.14816777e-01  3.26663462e+00 
 1.14833554e-01  3.26662991e+00 
 1.14867109e-01  3.26662773e+00 
 1.14907109e-01  3.26662778e+00 
 1.14947109e-01  3.26662778e+00 
 1.14987109e-01  3.26662778e+00 
 1.15027109e-01  3.26662778e+00 
 1.15067109e-01  3.26662778e+00 
 1.15107109e-01  3.26662778e+00 
 1.15147109e-01  3.26662778e+00 
 1.15187109e-01  3.26662778e+00 
 1.15199999e-01  3.26662778e+00 
 1.15199999e-01  3.26662778e+00 
 1.15199999e-01  3.26662778e+00 
 1.15200000e-01  3.26662778e+00 
 1.15200000e-01  3.26662778e+00 
 1.15200000e-01  3.26662778e+00 
 1.15200000e-01  3.26662778e+00 
 1.15200000e-01  3.26662778e+00 
 1.15200001e-01  3.26662778e+00 
 1.15200002e-01  3.26662778e+00 
 1.15200004e-01  3.26662778e+00 
 1.15200008e-01  3.26662778e+00 
 1.15200016e-01  3.26662778e+00 
 1.15200033e-01  3.26662778e+00 
 1.15200065e-01  3.26662778e+00 
 1.15200131e-01  3.26662778e+00 
 1.15200262e-01  3.26662778e+00 
 1.15200524e-01  3.26662778e+00 
 1.15201049e-01  3.26662778e+00 
 1.15202097e-01  3.26662778e+00 
 1.15204194e-01  3.26662778e+00 
 1.15208389e-01  3.26662778e+00 
 1.15216777e-01  3.26662778e+00 
 1.15233554e-01  3.26662778e+00 
 1.15267109e-01  3.26662778e+00 
 1.15307109e-01  3.26662778e+00 
 1.15347109e-01  3.26662778e+00 
 1.15387109e-01  3.26662778e+00 
 1.15427109e-01  3.26662778e+00 
 1.15467109e-01  3.26662778e+00 
 1.15507109e-01  3.26662778e+00 
 1.15547109e-01  3.26662778e+00 
 1.15587109e-01  3.26662778e+00 
 1.15599999e-01  3.26662778e+00 
 1.15599999e-01  3.26662778e+00 
 1.15599999e-01  3.26662778e+00 
 1.15600000e-01  3.26662778e+00 
 1.15600000e-01  3.26662778e+00 
 1.15600000e-01  3.26662778e+00 
 1.15600000e-01  3.26662778e+00 
 1.15600000e-01  3.26662778e+00 
 1.15600001e-01  3.26662778e+00 
 1.15600002e-01  3.26662777e+00 
 1.15600004e-01  3.26662777e+00 
 1.15600008e-01  3.26662777e+00 
 1.15600016e-01  3.26662776e+00 
 1.15600033e-01  3.26662774e+00 
 1.15600065e-01  3.26662770e+00 
 1.15600131e-01  3.26662763e+00 
 1.15600262e-01  3.26662748e+00 
 1.15600524e-01  3.26662719e+00 
 1.15601049e-01  3.26662662e+00 
 1.15602097e-01  3.26662554e+00 
 1.15604194e-01  3.26662358e+00 
 1.15608389e-01  3.26662034e+00 
 1.15616777e-01  3.26661587e+00 
 1.15633554e-01  3.26661155e+00 
 1.15667109e-01  3.26660954e+00 
 1.15707109e-01  3.26660959e+00 
 1.15747109e-01  3.26660959e+00 
 1.15787109e-01  3.26660959e+00 
 1.15827109e-01  3.26660959e+00 
 1.15867109e-01  3.26660959e+00 
 1.15907109e-01  3.26660959e+00 
 1.15947109e-01  3.26660959e+00 
 1.15987109e-01  3.26660959e+00 
 1.15999999e-01  3.26660959e+00 
 1.15999999e-01  3.26660959e+00 
 1.15999999e-01  3.26660959e+00 
 1.16000000e-01  3.26660959e+00 
 1.16000000e-01  3.26660959e+00 
 1.16000000e-01  3.26660959e+00 
 1.16000000e-01  3.26660959e+00 
 1.16000000e-01  3.26660959e+00 
 1.16000001e-01  3.26660959e+00 
 1.16000002e-01  3.26660959e+00 
 1.16000004e-01  3.26660959e+00 
 1.16000008e-01  3.26660959e+00 
 1.16000016e-01  3.26660959e+00 
 1.16000033e-01  3.26660959e+00 
 1.16000065e-01  3.26660959e+00 
 1.16000131e-01  3.26660959e+00 
 1.16000262e-01  3.26660959e+00 
 1.16000524e-01  3.26660959e+00 
 1.16001049e-01  3.26660959e+00 
 1.16002097e-01  3.26660959e+00 
 1.16004194e-01  3.26660959e+00 
 1.16008389e-01  3.26660959e+00 
 1.16016777e-01  3.26660959e+00 
 1.16033554e-01  3.26660959e+00 
 1.16067109e-01  3.26660959e+00 
 1.16107109e-01  3.26660959e+00 
 1.16147109e-01  3.26660959e+00 
 1.16187109e-01  3.26660959e+00 
 1.16227109e-01  3.26660959e+00 
 1.16267109e-01  3.26660959e+00 
 1.16307109e-01  3.26660959e+00 
 1.16347109e-01  3.26660959e+00 
 1.16387109e-01  3.26660959e+00 
 1.16399999e-01  3.26660959e+00 
 1.16399999e-01  3.26660959e+00 
 1.16399999e-01  3.26660959e+00 
 1.16400000e-01  3.26660959e+00 
 1.16400000e-01  3.26660959e+00 
 1.16400000e-01  3.26660959e+00 
 1.16400000e-01  3.26660959e+00 
 1.16400000e-01  3.26660959e+00 
 1.16400001e-01  3.26660959e+00 
 1.16400002e-01  3.26660958e+00 
 1.16400004e-01  3.26660958e+00 
 1.16400008e-01  3.26660958e+00 
 1.16400016e-01  3.26660957e+00 
 1.16400033e-01  3.26660955e+00 
 1.16400065e-01  3.26660952e+00 
 1.16400131e-01  3.26660945e+00 
 1.16400262e-01  3.26660932e+00 
 1.16400524e-01  3.26660905e+00 
 1.16401049e-01  3.26660853e+00 
 1.16402097e-01  3.26660754e+00 
 1.16404194e-01  3.26660575e+00 
 1.16408389e-01  3.26660279e+00 
 1.16416777e-01  3.26659871e+00 
 1.16433554e-01  3.26659476e+00 
 1.16467109e-01  3.26659292e+00 
 1.16507109e-01  3.26659297e+00 
 1.16547109e-01  3.26659296e+00 
 1.16587109e-01  3.26659296e+00 
 1.16627109e-01  3.26659296e+00 
 1.16667109e-01  3.26659296e+00 
 1.16707109e-01  3.26659296e+00 
 1.16747109e-01  3.26659296e+00 
 1.16787109e-01  3.26659296e+00 
 1.16799999e-01  3.26659296e+00 
 1.16799999e-01  3.26659296e+00 
 1.16799999e-01  3.26659296e+00 
 1.16800000e-01  3.26659296e+00 
 1.16800000e-01  3.26659296e+00 
 1.16800000e-01  3.26659296e+00 
 1.16800000e-01  3.26659296e+00 
 1.16800000e-01  3.26659296e+00 
 1.16800001e-01  3.26659296e+00 
 1.16800002e-01  3.26659296e+00 
 1.16800004e-01  3.26659296e+00 
 1.16800008e-01  3.26659296e+00 
 1.16800016e-01  3.26659296e+00 
 1.16800033e-01  3.26659296e+00 
 1.16800065e-01  3.26659296e+00 
 1.16800131e-01  3.26659296e+00 
 1.16800262e-01  3.26659296e+00 
 1.16800524e-01  3.26659296e+00 
 1.16801049e-01  3.26659296e+00 
 1.16802097e-01  3.26659296e+00 
 1.16804194e-01  3.26659296e+00 
 1.16808389e-01  3.26659296e+00 
 1.16816777e-01  3.26659296e+00 
 1.16833554e-01  3.26659296e+00 
 1.16867109e-01  3.26659296e+00 
 1.16907109e-01  3.26659296e+00 
 1.16947109e-01  3.26659296e+00 
 1.16987109e-01  3.26659296e+00 
 1.17027109e-01  3.26659296e+00 
 1.17067109e-01  3.26659296e+00 
 1.17107109e-01  3.26659296e+00 
 1.17147109e-01  3.26659296e+00 
 1.17187109e-01  3.26659296e+00 
 1.17199999e-01  3.26659296e+00 
 1.17199999e-01  3.26659296e+00 
 1.17199999e-01  3.26659296e+00 
 1.17200000e-01  3.26659296e+00 
 1.17200000e-01  3.26659296e+00 
 1.17200000e-01  3.26659296e+00 
 1.17200000e-01  3.26659296e+00 
 1.17200000e-01  3.26659296e+00 
 1.17200001e-01  3.26659296e+00 
 1.17200002e-01  3.26659296e+00 
 1.17200004e-01  3.26659296e+00 
 1.17200008e-01  3.26659296e+00 
 1.17200016e-01  3.26659295e+00 
 1.17200033e-01  3.26659293e+00 
 1.17200065e-01  3.26659290e+00 
 1.17200131e-01  3.26659284e+00 
 1.17200262e-01  3.26659272e+00 
 1.17200524e-01  3.26659248e+00 
 1.17201049e-01  3.26659200e+00 
 1.17202097e-01  3.26659110e+00 
 1.17204194e-01  3.26658947e+00 
 1.17208389e-01  3.26658678e+00 
 1.17216777e-01  3.26658306e+00 
 1.17233554e-01  3.26657947e+00 
 1.17267109e-01  3.26657780e+00 
 1.17307109e-01  3.26657784e+00 
 1.17347109e-01  3.26657784e+00 
 1.17387109e-01  3.26657784e+00 
 1.17427109e-01  3.26657784e+00 
 1.17467109e-01  3.26657784e+00 
 1.17507109e-01  3.26657784e+00 
 1.17547109e-01  3.26657784e+00 
 1.17587109e-01  3.26657784e+00 
 1.17599999e-01  3.26657784e+00 
 1.17599999e-01  3.26657784e+00 
 1.17599999e-01  3.26657784e+00 
 1.17600000e-01  3.26657784e+00 
 1.17600000e-01  3.26657784e+00 
 1.17600000e-01  3.26657784e+00 
 1.17600000e-01  3.26657784e+00 
 1.17600000e-01  3.26657784e+00 
 1.17600001e-01  3.26657784e+00 
 1.17600002e-01  3.26657784e+00 
 1.17600004e-01  3.26657784e+00 
 1.17600008e-01  3.26657784e+00 
 1.17600016e-01  3.26657784e+00 
 1.17600033e-01  3.26657784e+00 
 1.17600065e-01  3.26657784e+00 
 1.17600131e-01  3.26657784e+00 
 1.17600262e-01  3.26657784e+00 
 1.17600524e-01  3.26657784e+00 
 1.17601049e-01  3.26657784e+00 
 1.17602097e-01  3.26657784e+00 
 1.17604194e-01  3.26657784e+00 
 1.17608389e-01  3.26657784e+00 
 1.17616777e-01  3.26657784e+00 
 1.17633554e-01  3.26657784e+00 
 1.17667109e-01  3.26657784e+00 
 1.17707109e-01  3.26657784e+00 
 1.17747109e-01  3.26657784e+00 
 1.17787109e-01  3.26657784e+00 
 1.17827109e-01  3.26657784e+00 
 1.17867109e-01  3.26657784e+00 
 1.17907109e-01  3.26657784e+00 
 1.17947109e-01  3.26657784e+00 
 1.17987109e-01  3.26657784e+00 
 1.17999999e-01  3.26657784e+00 
 1.17999999e-01  3.26657784e+00 
 1.17999999e-01  3.26657784e+00 
 1.18000000e-01  3.26657784e+00 
 1.18000000e-01  3.26657784e+00 
 1.18000000e-01  3.26657784e+00 
 1.18000000e-01  3.26657784e+00 
 1.18000000e-01  3.26657784e+00 
 1.18000001e-01  3.26657783e+00 
 1.18000002e-01  3.26657783e+00 
 1.18000004e-01  3.26657783e+00 
 1.18000008e-01  3.26657783e+00 
 1.18000016e-01  3.26657782e+00 
 1.18000033e-01  3.26657781e+00 
 1.18000065e-01  3.26657778e+00 
 1.18000131e-01  3.26657772e+00 
 1.18000262e-01  3.26657761e+00 
 1.18000524e-01  3.26657739e+00 
 1.18001049e-01  3.26657697e+00 
 1.18002097e-01  3.26657615e+00 
 1.18004194e-01  3.26657467e+00 
 1.18008389e-01  3.26657223e+00 
 1.18016777e-01  3.26656886e+00 
 1.18033554e-01  3.26656560e+00 
 1.18067109e-01  3.26656409e+00 
 1.18107109e-01  3.26656412e+00 
 1.18147109e-01  3.26656412e+00 
 1.18187109e-01  3.26656412e+00 
 1.18227109e-01  3.26656412e+00 
 1.18267109e-01  3.26656412e+00 
 1.18307109e-01  3.26656412e+00 
 1.18347109e-01  3.26656412e+00 
 1.18387109e-01  3.26656412e+00 
 1.18399999e-01  3.26656412e+00 
 1.18399999e-01  3.26656412e+00 
 1.18399999e-01  3.26656412e+00 
 1.18400000e-01  3.26656412e+00 
 1.18400000e-01  3.26656412e+00 
 1.18400000e-01  3.26656412e+00 
 1.18400000e-01  3.26656412e+00 
 1.18400000e-01  3.26656412e+00 
 1.18400001e-01  3.26656412e+00 
 1.18400002e-01  3.26656412e+00 
 1.18400004e-01  3.26656412e+00 
 1.18400008e-01  3.26656412e+00 
 1.18400016e-01  3.26656412e+00 
 1.18400033e-01  3.26656412e+00 
 1.18400065e-01  3.26656412e+00 
 1.18400131e-01  3.26656412e+00 
 1.18400262e-01  3.26656412e+00 
 1.18400524e-01  3.26656412e+00 
 1.18401049e-01  3.26656412e+00 
 1.18402097e-01  3.26656412e+00 
 1.18404194e-01  3.26656412e+00 
 1.18408389e-01  3.26656412e+00 
 1.18416777e-01  3.26656412e+00 
 1.18433554e-01  3.26656412e+00 
 1.18467109e-01  3.26656412e+00 
 1.18507109e-01  3.26656412e+00 
 1.18547109e-01  3.26656412e+00 
 1.18587109e-01  3.26656412e+00 
 1.18627109e-01  3.26656412e+00 
 1.18667109e-01  3.26656412e+00 
 1.18707109e-01  3.26656412e+00 
 1.18747109e-01  3.26656412e+00 
 1.18787109e-01  3.26656412e+00 
 1.18799999e-01  3.26656412e+00 
 1.18799999e-01  3.26656412e+00 
 1.18799999e-01  3.26656412e+00 
 1.18800000e-01  3.26656412e+00 
 1.18800000e-01  3.26656412e+00 
 1.18800000e-01  3.26656412e+00 
 1.18800000e-01  3.26656412e+00 
 1.18800000e-01  3.26656412e+00 
 1.18800001e-01  3.26656412e+00 
 1.18800002e-01  3.26656412e+00 
 1.18800004e-01  3.26656412e+00 
 1.18800008e-01  3.26656411e+00 
 1.18800016e-01  3.26656411e+00 
 1.18800033e-01  3.26656410e+00 
 1.18800065e-01  3.26656407e+00 
 1.18800131e-01  3.26656402e+00 
 1.18800262e-01  3.26656392e+00 
 1.18800524e-01  3.26656372e+00 
 1.18801049e-01  3.26656333e+00 
 1.18802097e-01  3.26656260e+00 
 1.18804194e-01  3.26656126e+00 
 1.18808389e-01  3.26655905e+00 
 1.18816777e-01  3.26655601e+00 
 1.18833554e-01  3.26655306e+00 
 1.18867109e-01  3.26655170e+00 
 1.18907109e-01  3.26655173e+00 
 1.18947109e-01  3.26655173e+00 
 1.18987109e-01  3.26655173e+00 
 1.19027109e-01  3.26655173e+00 
 1.19067109e-01  3.26655173e+00 
 1.19107109e-01  3.26655173e+00 
 1.19147109e-01  3.26655173e+00 
 1.19187109e-01  3.26655173e+00 
 1.19199999e-01  3.26655173e+00 
 1.19199999e-01  3.26655173e+00 
 1.19199999e-01  3.26655173e+00 
 1.19200000e-01  3.26655173e+00 
 1.19200000e-01  3.26655173e+00 
 1.19200000e-01  3.26655173e+00 
 1.19200000e-01  3.26655173e+00 
 1.19200000e-01  3.26655173e+00 
 1.19200001e-01  3.26655173e+00 
 1.19200002e-01  3.26655173e+00 
 1.19200004e-01  3.26655173e+00 
 1.19200008e-01  3.26655173e+00 
 1.19200016e-01  3.26655173e+00 
 1.19200033e-01  3.26655173e+00 
 1.19200065e-01  3.26655173e+00 
 1.19200131e-01  3.26655173e+00 
 1.19200262e-01  3.26655173e+00 
 1.19200524e-01  3.26655173e+00 
 1.19201049e-01  3.26655173e+00 
 1.19202097e-01  3.26655173e+00 
 1.19204194e-01  3.26655173e+00 
 1.19208389e-01  3.26655173e+00 
 1.19216777e-01  3.26655173e+00 
 1.19233554e-01  3.26655173e+00 
 1.19267109e-01  3.26655173e+00 
 1.19307109e-01  3.26655173e+00 
 1.19347109e-01  3.26655173e+00 
 1.19387109e-01  3.26655173e+00 
 1.19427109e-01  3.26655173e+00 
 1.19467109e-01  3.26655173e+00 
 1.19507109e-01  3.26655173e+00 
 1.19547109e-01  3.26655173e+00 
 1.19587109e-01  3.26655173e+00 
 1.19599999e-01  3.26655173e+00 
 1.19599999e-01  3.26655173e+00 
 1.19599999e-01  3.26655173e+00 
 1.19600000e-01  3.26655173e+00 
 1.19600000e-01  3.26655173e+00 
 1.19600000e-01  3.26655173e+00 
 1.19600000e-01  3.26655173e+00 
 1.19600000e-01  3.26655173e+00 
 1.19600001e-01  3.26655173e+00 
 1.19600002e-01  3.26655173e+00 
 1.19600004e-01  3.26655172e+00 
 1.19600008e-01  3.26655172e+00 
 1.19600016e-01  3.26655172e+00 
 1.19600033e-01  3.26655170e+00 
 1.19600065e-01  3.26655168e+00 
 1.19600131e-01  3.26655164e+00 
 1.19600262e-01  3.26655155e+00 
 1.19600524e-01  3.26655137e+00 
 1.19601049e-01  3.26655102e+00 
 1.19602097e-01  3.26655036e+00 
 1.19604194e-01  3.26654915e+00 
 1.19608389e-01  3.26654716e+00 
 1.19616777e-01  3.26654442e+00 
 1.19633554e-01  3.26654176e+00 
 1.19667109e-01  3.26654053e+00 
 1.19707109e-01  3.26654056e+00 
 1.19747109e-01  3.26654056e+00 
 1.19787109e-01  3.26654056e+00 
 1.19827109e-01  3.26654056e+00 
 1.19867109e-01  3.26654056e+00 
 1.19907109e-01  3.26654056e+00 
 1.19947109e-01  3.26654056e+00 
 1.19987109e-01  3.26654056e+00 
 1.19999999e-01  3.26654056e+00 
 1.19999999e-01  3.26654056e+00 
 1.19999999e-01  3.26654056e+00 
 1.20000000e-01  3.26654056e+00 
 1.20000000e-01  3.26654056e+00 
 1.20000000e-01  3.26654056e+00 
 1.20000000e-01  3.26654056e+00 
 1.20000000e-01  3.26654056e+00 
 1.20000001e-01  3.26654056e+00 
 1.20000002e-01  3.26654056e+00 
 1.20000004e-01  3.26654056e+00 
 1.20000008e-01  3.26654056e+00 
 1.20000016e-01  3.26654056e+00 
 1.20000033e-01  3.26654056e+00 
 1.20000065e-01  3.26654056e+00 
 1.20000131e-01  3.26654056e+00 
 1.20000262e-01  3.26654056e+00 
 1.20000524e-01  3.26654056e+00 
 1.20001049e-01  3.26654056e+00 
 1.20002097e-01  3.26654056e+00 
 1.20004194e-01  3.26654056e+00 
 1.20008389e-01  3.26654056e+00 
 1.20016777e-01  3.26654056e+00 
 1.20033554e-01  3.26654056e+00 
 1.20067109e-01  3.26654056e+00 
 1.20107109e-01  3.26654056e+00 
 1.20147109e-01  3.26654056e+00 
 1.20187109e-01  3.26654056e+00 
 1.20227109e-01  3.26654056e+00 
 1.20267109e-01  3.26654056e+00 
 1.20307109e-01  3.26654056e+00 
 1.20347109e-01  3.26654056e+00 
 1.20387109e-01  3.26654056e+00 
 1.20399999e-01  3.26654056e+00 
 1.20399999e-01  3.26654056e+00 
 1.20399999e-01  3.26654056e+00 
 1.20400000e-01  3.26654056e+00 
 1.20400000e-01  3.26654056e+00 
 1.20400000e-01  3.26654056e+00 
 1.20400000e-01  3.26654056e+00 
 1.20400000e-01  3.26654056e+00 
 1.20400001e-01  3.26654056e+00 
 1.20400002e-01  3.26654056e+00 
 1.20400004e-01  3.26654056e+00 
 1.20400008e-01  3.26654056e+00 
 1.20400016e-01  3.26654055e+00 
 1.20400033e-01  3.26654054e+00 
 1.20400065e-01  3.26654052e+00 
 1.20400131e-01  3.26654048e+00 
 1.20400262e-01  3.26654040e+00 
 1.20400524e-01  3.26654024e+00 
 1.20401049e-01  3.26653992e+00 
 1.20402097e-01  3.26653933e+00 
 1.20404194e-01  3.26653824e+00 
 1.20408389e-01  3.26653646e+00 
 1.20416777e-01  3.26653399e+00 
 1.20433554e-01  3.26653161e+00 
 1.20467109e-01  3.26653050e+00 
 1.20507109e-01  3.26653053e+00 
 1.20547109e-01  3.26653052e+00 
 1.20587109e-01  3.26653052e+00 
 1.20627109e-01  3.26653052e+00 
 1.20667109e-01  3.26653052e+00 
 1.20707109e-01  3.26653052e+00 
 1.20747109e-01  3.26653052e+00 
 1.20787109e-01  3.26653052e+00 
 1.20799999e-01  3.26653052e+00 
 1.20799999e-01  3.26653052e+00 
 1.20799999e-01  3.26653052e+00 
 1.20800000e-01  3.26653052e+00 
 1.20800000e-01  3.26653052e+00 
 1.20800000e-01  3.26653052e+00 
 1.20800000e-01  3.26653052e+00 
 1.20800000e-01  3.26653052e+00 
 1.20800001e-01  3.26653052e+00 
 1.20800002e-01  3.26653052e+00 
 1.20800004e-01  3.26653052e+00 
 1.20800008e-01  3.26653052e+00 
 1.20800016e-01  3.26653052e+00 
 1.20800033e-01  3.26653052e+00 
 1.20800065e-01  3.26653052e+00 
 1.20800131e-01  3.26653052e+00 
 1.20800262e-01  3.26653052e+00 
 1.20800524e-01  3.26653052e+00 
 1.20801049e-01  3.26653052e+00 
 1.20802097e-01  3.26653052e+00 
 1.20804194e-01  3.26653052e+00 
 1.20808389e-01  3.26653052e+00 
 1.20816777e-01  3.26653052e+00 
 1.20833554e-01  3.26653052e+00 
 1.20867109e-01  3.26653052e+00 
 1.20907109e-01  3.26653052e+00 
 1.20947109e-01  3.26653052e+00 
 1.20987109e-01  3.26653052e+00 
 1.21027109e-01  3.26653052e+00 
 1.21067109e-01  3.26653052e+00 
 1.21107109e-01  3.26653052e+00 
 1.21147109e-01  3.26653052e+00 
 1.21187109e-01  3.26653052e+00 
 1.21199999e-01  3.26653052e+00 
 1.21199999e-01  3.26653052e+00 
 1.21199999e-01  3.26653052e+00 
 1.21200000e-01  3.26653052e+00 
 1.21200000e-01  3.26653052e+00 
 1.21200000e-01  3.26653052e+00 
 1.21200000e-01  3.26653052e+00 
 1.21200000e-01  3.26653052e+00 
 1.21200001e-01  3.26653052e+00 
 1.21200002e-01  3.26653052e+00 
 1.21200004e-01  3.26653052e+00 
 1.21200008e-01  3.26653052e+00 
 1.21200016e-01  3.26653052e+00 
 1.21200033e-01  3.26653051e+00 
 1.21200065e-01  3.26653049e+00 
 1.21200131e-01  3.26653045e+00 
 1.21200262e-01  3.26653038e+00 
 1.21200524e-01  3.26653023e+00 
 1.21201049e-01  3.26652995e+00 
 1.21202097e-01  3.26652942e+00 
 1.21204194e-01  3.26652845e+00 
 1.21208389e-01  3.26652684e+00 
 1.21216777e-01  3.26652463e+00 
 1.21233554e-01  3.26652250e+00 
 1.21267109e-01  3.26652150e+00 
 1.21307109e-01  3.26652153e+00 
 1.21347109e-01  3.26652153e+00 
 1.21387109e-01  3.26652153e+00 
 1.21427109e-01  3.26652153e+00 
 1.21467109e-01  3.26652153e+00 
 1.21507109e-01  3.26652153e+00 
 1.21547109e-01  3.26652153e+00 
 1.21587109e-01  3.26652153e+00 
 1.21599999e-01  3.26652153e+00 
 1.21599999e-01  3.26652153e+00 
 1.21599999e-01  3.26652153e+00 
 1.21600000e-01  3.26652153e+00 
 1.21600000e-01  3.26652153e+00 
 1.21600000e-01  3.26652153e+00 
 1.21600000e-01  3.26652153e+00 
 1.21600000e-01  3.26652153e+00 
 1.21600001e-01  3.26652153e+00 
 1.21600002e-01  3.26652153e+00 
 1.21600004e-01  3.26652153e+00 
 1.21600008e-01  3.26652153e+00 
 1.21600016e-01  3.26652153e+00 
 1.21600033e-01  3.26652153e+00 
 1.21600065e-01  3.26652153e+00 
 1.21600131e-01  3.26652153e+00 
 1.21600262e-01  3.26652153e+00 
 1.21600524e-01  3.26652153e+00 
 1.21601049e-01  3.26652153e+00 
 1.21602097e-01  3.26652153e+00 
 1.21604194e-01  3.26652153e+00 
 1.21608389e-01  3.26652153e+00 
 1.21616777e-01  3.26652153e+00 
 1.21633554e-01  3.26652153e+00 
 1.21667109e-01  3.26652153e+00 
 1.21707109e-01  3.26652153e+00 
 1.21747109e-01  3.26652153e+00 
 1.21787109e-01  3.26652153e+00 
 1.21827109e-01  3.26652153e+00 
 1.21867109e-01  3.26652153e+00 
 1.21907109e-01  3.26652153e+00 
 1.21947109e-01  3.26652153e+00 
 1.21987109e-01  3.26652153e+00 
 1.21999999e-01  3.26652153e+00 
 1.21999999e-01  3.26652153e+00 
 1.21999999e-01  3.26652153e+00 
 1.22000000e-01  3.26652153e+00 
 1.22000000e-01  3.26652153e+00 
 1.22000000e-01  3.26652153e+00 
 1.22000000e-01  3.26652153e+00 
 1.22000000e-01  3.26652153e+00 
 1.22000001e-01  3.26652153e+00 
 1.22000002e-01  3.26652152e+00 
 1.22000004e-01  3.26652152e+00 
 1.22000008e-01  3.26652152e+00 
 1.22000016e-01  3.26652152e+00 
 1.22000033e-01  3.26652151e+00 
 1.22000065e-01  3.26652149e+00 
 1.22000131e-01  3.26652146e+00 
 1.22000262e-01  3.26652140e+00 
 1.22000524e-01  3.26652127e+00 
 1.22001049e-01  3.26652102e+00 
 1.22002097e-01  3.26652054e+00 
 1.22004194e-01  3.26651967e+00 
 1.22008389e-01  3.26651823e+00 
 1.22016777e-01  3.26651626e+00 
 1.22033554e-01  3.26651434e+00 
 1.22067109e-01  3.26651345e+00 
 1.22107109e-01  3.26651348e+00 
 1.22147109e-01  3.26651347e+00 
 1.22187109e-01  3.26651347e+00 
 1.22227109e-01  3.26651347e+00 
 1.22267109e-01  3.26651347e+00 
 1.22307109e-01  3.26651347e+00 
 1.22347109e-01  3.26651347e+00 
 1.22387109e-01  3.26651347e+00 
 1.22399999e-01  3.26651347e+00 
 1.22399999e-01  3.26651347e+00 
 1.22399999e-01  3.26651347e+00 
 1.22400000e-01  3.26651347e+00 
 1.22400000e-01  3.26651347e+00 
 1.22400000e-01  3.26651347e+00 
 1.22400000e-01  3.26651347e+00 
 1.22400000e-01  3.26651347e+00 
 1.22400001e-01  3.26651347e+00 
 1.22400002e-01  3.26651347e+00 
 1.22400004e-01  3.26651347e+00 
 1.22400008e-01  3.26651347e+00 
 1.22400016e-01  3.26651347e+00 
 1.22400033e-01  3.26651347e+00 
 1.22400065e-01  3.26651347e+00 
 1.22400131e-01  3.26651347e+00 
 1.22400262e-01  3.26651347e+00 
 1.22400524e-01  3.26651347e+00 
 1.22401049e-01  3.26651347e+00 
 1.22402097e-01  3.26651347e+00 
 1.22404194e-01  3.26651347e+00 
 1.22408389e-01  3.26651347e+00 
 1.22416777e-01  3.26651347e+00 
 1.22433554e-01  3.26651347e+00 
 1.22467109e-01  3.26651347e+00 
 1.22507109e-01  3.26651347e+00 
 1.22547109e-01  3.26651347e+00 
 1.22587109e-01  3.26651347e+00 
 1.22627109e-01  3.26651347e+00 
 1.22667109e-01  3.26651347e+00 
 1.22707109e-01  3.26651347e+00 
 1.22747109e-01  3.26651347e+00 
 1.22787109e-01  3.26651347e+00 
 1.22799999e-01  3.26651347e+00 
 1.22799999e-01  3.26651347e+00 
 1.22799999e-01  3.26651347e+00 
 1.22800000e-01  3.26651347e+00 
 1.22800000e-01  3.26651347e+00 
 1.22800000e-01  3.26651347e+00 
 1.22800000e-01  3.26651347e+00 
 1.22800000e-01  3.26651347e+00 
 1.22800001e-01  3.26651347e+00 
 1.22800002e-01  3.26651347e+00 
 1.22800004e-01  3.26651347e+00 
 1.22800008e-01  3.26651347e+00 
 1.22800016e-01  3.26651347e+00 
 1.22800033e-01  3.26651346e+00 
 1.22800065e-01  3.26651344e+00 
 1.22800131e-01  3.26651342e+00 
 1.22800262e-01  3.26651336e+00 
 1.22800524e-01  3.26651324e+00 
 1.22801049e-01  3.26651302e+00 
 1.22802097e-01  3.26651259e+00 
 1.22804194e-01  3.26651181e+00 
 1.22808389e-01  3.26651053e+00 
 1.22816777e-01  3.26650877e+00 
 1.22833554e-01  3.26650706e+00 
 1.22867109e-01  3.26650626e+00 
 1.22907109e-01  3.26650629e+00 
 1.22947109e-01  3.26650628e+00 
 1.22987109e-01  3.26650628e+00 
 1.23027109e-01  3.26650628e+00 
 1.23067109e-01  3.26650628e+00 
 1.23107109e-01  3.26650628e+00 
 1.23147109e-01  3.26650628e+00 
 1.23187109e-01  3.26650628e+00 
 1.23199999e-01  3.26650628e+00 
 1.23199999e-01  3.26650628e+00 
 1.23199999e-01  3.26650628e+00 
 1.23200000e-01  3.26650628e+00 
 1.23200000e-01  3.26650628e+00 
 1.23200000e-01  3.26650628e+00 
 1.23200000e-01  3.26650628e+00 
 1.23200000e-01  3.26650628e+00 
 1.23200001e-01  3.26650628e+00 
 1.23200002e-01  3.26650628e+00 
 1.23200004e-01  3.26650628e+00 
 1.23200008e-01  3.26650628e+00 
 1.23200016e-01  3.26650628e+00 
 1.23200033e-01  3.26650628e+00 
 1.23200065e-01  3.26650628e+00 
 1.23200131e-01  3.26650628e+00 
 1.23200262e-01  3.26650628e+00 
 1.23200524e-01  3.26650628e+00 
 1.23201049e-01  3.26650628e+00 
 1.23202097e-01  3.26650628e+00 
 1.23204194e-01  3.26650628e+00 
 1.23208389e-01  3.26650628e+00 
 1.23216777e-01  3.26650628e+00 
 1.23233554e-01  3.26650628e+00 
 1.23267109e-01  3.26650628e+00 
 1.23307109e-01  3.26650628e+00 
 1.23347109e-01  3.26650628e+00 
 1.23387109e-01  3.26650628e+00 
 1.23427109e-01  3.26650628e+00 
 1.23467109e-01  3.26650628e+00 
 1.23507109e-01  3.26650628e+00 
 1.23547109e-01  3.26650628e+00 
 1.23587109e-01  3.26650628e+00 
 1.23599999e-01  3.26650628e+00 
 1.23599999e-01  3.26650628e+00 
 1.23599999e-01  3.26650628e+00 
 1.23600000e-01  3.26650628e+00 
 1.23600000e-01  3.26650628e+00 
 1.23600000e-01  3.26650628e+00 
 1.23600000e-01  3.26650628e+00 
 1.23600000e-01  3.26650628e+00 
 1.23600001e-01  3.26650628e+00 
 1.23600002e-01  3.26650628e+00 
 1.23600004e-01  3.26650628e+00 
 1.23600008e-01  3.26650628e+00 
 1.23600016e-01  3.26650628e+00 
 1.23600033e-01  3.26650627e+00 
 1.23600065e-01  3.26650626e+00 
 1.23600131e-01  3.26650623e+00 
 1.23600262e-01  3.26650618e+00 
 1.23600524e-01  3.26650608e+00 
 1.23601049e-01  3.26650588e+00 
 1.23602097e-01  3.26650550e+00 
 1.23604194e-01  3.26650480e+00 
 1.23608389e-01  3.26650366e+00 
 1.23616777e-01  3.26650209e+00 
 1.23633554e-01  3.26650056e+00 
 1.23667109e-01  3.26649986e+00 
 1.23707109e-01  3.26649987e+00 
 1.23747109e-01  3.26649987e+00 
 1.23787109e-01  3.26649987e+00 
 1.23827109e-01  3.26649987e+00 
 1.23867109e-01  3.26649987e+00 
 1.23907109e-01  3.26649987e+00 
 1.23947109e-01  3.26649987e+00 
 1.23987109e-01  3.26649987e+00 
 1.23999999e-01  3.26649987e+00 
 1.23999999e-01  3.26649987e+00 
 1.23999999e-01  3.26649987e+00 
 1.24000000e-01  3.26649987e+00 
 1.24000000e-01  3.26649987e+00 
 1.24000000e-01  3.26649987e+00 
 1.24000000e-01  3.26649987e+00 
 1.24000000e-01  3.26649987e+00 
 1.24000001e-01  3.26649987e+00 
 1.24000002e-01  3.26649987e+00 
 1.24000004e-01  3.26649987e+00 
 1.24000008e-01  3.26649987e+00 
 1.24000016e-01  3.26649987e+00 
 1.24000033e-01  3.26649987e+00 
 1.24000065e-01  3.26649987e+00 
 1.24000131e-01  3.26649987e+00 
 1.24000262e-01  3.26649987e+00 
 1.24000524e-01  3.26649987e+00 
 1.24001049e-01  3.26649987e+00 
 1.24002097e-01  3.26649987e+00 
 1.24004194e-01  3.26649987e+00 
 1.24008389e-01  3.26649987e+00 
 1.24016777e-01  3.26649987e+00 
 1.24033554e-01  3.26649987e+00 
 1.24067109e-01  3.26649987e+00 
 1.24107109e-01  3.26649987e+00 
 1.24147109e-01  3.26649987e+00 
 1.24187109e-01  3.26649987e+00 
 1.24227109e-01  3.26649987e+00 
 1.24267109e-01  3.26649987e+00 
 1.24307109e-01  3.26649987e+00 
 1.24347109e-01  3.26649987e+00 
 1.24387109e-01  3.26649987e+00 
 1.24399999e-01  3.26649987e+00 
 1.24399999e-01  3.26649987e+00 
 1.24399999e-01  3.26649987e+00 
 1.24400000e-01  3.26649987e+00 
 1.24400000e-01  3.26649987e+00 
 1.24400000e-01  3.26649987e+00 
 1.24400000e-01  3.26649987e+00 
 1.24400000e-01  3.26649987e+00 
 1.24400001e-01  3.26649987e+00 
 1.24400002e-01  3.26649987e+00 
 1.24400004e-01  3.26649987e+00 
 1.24400008e-01  3.26649987e+00 
 1.24400016e-01  3.26649987e+00 
 1.24400033e-01  3.26649986e+00 
 1.24400065e-01  3.26649985e+00 
 1.24400131e-01  3.26649982e+00 
 1.24400262e-01  3.26649978e+00 
 1.24400524e-01  3.26649969e+00 
 1.24401049e-01  3.26649951e+00 
 1.24402097e-01  3.26649917e+00 
 1.24404194e-01  3.26649855e+00 
 1.24408389e-01  3.26649754e+00 
 1.24416777e-01  3.26649614e+00 
 1.24433554e-01  3.26649478e+00 
 1.24467109e-01  3.26649415e+00 
 1.24507109e-01  3.26649417e+00 
 1.24547109e-01  3.26649416e+00 
 1.24587109e-01  3.26649416e+00 
 1.24627109e-01  3.26649416e+00 
 1.24667109e-01  3.26649416e+00 
 1.24707109e-01  3.26649416e+00 
 1.24747109e-01  3.26649416e+00 
 1.24787109e-01  3.26649416e+00 
 1.24799999e-01  3.26649416e+00 
 1.24799999e-01  3.26649416e+00 
 1.24799999e-01  3.26649416e+00 
 1.24800000e-01  3.26649416e+00 
 1.24800000e-01  3.26649416e+00 
 1.24800000e-01  3.26649416e+00 
 1.24800000e-01  3.26649416e+00 
 1.24800000e-01  3.26649416e+00 
 1.24800001e-01  3.26649416e+00 
 1.24800002e-01  3.26649416e+00 
 1.24800004e-01  3.26649416e+00 
 1.24800008e-01  3.26649416e+00 
 1.24800016e-01  3.26649416e+00 
 1.24800033e-01  3.26649416e+00 
 1.24800065e-01  3.26649416e+00 
 1.24800131e-01  3.26649416e+00 
 1.24800262e-01  3.26649416e+00 
 1.24800524e-01  3.26649416e+00 
 1.24801049e-01  3.26649416e+00 
 1.24802097e-01  3.26649416e+00 
 1.24804194e-01  3.26649416e+00 
 1.24808389e-01  3.26649416e+00 
 1.24816777e-01  3.26649416e+00 
 1.24833554e-01  3.26649416e+00 
 1.24867109e-01  3.26649416e+00 
 1.24907109e-01  3.26649416e+00 
 1.24947109e-01  3.26649416e+00 
 1.24987109e-01  3.26649416e+00 
 1.25027109e-01  3.26649416e+00 
 1.25067109e-01  3.26649416e+00 
 1.25107109e-01  3.26649416e+00 
 1.25147109e-01  3.26649416e+00 
 1.25187109e-01  3.26649416e+00 
 1.25199999e-01  3.26649416e+00 
 1.25199999e-01  3.26649416e+00 
 1.25199999e-01  3.26649416e+00 
 1.25200000e-01  3.26649416e+00 
 1.25200000e-01  3.26649416e+00 
 1.25200000e-01  3.26649416e+00 
 1.25200000e-01  3.26649416e+00 
 1.25200000e-01  3.26649416e+00 
 1.25200001e-01  3.26649416e+00 
 1.25200002e-01  3.26649416e+00 
 1.25200004e-01  3.26649416e+00 
 1.25200008e-01  3.26649416e+00 
 1.25200016e-01  3.26649416e+00 
 1.25200033e-01  3.26649415e+00 
 1.25200065e-01  3.26649414e+00 
 1.25200131e-01  3.26649412e+00 
 1.25200262e-01  3.26649408e+00 
 1.25200524e-01  3.26649400e+00 
 1.25201049e-01  3.26649384e+00 
 1.25202097e-01  3.26649354e+00 
 1.25204194e-01  3.26649299e+00 
 1.25208389e-01  3.26649209e+00 
 1.25216777e-01  3.26649084e+00 
 1.25233554e-01  3.26648964e+00 
 1.25267109e-01  3.26648908e+00 
 1.25307109e-01  3.26648909e+00 
 1.25347109e-01  3.26648909e+00 
 1.25387109e-01  3.26648909e+00 
 1.25427109e-01  3.26648909e+00 
 1.25467109e-01  3.26648909e+00 
 1.25507109e-01  3.26648909e+00 
 1.25547109e-01  3.26648909e+00 
 1.25587109e-01  3.26648909e+00 
 1.25599999e-01  3.26648909e+00 
 1.25599999e-01  3.26648909e+00 
 1.25599999e-01  3.26648909e+00 
 1.25600000e-01  3.26648909e+00 
 1.25600000e-01  3.26648909e+00 
 1.25600000e-01  3.26648909e+00 
 1.25600000e-01  3.26648909e+00 
 1.25600000e-01  3.26648909e+00 
 1.25600001e-01  3.26648909e+00 
 1.25600002e-01  3.26648909e+00 
 1.25600004e-01  3.26648909e+00 
 1.25600008e-01  3.26648909e+00 
 1.25600016e-01  3.26648909e+00 
 1.25600033e-01  3.26648909e+00 
 1.25600065e-01  3.26648909e+00 
 1.25600131e-01  3.26648909e+00 
 1.25600262e-01  3.26648909e+00 
 1.25600524e-01  3.26648909e+00 
 1.25601049e-01  3.26648909e+00 
 1.25602097e-01  3.26648909e+00 
 1.25604194e-01  3.26648909e+00 
 1.25608389e-01  3.26648909e+00 
 1.25616777e-01  3.26648909e+00 
 1.25633554e-01  3.26648909e+00 
 1.25667109e-01  3.26648909e+00 
 1.25707109e-01  3.26648909e+00 
 1.25747109e-01  3.26648909e+00 
 1.25787109e-01  3.26648909e+00 
 1.25827109e-01  3.26648909e+00 
 1.25867109e-01  3.26648909e+00 
 1.25907109e-01  3.26648909e+00 
 1.25947109e-01  3.26648909e+00 
 1.25987109e-01  3.26648909e+00 
 1.25999999e-01  3.26648909e+00 
 1.25999999e-01  3.26648909e+00 
 1.25999999e-01  3.26648909e+00 
 1.26000000e-01  3.26648909e+00 
 1.26000000e-01  3.26648909e+00 
 1.26000000e-01  3.26648909e+00 
 1.26000000e-01  3.26648909e+00 
 1.26000000e-01  3.26648909e+00 
 1.26000001e-01  3.26648909e+00 
 1.26000002e-01  3.26648909e+00 
 1.26000004e-01  3.26648909e+00 
 1.26000008e-01  3.26648909e+00 
 1.26000016e-01  3.26648909e+00 
 1.26000033e-01  3.26648908e+00 
 1.26000065e-01  3.26648907e+00 
 1.26000131e-01  3.26648905e+00 
 1.26000262e-01  3.26648902e+00 
 1.26000524e-01  3.26648894e+00 
 1.26001049e-01  3.26648880e+00 
 1.26002097e-01  3.26648854e+00 
 1.26004194e-01  3.26648805e+00 
 1.26008389e-01  3.26648725e+00 
 1.26016777e-01  3.26648614e+00 
 1.26033554e-01  3.26648507e+00 
 1.26067109e-01  3.26648457e+00 
 1.26107109e-01  3.26648459e+00 
 1.26147109e-01  3.26648458e+00 
 1.26187109e-01  3.26648459e+00 
 1.26227109e-01  3.26648459e+00 
 1.26267109e-01  3.26648459e+00 
 1.26307109e-01  3.26648459e+00 
 1.26347109e-01  3.26648459e+00 
 1.26387109e-01  3.26648459e+00 
 1.26399999e-01  3.26648459e+00 
 1.26399999e-01  3.26648459e+00 
 1.26399999e-01  3.26648459e+00 
 1.26400000e-01  3.26648459e+00 
 1.26400000e-01  3.26648459e+00 
 1.26400000e-01  3.26648459e+00 
 1.26400000e-01  3.26648459e+00 
 1.26400000e-01  3.26648459e+00 
 1.26400001e-01  3.26648459e+00 
 1.26400002e-01  3.26648459e+00 
 1.26400004e-01  3.26648459e+00 
 1.26400008e-01  3.26648459e+00 
 1.26400016e-01  3.26648459e+00 
 1.26400033e-01  3.26648459e+00 
 1.26400065e-01  3.26648459e+00 
 1.26400131e-01  3.26648459e+00 
 1.26400262e-01  3.26648459e+00 
 1.26400524e-01  3.26648459e+00 
 1.26401049e-01  3.26648459e+00 
 1.26402097e-01  3.26648459e+00 
 1.26404194e-01  3.26648459e+00 
 1.26408389e-01  3.26648459e+00 
 1.26416777e-01  3.26648459e+00 
 1.26433554e-01  3.26648459e+00 
 1.26467109e-01  3.26648459e+00 
 1.26507109e-01  3.26648459e+00 
 1.26547109e-01  3.26648459e+00 
 1.26587109e-01  3.26648459e+00 
 1.26627109e-01  3.26648459e+00 
 1.26667109e-01  3.26648459e+00 
 1.26707109e-01  3.26648459e+00 
 1.26747109e-01  3.26648459e+00 
 1.26787109e-01  3.26648459e+00 
 1.26799999e-01  3.26648459e+00 
 1.26799999e-01  3.26648459e+00 
 1.26799999e-01  3.26648459e+00 
 1.26800000e-01  3.26648459e+00 
 1.26800000e-01  3.26648458e+00 
 1.26800000e-01  3.26648458e+00 
 1.26800000e-01  3.26648458e+00 
 1.26800000e-01  3.26648458e+00 
 1.26800001e-01  3.26648458e+00 
 1.26800002e-01  3.26648458e+00 
 1.26800004e-01  3.26648458e+00 
 1.26800008e-01  3.26648458e+00 
 1.26800016e-01  3.26648458e+00 
 1.26800033e-01  3.26648458e+00 
 1.26800065e-01  3.26648457e+00 
 1.26800131e-01  3.26648455e+00 
 1.26800262e-01  3.26648452e+00 
 1.26800524e-01  3.26648446e+00 
 1.26801049e-01  3.26648433e+00 
 1.26802097e-01  3.26648409e+00 
 1.26804194e-01  3.26648366e+00 
 1.26808389e-01  3.26648295e+00 
 1.26816777e-01  3.26648197e+00 
 1.26833554e-01  3.26648102e+00 
 1.26867109e-01  3.26648058e+00 
 1.26907109e-01  3.26648059e+00 
 1.26947109e-01  3.26648059e+00 
 1.26987109e-01  3.26648059e+00 
 1.27027109e-01  3.26648059e+00 
 1.27067109e-01  3.26648059e+00 
 1.27107109e-01  3.26648059e+00 
 1.27147109e-01  3.26648059e+00 
 1.27187109e-01  3.26648059e+00 
 1.27199999e-01  3.26648059e+00 
 1.27199999e-01  3.26648059e+00 
 1.27199999e-01  3.26648059e+00 
 1.27200000e-01  3.26648059e+00 
 1.27200000e-01  3.26648059e+00 
 1.27200000e-01  3.26648059e+00 
 1.27200000e-01  3.26648059e+00 
 1.27200000e-01  3.26648059e+00 
 1.27200001e-01  3.26648059e+00 
 1.27200002e-01  3.26648059e+00 
 1.27200004e-01  3.26648059e+00 
 1.27200008e-01  3.26648059e+00 
 1.27200016e-01  3.26648059e+00 
 1.27200033e-01  3.26648059e+00 
 1.27200065e-01  3.26648059e+00 
 1.27200131e-01  3.26648059e+00 
 1.27200262e-01  3.26648059e+00 
 1.27200524e-01  3.26648059e+00 
 1.27201049e-01  3.26648059e+00 
 1.27202097e-01  3.26648059e+00 
 1.27204194e-01  3.26648059e+00 
 1.27208389e-01  3.26648059e+00 
 1.27216777e-01  3.26648059e+00 
 1.27233554e-01  3.26648059e+00 
 1.27267109e-01  3.26648059e+00 
 1.27307109e-01  3.26648059e+00 
 1.27347109e-01  3.26648059e+00 
 1.27387109e-01  3.26648059e+00 
 1.27427109e-01  3.26648059e+00 
 1.27467109e-01  3.26648059e+00 
 1.27507109e-01  3.26648059e+00 
 1.27547109e-01  3.26648059e+00 
 1.27587109e-01  3.26648059e+00 
 1.27599999e-01  3.26648059e+00 
 1.27599999e-01  3.26648059e+00 
 1.27599999e-01  3.26648059e+00 
 1.27600000e-01  3.26648059e+00 
 1.27600000e-01  3.26648059e+00 
 1.27600000e-01  3.26648059e+00 
 1.27600000e-01  3.26648059e+00 
 1.27600000e-01  3.26648059e+00 
 1.27600001e-01  3.26648059e+00 
 1.27600002e-01  3.26648059e+00 
 1.27600004e-01  3.26648059e+00 
 1.27600008e-01  3.26648059e+00 
 1.27600016e-01  3.26648059e+00 
 1.27600033e-01  3.26648058e+00 
 1.27600065e-01  3.26648058e+00 
 1.27600131e-01  3.26648056e+00 
 1.27600262e-01  3.26648053e+00 
 1.27600524e-01  3.26648048e+00 
 1.27601049e-01  3.26648037e+00 
 1.27602097e-01  3.26648016e+00 
 1.27604194e-01  3.26647977e+00 
 1.27608389e-01  3.26647914e+00 
 1.27616777e-01  3.26647827e+00 
 1.27633554e-01  3.26647743e+00 
 1.27667109e-01  3.26647704e+00 
 1.27707109e-01  3.26647705e+00 
 1.27747109e-01  3.26647705e+00 
 1.27787109e-01  3.26647705e+00 
 1.27827109e-01  3.26647705e+00 
 1.27867109e-01  3.26647705e+00 
 1.27907109e-01  3.26647705e+00 
 1.27947109e-01  3.26647705e+00 
 1.27987109e-01  3.26647705e+00 
 1.27999999e-01  3.26647705e+00 
 1.27999999e-01  3.26647705e+00 
 1.27999999e-01  3.26647705e+00 
 1.28000000e-01  3.26647705e+00 
 1.28000000e-01  3.26647705e+00 
 1.28000000e-01  3.26647705e+00 
 1.28000000e-01  3.26647705e+00 
 1.28000000e-01  3.26647705e+00 
 1.28000001e-01  3.26647705e+00 
 1.28000002e-01  3.26647705e+00 
 1.28000004e-01  3.26647705e+00 
 1.28000008e-01  3.26647705e+00 
 1.28000016e-01  3.26647705e+00 
 1.28000033e-01  3.26647705e+00 
 1.28000065e-01  3.26647705e+00 
 1.28000131e-01  3.26647705e+00 
 1.28000262e-01  3.26647705e+00 
 1.28000524e-01  3.26647705e+00 
 1.28001049e-01  3.26647705e+00 
 1.28002097e-01  3.26647705e+00 
 1.28004194e-01  3.26647705e+00 
 1.28008389e-01  3.26647705e+00 
 1.28016777e-01  3.26647705e+00 
 1.28033554e-01  3.26647705e+00 
 1.28067109e-01  3.26647705e+00 
 1.28107109e-01  3.26647705e+00 
 1.28147109e-01  3.26647705e+00 
 1.28187109e-01  3.26647705e+00 
 1.28227109e-01  3.26647705e+00 
 1.28267109e-01  3.26647705e+00 
 1.28307109e-01  3.26647705e+00 
 1.28347109e-01  3.26647705e+00 
 1.28387109e-01  3.26647705e+00 
 1.28399999e-01  3.26647705e+00 
 1.28399999e-01  3.26647705e+00 
 1.28399999e-01  3.26647705e+00 
 1.28400000e-01  3.26647705e+00 
 1.28400000e-01  3.26647705e+00 
 1.28400000e-01  3.26647705e+00 
 1.28400000e-01  3.26647705e+00 
 1.28400000e-01  3.26647705e+00 
 1.28400001e-01  3.26647705e+00 
 1.28400002e-01  3.26647705e+00 
 1.28400004e-01  3.26647705e+00 
 1.28400008e-01  3.26647705e+00 
 1.28400016e-01  3.26647705e+00 
 1.28400033e-01  3.26647705e+00 
 1.28400065e-01  3.26647704e+00 
 1.28400131e-01  3.26647703e+00 
 1.28400262e-01  3.26647700e+00 
 1.28400524e-01  3.26647695e+00 
 1.28401049e-01  3.26647685e+00 
 1.28402097e-01  3.26647667e+00 
 1.28404194e-01  3.26647633e+00 
 1.28408389e-01  3.26647577e+00 
 1.28416777e-01  3.26647500e+00 
 1.28433554e-01  3.26647426e+00 
 1.28467109e-01  3.26647391e+00 
 1.28507109e-01  3.26647392e+00 
 1.28547109e-01  3.26647392e+00 
 1.28587109e-01  3.26647392e+00 
 1.28627109e-01  3.26647392e+00 
 1.28667109e-01  3.26647392e+00 
 1.28707109e-01  3.26647392e+00 
 1.28747109e-01  3.26647392e+00 
 1.28787109e-01  3.26647392e+00 
 1.28799999e-01  3.26647392e+00 
 1.28799999e-01  3.26647392e+00 
 1.28799999e-01  3.26647392e+00 
 1.28800000e-01  3.26647392e+00 
 1.28800000e-01  3.26647392e+00 
 1.28800000e-01  3.26647392e+00 
 1.28800000e-01  3.26647392e+00 
 1.28800000e-01  3.26647392e+00 
 1.28800001e-01  3.26647392e+00 
 1.28800002e-01  3.26647392e+00 
 1.28800004e-01  3.26647392e+00 
 1.28800008e-01  3.26647392e+00 
 1.28800016e-01  3.26647392e+00 
 1.28800033e-01  3.26647392e+00 
 1.28800065e-01  3.26647392e+00 
 1.28800131e-01  3.26647392e+00 
 1.28800262e-01  3.26647392e+00 
 1.28800524e-01  3.26647392e+00 
 1.28801049e-01  3.26647392e+00 
 1.28802097e-01  3.26647392e+00 
 1.28804194e-01  3.26647392e+00 
 1.28808389e-01  3.26647392e+00 
 1.28816777e-01  3.26647392e+00 
 1.28833554e-01  3.26647392e+00 
 1.28867109e-01  3.26647392e+00 
 1.28907109e-01  3.26647392e+00 
 1.28947109e-01  3.26647392e+00 
 1.28987109e-01  3.26647392e+00 
 1.29027109e-01  3.26647392e+00 
 1.29067109e-01  3.26647392e+00 
 1.29107109e-01  3.26647392e+00 
 1.29147109e-01  3.26647392e+00 
 1.29187109e-01  3.26647392e+00 
 1.29199999e-01  3.26647392e+00 
 1.29199999e-01  3.26647392e+00 
 1.29199999e-01  3.26647392e+00 
 1.29200000e-01  3.26647392e+00 
 1.29200000e-01  3.26647392e+00 
 1.29200000e-01  3.26647392e+00 
 1.29200000e-01  3.26647392e+00 
 1.29200000e-01  3.26647392e+00 
 1.29200001e-01  3.26647392e+00 
 1.29200002e-01  3.26647392e+00 
 1.29200004e-01  3.26647392e+00 
 1.29200008e-01  3.26647392e+00 
 1.29200016e-01  3.26647392e+00 
 1.29200033e-01  3.26647391e+00 
 1.29200065e-01  3.26647391e+00 
 1.29200131e-01  3.26647390e+00 
 1.29200262e-01  3.26647388e+00 
 1.29200524e-01  3.26647383e+00 
 1.29201049e-01  3.26647374e+00 
 1.29202097e-01  3.26647358e+00 
 1.29204194e-01  3.26647328e+00 
 1.29208389e-01  3.26647279e+00 
 1.29216777e-01  3.26647211e+00 
 1.29233554e-01  3.26647145e+00 
 1.29267109e-01  3.26647115e+00 
 1.29307109e-01  3.26647115e+00 
 1.29347109e-01  3.26647115e+00 
 1.29387109e-01  3.26647115e+00 
 1.29427109e-01  3.26647115e+00 
 1.29467109e-01  3.26647115e+00 
 1.29507109e-01  3.26647115e+00 
 1.29547109e-01  3.26647115e+00 
 1.29587109e-01  3.26647115e+00 
 1.29599999e-01  3.26647115e+00 
 1.29599999e-01  3.26647115e+00 
 1.29599999e-01  3.26647115e+00 
 1.29600000e-01  3.26647115e+00 
 1.29600000e-01  3.26647115e+00 
 1.29600000e-01  3.26647115e+00 
 1.29600000e-01  3.26647115e+00 
 1.29600000e-01  3.26647115e+00 
 1.29600001e-01  3.26647115e+00 
 1.29600002e-01  3.26647115e+00 
 1.29600004e-01  3.26647115e+00 
 1.29600008e-01  3.26647115e+00 
 1.29600016e-01  3.26647115e+00 
 1.29600033e-01  3.26647115e+00 
 1.29600065e-01  3.26647115e+00 
 1.29600131e-01  3.26647115e+00 
 1.29600262e-01  3.26647115e+00 
 1.29600524e-01  3.26647115e+00 
 1.29601049e-01  3.26647115e+00 
 1.29602097e-01  3.26647115e+00 
 1.29604194e-01  3.26647115e+00 
 1.29608389e-01  3.26647115e+00 
 1.29616777e-01  3.26647115e+00 
 1.29633554e-01  3.26647115e+00 
 1.29667109e-01  3.26647115e+00 
 1.29707109e-01  3.26647115e+00 
 1.29747109e-01  3.26647115e+00 
 1.29787109e-01  3.26647115e+00 
 1.29827109e-01  3.26647115e+00 
 1.29867109e-01  3.26647115e+00 
 1.29907109e-01  3.26647115e+00 
 1.29947109e-01  3.26647115e+00 
 1.29987109e-01  3.26647115e+00 
 1.29999999e-01  3.26647115e+00 
 1.29999999e-01  3.26647115e+00 
 1.29999999e-01  3.26647115e+00 
 1.30000000e-01  3.26647115e+00 
 1.30000000e-01  3.26647115e+00 
 1.30000000e-01  3.26647115e+00 
 1.30000000e-01  3.26647115e+00 
 1.30000000e-01  3.26647115e+00 
 1.30000001e-01  3.26647115e+00 
 1.30000002e-01  3.26647115e+00 
 1.30000004e-01  3.26647115e+00 
 1.30000008e-01  3.26647115e+00 
 1.30000016e-01  3.26647115e+00 
 1.30000033e-01  3.26647115e+00 
 1.30000065e-01  3.26647114e+00 
 1.30000131e-01  3.26647113e+00 
 1.30000262e-01  3.26647111e+00 
 1.30000524e-01  3.26647107e+00 
 1.30001049e-01  3.26647100e+00 
 1.30002097e-01  3.26647085e+00 
 1.30004194e-01  3.26647059e+00 
 1.30008389e-01  3.26647015e+00 
 1.30016777e-01  3.26646955e+00 
 1.30033554e-01  3.26646897e+00 
 1.30067109e-01  3.26646870e+00 
 1.30107109e-01  3.26646871e+00 
 1.30147109e-01  3.26646871e+00 
 1.30187109e-01  3.26646871e+00 
 1.30227109e-01  3.26646871e+00 
 1.30267109e-01  3.26646871e+00 
 1.30307109e-01  3.26646871e+00 
 1.30347109e-01  3.26646871e+00 
 1.30387109e-01  3.26646871e+00 
 1.30399999e-01  3.26646871e+00 
 1.30399999e-01  3.26646871e+00 
 1.30399999e-01  3.26646871e+00 
 1.30400000e-01  3.26646871e+00 
 1.30400000e-01  3.26646871e+00 
 1.30400000e-01  3.26646871e+00 
 1.30400000e-01  3.26646871e+00 
 1.30400000e-01  3.26646871e+00 
 1.30400001e-01  3.26646871e+00 
 1.30400002e-01  3.26646871e+00 
 1.30400004e-01  3.26646871e+00 
 1.30400008e-01  3.26646871e+00 
 1.30400016e-01  3.26646871e+00 
 1.30400033e-01  3.26646871e+00 
 1.30400065e-01  3.26646871e+00 
 1.30400131e-01  3.26646871e+00 
 1.30400262e-01  3.26646871e+00 
 1.30400524e-01  3.26646871e+00 
 1.30401049e-01  3.26646871e+00 
 1.30402097e-01  3.26646871e+00 
 1.30404194e-01  3.26646871e+00 
 1.30408389e-01  3.26646871e+00 
 1.30416777e-01  3.26646871e+00 
 1.30433554e-01  3.26646871e+00 
 1.30467109e-01  3.26646871e+00 
 1.30507109e-01  3.26646871e+00 
 1.30547109e-01  3.26646871e+00 
 1.30587109e-01  3.26646871e+00 
 1.30627109e-01  3.26646871e+00 
 1.30667109e-01  3.26646871e+00 
 1.30707109e-01  3.26646871e+00 
 1.30747109e-01  3.26646871e+00 
 1.30787109e-01  3.26646871e+00 
 1.30799999e-01  3.26646871e+00 
 1.30799999e-01  3.26646871e+00 
 1.30799999e-01  3.26646871e+00 
 1.30800000e-01  3.26646871e+00 
 1.30800000e-01  3.26646871e+00 
 1.30800000e-01  3.26646871e+00 
 1.30800000e-01  3.26646871e+00 
 1.30800000e-01  3.26646871e+00 
 1.30800001e-01  3.26646871e+00 
 1.30800002e-01  3.26646871e+00 
 1.30800004e-01  3.26646871e+00 
 1.30800008e-01  3.26646871e+00 
 1.30800016e-01  3.26646870e+00 
 1.30800033e-01  3.26646870e+00 
 1.30800065e-01  3.26646870e+00 
 1.30800131e-01  3.26646869e+00 
 1.30800262e-01  3.26646867e+00 
 1.30800524e-01  3.26646864e+00 
 1.30801049e-01  3.26646857e+00 
 1.30802097e-01  3.26646844e+00 
 1.30804194e-01  3.26646821e+00 
 1.30808389e-01  3.26646782e+00 
 1.30816777e-01  3.26646729e+00 
 1.30833554e-01  3.26646678e+00 
 1.30867109e-01  3.26646654e+00 
 1.30907109e-01  3.26646655e+00 
 1.30947109e-01  3.26646655e+00 
 1.30987109e-01  3.26646655e+00 
 1.31027109e-01  3.26646655e+00 
 1.31067109e-01  3.26646655e+00 
 1.31107109e-01  3.26646655e+00 
 1.31147109e-01  3.26646655e+00 
 1.31187109e-01  3.26646655e+00 
 1.31199999e-01  3.26646655e+00 
 1.31199999e-01  3.26646655e+00 
 1.31199999e-01  3.26646655e+00 
 1.31200000e-01  3.26646655e+00 
 1.31200000e-01  3.26646655e+00 
 1.31200000e-01  3.26646655e+00 
 1.31200000e-01  3.26646655e+00 
 1.31200000e-01  3.26646655e+00 
 1.31200001e-01  3.26646655e+00 
 1.31200002e-01  3.26646655e+00 
 1.31200004e-01  3.26646655e+00 
 1.31200008e-01  3.26646655e+00 
 1.31200016e-01  3.26646655e+00 
 1.31200033e-01  3.26646655e+00 
 1.31200065e-01  3.26646655e+00 
 1.31200131e-01  3.26646655e+00 
 1.31200262e-01  3.26646655e+00 
 1.31200524e-01  3.26646655e+00 
 1.31201049e-01  3.26646655e+00 
 1.31202097e-01  3.26646655e+00 
 1.31204194e-01  3.26646655e+00 
 1.31208389e-01  3.26646655e+00 
 1.31216777e-01  3.26646655e+00 
 1.31233554e-01  3.26646655e+00 
 1.31267109e-01  3.26646655e+00 
 1.31307109e-01  3.26646655e+00 
 1.31347109e-01  3.26646655e+00 
 1.31387109e-01  3.26646655e+00 
 1.31427109e-01  3.26646655e+00 
 1.31467109e-01  3.26646655e+00 
 1.31507109e-01  3.26646655e+00 
 1.31547109e-01  3.26646655e+00 
 1.31587109e-01  3.26646655e+00 
 1.31599999e-01  3.26646655e+00 
 1.31599999e-01  3.26646655e+00 
 1.31599999e-01  3.26646655e+00 
 1.31600000e-01  3.26646655e+00 
 1.31600000e-01  3.26646655e+00 
 1.31600000e-01  3.26646655e+00 
 1.31600000e-01  3.26646655e+00 
 1.31600000e-01  3.26646655e+00 
 1.31600001e-01  3.26646655e+00 
 1.31600002e-01  3.26646655e+00 
 1.31600004e-01  3.26646655e+00 
 1.31600008e-01  3.26646655e+00 
 1.31600016e-01  3.26646655e+00 
 1.31600033e-01  3.26646654e+00 
 1.31600065e-01  3.26646654e+00 
 1.31600131e-01  3.26646653e+00 
 1.31600262e-01  3.26646652e+00 
 1.31600524e-01  3.26646649e+00 
 1.31601049e-01  3.26646643e+00 
 1.31602097e-01  3.26646631e+00 
 1.31604194e-01  3.26646611e+00 
 1.31608389e-01  3.26646577e+00 
 1.31616777e-01  3.26646530e+00 
 1.31633554e-01  3.26646485e+00 
 1.31667109e-01  3.26646464e+00 
 1.31707109e-01  3.26646465e+00 
 1.31747109e-01  3.26646465e+00 
 1.31787109e-01  3.26646465e+00 
 1.31827109e-01  3.26646465e+00 
 1.31867109e-01  3.26646465e+00 
 1.31907109e-01  3.26646465e+00 
 1.31947109e-01  3.26646465e+00 
 1.31987109e-01  3.26646465e+00 
 1.31999999e-01  3.26646465e+00 
 1.31999999e-01  3.26646465e+00 
 1.31999999e-01  3.26646465e+00 
 1.32000000e-01  3.26646465e+00 
 1.32000000e-01  3.26646465e+00 
 1.32000000e-01  3.26646465e+00 
 1.32000000e-01  3.26646465e+00 
 1.32000000e-01  3.26646465e+00 
 1.32000001e-01  3.26646465e+00 
 1.32000002e-01  3.26646465e+00 
 1.32000004e-01  3.26646465e+00 
 1.32000008e-01  3.26646465e+00 
 1.32000016e-01  3.26646465e+00 
 1.32000033e-01  3.26646465e+00 
 1.32000065e-01  3.26646465e+00 
 1.32000131e-01  3.26646465e+00 
 1.32000262e-01  3.26646465e+00 
 1.32000524e-01  3.26646465e+00 
 1.32001049e-01  3.26646465e+00 
 1.32002097e-01  3.26646465e+00 
 1.32004194e-01  3.26646465e+00 
 1.32008389e-01  3.26646465e+00 
 1.32016777e-01  3.26646465e+00 
 1.32033554e-01  3.26646465e+00 
 1.32067109e-01  3.26646465e+00 
 1.32107109e-01  3.26646465e+00 
 1.32147109e-01  3.26646465e+00 
 1.32187109e-01  3.26646465e+00 
 1.32227109e-01  3.26646465e+00 
 1.32267109e-01  3.26646465e+00 
 1.32307109e-01  3.26646465e+00 
 1.32347109e-01  3.26646465e+00 
 1.32387109e-01  3.26646465e+00 
 1.32399999e-01  3.26646465e+00 
 1.32399999e-01  3.26646465e+00 
 1.32399999e-01  3.26646465e+00 
 1.32400000e-01  3.26646465e+00 
 1.32400000e-01  3.26646465e+00 
 1.32400000e-01  3.26646465e+00 
 1.32400000e-01  3.26646465e+00 
 1.32400000e-01  3.26646465e+00 
 1.32400001e-01  3.26646465e+00 
 1.32400002e-01  3.26646465e+00 
 1.32400004e-01  3.26646464e+00 
 1.32400008e-01  3.26646464e+00 
 1.32400016e-01  3.26646464e+00 
 1.32400033e-01  3.26646464e+00 
 1.32400065e-01  3.26646464e+00 
 1.32400131e-01  3.26646463e+00 
 1.32400262e-01  3.26646462e+00 
 1.32400524e-01  3.26646459e+00 
 1.32401049e-01  3.26646454e+00 
 1.32402097e-01  3.26646444e+00 
 1.32404194e-01  3.26646426e+00 
 1.32408389e-01  3.26646396e+00 
 1.32416777e-01  3.26646355e+00 
 1.32433554e-01  3.26646315e+00 
 1.32467109e-01  3.26646296e+00 
 1.32507109e-01  3.26646297e+00 
 1.32547109e-01  3.26646297e+00 
 1.32587109e-01  3.26646297e+00 
 1.32627109e-01  3.26646297e+00 
 1.32667109e-01  3.26646297e+00 
 1.32707109e-01  3.26646297e+00 
 1.32747109e-01  3.26646297e+00 
 1.32787109e-01  3.26646297e+00 
 1.32799999e-01  3.26646297e+00 
 1.32799999e-01  3.26646297e+00 
 1.32799999e-01  3.26646297e+00 
 1.32800000e-01  3.26646297e+00 
 1.32800000e-01  3.26646297e+00 
 1.32800000e-01  3.26646297e+00 
 1.32800000e-01  3.26646297e+00 
 1.32800000e-01  3.26646297e+00 
 1.32800001e-01  3.26646297e+00 
 1.32800002e-01  3.26646297e+00 
 1.32800004e-01  3.26646297e+00 
 1.32800008e-01  3.26646297e+00 
 1.32800016e-01  3.26646297e+00 
 1.32800033e-01  3.26646297e+00 
 1.32800065e-01  3.26646297e+00 
 1.32800131e-01  3.26646297e+00 
 1.32800262e-01  3.26646297e+00 
 1.32800524e-01  3.26646297e+00 
 1.32801049e-01  3.26646297e+00 
 1.32802097e-01  3.26646297e+00 
 1.32804194e-01  3.26646297e+00 
 1.32808389e-01  3.26646297e+00 
 1.32816777e-01  3.26646297e+00 
 1.32833554e-01  3.26646297e+00 
 1.32867109e-01  3.26646297e+00 
 1.32907109e-01  3.26646297e+00 
 1.32947109e-01  3.26646297e+00 
 1.32987109e-01  3.26646297e+00 
 1.33027109e-01  3.26646297e+00 
 1.33067109e-01  3.26646297e+00 
 1.33107109e-01  3.26646297e+00 
 1.33147109e-01  3.26646297e+00 
 1.33187109e-01  3.26646297e+00 
 1.33199999e-01  3.26646297e+00 
 1.33199999e-01  3.26646297e+00 
 1.33199999e-01  3.26646297e+00 
 1.33200000e-01  3.26646297e+00 
 1.33200000e-01  3.26646297e+00 
 1.33200000e-01  3.26646297e+00 
 1.33200000e-01  3.26646297e+00 
 1.33200000e-01  3.26646297e+00 
 1.33200001e-01  3.26646297e+00 
 1.33200002e-01  3.26646297e+00 
 1.33200004e-01  3.26646297e+00 
 1.33200008e-01  3.26646297e+00 
 1.33200016e-01  3.26646297e+00 
 1.33200033e-01  3.26646296e+00 
 1.33200065e-01  3.26646296e+00 
 1.33200131e-01  3.26646296e+00 
 1.33200262e-01  3.26646294e+00 
 1.33200524e-01  3.26646292e+00 
 1.33201049e-01  3.26646287e+00 
 1.33202097e-01  3.26646279e+00 
 1.33204194e-01  3.26646263e+00 
 1.33208389e-01  3.26646236e+00 
 1.33216777e-01  3.26646200e+00 
 1.33233554e-01  3.26646165e+00 
 1.33267109e-01  3.26646149e+00 
 1.33307109e-01  3.26646149e+00 
 1.33347109e-01  3.26646149e+00 
 1.33387109e-01  3.26646149e+00 
 1.33427109e-01  3.26646149e+00 
 1.33467109e-01  3.26646149e+00 
 1.33507109e-01  3.26646149e+00 
 1.33547109e-01  3.26646149e+00 
 1.33587109e-01  3.26646149e+00 
 1.33599999e-01  3.26646149e+00 
 1.33599999e-01  3.26646149e+00 
 1.33599999e-01  3.26646149e+00 
 1.33600000e-01  3.26646149e+00 
 1.33600000e-01  3.26646149e+00 
 1.33600000e-01  3.26646149e+00 
 1.33600000e-01  3.26646149e+00 
 1.33600000e-01  3.26646149e+00 
 1.33600001e-01  3.26646149e+00 
 1.33600002e-01  3.26646149e+00 
 1.33600004e-01  3.26646149e+00 
 1.33600008e-01  3.26646149e+00 
 1.33600016e-01  3.26646149e+00 
 1.33600033e-01  3.26646149e+00 
 1.33600065e-01  3.26646149e+00 
 1.33600131e-01  3.26646149e+00 
 1.33600262e-01  3.26646149e+00 
 1.33600524e-01  3.26646149e+00 
 1.33601049e-01  3.26646149e+00 
 1.33602097e-01  3.26646149e+00 
 1.33604194e-01  3.26646149e+00 
 1.33608389e-01  3.26646149e+00 
 1.33616777e-01  3.26646149e+00 
 1.33628954e-01  3.26646149e+00 
 1.33641397e-01  3.26646149e+00 
 1.33657394e-01  3.26646149e+00 
 1.33677768e-01  3.26646149e+00 
 1.33708225e-01  3.26646149e+00 
 1.33748225e-01  3.26646149e+00 
 1.33788225e-01  3.26646149e+00 
 1.33828225e-01  3.26646149e+00 
 1.33868225e-01  3.26646149e+00 
 1.33908225e-01  3.26646149e+00 
 1.33948225e-01  3.26646149e+00 
 1.33988225e-01  3.26646149e+00 
 1.33999999e-01  3.26646149e+00 
 1.33999999e-01  3.26646149e+00 
 1.33999999e-01  3.26646149e+00 
 1.34000000e-01  3.26646149e+00 
 1.34000000e-01  3.26646152e+00 
 1.34000000e-01  3.26646153e+00 
 1.34000000e-01  3.26646157e+00 
 1.34000000e-01  3.26646163e+00 
 1.34000001e-01  3.26646175e+00 
 1.34000002e-01  3.26646200e+00 
 1.34000004e-01  3.26646250e+00 
 1.34000008e-01  3.26646350e+00 
 1.34000016e-01  3.26646550e+00 
 1.34000033e-01  3.26646949e+00 
 1.34000065e-01  3.26647746e+00 
 1.34000131e-01  3.26649335e+00 
 1.34000262e-01  3.26652493e+00 
 1.34000524e-01  3.26658733e+00 
 1.34001049e-01  3.26670912e+00 
 1.34002097e-01  3.26694109e+00 
 1.34004194e-01  3.26736224e+00 
 1.34008389e-01  3.26805812e+00 
 1.34016777e-01  3.26901628e+00 
 1.34028954e-01  3.26975967e+00 
 1.34041397e-01  3.27009849e+00 
 1.34057395e-01  3.27027598e+00 
 1.34077768e-01  3.27034505e+00 
 1.34108225e-01  3.27036427e+00 
 1.34148225e-01  3.27036481e+00 
 1.34188225e-01  3.27036475e+00 
 1.34228225e-01  3.27036475e+00 
 1.34268225e-01  3.27036475e+00 
 1.34308225e-01  3.27036475e+00 
 1.34348225e-01  3.27036475e+00 
 1.34388225e-01  3.27036475e+00 
 1.34399999e-01  3.27036475e+00 
 1.34399999e-01  3.27036475e+00 
 1.34399999e-01  3.27036475e+00 
 1.34400000e-01  3.27036475e+00 
 1.34400000e-01  3.27036475e+00 
 1.34400000e-01  3.27036475e+00 
 1.34400000e-01  3.27036475e+00 
 1.34400000e-01  3.27036475e+00 
 1.34400001e-01  3.27036475e+00 
 1.34400002e-01  3.27036475e+00 
 1.34400004e-01  3.27036475e+00 
 1.34400008e-01  3.27036475e+00 
 1.34400016e-01  3.27036475e+00 
 1.34400033e-01  3.27036475e+00 
 1.34400065e-01  3.27036475e+00 
 1.34400131e-01  3.27036475e+00 
 1.34400262e-01  3.27036475e+00 
 1.34400524e-01  3.27036475e+00 
 1.34401049e-01  3.27036475e+00 
 1.34402097e-01  3.27036475e+00 
 1.34404194e-01  3.27036475e+00 
 1.34408389e-01  3.27036475e+00 
 1.34416777e-01  3.27036475e+00 
 1.34433554e-01  3.27036475e+00 
 1.34457792e-01  3.27036475e+00 
 1.34488374e-01  3.27036475e+00 
 1.34528374e-01  3.27036475e+00 
 1.34568374e-01  3.27036475e+00 
 1.34608374e-01  3.27036475e+00 
 1.34648374e-01  3.27036475e+00 
 1.34688374e-01  3.27036475e+00 
 1.34728374e-01  3.27036475e+00 
 1.34768374e-01  3.27036475e+00 
 1.34799999e-01  3.27036475e+00 
 1.34799999e-01  3.27036475e+00 
 1.34799999e-01  3.27036475e+00 
 1.34800000e-01  3.27036475e+00 
 1.34800000e-01  3.27036398e+00 
 1.34800000e-01  3.27036357e+00 
 1.34800000e-01  3.27036275e+00 
 1.34800000e-01  3.27036111e+00 
 1.34800001e-01  3.27035782e+00 
 1.34800002e-01  3.27035126e+00 
 1.34800004e-01  3.27033812e+00 
 1.34800008e-01  3.27031185e+00 
 1.34800016e-01  3.27025933e+00 
 1.34800033e-01  3.27015437e+00 
 1.34800065e-01  3.26994477e+00 
 1.34800131e-01  3.26952687e+00 
 1.34800262e-01  3.26869617e+00 
 1.34800524e-01  3.26705503e+00 
 1.34801049e-01  3.26385210e+00 
 1.34802097e-01  3.25775112e+00 
 1.34804194e-01  3.24667489e+00 
 1.34808389e-01  3.22837307e+00 
 1.34816777e-01  3.20317315e+00 
 1.34833554e-01  3.17877629e+00 
 1.34857792e-01  3.16923573e+00 
 1.34888374e-01  3.16774267e+00 
 1.34928374e-01  3.16770422e+00 
 1.34968374e-01  3.16770849e+00 
 1.35008374e-01  3.16770802e+00 
 1.35048374e-01  3.16770807e+00 
 1.35088374e-01  3.16770806e+00 
 1.35128374e-01  3.16770806e+00 
 1.35168374e-01  3.16770806e+00 
 1.35199999e-01  3.16770806e+00 
 1.35199999e-01  3.16770806e+00 
 1.35199999e-01  3.16770806e+00 
 1.35200000e-01  3.16770806e+00 
 1.35200000e-01  3.16770806e+00 
 1.35200000e-01  3.16770806e+00 
 1.35200000e-01  3.16770806e+00 
 1.35200000e-01  3.16770806e+00 
 1.35200001e-01  3.16770806e+00 
 1.35200002e-01  3.16770806e+00 
 1.35200004e-01  3.16770806e+00 
 1.35200008e-01  3.16770806e+00 
 1.35200016e-01  3.16770806e+00 
 1.35200033e-01  3.16770806e+00 
 1.35200065e-01  3.16770806e+00 
 1.35200131e-01  3.16770806e+00 
 1.35200262e-01  3.16770806e+00 
 1.35200524e-01  3.16770806e+00 
 1.35201049e-01  3.16770806e+00 
 1.35202097e-01  3.16770806e+00 
 1.35204194e-01  3.16770806e+00 
 1.35208389e-01  3.16770806e+00 
 1.35216777e-01  3.16770806e+00 
 1.35233554e-01  3.16770806e+00 
 1.35267109e-01  3.16770806e+00 
 1.35307109e-01  3.16770806e+00 
 1.35347109e-01  3.16770806e+00 
 1.35387109e-01  3.16770806e+00 
 1.35427109e-01  3.16770806e+00 
 1.35467109e-01  3.16770806e+00 
 1.35507109e-01  3.16770806e+00 
 1.35547109e-01  3.16770806e+00 
 1.35587109e-01  3.16770806e+00 
 1.35599999e-01  3.16770806e+00 
 1.35599999e-01  3.16770806e+00 
 1.35599999e-01  3.16770806e+00 
 1.35600000e-01  3.16770806e+00 
 1.35600000e-01  3.16770728e+00 
 1.35600000e-01  3.16770686e+00 
 1.35600000e-01  3.16770602e+00 
 1.35600000e-01  3.16770434e+00 
 1.35600001e-01  3.16770098e+00 
 1.35600002e-01  3.16769427e+00 
 1.35600004e-01  3.16768085e+00 
 1.35600008e-01  3.16765401e+00 
 1.35600016e-01  3.16760034e+00 
 1.35600033e-01  3.16749310e+00 
 1.35600065e-01  3.16727894e+00 
 1.35600131e-01  3.16685194e+00 
 1.35600262e-01  3.16600316e+00 
 1.35600524e-01  3.16432629e+00 
 1.35601049e-01  3.16105364e+00 
 1.35602097e-01  3.15481984e+00 
 1.35604194e-01  3.14350249e+00 
 1.35608389e-01  3.12480225e+00 
 1.35616777e-01  3.09905374e+00 
 1.35633554e-01  3.07412578e+00 
 1.35667109e-01  3.06254844e+00 
 1.35707109e-01  3.06284640e+00 
 1.35747109e-01  3.06281329e+00 
 1.35787109e-01  3.06281697e+00 
 1.35827109e-01  3.06281656e+00 
 1.35867109e-01  3.06281661e+00 
 1.35907109e-01  3.06281660e+00 
 1.35947109e-01  3.06281660e+00 
 1.35987109e-01  3.06281660e+00 
 1.35999999e-01  3.06281660e+00 
 1.35999999e-01  3.06281660e+00 
 1.35999999e-01  3.06281660e+00 
 1.36000000e-01  3.06281660e+00 
 1.36000000e-01  3.06281660e+00 
 1.36000000e-01  3.06281660e+00 
 1.36000000e-01  3.06281660e+00 
 1.36000000e-01  3.06281660e+00 
 1.36000001e-01  3.06281660e+00 
 1.36000002e-01  3.06281660e+00 
 1.36000004e-01  3.06281660e+00 
 1.36000008e-01  3.06281660e+00 
 1.36000016e-01  3.06281660e+00 
 1.36000033e-01  3.06281660e+00 
 1.36000065e-01  3.06281660e+00 
 1.36000131e-01  3.06281660e+00 
 1.36000262e-01  3.06281660e+00 
 1.36000524e-01  3.06281660e+00 
 1.36001049e-01  3.06281660e+00 
 1.36002097e-01  3.06281660e+00 
 1.36004194e-01  3.06281660e+00 
 1.36008389e-01  3.06281660e+00 
 1.36016777e-01  3.06281660e+00 
 1.36033554e-01  3.06281660e+00 
 1.36067109e-01  3.06281660e+00 
 1.36107109e-01  3.06281660e+00 
 1.36147109e-01  3.06281660e+00 
 1.36187109e-01  3.06281660e+00 
 1.36227109e-01  3.06281660e+00 
 1.36267109e-01  3.06281660e+00 
 1.36307109e-01  3.06281660e+00 
 1.36347109e-01  3.06281660e+00 
 1.36387109e-01  3.06281660e+00 
 1.36399999e-01  3.06281660e+00 
 1.36399999e-01  3.06281660e+00 
 1.36399999e-01  3.06281660e+00 
 1.36400000e-01  3.06281660e+00 
 1.36400000e-01  3.06281588e+00 
 1.36400000e-01  3.06281549e+00 
 1.36400000e-01  3.06281472e+00 
 1.36400000e-01  3.06281317e+00 
 1.36400001e-01  3.06281009e+00 
 1.36400002e-01  3.06280391e+00 
 1.36400004e-01  3.06279156e+00 
 1.36400008e-01  3.06276686e+00 
 1.36400016e-01  3.06271748e+00 
 1.36400033e-01  3.06261879e+00 
 1.36400065e-01  3.06242173e+00 
 1.36400131e-01  3.06202881e+00 
 1.36400262e-01  3.06124777e+00 
 1.36400524e-01  3.05970473e+00 
 1.36401049e-01  3.05669328e+00 
 1.36402097e-01  3.05095703e+00 
 1.36404194e-01  3.04054295e+00 
 1.36408389e-01  3.02333524e+00 
 1.36416777e-01  2.99964180e+00 
 1.36433554e-01  2.97670343e+00 
 1.36467109e-01  2.96605012e+00 
 1.36507109e-01  2.96632430e+00 
 1.36547109e-01  2.96629383e+00 
 1.36587109e-01  2.96629722e+00 
 1.36627109e-01  2.96629684e+00 
 1.36667109e-01  2.96629688e+00 
 1.36707109e-01  2.96629688e+00 
 1.36747109e-01  2.96629688e+00 
 1.36787109e-01  2.96629688e+00 
 1.36799999e-01  2.96629688e+00 
 1.36799999e-01  2.96629688e+00 
 1.36799999e-01  2.96629688e+00 
 1.36800000e-01  2.96629688e+00 
 1.36800000e-01  2.96629688e+00 
 1.36800000e-01  2.96629688e+00 
 1.36800000e-01  2.96629688e+00 
 1.36800000e-01  2.96629688e+00 
 1.36800001e-01  2.96629688e+00 
 1.36800002e-01  2.96629688e+00 
 1.36800004e-01  2.96629688e+00 
 1.36800008e-01  2.96629688e+00 
 1.36800016e-01  2.96629688e+00 
 1.36800033e-01  2.96629688e+00 
 1.36800065e-01  2.96629688e+00 
 1.36800131e-01  2.96629688e+00 
 1.36800262e-01  2.96629688e+00 
 1.36800524e-01  2.96629688e+00 
 1.36801049e-01  2.96629688e+00 
 1.36802097e-01  2.96629688e+00 
 1.36804194e-01  2.96629688e+00 
 1.36808389e-01  2.96629688e+00 
 1.36816777e-01  2.96629688e+00 
 1.36833554e-01  2.96629688e+00 
 1.36867109e-01  2.96629688e+00 
 1.36907109e-01  2.96629688e+00 
 1.36947109e-01  2.96629688e+00 
 1.36987109e-01  2.96629688e+00 
 1.37027109e-01  2.96629688e+00 
 1.37067109e-01  2.96629688e+00 
 1.37107109e-01  2.96629688e+00 
 1.37147109e-01  2.96629688e+00 
 1.37187109e-01  2.96629688e+00 
 1.37199999e-01  2.96629688e+00 
 1.37199999e-01  2.96629688e+00 
 1.37199999e-01  2.96629688e+00 
 1.37200000e-01  2.96629688e+00 
 1.37200000e-01  2.96629622e+00 
 1.37200000e-01  2.96629587e+00 
 1.37200000e-01  2.96629516e+00 
 1.37200000e-01  2.96629376e+00 
 1.37200001e-01  2.96629094e+00 
 1.37200002e-01  2.96628531e+00 
 1.37200004e-01  2.96627405e+00 
 1.37200008e-01  2.96625153e+00 
 1.37200016e-01  2.96620650e+00 
 1.37200033e-01  2.96611653e+00 
 1.37200065e-01  2.96593685e+00 
 1.37200131e-01  2.96557860e+00 
 1.37200262e-01  2.96486649e+00 
 1.37200524e-01  2.96345962e+00 
 1.37201049e-01  2.96071392e+00 
 1.37202097e-01  2.95548386e+00 
 1.37204194e-01  2.94598877e+00 
 1.37208389e-01  2.93029955e+00 
 1.37216777e-01  2.90869694e+00 
 1.37233554e-01  2.88778277e+00 
 1.37267109e-01  2.87806956e+00 
 1.37307109e-01  2.87831954e+00 
 1.37347109e-01  2.87829177e+00 
 1.37387109e-01  2.87829485e+00 
 1.37427109e-01  2.87829451e+00 
 1.37467109e-01  2.87829455e+00 
 1.37507109e-01  2.87829454e+00 
 1.37547109e-01  2.87829454e+00 
 1.37587109e-01  2.87829454e+00 
 1.37599999e-01  2.87829454e+00 
 1.37599999e-01  2.87829454e+00 
 1.37599999e-01  2.87829454e+00 
 1.37600000e-01  2.87829454e+00 
 1.37600000e-01  2.87829454e+00 
 1.37600000e-01  2.87829454e+00 
 1.37600000e-01  2.87829454e+00 
 1.37600000e-01  2.87829454e+00 
 1.37600001e-01  2.87829454e+00 
 1.37600002e-01  2.87829454e+00 
 1.37600004e-01  2.87829454e+00 
 1.37600008e-01  2.87829454e+00 
 1.37600016e-01  2.87829454e+00 
 1.37600033e-01  2.87829454e+00 
 1.37600065e-01  2.87829454e+00 
 1.37600131e-01  2.87829454e+00 
 1.37600262e-01  2.87829454e+00 
 1.37600524e-01  2.87829454e+00 
 1.37601049e-01  2.87829454e+00 
 1.37602097e-01  2.87829454e+00 
 1.37604194e-01  2.87829454e+00 
 1.37608389e-01  2.87829454e+00 
 1.37616777e-01  2.87829454e+00 
 1.37633554e-01  2.87829454e+00 
 1.37667109e-01  2.87829454e+00 
 1.37707109e-01  2.87829454e+00 
 1.37747109e-01  2.87829454e+00 
 1.37787109e-01  2.87829454e+00 
 1.37827109e-01  2.87829454e+00 
 1.37867109e-01  2.87829454e+00 
 1.37907109e-01  2.87829454e+00 
 1.37947109e-01  2.87829454e+00 
 1.37987109e-01  2.87829454e+00 
 1.37999999e-01  2.87829454e+00 
 1.37999999e-01  2.87829454e+00 
 1.37999999e-01  2.87829454e+00 
 1.38000000e-01  2.87829454e+00 
 1.38000000e-01  2.87829394e+00 
 1.38000000e-01  2.87829362e+00 
 1.38000000e-01  2.87829298e+00 
 1.38000000e-01  2.87829169e+00 
 1.38000001e-01  2.87828912e+00 
 1.38000002e-01  2.87828397e+00 
 1.38000004e-01  2.87827369e+00 
 1.38000008e-01  2.87825312e+00 
 1.38000016e-01  2.87821199e+00 
 1.38000033e-01  2.87812980e+00 
 1.38000065e-01  2.87796567e+00 
 1.38000131e-01  2.87763842e+00 
 1.38000262e-01  2.87698793e+00 
 1.38000524e-01  2.87570280e+00 
 1.38001049e-01  2.87319469e+00 
 1.38002097e-01  2.86841721e+00 
 1.38004194e-01  2.85974377e+00 
 1.38008389e-01  2.84541220e+00 
 1.38016777e-01  2.82567894e+00 
 1.38033554e-01  2.80657454e+00 
 1.38067109e-01  2.79770185e+00 
 1.38107109e-01  2.79793020e+00 
 1.38147109e-01  2.79790483e+00 
 1.38187109e-01  2.79790765e+00 
 1.38227109e-01  2.79790734e+00 
 1.38267109e-01  2.79790737e+00 
 1.38307109e-01  2.79790737e+00 
 1.38347109e-01  2.79790737e+00 
 1.38387109e-01  2.79790737e+00 
 1.38399999e-01  2.79790737e+00 
 1.38399999e-01  2.79790737e+00 
 1.38399999e-01  2.79790737e+00 
 1.38400000e-01  2.79790737e+00 
 1.38400000e-01  2.79790737e+00 
 1.38400000e-01  2.79790737e+00 
 1.38400000e-01  2.79790737e+00 
 1.38400000e-01  2.79790737e+00 
 1.38400001e-01  2.79790737e+00 
 1.38400002e-01  2.79790737e+00 
 1.38400004e-01  2.79790737e+00 
 1.38400008e-01  2.79790737e+00 
 1.38400016e-01  2.79790737e+00 
 1.38400033e-01  2.79790737e+00 
 1.38400065e-01  2.79790737e+00 
 1.38400131e-01  2.79790737e+00 
 1.38400262e-01  2.79790737e+00 
 1.38400524e-01  2.79790737e+00 
 1.38401049e-01  2.79790737e+00 
 1.38402097e-01  2.79790737e+00 
 1.38404194e-01  2.79790737e+00 
 1.38408389e-01  2.79790737e+00 
 1.38416777e-01  2.79790737e+00 
 1.38433554e-01  2.79790737e+00 
 1.38467109e-01  2.79790737e+00 
 1.38507109e-01  2.79790737e+00 
 1.38547109e-01  2.79790737e+00 
 1.38587109e-01  2.79790737e+00 
 1.38627109e-01  2.79790737e+00 
 1.38667109e-01  2.79790737e+00 
 1.38707109e-01  2.79790737e+00 
 1.38747109e-01  2.79790737e+00 
 1.38787109e-01  2.79790737e+00 
 1.38799999e-01  2.79790737e+00 
 1.38799999e-01  2.79790737e+00 
 1.38799999e-01  2.79790737e+00 
 1.38800000e-01  2.79790737e+00 
 1.38800000e-01  2.79790682e+00 
 1.38800000e-01  2.79790652e+00 
 1.38800000e-01  2.79790593e+00 
 1.38800000e-01  2.79790475e+00 
 1.38800001e-01  2.79790240e+00 
 1.38800002e-01  2.79789768e+00 
 1.38800004e-01  2.79788825e+00 
 1.38800008e-01  2.79786940e+00 
 1.38800016e-01  2.79783170e+00 
 1.38800033e-01  2.79775636e+00 
 1.38800065e-01  2.79760592e+00 
 1.38800131e-01  2.79730596e+00 
 1.38800262e-01  2.79670972e+00 
 1.38800524e-01  2.79553176e+00 
 1.38801049e-01  2.79323282e+00 
 1.38802097e-01  2.78885375e+00 
 1.38804194e-01  2.78090363e+00 
 1.38808389e-01  2.76776723e+00 
 1.38816777e-01  2.74967961e+00 
 1.38833554e-01  2.73216841e+00 
 1.38867109e-01  2.72403565e+00 
 1.38907109e-01  2.72424496e+00 
 1.38947109e-01  2.72422171e+00 
 1.38987109e-01  2.72422429e+00 
 1.39027109e-01  2.72422400e+00 
 1.39067109e-01  2.72422404e+00 
 1.39107109e-01  2.72422403e+00 
 1.39147109e-01  2.72422403e+00 
 1.39187109e-01  2.72422403e+00 
 1.39199999e-01  2.72422403e+00 
 1.39199999e-01  2.72422403e+00 
 1.39199999e-01  2.72422403e+00 
 1.39200000e-01  2.72422403e+00 
 1.39200000e-01  2.72422403e+00 
 1.39200000e-01  2.72422403e+00 
 1.39200000e-01  2.72422403e+00 
 1.39200000e-01  2.72422403e+00 
 1.39200001e-01  2.72422403e+00 
 1.39200002e-01  2.72422403e+00 
 1.39200004e-01  2.72422403e+00 
 1.39200008e-01  2.72422403e+00 
 1.39200016e-01  2.72422403e+00 
 1.39200033e-01  2.72422403e+00 
 1.39200065e-01  2.72422403e+00 
 1.39200131e-01  2.72422403e+00 
 1.39200262e-01  2.72422403e+00 
 1.39200524e-01  2.72422403e+00 
 1.39201049e-01  2.72422403e+00 
 1.39202097e-01  2.72422403e+00 
 1.39204194e-01  2.72422403e+00 
 1.39208389e-01  2.72422403e+00 
 1.39216777e-01  2.72422403e+00 
 1.39233554e-01  2.72422403e+00 
 1.39267109e-01  2.72422403e+00 
 1.39307109e-01  2.72422403e+00 
 1.39347109e-01  2.72422403e+00 
 1.39387109e-01  2.72422403e+00 
 1.39427109e-01  2.72422403e+00 
 1.39467109e-01  2.72422403e+00 
 1.39507109e-01  2.72422403e+00 
 1.39547109e-01  2.72422403e+00 
 1.39587109e-01  2.72422403e+00 
 1.39599999e-01  2.72422403e+00 
 1.39599999e-01  2.72422403e+00 
 1.39599999e-01  2.72422403e+00 
 1.39600000e-01  2.72422403e+00 
 1.39600000e-01  2.72422352e+00 
 1.39600000e-01  2.72422325e+00 
 1.39600000e-01  2.72422271e+00 
 1.39600000e-01  2.72422162e+00 
 1.39600001e-01  2.72421945e+00 
 1.39600002e-01  2.72421512e+00 
 1.39600004e-01  2.72420644e+00 
 1.39600008e-01  2.72418908e+00 
 1.39600016e-01  2.72415439e+00 
 1.39600033e-01  2.72408506e+00 
 1.39600065e-01  2.72394660e+00 
 1.39600131e-01  2.72367054e+00 
 1.39600262e-01  2.72312179e+00 
 1.39600524e-01  2.72203768e+00 
 1.39601049e-01  2.71992187e+00 
 1.39602097e-01  2.71589166e+00 
 1.39604194e-01  2.70857488e+00 
 1.39608389e-01  2.69648497e+00 
 1.39616777e-01  2.67983829e+00 
 1.39633554e-01  2.66372211e+00 
 1.39667109e-01  2.65623724e+00 
 1.39707109e-01  2.65642987e+00 
 1.39747109e-01  2.65640847e+00 
 1.39787109e-01  2.65641085e+00 
 1.39827109e-01  2.65641058e+00 
 1.39867109e-01  2.65641061e+00 
 1.39907109e-01  2.65641061e+00 
 1.39947109e-01  2.65641061e+00 
 1.39987109e-01  2.65641061e+00 
 1.39999999e-01  2.65641061e+00 
 1.39999999e-01  2.65641061e+00 
 1.39999999e-01  2.65641061e+00 
 1.40000000e-01  2.65641061e+00 
 1.40000000e-01  2.65641061e+00 
 1.40000000e-01  2.65641061e+00 
 1.40000000e-01  2.65641061e+00 
 1.40000000e-01  2.65641061e+00 
 1.40000001e-01  2.65641061e+00 
 1.40000002e-01  2.65641061e+00 
 1.40000004e-01  2.65641061e+00 
 1.40000008e-01  2.65641061e+00 
 1.40000016e-01  2.65641061e+00 
 1.40000033e-01  2.65641061e+00 
 1.40000065e-01  2.65641061e+00 
 1.40000131e-01  2.65641061e+00 
 1.40000262e-01  2.65641061e+00 
 1.40000524e-01  2.65641061e+00 
 1.40001049e-01  2.65641061e+00 
 1.40002097e-01  2.65641061e+00 
 1.40004194e-01  2.65641061e+00 
 1.40008389e-01  2.65641061e+00 
 1.40016777e-01  2.65641061e+00 
 1.40033554e-01  2.65641061e+00 
 1.40067109e-01  2.65641061e+00 
 1.40107109e-01  2.65641061e+00 
 1.40147109e-01  2.65641061e+00 
 1.40187109e-01  2.65641061e+00 
 1.40227109e-01  2.65641061e+00 
 1.40267109e-01  2.65641061e+00 
 1.40307109e-01  2.65641061e+00 
 1.40347109e-01  2.65641061e+00 
 1.40387109e-01  2.65641061e+00 
 1.40399999e-01  2.65641061e+00 
 1.40399999e-01  2.65641061e+00 
 1.40399999e-01  2.65641061e+00 
 1.40400000e-01  2.65641061e+00 
 1.40400000e-01  2.65641014e+00 
 1.40400000e-01  2.65640989e+00 
 1.40400000e-01  2.65640939e+00 
 1.40400000e-01  2.65640838e+00 
 1.40400001e-01  2.65640638e+00 
 1.40400002e-01  2.65640236e+00 
 1.40400004e-01  2.65639434e+00 
 1.40400008e-01  2.65637829e+00 
 1.40400016e-01  2.65634622e+00 
 1.40400033e-01  2.65628211e+00 
 1.40400065e-01  2.65615410e+00 
 1.40400131e-01  2.65589885e+00 
 1.40400262e-01  2.65539148e+00 
 1.40400524e-01  2.65438911e+00 
 1.40401049e-01  2.65243285e+00 
 1.40402097e-01  2.64870653e+00 
 1.40404194e-01  2.64194146e+00 
 1.40408389e-01  2.63076319e+00 
 1.40416777e-01  2.61537173e+00 
 1.40433554e-01  2.60047078e+00 
 1.40467109e-01  2.59355029e+00 
 1.40507109e-01  2.59372840e+00 
 1.40547109e-01  2.59370861e+00 
 1.40587109e-01  2.59371081e+00 
 1.40627109e-01  2.59371057e+00 
 1.40667109e-01  2.59371060e+00 
 1.40707109e-01  2.59371059e+00 
 1.40747109e-01  2.59371059e+00 
 1.40787109e-01  2.59371059e+00 
 1.40799999e-01  2.59371059e+00 
 1.40799999e-01  2.59371059e+00 
 1.40799999e-01  2.59371059e+00 
 1.40800000e-01  2.59371059e+00 
 1.40800000e-01  2.59371059e+00 
 1.40800000e-01  2.59371059e+00 
 1.40800000e-01  2.59371059e+00 
 1.40800000e-01  2.59371059e+00 
 1.40800001e-01  2.59371059e+00 
 1.40800002e-01  2.59371059e+00 
 1.40800004e-01  2.59371059e+00 
 1.40800008e-01  2.59371059e+00 
 1.40800016e-01  2.59371059e+00 
 1.40800033e-01  2.59371059e+00 
 1.40800065e-01  2.59371059e+00 
 1.40800131e-01  2.59371059e+00 
 1.40800262e-01  2.59371059e+00 
 1.40800524e-01  2.59371059e+00 
 1.40801049e-01  2.59371059e+00 
 1.40802097e-01  2.59371059e+00 
 1.40804194e-01  2.59371059e+00 
 1.40808389e-01  2.59371059e+00 
 1.40816777e-01  2.59371059e+00 
 1.40833554e-01  2.59371059e+00 
 1.40867109e-01  2.59371059e+00 
 1.40907109e-01  2.59371059e+00 
 1.40947109e-01  2.59371059e+00 
 1.40987109e-01  2.59371059e+00 
 1.41027109e-01  2.59371059e+00 
 1.41067109e-01  2.59371059e+00 
 1.41107109e-01  2.59371059e+00 
 1.41147109e-01  2.59371059e+00 
 1.41187109e-01  2.59371059e+00 
 1.41199999e-01  2.59371059e+00 
 1.41199999e-01  2.59371059e+00 
 1.41199999e-01  2.59371059e+00 
 1.41200000e-01  2.59371059e+00 
 1.41200000e-01  2.59371016e+00 
 1.41200000e-01  2.59370992e+00 
 1.41200000e-01  2.59370946e+00 
 1.41200000e-01  2.59370852e+00 
 1.41200001e-01  2.59370666e+00 
 1.41200002e-01  2.59370293e+00 
 1.41200004e-01  2.59369547e+00 
 1.41200008e-01  2.59368056e+00 
 1.41200016e-01  2.59365076e+00 
 1.41200033e-01  2.59359118e+00 
 1.41200065e-01  2.59347222e+00 
 1.41200131e-01  2.59323503e+00 
 1.41200262e-01  2.59276354e+00 
 1.41200524e-01  2.59183207e+00 
 1.41201049e-01  2.59001416e+00 
 1.41202097e-01  2.58655139e+00 
 1.41204194e-01  2.58026477e+00 
 1.41208389e-01  2.56987708e+00 
 1.41216777e-01  2.55557418e+00 
 1.41233554e-01  2.54172709e+00 
 1.41267109e-01  2.53529606e+00 
 1.41307109e-01  2.53546157e+00 
 1.41347109e-01  2.53544318e+00 
 1.41387109e-01  2.53544522e+00 
 1.41427109e-01  2.53544500e+00 
 1.41467109e-01  2.53544502e+00 
 1.41507109e-01  2.53544502e+00 
 1.41547109e-01  2.53544502e+00 
 1.41587109e-01  2.53544502e+00 
 1.41599999e-01  2.53544502e+00 
 1.41599999e-01  2.53544502e+00 
 1.41599999e-01  2.53544502e+00 
 1.41600000e-01  2.53544502e+00 
 1.41600000e-01  2.53544502e+00 
 1.41600000e-01  2.53544502e+00 
 1.41600000e-01  2.53544502e+00 
 1.41600000e-01  2.53544502e+00 
 1.41600001e-01  2.53544502e+00 
 1.41600002e-01  2.53544502e+00 
 1.41600004e-01  2.53544502e+00 
 1.41600008e-01  2.53544502e+00 
 1.41600016e-01  2.53544502e+00 
 1.41600033e-01  2.53544502e+00 
 1.41600065e-01  2.53544502e+00 
 1.41600131e-01  2.53544502e+00 
 1.41600262e-01  2.53544502e+00 
 1.41600524e-01  2.53544502e+00 
 1.41601049e-01  2.53544502e+00 
 1.41602097e-01  2.53544502e+00 
 1.41604194e-01  2.53544502e+00 
 1.41608389e-01  2.53544502e+00 
 1.41616777e-01  2.53544502e+00 
 1.41633554e-01  2.53544502e+00 
 1.41667109e-01  2.53544502e+00 
 1.41707109e-01  2.53544502e+00 
 1.41747109e-01  2.53544502e+00 
 1.41787109e-01  2.53544502e+00 
 1.41827109e-01  2.53544502e+00 
 1.41867109e-01  2.53544502e+00 
 1.41907109e-01  2.53544502e+00 
 1.41947109e-01  2.53544502e+00 
 1.41987109e-01  2.53544502e+00 
 1.41999999e-01  2.53544502e+00 
 1.41999999e-01  2.53544502e+00 
 1.41999999e-01  2.53544502e+00 
 1.42000000e-01  2.53544502e+00 
 1.42000000e-01  2.53544461e+00 
 1.42000000e-01  2.53544439e+00 
 1.42000000e-01  2.53544396e+00 
 1.42000000e-01  2.53544309e+00 
 1.42000001e-01  2.53544135e+00 
 1.42000002e-01  2.53543786e+00 
 1.42000004e-01  2.53543090e+00 
 1.42000008e-01  2.53541697e+00 
 1.42000016e-01  2.53538912e+00 
 1.42000033e-01  2.53533347e+00 
 1.42000065e-01  2.53522233e+00 
 1.42000131e-01  2.53500075e+00 
 1.42000262e-01  2.53456028e+00 
 1.42000524e-01  2.53369010e+00 
 1.42001049e-01  2.53199180e+00 
 1.42002097e-01  2.52875687e+00 
 1.42004194e-01  2.52288389e+00 
 1.42008389e-01  2.51317968e+00 
 1.42016777e-01  2.49981787e+00 
 1.42033554e-01  2.48688187e+00 
 1.42067109e-01  2.48087398e+00 
 1.42107109e-01  2.48102860e+00 
 1.42147109e-01  2.48101142e+00 
 1.42187109e-01  2.48101333e+00 
 1.42227109e-01  2.48101312e+00 
 1.42267109e-01  2.48101314e+00 
 1.42307109e-01  2.48101314e+00 
 1.42347109e-01  2.48101314e+00 
 1.42387109e-01  2.48101314e+00 
 1.42399999e-01  2.48101314e+00 
 1.42399999e-01  2.48101314e+00 
 1.42399999e-01  2.48101314e+00 
 1.42400000e-01  2.48101314e+00 
 1.42400000e-01  2.48101314e+00 
 1.42400000e-01  2.48101314e+00 
 1.42400000e-01  2.48101314e+00 
 1.42400000e-01  2.48101314e+00 
 1.42400001e-01  2.48101314e+00 
 1.42400002e-01  2.48101314e+00 
 1.42400004e-01  2.48101314e+00 
 1.42400008e-01  2.48101314e+00 
 1.42400016e-01  2.48101314e+00 
 1.42400033e-01  2.48101314e+00 
 1.42400065e-01  2.48101314e+00 
 1.42400131e-01  2.48101314e+00 
 1.42400262e-01  2.48101314e+00 
 1.42400524e-01  2.48101314e+00 
 1.42401049e-01  2.48101314e+00 
 1.42402097e-01  2.48101314e+00 
 1.42404194e-01  2.48101314e+00 
 1.42408389e-01  2.48101314e+00 
 1.42416777e-01  2.48101314e+00 
 1.42433554e-01  2.48101314e+00 
 1.42467109e-01  2.48101314e+00 
 1.42507109e-01  2.48101314e+00 
 1.42547109e-01  2.48101314e+00 
 1.42587109e-01  2.48101314e+00 
 1.42627109e-01  2.48101314e+00 
 1.42667109e-01  2.48101314e+00 
 1.42707109e-01  2.48101314e+00 
 1.42747109e-01  2.48101314e+00 
 1.42787109e-01  2.48101314e+00 
 1.42799999e-01  2.48101314e+00 
 1.42799999e-01  2.48101314e+00 
 1.42799999e-01  2.48101314e+00 
 1.42800000e-01  2.48101314e+00 
 1.42800000e-01  2.48101276e+00 
 1.42800000e-01  2.48101255e+00 
 1.42800000e-01  2.48101214e+00 
 1.42800000e-01  2.48101133e+00 
 1.42800001e-01  2.48100969e+00 
 1.42800002e-01  2.48100642e+00 
 1.42800004e-01  2.48099988e+00 
 1.42800008e-01  2.48098679e+00 
 1.42800016e-01  2.48096064e+00 
 1.42800033e-01  2.48090837e+00 
 1.42800065e-01  2.48080399e+00 
 1.42800131e-01  2.48059588e+00 
 1.42800262e-01  2.48018219e+00 
 1.42800524e-01  2.47936491e+00 
 1.42801049e-01  2.47776987e+00 
 1.42802097e-01  2.47473161e+00 
 1.42804194e-01  2.46921569e+00 
 1.42808389e-01  2.46010146e+00 
 1.42816777e-01  2.44755200e+00 
 1.42833554e-01  2.43540247e+00 
 1.42867109e-01  2.42975984e+00 
 1.42907109e-01  2.42990507e+00 
 1.42947109e-01  2.42988893e+00 
 1.42987109e-01  2.42989072e+00 
 1.43027109e-01  2.42989052e+00 
 1.43067109e-01  2.42989055e+00 
 1.43107109e-01  2.42989054e+00 
 1.43147109e-01  2.42989054e+00 
 1.43187109e-01  2.42989054e+00 
 1.43199999e-01  2.42989054e+00 
 1.43199999e-01  2.42989054e+00 
 1.43199999e-01  2.42989054e+00 
 1.43200000e-01  2.42989054e+00 
 1.43200000e-01  2.42989054e+00 
 1.43200000e-01  2.42989054e+00 
 1.43200000e-01  2.42989054e+00 
 1.43200000e-01  2.42989054e+00 
 1.43200001e-01  2.42989054e+00 
 1.43200002e-01  2.42989054e+00 
 1.43200004e-01  2.42989054e+00 
 1.43200008e-01  2.42989054e+00 
 1.43200016e-01  2.42989054e+00 
 1.43200033e-01  2.42989054e+00 
 1.43200065e-01  2.42989054e+00 
 1.43200131e-01  2.42989054e+00 
 1.43200262e-01  2.42989054e+00 
 1.43200524e-01  2.42989054e+00 
 1.43201049e-01  2.42989054e+00 
 1.43202097e-01  2.42989054e+00 
 1.43204194e-01  2.42989054e+00 
 1.43208389e-01  2.42989054e+00 
 1.43216777e-01  2.42989054e+00 
 1.43233554e-01  2.42989054e+00 
 1.43267109e-01  2.42989054e+00 
 1.43307109e-01  2.42989054e+00 
 1.43347109e-01  2.42989054e+00 
 1.43387109e-01  2.42989054e+00 
 1.43427109e-01  2.42989054e+00 
 1.43467109e-01  2.42989054e+00 
 1.43507109e-01  2.42989054e+00 
 1.43547109e-01  2.42989054e+00 
 1.43587109e-01  2.42989054e+00 
 1.43599999e-01  2.42989054e+00 
 1.43599999e-01  2.42989054e+00 
 1.43599999e-01  2.42989054e+00 
 1.43600000e-01  2.42989054e+00 
 1.43600000e-01  2.42989018e+00 
 1.43600000e-01  2.42988999e+00 
 1.43600000e-01  2.42988960e+00 
 1.43600000e-01  2.42988883e+00 
 1.43600001e-01  2.42988729e+00 
 1.43600002e-01  2.42988420e+00 
 1.43600004e-01  2.42987802e+00 
 1.43600008e-01  2.42986567e+00 
 1.43600016e-01  2.42984098e+00 
 1.43600033e-01  2.42979163e+00 
 1.43600065e-01  2.42969308e+00 
 1.43600131e-01  2.42949659e+00 
 1.43600262e-01  2.42910602e+00 
 1.43600524e-01  2.42833441e+00 
 1.43601049e-01  2.42682848e+00 
 1.43602097e-01  2.42395998e+00 
 1.43604194e-01  2.41875226e+00 
 1.43608389e-01  2.41014727e+00 
 1.43616777e-01  2.39829899e+00 
 1.43633554e-01  2.38682830e+00 
 1.43667109e-01  2.38150094e+00 
 1.43707109e-01  2.38163805e+00 
 1.43747109e-01  2.38162281e+00 
 1.43787109e-01  2.38162451e+00 
 1.43827109e-01  2.38162432e+00 
 1.43867109e-01  2.38162434e+00 
 1.43907109e-01  2.38162434e+00 
 1.43947109e-01  2.38162434e+00 
 1.43987109e-01  2.38162434e+00 
 1.43999999e-01  2.38162434e+00 
 1.43999999e-01  2.38162434e+00 
 1.43999999e-01  2.38162434e+00 
 1.44000000e-01  2.38162434e+00 
 1.44000000e-01  2.38162434e+00 
 1.44000000e-01  2.38162434e+00 
 1.44000000e-01  2.38162434e+00 
 1.44000000e-01  2.38162434e+00 
 1.44000001e-01  2.38162434e+00 
 1.44000002e-01  2.38162434e+00 
 1.44000004e-01  2.38162434e+00 
 1.44000008e-01  2.38162434e+00 
 1.44000016e-01  2.38162434e+00 
 1.44000033e-01  2.38162434e+00 
 1.44000065e-01  2.38162434e+00 
 1.44000131e-01  2.38162434e+00 
 1.44000262e-01  2.38162434e+00 
 1.44000524e-01  2.38162434e+00 
 1.44001049e-01  2.38162434e+00 
 1.44002097e-01  2.38162434e+00 
 1.44004194e-01  2.38162434e+00 
 1.44008389e-01  2.38162434e+00 
 1.44016777e-01  2.38162434e+00 
 1.44033554e-01  2.38162434e+00 
 1.44067109e-01  2.38162434e+00 
 1.44107109e-01  2.38162434e+00 
 1.44147109e-01  2.38162434e+00 
 1.44187109e-01  2.38162434e+00 
 1.44227109e-01  2.38162434e+00 
 1.44267109e-01  2.38162434e+00 
 1.44307109e-01  2.38162434e+00 
 1.44347109e-01  2.38162434e+00 
 1.44387109e-01  2.38162434e+00 
 1.44399999e-01  2.38162434e+00 
 1.44399999e-01  2.38162434e+00 
 1.44399999e-01  2.38162434e+00 
 1.44400000e-01  2.38162434e+00 
 1.44400000e-01  2.38162399e+00 
 1.44400000e-01  2.38162381e+00 
 1.44400000e-01  2.38162344e+00 
 1.44400000e-01  2.38162271e+00 
 1.44400001e-01  2.38162124e+00 
 1.44400002e-01  2.38161831e+00 
 1.44400004e-01  2.38161245e+00 
 1.44400008e-01  2.38160073e+00 
 1.44400016e-01  2.38157730e+00 
 1.44400033e-01  2.38153048e+00 
 1.44400065e-01  2.38143697e+00 
 1.44400131e-01  2.38125053e+00 
 1.44400262e-01  2.38087993e+00 
 1.44400524e-01  2.38014777e+00 
 1.44401049e-01  2.37871886e+00 
 1.44402097e-01  2.37599705e+00 
 1.44404194e-01  2.37105563e+00 
 1.44408389e-01  2.36289068e+00 
 1.44416777e-01  2.35164829e+00 
 1.44433554e-01  2.34076418e+00 
 1.44467109e-01  2.33570925e+00 
 1.44507109e-01  2.33583934e+00 
 1.44547109e-01  2.33582489e+00 
 1.44587109e-01  2.33582650e+00 
 1.44627109e-01  2.33582632e+00 
 1.44667109e-01  2.33582634e+00 
 1.44707109e-01  2.33582633e+00 
 1.44747109e-01  2.33582634e+00 
 1.44787109e-01  2.33582634e+00 
 1.44799999e-01  2.33582634e+00 
 1.44799999e-01  2.33582634e+00 
 1.44799999e-01  2.33582634e+00 
 1.44800000e-01  2.33582634e+00 
 1.44800000e-01  2.33582634e+00 
 1.44800000e-01  2.33582634e+00 
 1.44800000e-01  2.33582634e+00 
 1.44800000e-01  2.33582634e+00 
 1.44800001e-01  2.33582634e+00 
 1.44800002e-01  2.33582634e+00 
 1.44800004e-01  2.33582634e+00 
 1.44800008e-01  2.33582634e+00 
 1.44800016e-01  2.33582634e+00 
 1.44800033e-01  2.33582634e+00 
 1.44800065e-01  2.33582634e+00 
 1.44800131e-01  2.33582634e+00 
 1.44800262e-01  2.33582634e+00 
 1.44800524e-01  2.33582634e+00 
 1.44801049e-01  2.33582634e+00 
 1.44802097e-01  2.33582634e+00 
 1.44804194e-01  2.33582634e+00 
 1.44808389e-01  2.33582634e+00 
 1.44816777e-01  2.33582634e+00 
 1.44833554e-01  2.33582634e+00 
 1.44867109e-01  2.33582634e+00 
 1.44907109e-01  2.33582634e+00 
 1.44947109e-01  2.33582634e+00 
 1.44987109e-01  2.33582634e+00 
 1.45027109e-01  2.33582634e+00 
 1.45067109e-01  2.33582634e+00 
 1.45107109e-01  2.33582634e+00 
 1.45147109e-01  2.33582634e+00 
 1.45187109e-01  2.33582634e+00 
 1.45199999e-01  2.33582634e+00 
 1.45199999e-01  2.33582634e+00 
 1.45199999e-01  2.33582634e+00 
 1.45200000e-01  2.33582634e+00 
 1.45200000e-01  2.33582601e+00 
 1.45200000e-01  2.33582583e+00 
 1.45200000e-01  2.33582548e+00 
 1.45200000e-01  2.33582479e+00 
 1.45200001e-01  2.33582339e+00 
 1.45200002e-01  2.33582059e+00 
 1.45200004e-01  2.33581501e+00 
 1.45200008e-01  2.33580383e+00 
 1.45200016e-01  2.33578150e+00 
 1.45200033e-01  2.33573686e+00 
 1.45200065e-01  2.33564771e+00 
 1.45200131e-01  2.33546997e+00 
 1.45200262e-01  2.33511667e+00 
 1.45200524e-01  2.33441867e+00 
 1.45201049e-01  2.33305643e+00 
 1.45202097e-01  2.33046162e+00 
 1.45204194e-01  2.32575078e+00 
 1.45208389e-01  2.31796682e+00 
 1.45216777e-01  2.30724902e+00 
 1.45233554e-01  2.29687277e+00 
 1.45267109e-01  2.29205371e+00 
 1.45307109e-01  2.29217773e+00 
 1.45347109e-01  2.29216395e+00 
 1.45387109e-01  2.29216548e+00 
 1.45427109e-01  2.29216531e+00 
 1.45467109e-01  2.29216533e+00 
 1.45507109e-01  2.29216533e+00 
 1.45547109e-01  2.29216533e+00 
 1.45587109e-01  2.29216533e+00 
 1.45599999e-01  2.29216533e+00 
 1.45599999e-01  2.29216533e+00 
 1.45599999e-01  2.29216533e+00 
 1.45600000e-01  2.29216533e+00 
 1.45600000e-01  2.29216533e+00 
 1.45600000e-01  2.29216533e+00 
 1.45600000e-01  2.29216533e+00 
 1.45600000e-01  2.29216533e+00 
 1.45600001e-01  2.29216533e+00 
 1.45600002e-01  2.29216533e+00 
 1.45600004e-01  2.29216533e+00 
 1.45600008e-01  2.29216533e+00 
 1.45600016e-01  2.29216533e+00 
 1.45600033e-01  2.29216533e+00 
 1.45600065e-01  2.29216533e+00 
 1.45600131e-01  2.29216533e+00 
 1.45600262e-01  2.29216533e+00 
 1.45600524e-01  2.29216533e+00 
 1.45601049e-01  2.29216533e+00 
 1.45602097e-01  2.29216533e+00 
 1.45604194e-01  2.29216533e+00 
 1.45608389e-01  2.29216533e+00 
 1.45616777e-01  2.29216533e+00 
 1.45633554e-01  2.29216533e+00 
 1.45667109e-01  2.29216533e+00 
 1.45707109e-01  2.29216533e+00 
 1.45747109e-01  2.29216533e+00 
 1.45787109e-01  2.29216533e+00 
 1.45827109e-01  2.29216533e+00 
 1.45867109e-01  2.29216533e+00 
 1.45907109e-01  2.29216533e+00 
 1.45947109e-01  2.29216533e+00 
 1.45987109e-01  2.29216533e+00 
 1.45999999e-01  2.29216533e+00 
 1.45999999e-01  2.29216533e+00 
 1.45999999e-01  2.29216533e+00 
 1.46000000e-01  2.29216533e+00 
 1.46000000e-01  2.29216502e+00 
 1.46000000e-01  2.29216485e+00 
 1.46000000e-01  2.29216452e+00 
 1.46000000e-01  2.29216385e+00 
 1.46000001e-01  2.29216251e+00 
 1.46000002e-01  2.29215983e+00 
 1.46000004e-01  2.29215448e+00 
 1.46000008e-01  2.29214379e+00 
 1.46000016e-01  2.29212240e+00 
 1.46000033e-01  2.29207965e+00 
 1.46000065e-01  2.29199430e+00 
 1.46000131e-01  2.29182411e+00 
 1.46000262e-01  2.29148582e+00 
 1.46000524e-01  2.29081747e+00 
 1.46001049e-01  2.28951311e+00 
 1.46002097e-01  2.28702854e+00 
 1.46004194e-01  2.28251784e+00 
 1.46008389e-01  2.27506458e+00 
 1.46016777e-01  2.26480213e+00 
 1.46033554e-01  2.25486672e+00 
 1.46067109e-01  2.25025240e+00 
 1.46107109e-01  2.25037116e+00 
 1.46147109e-01  2.25035797e+00 
 1.46187109e-01  2.25035943e+00 
 1.46227109e-01  2.25035927e+00 
 1.46267109e-01  2.25035929e+00 
 1.46307109e-01  2.25035928e+00 
 1.46347109e-01  2.25035928e+00 
 1.46387109e-01  2.25035928e+00 
 1.46399999e-01  2.25035928e+00 
 1.46399999e-01  2.25035928e+00 
 1.46399999e-01  2.25035928e+00 
 1.46400000e-01  2.25035928e+00 
 1.46400000e-01  2.25035928e+00 
 1.46400000e-01  2.25035928e+00 
 1.46400000e-01  2.25035928e+00 
 1.46400000e-01  2.25035928e+00 
 1.46400001e-01  2.25035928e+00 
 1.46400002e-01  2.25035928e+00 
 1.46400004e-01  2.25035928e+00 
 1.46400008e-01  2.25035928e+00 
 1.46400016e-01  2.25035928e+00 
 1.46400033e-01  2.25035928e+00 
 1.46400065e-01  2.25035928e+00 
 1.46400131e-01  2.25035928e+00 
 1.46400262e-01  2.25035928e+00 
 1.46400524e-01  2.25035928e+00 
 1.46401049e-01  2.25035928e+00 
 1.46402097e-01  2.25035928e+00 
 1.46404194e-01  2.25035928e+00 
 1.46408389e-01  2.25035928e+00 
 1.46416777e-01  2.25035928e+00 
 1.46433554e-01  2.25035928e+00 
 1.46467109e-01  2.25035928e+00 
 1.46504363e-01  2.25035928e+00 
 1.46544363e-01  2.25035928e+00 
 1.46584363e-01  2.25035928e+00 
 1.46624363e-01  2.25035928e+00 
 1.46664363e-01  2.25035928e+00 
 1.46704363e-01  2.25035928e+00 
 1.46744363e-01  2.25035928e+00 
 1.46784363e-01  2.25035928e+00 
 1.46799999e-01  2.25035928e+00 
 1.46799999e-01  2.25035928e+00 
 1.46799999e-01  2.25035928e+00 
 1.46800000e-01  2.25035928e+00 
 1.46800000e-01  2.25035898e+00 
 1.46800000e-01  2.25035882e+00 
 1.46800000e-01  2.25035850e+00 
 1.46800000e-01  2.25035786e+00 
 1.46800001e-01  2.25035657e+00 
 1.46800002e-01  2.25035400e+00 
 1.46800004e-01  2.25034886e+00 
 1.46800008e-01  2.25033857e+00 
 1.46800016e-01  2.25031801e+00 
 1.46800033e-01  2.25027692e+00 
 1.46800065e-01  2.25019486e+00 
 1.46800131e-01  2.25003124e+00 
 1.46800262e-01  2.24970602e+00 
 1.46800524e-01  2.24906349e+00 
 1.46801049e-01  2.24780951e+00 
 1.46802097e-01  2.24542090e+00 
 1.46804194e-01  2.24108443e+00 
 1.46808389e-01  2.23391905e+00 
 1.46816777e-01  2.22405299e+00 
 1.46833554e-01  2.21450134e+00 
 1.46867109e-01  2.21006525e+00 
 1.46904363e-01  2.21017579e+00 
 1.46944363e-01  2.21016713e+00 
 1.46984363e-01  2.21016809e+00 
 1.47024363e-01  2.21016799e+00 
 1.47064363e-01  2.21016800e+00 
 1.47104363e-01  2.21016800e+00 
 1.47144363e-01  2.21016800e+00 
 1.47184363e-01  2.21016800e+00 
 1.47199999e-01  2.21016800e+00 
 1.47199999e-01  2.21016800e+00 
 1.47199999e-01  2.21016800e+00 
 1.47200000e-01  2.21016800e+00 
 1.47200000e-01  2.21016800e+00 
 1.47200000e-01  2.21016800e+00 
 1.47200000e-01  2.21016800e+00 
 1.47200000e-01  2.21016800e+00 
 1.47200001e-01  2.21016800e+00 
 1.47200002e-01  2.21016800e+00 
 1.47200004e-01  2.21016800e+00 
 1.47200008e-01  2.21016800e+00 
 1.47200016e-01  2.21016800e+00 
 1.47200033e-01  2.21016800e+00 
 1.47200065e-01  2.21016800e+00 
 1.47200131e-01  2.21016800e+00 
 1.47200262e-01  2.21016800e+00 
 1.47200524e-01  2.21016800e+00 
 1.47201049e-01  2.21016800e+00 
 1.47202097e-01  2.21016800e+00 
 1.47204194e-01  2.21016800e+00 
 1.47208389e-01  2.21016800e+00 
 1.47216777e-01  2.21016800e+00 
 1.47233554e-01  2.21016800e+00 
 1.47264294e-01  2.21016800e+00 
 1.47302098e-01  2.21016800e+00 
 1.47342098e-01  2.21016800e+00 
 1.47382098e-01  2.21016800e+00 
 1.47422098e-01  2.21016800e+00 
 1.47462098e-01  2.21016800e+00 
 1.47502098e-01  2.21016800e+00 
 1.47542098e-01  2.21016800e+00 
 1.47582098e-01  2.21016800e+00 
 1.47599999e-01  2.21016800e+00 
 1.47599999e-01  2.21016800e+00 
 1.47599999e-01  2.21016800e+00 
 1.47600000e-01  2.21016800e+00 
 1.47600000e-01  2.21016771e+00 
 1.47600000e-01  2.21016755e+00 
 1.47600000e-01  2.21016724e+00 
 1.47600000e-01  2.21016662e+00 
 1.47600001e-01  2.21016538e+00 
 1.47600002e-01  2.21016290e+00 
 1.47600004e-01  2.21015794e+00 
 1.47600008e-01  2.21014801e+00 
 1.47600016e-01  2.21012817e+00 
 1.47600033e-01  2.21008852e+00 
 1.47600065e-01  2.21000934e+00 
 1.47600131e-01  2.20985146e+00 
 1.47600262e-01  2.20953764e+00 
 1.47600524e-01  2.20891766e+00 
 1.47601049e-01  2.20770766e+00 
 1.47602097e-01  2.20540284e+00 
 1.47604194e-01  2.20121848e+00 
 1.47608389e-01  2.19430445e+00 
 1.47616777e-01  2.18478447e+00 
 1.47633554e-01  2.17556787e+00 
 1.47664294e-01  2.17147057e+00 
 1.47702098e-01  2.17137955e+00 
 1.47742098e-01  2.17138732e+00 
 1.47782098e-01  2.17138645e+00 
 1.47822098e-01  2.17138655e+00 
 1.47862098e-01  2.17138654e+00 
 1.47902098e-01  2.17138654e+00 
 1.47942098e-01  2.17138654e+00 
 1.47982098e-01  2.17138654e+00 
 1.47999999e-01  2.17138654e+00 
 1.47999999e-01  2.17138654e+00 
 1.47999999e-01  2.17138654e+00 
 1.48000000e-01  2.17138654e+00 
 1.48000000e-01  2.17138654e+00 
 1.48000000e-01  2.17138654e+00 
 1.48000000e-01  2.17138654e+00 
 1.48000000e-01  2.17138654e+00 
 1.48000001e-01  2.17138654e+00 
 1.48000002e-01  2.17138654e+00 
 1.48000004e-01  2.17138654e+00 
 1.48000008e-01  2.17138654e+00 
 1.48000016e-01  2.17138654e+00 
 1.48000033e-01  2.17138654e+00 
 1.48000065e-01  2.17138654e+00 
 1.48000131e-01  2.17138654e+00 
 1.48000262e-01  2.17138654e+00 
 1.48000524e-01  2.17138654e+00 
 1.48001049e-01  2.17138654e+00 
 1.48002097e-01  2.17138654e+00 
 1.48004194e-01  2.17138654e+00 
 1.48008389e-01  2.17138654e+00 
 1.48016777e-01  2.17138654e+00 
 1.48033554e-01  2.17138654e+00 
 1.48060638e-01  2.17138654e+00 
 1.48098834e-01  2.17138654e+00 
 1.48138834e-01  2.17138654e+00 
 1.48178834e-01  2.17138654e+00 
 1.48218834e-01  2.17138654e+00 
 1.48258834e-01  2.17138654e+00 
 1.48298834e-01  2.17138654e+00 
 1.48338834e-01  2.17138654e+00 
 1.48378834e-01  2.17138654e+00 
 1.48399999e-01  2.17138654e+00 
 1.48399999e-01  2.17138654e+00 
 1.48399999e-01  2.17138654e+00 
 1.48400000e-01  2.17138654e+00 
 1.48400000e-01  2.17138626e+00 
 1.48400000e-01  2.17138611e+00 
 1.48400000e-01  2.17138581e+00 
 1.48400000e-01  2.17138521e+00 
 1.48400001e-01  2.17138401e+00 
 1.48400002e-01  2.17138160e+00 
 1.48400004e-01  2.17137680e+00 
 1.48400008e-01  2.17136719e+00 
 1.48400016e-01  2.17134798e+00 
 1.48400033e-01  2.17130959e+00 
 1.48400065e-01  2.17123293e+00 
 1.48400131e-01  2.17108008e+00 
 1.48400262e-01  2.17077625e+00 
 1.48400524e-01  2.17017600e+00 
 1.48401049e-01  2.16900452e+00 
 1.48402097e-01  2.16677306e+00 
 1.48404194e-01  2.16272190e+00 
 1.48408389e-01  2.15602795e+00 
 1.48416777e-01  2.14681099e+00 
 1.48433554e-01  2.13788777e+00 
 1.48460638e-01  2.13417636e+00 
 1.48498834e-01  2.13380980e+00 
 1.48538834e-01  2.13384283e+00 
 1.48578834e-01  2.13383916e+00 
 1.48618834e-01  2.13383957e+00 
 1.48658834e-01  2.13383952e+00 
 1.48698834e-01  2.13383953e+00 
 1.48738834e-01  2.13383953e+00 
 1.48778834e-01  2.13383953e+00 
 1.48799999e-01  2.13383953e+00 
 1.48799999e-01  2.13383953e+00 
 1.48799999e-01  2.13383953e+00 
 1.48800000e-01  2.13383953e+00 
 1.48800000e-01  2.13383953e+00 
 1.48800000e-01  2.13383953e+00 
 1.48800000e-01  2.13383953e+00 
 1.48800000e-01  2.13383953e+00 
 1.48800001e-01  2.13383953e+00 
 1.48800002e-01  2.13383953e+00 
 1.48800004e-01  2.13383953e+00 
 1.48800008e-01  2.13383953e+00 
 1.48800016e-01  2.13383953e+00 
 1.48800033e-01  2.13383953e+00 
 1.48800065e-01  2.13383953e+00 
 1.48800131e-01  2.13383953e+00 
 1.48800262e-01  2.13383953e+00 
 1.48800524e-01  2.13383953e+00 
 1.48801049e-01  2.13383953e+00 
 1.48802097e-01  2.13383953e+00 
 1.48804194e-01  2.13383953e+00 
 1.48808389e-01  2.13383953e+00 
 1.48816777e-01  2.13383953e+00 
 1.48833554e-01  2.13383953e+00 
 1.48861214e-01  2.13383953e+00 
 1.48900412e-01  2.13383953e+00 
 1.48940412e-01  2.13383953e+00 
 1.48980412e-01  2.13383953e+00 
 1.49020412e-01  2.13383953e+00 
 1.49060412e-01  2.13383953e+00 
 1.49100412e-01  2.13383953e+00 
 1.49140412e-01  2.13383953e+00 
 1.49180412e-01  2.13383953e+00 
 1.49199999e-01  2.13383953e+00 
 1.49199999e-01  2.13383953e+00 
 1.49199999e-01  2.13383953e+00 
 1.49200000e-01  2.13383953e+00 
 1.49200000e-01  2.13383925e+00 
 1.49200000e-01  2.13383911e+00 
 1.49200000e-01  2.13383882e+00 
 1.49200000e-01  2.13383823e+00 
 1.49200001e-01  2.13383707e+00 
 1.49200002e-01  2.13383473e+00 
 1.49200004e-01  2.13383007e+00 
 1.49200008e-01  2.13382073e+00 
 1.49200016e-01  2.13380208e+00 
 1.49200033e-01  2.13376480e+00 
 1.49200065e-01  2.13369035e+00 
 1.49200131e-01  2.13354191e+00 
 1.49200262e-01  2.13324685e+00 
 1.49200524e-01  2.13266392e+00 
 1.49201049e-01  2.13152626e+00 
 1.49202097e-01  2.12935921e+00 
 1.49204194e-01  2.12542498e+00 
 1.49208389e-01  2.11892424e+00 
 1.49216777e-01  2.10997332e+00 
 1.49233554e-01  2.10130765e+00 
 1.49261214e-01  2.09766225e+00 
 1.49300412e-01  2.09734735e+00 
 1.49340412e-01  2.09737947e+00 
 1.49380412e-01  2.09737590e+00 
 1.49420412e-01  2.09737630e+00 
 1.49460412e-01  2.09737626e+00 
 1.49500412e-01  2.09737626e+00 
 1.49540412e-01  2.09737626e+00 
 1.49580412e-01  2.09737626e+00 
 1.49599999e-01  2.09737626e+00 
 1.49599999e-01  2.09737626e+00 
 1.49599999e-01  2.09737626e+00 
 1.49600000e-01  2.09737626e+00 
 1.49600000e-01  2.09737626e+00 
 1.49600000e-01  2.09737626e+00 
 1.49600000e-01  2.09737626e+00 
 1.49600000e-01  2.09737626e+00 
 1.49600001e-01  2.09737626e+00 
 1.49600002e-01  2.09737626e+00 
 1.49600004e-01  2.09737626e+00 
 1.49600008e-01  2.09737626e+00 
 1.49600016e-01  2.09737626e+00 
 1.49600033e-01  2.09737626e+00 
 1.49600065e-01  2.09737626e+00 
 1.49600131e-01  2.09737626e+00 
 1.49600262e-01  2.09737626e+00 
 1.49600524e-01  2.09737626e+00 
 1.49601049e-01  2.09737626e+00 
 1.49602097e-01  2.09737626e+00 
 1.49604194e-01  2.09737626e+00 
 1.49608389e-01  2.09737626e+00 
 1.49616777e-01  2.09737626e+00 
 1.49633554e-01  2.09737626e+00 
 1.49661766e-01  2.09737626e+00 
 1.49701766e-01  2.09737626e+00 
 1.49741766e-01  2.09737626e+00 
 1.49781766e-01  2.09737626e+00 
 1.49821766e-01  2.09737626e+00 
 1.49861766e-01  2.09737626e+00 
 1.49901766e-01  2.09737626e+00 
 1.49941766e-01  2.09737626e+00 
 1.49981766e-01  2.09737626e+00 
 1.49999999e-01  2.09737626e+00 
 1.49999999e-01  2.09737626e+00 
 1.49999999e-01  2.09737626e+00 
 1.50000000e-01  2.09737626e+00 
 1.50000000e-01  2.09737599e+00 
 1.50000000e-01  2.09737585e+00 
 1.50000000e-01  2.09737557e+00 
 1.50000000e-01  2.09737500e+00 
 1.50000001e-01  2.09737386e+00 
 1.50000002e-01  2.09737159e+00 
 1.50000004e-01  2.09736705e+00 
 1.50000008e-01  2.09735796e+00 
 1.50000016e-01  2.09733979e+00 
 1.50000033e-01  2.09730349e+00 
 1.50000065e-01  2.09723099e+00 
 1.50000131e-01  2.09708643e+00 
 1.50000262e-01  2.09679909e+00 
 1.50000524e-01  2.09623140e+00 
 1.50001049e-01  2.09512349e+00 
 1.50002097e-01  2.09301312e+00 
 1.50004194e-01  2.08918179e+00 
 1.50008389e-01  2.08285107e+00 
 1.50016777e-01  2.07413425e+00 
 1.50033554e-01  2.06569523e+00 
 1.50061766e-01  2.06210752e+00 
 1.50101766e-01  2.06183989e+00 
 1.50141766e-01  2.06186963e+00 
 1.50181766e-01  2.06186633e+00 
 1.50221766e-01  2.06186669e+00 
 1.50261766e-01  2.06186665e+00 
 1.50301766e-01  2.06186666e+00 
 1.50341766e-01  2.06186666e+00 
 1.50381766e-01  2.06186666e+00 
 1.50399999e-01  2.06186666e+00 
 1.50399999e-01  2.06186666e+00 
 1.50399999e-01  2.06186666e+00 
 1.50400000e-01  2.06186666e+00 
 1.50400000e-01  2.06186666e+00 
 1.50400000e-01  2.06186666e+00 
 1.50400000e-01  2.06186666e+00 
 1.50400000e-01  2.06186666e+00 
 1.50400001e-01  2.06186666e+00 
 1.50400002e-01  2.06186666e+00 
 1.50400004e-01  2.06186666e+00 
 1.50400008e-01  2.06186666e+00 
 1.50400016e-01  2.06186666e+00 
 1.50400033e-01  2.06186666e+00 
 1.50400065e-01  2.06186666e+00 
 1.50400131e-01  2.06186666e+00 
 1.50400262e-01  2.06186666e+00 
 1.50400524e-01  2.06186666e+00 
 1.50401049e-01  2.06186666e+00 
 1.50402097e-01  2.06186666e+00 
 1.50404194e-01  2.06186666e+00 
 1.50408389e-01  2.06186666e+00 
 1.50416777e-01  2.06186666e+00 
 1.50433554e-01  2.06186666e+00 
 1.50462292e-01  2.06186666e+00 
 1.50502292e-01  2.06186666e+00 
 1.50542292e-01  2.06186666e+00 
 1.50582292e-01  2.06186666e+00 
 1.50622292e-01  2.06186666e+00 
 1.50662292e-01  2.06186666e+00 
 1.50702292e-01  2.06186666e+00 
 1.50742292e-01  2.06186666e+00 
 1.50782292e-01  2.06186666e+00 
 1.50799999e-01  2.06186666e+00 
 1.50799999e-01  2.06186666e+00 
 1.50799999e-01  2.06186666e+00 
 1.50800000e-01  2.06186666e+00 
 1.50800000e-01  2.06186640e+00 
 1.50800000e-01  2.06186626e+00 
 1.50800000e-01  2.06186598e+00 
 1.50800000e-01  2.06186543e+00 
 1.50800001e-01  2.06186432e+00 
 1.50800002e-01  2.06186210e+00 
 1.50800004e-01  2.06185766e+00 
 1.50800008e-01  2.06184879e+00 
 1.50800016e-01  2.06183105e+00 
 1.50800033e-01  2.06179561e+00 
 1.50800065e-01  2.06172482e+00 
 1.50800131e-01  2.06158369e+00 
 1.50800262e-01  2.06130315e+00 
 1.50800524e-01  2.06074891e+00 
 1.50801049e-01  2.05966723e+00 
 1.50802097e-01  2.05760683e+00 
 1.50804194e-01  2.05386622e+00 
 1.50808389e-01  2.04768540e+00 
 1.50816777e-01  2.03917499e+00 
 1.50833554e-01  2.03093578e+00 
 1.50862292e-01  2.02739865e+00 
 1.50902292e-01  2.02717556e+00 
 1.50942292e-01  2.02720035e+00 
 1.50982292e-01  2.02719759e+00 
 1.51022292e-01  2.02719790e+00 
 1.51062292e-01  2.02719787e+00 
 1.51102292e-01  2.02719787e+00 
 1.51142292e-01  2.02719787e+00 
 1.51182292e-01  2.02719787e+00 
 1.51199999e-01  2.02719787e+00 
 1.51199999e-01  2.02719787e+00 
 1.51199999e-01  2.02719787e+00 
 1.51200000e-01  2.02719787e+00 
 1.51200000e-01  2.02719787e+00 
 1.51200000e-01  2.02719787e+00 
 1.51200000e-01  2.02719787e+00 
 1.51200000e-01  2.02719787e+00 
 1.51200001e-01  2.02719787e+00 
 1.51200002e-01  2.02719787e+00 
 1.51200004e-01  2.02719787e+00 
 1.51200008e-01  2.02719787e+00 
 1.51200016e-01  2.02719787e+00 
 1.51200033e-01  2.02719787e+00 
 1.51200065e-01  2.02719787e+00 
 1.51200131e-01  2.02719787e+00 
 1.51200262e-01  2.02719787e+00 
 1.51200524e-01  2.02719787e+00 
 1.51201049e-01  2.02719787e+00 
 1.51202097e-01  2.02719787e+00 
 1.51204194e-01  2.02719787e+00 
 1.51208389e-01  2.02719787e+00 
 1.51216777e-01  2.02719787e+00 
 1.51233554e-01  2.02719787e+00 
 1.51262790e-01  2.02719787e+00 
 1.51302790e-01  2.02719787e+00 
 1.51342790e-01  2.02719787e+00 
 1.51382790e-01  2.02719787e+00 
 1.51422790e-01  2.02719787e+00 
 1.51462790e-01  2.02719787e+00 
 1.51502790e-01  2.02719787e+00 
 1.51542790e-01  2.02719787e+00 
 1.51582790e-01  2.02719787e+00 
 1.51599999e-01  2.02719787e+00 
 1.51599999e-01  2.02719787e+00 
 1.51599999e-01  2.02719787e+00 
 1.51600000e-01  2.02719787e+00 
 1.51600000e-01  2.02719761e+00 
 1.51600000e-01  2.02719748e+00 
 1.51600000e-01  2.02719721e+00 
 1.51600000e-01  2.02719666e+00 
 1.51600001e-01  2.02719558e+00 
 1.51600002e-01  2.02719341e+00 
 1.51600004e-01  2.02718907e+00 
 1.51600008e-01  2.02718038e+00 
 1.51600016e-01  2.02716303e+00 
 1.51600033e-01  2.02712834e+00 
 1.51600065e-01  2.02705907e+00 
 1.51600131e-01  2.02692096e+00 
 1.51600262e-01  2.02664643e+00 
 1.51600524e-01  2.02610406e+00 
 1.51601049e-01  2.02504554e+00 
 1.51602097e-01  2.02302927e+00 
 1.51604194e-01  2.01936876e+00 
 1.51608389e-01  2.01332031e+00 
 1.51616777e-01  2.00499214e+00 
 1.51633554e-01  1.99692938e+00 
 1.51662790e-01  1.99343665e+00 
 1.51702790e-01  1.99325317e+00 
 1.51742790e-01  1.99327356e+00 
 1.51782790e-01  1.99327129e+00 
 1.51822790e-01  1.99327154e+00 
 1.51862790e-01  1.99327152e+00 
 1.51902790e-01  1.99327152e+00 
 1.51942790e-01  1.99327152e+00 
 1.51982790e-01  1.99327152e+00 
 1.51999999e-01  1.99327152e+00 
 1.51999999e-01  1.99327152e+00 
 1.51999999e-01  1.99327152e+00 
 1.52000000e-01  1.99327152e+00 
 1.52000000e-01  1.99327152e+00 
 1.52000000e-01  1.99327152e+00 
 1.52000000e-01  1.99327152e+00 
 1.52000000e-01  1.99327152e+00 
 1.52000001e-01  1.99327152e+00 
 1.52000002e-01  1.99327152e+00 
 1.52000004e-01  1.99327152e+00 
 1.52000008e-01  1.99327152e+00 
 1.52000016e-01  1.99327152e+00 
 1.52000033e-01  1.99327152e+00 
 1.52000065e-01  1.99327152e+00 
 1.52000131e-01  1.99327152e+00 
 1.52000262e-01  1.99327152e+00 
 1.52000524e-01  1.99327152e+00 
 1.52001049e-01  1.99327152e+00 
 1.52002097e-01  1.99327152e+00 
 1.52004194e-01  1.99327152e+00 
 1.52008389e-01  1.99327152e+00 
 1.52016777e-01  1.99327152e+00 
 1.52033554e-01  1.99327152e+00 
 1.52065815e-01  1.99327152e+00 
 1.52105815e-01  1.99327152e+00 
 1.52145815e-01  1.99327152e+00 
 1.52185815e-01  1.99327152e+00 
 1.52225815e-01  1.99327152e+00 
 1.52265815e-01  1.99327152e+00 
 1.52305815e-01  1.99327152e+00 
 1.52345815e-01  1.99327152e+00 
 1.52385815e-01  1.99327152e+00 
 1.52399999e-01  1.99327152e+00 
 1.52399999e-01  1.99327152e+00 
 1.52399999e-01  1.99327152e+00 
 1.52400000e-01  1.99327152e+00 
 1.52400000e-01  1.99327127e+00 
 1.52400000e-01  1.99327114e+00 
 1.52400000e-01  1.99327087e+00 
 1.52400000e-01  1.99327034e+00 
 1.52400001e-01  1.99326927e+00 
 1.52400002e-01  1.99326714e+00 
 1.52400004e-01  1.99326289e+00 
 1.52400008e-01  1.99325437e+00 
 1.52400016e-01  1.99323735e+00 
 1.52400033e-01  1.99320333e+00 
 1.52400065e-01  1.99313541e+00 
 1.52400131e-01  1.99299997e+00 
 1.52400262e-01  1.99273075e+00 
 1.52400524e-01  1.99219887e+00 
 1.52401049e-01  1.99116083e+00 
 1.52402097e-01  1.98918355e+00 
 1.52404194e-01  1.98559385e+00 
 1.52408389e-01  1.97966239e+00 
 1.52416777e-01  1.97149532e+00 
 1.52433554e-01  1.96358852e+00 
 1.52465815e-01  1.95998686e+00 
 1.52505815e-01  1.96000303e+00 
 1.52545815e-01  1.96000123e+00 
 1.52585815e-01  1.96000143e+00 
 1.52625815e-01  1.96000141e+00 
 1.52665815e-01  1.96000141e+00 
 1.52705815e-01  1.96000141e+00 
 1.52745815e-01  1.96000141e+00 
 1.52785815e-01  1.96000141e+00 
 1.52799999e-01  1.96000141e+00 
 1.52799999e-01  1.96000141e+00 
 1.52799999e-01  1.96000141e+00 
 1.52800000e-01  1.96000141e+00 
 1.52800000e-01  1.96000141e+00 
 1.52800000e-01  1.96000141e+00 
 1.52800000e-01  1.96000141e+00 
 1.52800000e-01  1.96000141e+00 
 1.52800001e-01  1.96000141e+00 
 1.52800002e-01  1.96000141e+00 
 1.52800004e-01  1.96000141e+00 
 1.52800008e-01  1.96000141e+00 
 1.52800016e-01  1.96000141e+00 
 1.52800033e-01  1.96000141e+00 
 1.52800065e-01  1.96000141e+00 
 1.52800131e-01  1.96000141e+00 
 1.52800262e-01  1.96000141e+00 
 1.52800524e-01  1.96000141e+00 
 1.52801049e-01  1.96000141e+00 
 1.52802097e-01  1.96000141e+00 
 1.52804194e-01  1.96000141e+00 
 1.52808389e-01  1.96000141e+00 
 1.52816777e-01  1.96000141e+00 
 1.52833554e-01  1.96000141e+00 
 1.52867109e-01  1.96000141e+00 
 1.52907109e-01  1.96000141e+00 
 1.52947109e-01  1.96000141e+00 
 1.52987109e-01  1.96000141e+00 
 1.53027109e-01  1.96000141e+00 
 1.53067109e-01  1.96000141e+00 
 1.53107109e-01  1.96000141e+00 
 1.53147109e-01  1.96000141e+00 
 1.53187109e-01  1.96000141e+00 
 1.53199999e-01  1.96000141e+00 
 1.53199999e-01  1.96000141e+00 
 1.53199999e-01  1.96000141e+00 
 1.53200000e-01  1.96000141e+00 
 1.53200000e-01  1.96000117e+00 
 1.53200000e-01  1.96000103e+00 
 1.53200000e-01  1.96000077e+00 
 1.53200000e-01  1.96000025e+00 
 1.53200001e-01  1.95999920e+00 
 1.53200002e-01  1.95999711e+00 
 1.53200004e-01  1.95999293e+00 
 1.53200008e-01  1.95998456e+00 
 1.53200016e-01  1.95996784e+00 
 1.53200033e-01  1.95993442e+00 
 1.53200065e-01  1.95986767e+00 
 1.53200131e-01  1.95973460e+00 
 1.53200262e-01  1.95947007e+00 
 1.53200524e-01  1.95894747e+00 
 1.53201049e-01  1.95792754e+00 
 1.53202097e-01  1.95598476e+00 
 1.53204194e-01  1.95245767e+00 
 1.53208389e-01  1.94662969e+00 
 1.53216777e-01  1.93860510e+00 
 1.53233554e-01  1.93083623e+00 
 1.53267109e-01  1.92722812e+00 
 1.53307109e-01  1.92732098e+00 
 1.53347109e-01  1.92731066e+00 
 1.53387109e-01  1.92731181e+00 
 1.53427109e-01  1.92731168e+00 
 1.53467109e-01  1.92731169e+00 
 1.53507109e-01  1.92731169e+00 
 1.53547109e-01  1.92731169e+00 
 1.53587109e-01  1.92731169e+00 
 1.53599999e-01  1.92731169e+00 
 1.53599999e-01  1.92731169e+00 
 1.53599999e-01  1.92731169e+00 
 1.53600000e-01  1.92731169e+00 
 1.53600000e-01  1.92731169e+00 
 1.53600000e-01  1.92731169e+00 
 1.53600000e-01  1.92731169e+00 
 1.53600000e-01  1.92731169e+00 
 1.53600001e-01  1.92731169e+00 
 1.53600002e-01  1.92731169e+00 
 1.53600004e-01  1.92731169e+00 
 1.53600008e-01  1.92731169e+00 
 1.53600016e-01  1.92731169e+00 
 1.53600033e-01  1.92731169e+00 
 1.53600065e-01  1.92731169e+00 
 1.53600131e-01  1.92731169e+00 
 1.53600262e-01  1.92731169e+00 
 1.53600524e-01  1.92731169e+00 
 1.53601049e-01  1.92731169e+00 
 1.53602097e-01  1.92731169e+00 
 1.53604194e-01  1.92731169e+00 
 1.53608389e-01  1.92731169e+00 
 1.53616777e-01  1.92731169e+00 
 1.53633554e-01  1.92731169e+00 
 1.53667109e-01  1.92731169e+00 
 1.53707109e-01  1.92731169e+00 
 1.53747109e-01  1.92731169e+00 
 1.53787109e-01  1.92731169e+00 
 1.53827109e-01  1.92731169e+00 
 1.53867109e-01  1.92731169e+00 
 1.53907109e-01  1.92731169e+00 
 1.53947109e-01  1.92731169e+00 
 1.53987109e-01  1.92731169e+00 
 1.53999999e-01  1.92731169e+00 
 1.53999999e-01  1.92731169e+00 
 1.53999999e-01  1.92731169e+00 
 1.54000000e-01  1.92731169e+00 
 1.54000000e-01  1.92731145e+00 
 1.54000000e-01  1.92731132e+00 
 1.54000000e-01  1.92731106e+00 
 1.54000000e-01  1.92731055e+00 
 1.54000001e-01  1.92730952e+00 
 1.54000002e-01  1.92730746e+00 
 1.54000004e-01  1.92730334e+00 
 1.54000008e-01  1.92729511e+00 
 1.54000016e-01  1.92727865e+00 
 1.54000033e-01  1.92724575e+00 
 1.54000065e-01  1.92718005e+00 
 1.54000131e-01  1.92704907e+00 
 1.54000262e-01  1.92678870e+00 
 1.54000524e-01  1.92627430e+00 
 1.54001049e-01  1.92527039e+00 
 1.54002097e-01  1.92335812e+00 
 1.54004194e-01  1.91988642e+00 
 1.54008389e-01  1.91414996e+00 
 1.54016777e-01  1.90625138e+00 
 1.54033554e-01  1.89860451e+00 
 1.54067109e-01  1.89505306e+00 
 1.54107109e-01  1.89514447e+00 
 1.54147109e-01  1.89513431e+00 
 1.54187109e-01  1.89513544e+00 
 1.54227109e-01  1.89513531e+00 
 1.54267109e-01  1.89513533e+00 
 1.54307109e-01  1.89513532e+00 
 1.54347109e-01  1.89513533e+00 
 1.54387109e-01  1.89513533e+00 
 1.54399999e-01  1.89513533e+00 
 1.54399999e-01  1.89513533e+00 
 1.54399999e-01  1.89513533e+00 
 1.54400000e-01  1.89513533e+00 
 1.54400000e-01  1.89513533e+00 
 1.54400000e-01  1.89513533e+00 
 1.54400000e-01  1.89513533e+00 
 1.54400000e-01  1.89513533e+00 
 1.54400001e-01  1.89513533e+00 
 1.54400002e-01  1.89513533e+00 
 1.54400004e-01  1.89513533e+00 
 1.54400008e-01  1.89513533e+00 
 1.54400016e-01  1.89513533e+00 
 1.54400033e-01  1.89513533e+00 
 1.54400065e-01  1.89513533e+00 
 1.54400131e-01  1.89513533e+00 
 1.54400262e-01  1.89513533e+00 
 1.54400524e-01  1.89513533e+00 
 1.54401049e-01  1.89513533e+00 
 1.54402097e-01  1.89513533e+00 
 1.54404194e-01  1.89513533e+00 
 1.54408389e-01  1.89513533e+00 
 1.54416777e-01  1.89513533e+00 
 1.54433554e-01  1.89513533e+00 
 1.54467109e-01  1.89513533e+00 
 1.54507109e-01  1.89513533e+00 
 1.54547109e-01  1.89513533e+00 
 1.54587109e-01  1.89513533e+00 
 1.54627109e-01  1.89513533e+00 
 1.54667109e-01  1.89513533e+00 
 1.54707109e-01  1.89513533e+00 
 1.54747109e-01  1.89513533e+00 
 1.54787109e-01  1.89513533e+00 
 1.54799999e-01  1.89513533e+00 
 1.54799999e-01  1.89513533e+00 
 1.54799999e-01  1.89513533e+00 
 1.54800000e-01  1.89513533e+00 
 1.54800000e-01  1.89513509e+00 
 1.54800000e-01  1.89513496e+00 
 1.54800000e-01  1.89513471e+00 
 1.54800000e-01  1.89513420e+00 
 1.54800001e-01  1.89513318e+00 
 1.54800002e-01  1.89513115e+00 
 1.54800004e-01  1.89512709e+00 
 1.54800008e-01  1.89511898e+00 
 1.54800016e-01  1.89510275e+00 
 1.54800033e-01  1.89507031e+00 
 1.54800065e-01  1.89500555e+00 
 1.54800131e-01  1.89487641e+00 
 1.54800262e-01  1.89461971e+00 
 1.54800524e-01  1.89411257e+00 
 1.54801049e-01  1.89312282e+00 
 1.54802097e-01  1.89123752e+00 
 1.54804194e-01  1.88781480e+00 
 1.54808389e-01  1.88215926e+00 
 1.54816777e-01  1.87437210e+00 
 1.54833554e-01  1.86683311e+00 
 1.54867109e-01  1.86333176e+00 
 1.54907109e-01  1.86342187e+00 
 1.54947109e-01  1.86341186e+00 
 1.54987109e-01  1.86341297e+00 
 1.55027109e-01  1.86341285e+00 
 1.55067109e-01  1.86341286e+00 
 1.55107109e-01  1.86341286e+00 
 1.55147109e-01  1.86341286e+00 
 1.55187109e-01  1.86341286e+00 
 1.55199999e-01  1.86341286e+00 
 1.55199999e-01  1.86341286e+00 
 1.55199999e-01  1.86341286e+00 
 1.55200000e-01  1.86341286e+00 
 1.55200000e-01  1.86341286e+00 
 1.55200000e-01  1.86341286e+00 
 1.55200000e-01  1.86341286e+00 
 1.55200000e-01  1.86341286e+00 
 1.55200001e-01  1.86341286e+00 
 1.55200002e-01  1.86341286e+00 
 1.55200004e-01  1.86341286e+00 
 1.55200008e-01  1.86341286e+00 
 1.55200016e-01  1.86341286e+00 
 1.55200033e-01  1.86341286e+00 
 1.55200065e-01  1.86341286e+00 
 1.55200131e-01  1.86341286e+00 
 1.55200262e-01  1.86341286e+00 
 1.55200524e-01  1.86341286e+00 
 1.55201049e-01  1.86341286e+00 
 1.55202097e-01  1.86341286e+00 
 1.55204194e-01  1.86341286e+00 
 1.55208389e-01  1.86341286e+00 
 1.55216777e-01  1.86341286e+00 
 1.55233554e-01  1.86341286e+00 
 1.55267109e-01  1.86341286e+00 
 1.55307109e-01  1.86341286e+00 
 1.55347109e-01  1.86341286e+00 
 1.55387109e-01  1.86341286e+00 
 1.55427109e-01  1.86341286e+00 
 1.55467109e-01  1.86341286e+00 
 1.55507109e-01  1.86341286e+00 
 1.55547109e-01  1.86341286e+00 
 1.55587109e-01  1.86341286e+00 
 1.55599999e-01  1.86341286e+00 
 1.55599999e-01  1.86341286e+00 
 1.55599999e-01  1.86341286e+00 
 1.55600000e-01  1.86341286e+00 
 1.55600000e-01  1.86341262e+00 
 1.55600000e-01  1.86341250e+00 
 1.55600000e-01  1.86341225e+00 
 1.55600000e-01  1.86341175e+00 
 1.55600001e-01  1.86341075e+00 
 1.55600002e-01  1.86340874e+00 
 1.55600004e-01  1.86340473e+00 
 1.55600008e-01  1.86339672e+00 
 1.55600016e-01  1.86338069e+00 
 1.55600033e-01  1.86334867e+00 
 1.55600065e-01  1.86328472e+00 
 1.55600131e-01  1.86315721e+00 
 1.55600262e-01  1.86290376e+00 
 1.55600524e-01  1.86240303e+00 
 1.55601049e-01  1.86142579e+00 
 1.55602097e-01  1.85956433e+00 
 1.55604194e-01  1.85618488e+00 
 1.55608389e-01  1.85060083e+00 
 1.55616777e-01  1.84291212e+00 
 1.55633554e-01  1.83546843e+00 
 1.55667109e-01  1.83201134e+00 
 1.55707109e-01  1.83210031e+00 
 1.55747109e-01  1.83209043e+00 
 1.55787109e-01  1.83209153e+00 
 1.55827109e-01  1.83209140e+00 
 1.55867109e-01  1.83209142e+00 
 1.55907109e-01  1.83209142e+00 
 1.55947109e-01  1.83209142e+00 
 1.55987109e-01  1.83209142e+00 
 1.55999999e-01  1.83209142e+00 
 1.55999999e-01  1.83209142e+00 
 1.55999999e-01  1.83209142e+00 
 1.56000000e-01  1.83209142e+00 
 1.56000000e-01  1.83209142e+00 
 1.56000000e-01  1.83209142e+00 
 1.56000000e-01  1.83209142e+00 
 1.56000000e-01  1.83209142e+00 
 1.56000001e-01  1.83209142e+00 
 1.56000002e-01  1.83209142e+00 
 1.56000004e-01  1.83209142e+00 
 1.56000008e-01  1.83209142e+00 
 1.56000016e-01  1.83209142e+00 
 1.56000033e-01  1.83209142e+00 
 1.56000065e-01  1.83209142e+00 
 1.56000131e-01  1.83209142e+00 
 1.56000262e-01  1.83209142e+00 
 1.56000524e-01  1.83209142e+00 
 1.56001049e-01  1.83209142e+00 
 1.56002097e-01  1.83209142e+00 
 1.56004194e-01  1.83209142e+00 
 1.56008389e-01  1.83209142e+00 
 1.56016777e-01  1.83209142e+00 
 1.56033554e-01  1.83209142e+00 
 1.56067109e-01  1.83209142e+00 
 1.56107109e-01  1.83209142e+00 
 1.56147109e-01  1.83209142e+00 
 1.56187109e-01  1.83209142e+00 
 1.56227109e-01  1.83209142e+00 
 1.56267109e-01  1.83209142e+00 
 1.56307109e-01  1.83209142e+00 
 1.56347109e-01  1.83209142e+00 
 1.56387109e-01  1.83209142e+00 
 1.56399999e-01  1.83209142e+00 
 1.56399999e-01  1.83209142e+00 
 1.56399999e-01  1.83209142e+00 
 1.56400000e-01  1.83209142e+00 
 1.56400000e-01  1.83209118e+00 
 1.56400000e-01  1.83209106e+00 
 1.56400000e-01  1.83209081e+00 
 1.56400000e-01  1.83209032e+00 
 1.56400001e-01  1.83208933e+00 
 1.56400002e-01  1.83208734e+00 
 1.56400004e-01  1.83208338e+00 
 1.56400008e-01  1.83207546e+00 
 1.56400016e-01  1.83205961e+00 
 1.56400033e-01  1.83202795e+00 
 1.56400065e-01  1.83196472e+00 
 1.56400131e-01  1.83183866e+00 
 1.56400262e-01  1.83158807e+00 
 1.56400524e-01  1.83109300e+00 
 1.56401049e-01  1.83012680e+00 
 1.56402097e-01  1.82828637e+00 
 1.56404194e-01  1.82494510e+00 
 1.56408389e-01  1.81942415e+00 
 1.56416777e-01  1.81182231e+00 
 1.56433554e-01  1.80446272e+00 
 1.56467109e-01  1.80104469e+00 
 1.56507109e-01  1.80113266e+00 
 1.56547109e-01  1.80112289e+00 
 1.56587109e-01  1.80112397e+00 
 1.56627109e-01  1.80112385e+00 
 1.56667109e-01  1.80112387e+00 
 1.56707109e-01  1.80112386e+00 
 1.56747109e-01  1.80112387e+00 
 1.56787109e-01  1.80112387e+00 
 1.56799999e-01  1.80112387e+00 
 1.56799999e-01  1.80112387e+00 
 1.56799999e-01  1.80112387e+00 
 1.56800000e-01  1.80112387e+00 
 1.56800000e-01  1.80112387e+00 
 1.56800000e-01  1.80112387e+00 
 1.56800000e-01  1.80112387e+00 
 1.56800000e-01  1.80112387e+00 
 1.56800001e-01  1.80112387e+00 
 1.56800002e-01  1.80112387e+00 
 1.56800004e-01  1.80112387e+00 
 1.56800008e-01  1.80112387e+00 
 1.56800016e-01  1.80112387e+00 
 1.56800033e-01  1.80112387e+00 
 1.56800065e-01  1.80112387e+00 
 1.56800131e-01  1.80112387e+00 
 1.56800262e-01  1.80112387e+00 
 1.56800524e-01  1.80112387e+00 
 1.56801049e-01  1.80112387e+00 
 1.56802097e-01  1.80112387e+00 
 1.56804194e-01  1.80112387e+00 
 1.56808389e-01  1.80112387e+00 
 1.56816777e-01  1.80112387e+00 
 1.56833554e-01  1.80112387e+00 
 1.56867109e-01  1.80112387e+00 
 1.56907109e-01  1.80112387e+00 
 1.56947109e-01  1.80112387e+00 
 1.56987109e-01  1.80112387e+00 
 1.57027109e-01  1.80112387e+00 
 1.57067109e-01  1.80112387e+00 
 1.57107109e-01  1.80112387e+00 
 1.57147109e-01  1.80112387e+00 
 1.57187109e-01  1.80112387e+00 
 1.57199999e-01  1.80112387e+00 
 1.57199999e-01  1.80112387e+00 
 1.57199999e-01  1.80112387e+00 
 1.57200000e-01  1.80112387e+00 
 1.57200000e-01  1.80112364e+00 
 1.57200000e-01  1.80112351e+00 
 1.57200000e-01  1.80112327e+00 
 1.57200000e-01  1.80112278e+00 
 1.57200001e-01  1.80112180e+00 
 1.57200002e-01  1.80111983e+00 
 1.57200004e-01  1.80111591e+00 
 1.57200008e-01  1.80110807e+00 
 1.57200016e-01  1.80109238e+00 
 1.57200033e-01  1.80106104e+00 
 1.57200065e-01  1.80099845e+00 
 1.57200131e-01  1.80087365e+00 
 1.57200262e-01  1.80062559e+00 
 1.57200524e-01  1.80013550e+00 
 1.57201049e-01  1.79917903e+00 
 1.57202097e-01  1.79735714e+00 
 1.57204194e-01  1.79404951e+00 
 1.57208389e-01  1.78858415e+00 
 1.57216777e-01  1.78105886e+00 
 1.57233554e-01  1.77377338e+00 
 1.57267109e-01  1.77038977e+00 
 1.57307109e-01  1.77047685e+00 
 1.57347109e-01  1.77046717e+00 
 1.57387109e-01  1.77046825e+00 
 1.57427109e-01  1.77046813e+00 
 1.57467109e-01  1.77046814e+00 
 1.57507109e-01  1.77046814e+00 
 1.57547109e-01  1.77046814e+00 
 1.57587109e-01  1.77046814e+00 
 1.57599999e-01  1.77046814e+00 
 1.57599999e-01  1.77046814e+00 
 1.57599999e-01  1.77046814e+00 
 1.57600000e-01  1.77046814e+00 
 1.57600000e-01  1.77046814e+00 
 1.57600000e-01  1.77046814e+00 
 1.57600000e-01  1.77046814e+00 
 1.57600000e-01  1.77046814e+00 
 1.57600001e-01  1.77046814e+00 
 1.57600002e-01  1.77046814e+00 
 1.57600004e-01  1.77046814e+00 
 1.57600008e-01  1.77046814e+00 
 1.57600016e-01  1.77046814e+00 
 1.57600033e-01  1.77046814e+00 
 1.57600065e-01  1.77046814e+00 
 1.57600131e-01  1.77046814e+00 
 1.57600262e-01  1.77046814e+00 
 1.57600524e-01  1.77046814e+00 
 1.57601049e-01  1.77046814e+00 
 1.57602097e-01  1.77046814e+00 
 1.57604194e-01  1.77046814e+00 
 1.57608389e-01  1.77046814e+00 
 1.57616777e-01  1.77046814e+00 
 1.57633554e-01  1.77046814e+00 
 1.57667109e-01  1.77046814e+00 
 1.57707109e-01  1.77046814e+00 
 1.57747109e-01  1.77046814e+00 
 1.57787109e-01  1.77046814e+00 
 1.57827109e-01  1.77046814e+00 
 1.57867109e-01  1.77046814e+00 
 1.57907109e-01  1.77046814e+00 
 1.57947109e-01  1.77046814e+00 
 1.57987109e-01  1.77046814e+00 
 1.57999999e-01  1.77046814e+00 
 1.57999999e-01  1.77046814e+00 
 1.57999999e-01  1.77046814e+00 
 1.58000000e-01  1.77046814e+00 
 1.58000000e-01  1.77046791e+00 
 1.58000000e-01  1.77046779e+00 
 1.58000000e-01  1.77046755e+00 
 1.58000000e-01  1.77046706e+00 
 1.58000001e-01  1.77046609e+00 
 1.58000002e-01  1.77046415e+00 
 1.58000004e-01  1.77046026e+00 
 1.58000008e-01  1.77045248e+00 
 1.58000016e-01  1.77043694e+00 
 1.58000033e-01  1.77040588e+00 
 1.58000065e-01  1.77034385e+00 
 1.58000131e-01  1.77022017e+00 
 1.58000262e-01  1.76997432e+00 
 1.58000524e-01  1.76948862e+00 
 1.58001049e-01  1.76854071e+00 
 1.58002097e-01  1.76673511e+00 
 1.58004194e-01  1.76345708e+00 
 1.58008389e-01  1.75804062e+00 
 1.58016777e-01  1.75058265e+00 
 1.58033554e-01  1.74336235e+00 
 1.58067109e-01  1.74000902e+00 
 1.58107109e-01  1.74009532e+00 
 1.58147109e-01  1.74008573e+00 
 1.58187109e-01  1.74008680e+00 
 1.58227109e-01  1.74008668e+00 
 1.58267109e-01  1.74008669e+00 
 1.58307109e-01  1.74008669e+00 
 1.58347109e-01  1.74008669e+00 
 1.58387109e-01  1.74008669e+00 
 1.58399999e-01  1.74008669e+00 
 1.58399999e-01  1.74008669e+00 
 1.58399999e-01  1.74008669e+00 
 1.58400000e-01  1.74008669e+00 
 1.58400000e-01  1.74008669e+00 
 1.58400000e-01  1.74008669e+00 
 1.58400000e-01  1.74008669e+00 
 1.58400000e-01  1.74008669e+00 
 1.58400001e-01  1.74008669e+00 
 1.58400002e-01  1.74008669e+00 
 1.58400004e-01  1.74008669e+00 
 1.58400008e-01  1.74008669e+00 
 1.58400016e-01  1.74008669e+00 
 1.58400033e-01  1.74008669e+00 
 1.58400065e-01  1.74008669e+00 
 1.58400131e-01  1.74008669e+00 
 1.58400262e-01  1.74008669e+00 
 1.58400524e-01  1.74008669e+00 
 1.58401049e-01  1.74008669e+00 
 1.58402097e-01  1.74008669e+00 
 1.58404194e-01  1.74008669e+00 
 1.58408389e-01  1.74008669e+00 
 1.58416777e-01  1.74008669e+00 
 1.58433554e-01  1.74008669e+00 
 1.58467109e-01  1.74008669e+00 
 1.58507109e-01  1.74008669e+00 
 1.58547109e-01  1.74008669e+00 
 1.58587109e-01  1.74008669e+00 
 1.58627109e-01  1.74008669e+00 
 1.58667109e-01  1.74008669e+00 
 1.58707109e-01  1.74008669e+00 
 1.58747109e-01  1.74008669e+00 
 1.58787109e-01  1.74008669e+00 
 1.58799999e-01  1.74008669e+00 
 1.58799999e-01  1.74008669e+00 
 1.58799999e-01  1.74008669e+00 
 1.58800000e-01  1.74008669e+00 
 1.58800000e-01  1.74008646e+00 
 1.58800000e-01  1.74008634e+00 
 1.58800000e-01  1.74008610e+00 
 1.58800000e-01  1.74008562e+00 
 1.58800001e-01  1.74008465e+00 
 1.58800002e-01  1.74008273e+00 
 1.58800004e-01  1.74007887e+00 
 1.58800008e-01  1.74007116e+00 
 1.58800016e-01  1.74005574e+00 
 1.58800033e-01  1.74002492e+00 
 1.58800065e-01  1.73996338e+00 
 1.58800131e-01  1.73984068e+00 
 1.58800262e-01  1.73959678e+00 
 1.58800524e-01  1.73911493e+00 
 1.58801049e-01  1.73817453e+00 
 1.58802097e-01  1.73638324e+00 
 1.58804194e-01  1.73313119e+00 
 1.58808389e-01  1.72775765e+00 
 1.58816777e-01  1.72035879e+00 
 1.58833554e-01  1.71319571e+00 
 1.58867109e-01  1.70986894e+00 
 1.58907109e-01  1.70995456e+00 
 1.58947109e-01  1.70994505e+00 
 1.58987109e-01  1.70994611e+00 
 1.59027109e-01  1.70994599e+00 
 1.59067109e-01  1.70994600e+00 
 1.59107109e-01  1.70994600e+00 
 1.59147109e-01  1.70994600e+00 
 1.59187109e-01  1.70994600e+00 
 1.59199999e-01  1.70994600e+00 
 1.59199999e-01  1.70994600e+00 
 1.59199999e-01  1.70994600e+00 
 1.59200000e-01  1.70994600e+00 
 1.59200000e-01  1.70994600e+00 
 1.59200000e-01  1.70994600e+00 
 1.59200000e-01  1.70994600e+00 
 1.59200000e-01  1.70994600e+00 
 1.59200001e-01  1.70994600e+00 
 1.59200002e-01  1.70994600e+00 
 1.59200004e-01  1.70994600e+00 
 1.59200008e-01  1.70994600e+00 
 1.59200016e-01  1.70994600e+00 
 1.59200033e-01  1.70994600e+00 
 1.59200065e-01  1.70994600e+00 
 1.59200131e-01  1.70994600e+00 
 1.59200262e-01  1.70994600e+00 
 1.59200524e-01  1.70994600e+00 
 1.59201049e-01  1.70994600e+00 
 1.59202097e-01  1.70994600e+00 
 1.59204194e-01  1.70994600e+00 
 1.59208389e-01  1.70994600e+00 
 1.59216777e-01  1.70994600e+00 
 1.59233554e-01  1.70994600e+00 
 1.59267109e-01  1.70994600e+00 
 1.59307109e-01  1.70994600e+00 
 1.59347109e-01  1.70994600e+00 
 1.59387109e-01  1.70994600e+00 
 1.59427109e-01  1.70994600e+00 
 1.59467109e-01  1.70994600e+00 
 1.59507109e-01  1.70994600e+00 
 1.59547109e-01  1.70994600e+00 
 1.59587109e-01  1.70994600e+00 
 1.59599999e-01  1.70994600e+00 
 1.59599999e-01  1.70994600e+00 
 1.59599999e-01  1.70994600e+00 
 1.59600000e-01  1.70994600e+00 
 1.59600000e-01  1.70994578e+00 
 1.59600000e-01  1.70994566e+00 
 1.59600000e-01  1.70994542e+00 
 1.59600000e-01  1.70994494e+00 
 1.59600001e-01  1.70994398e+00 
 1.59600002e-01  1.70994207e+00 
 1.59600004e-01  1.70993824e+00 
 1.59600008e-01  1.70993058e+00 
 1.59600016e-01  1.70991526e+00 
 1.59600033e-01  1.70988466e+00 
 1.59600065e-01  1.70982356e+00 
 1.59600131e-01  1.70970171e+00 
 1.59600262e-01  1.70945952e+00 
 1.59600524e-01  1.70898104e+00 
 1.59601049e-01  1.70804722e+00 
 1.59602097e-01  1.70626847e+00 
 1.59604194e-01  1.70303917e+00 
 1.59608389e-01  1.69770324e+00 
 1.59616777e-01  1.69035615e+00 
 1.59633554e-01  1.68324320e+00 
 1.59667109e-01  1.67993972e+00 
 1.59707109e-01  1.68002474e+00 
 1.59747109e-01  1.68001529e+00 
 1.59787109e-01  1.68001634e+00 
 1.59827109e-01  1.68001623e+00 
 1.59867109e-01  1.68001624e+00 
 1.59907109e-01  1.68001624e+00 
 1.59947109e-01  1.68001624e+00 
 1.59987109e-01  1.68001624e+00 
 1.59999999e-01  1.68001624e+00 
 1.59999999e-01  1.68001624e+00 
 1.59999999e-01  1.68001624e+00 
 1.60000000e-01  1.68001624e+00 
 1.60000000e-01  1.68001624e+00 
 1.60000000e-01  1.68001624e+00 
 1.60000000e-01  1.68001624e+00 
 1.60000000e-01  1.68001624e+00 
 1.60000001e-01  1.68001624e+00 
 1.60000002e-01  1.68001624e+00 
 1.60000004e-01  1.68001624e+00 
 1.60000008e-01  1.68001624e+00 
 1.60000016e-01  1.68001624e+00 
 1.60000033e-01  1.68001624e+00 
 1.60000065e-01  1.68001624e+00 
 1.60000131e-01  1.68001624e+00 
 1.60000262e-01  1.68001624e+00 
 1.60000524e-01  1.68001624e+00 
 1.60001049e-01  1.68001624e+00 
 1.60002097e-01  1.68001624e+00 
 1.60004194e-01  1.68001624e+00 
 1.60008389e-01  1.68001624e+00 
 1.60016777e-01  1.68001624e+00 
 1.60033554e-01  1.68001624e+00 
 1.60067109e-01  1.68001624e+00 
 1.60107109e-01  1.68001624e+00 
 1.60147109e-01  1.68001624e+00 
 1.60187109e-01  1.68001624e+00 
 1.60227109e-01  1.68001624e+00 
 1.60267109e-01  1.68001624e+00 
 1.60307109e-01  1.68001624e+00 
 1.60347109e-01  1.68001624e+00 
 1.60387109e-01  1.68001624e+00 
 1.60399999e-01  1.68001624e+00 
 1.60399999e-01  1.68001624e+00 
 1.60399999e-01  1.68001624e+00 
 1.60400000e-01  1.68001624e+00 
 1.60400000e-01  1.68001601e+00 
 1.60400000e-01  1.68001589e+00 
 1.60400000e-01  1.68001566e+00 
 1.60400000e-01  1.68001518e+00 
 1.60400001e-01  1.68001423e+00 
 1.60400002e-01  1.68001233e+00 
 1.60400004e-01  1.68000852e+00 
 1.60400008e-01  1.68000091e+00 
 1.60400016e-01  1.67998569e+00 
 1.60400033e-01  1.67995528e+00 
 1.60400065e-01  1.67989455e+00 
 1.60400131e-01  1.67977345e+00 
 1.60400262e-01  1.67953276e+00 
 1.60400524e-01  1.67905723e+00 
 1.60401049e-01  1.67812916e+00 
 1.60402097e-01  1.67636137e+00 
 1.60404194e-01  1.67315197e+00 
 1.60408389e-01  1.66784892e+00 
 1.60416777e-01  1.66054710e+00 
 1.60433554e-01  1.65347798e+00 
 1.60467109e-01  1.65019486e+00 
 1.60507109e-01  1.65027936e+00 
 1.60547109e-01  1.65026997e+00 
 1.60587109e-01  1.65027101e+00 
 1.60627109e-01  1.65027089e+00 
 1.60667109e-01  1.65027091e+00 
 1.60707109e-01  1.65027091e+00 
 1.60747109e-01  1.65027091e+00 
 1.60787109e-01  1.65027091e+00 
 1.60799999e-01  1.65027091e+00 
 1.60799999e-01  1.65027091e+00 
 1.60799999e-01  1.65027091e+00 
 1.60800000e-01  1.65027091e+00 
 1.60800000e-01  1.65027091e+00 
 1.60800000e-01  1.65027091e+00 
 1.60800000e-01  1.65027091e+00 
 1.60800000e-01  1.65027091e+00 
 1.60800001e-01  1.65027091e+00 
 1.60800002e-01  1.65027091e+00 
 1.60800004e-01  1.65027091e+00 
 1.60800008e-01  1.65027091e+00 
 1.60800016e-01  1.65027091e+00 
 1.60800033e-01  1.65027091e+00 
 1.60800065e-01  1.65027091e+00 
 1.60800131e-01  1.65027091e+00 
 1.60800262e-01  1.65027091e+00 
 1.60800524e-01  1.65027091e+00 
 1.60801049e-01  1.65027091e+00 
 1.60802097e-01  1.65027091e+00 
 1.60804194e-01  1.65027091e+00 
 1.60808389e-01  1.65027091e+00 
 1.60816777e-01  1.65027091e+00 
 1.60833554e-01  1.65027091e+00 
 1.60867109e-01  1.65027091e+00 
 1.60907109e-01  1.65027091e+00 
 1.60947109e-01  1.65027091e+00 
 1.60987109e-01  1.65027091e+00 
 1.61027109e-01  1.65027091e+00 
 1.61067109e-01  1.65027091e+00 
 1.61107109e-01  1.65027091e+00 
 1.61147109e-01  1.65027091e+00 
 1.61187109e-01  1.65027091e+00 
 1.61199999e-01  1.65027091e+00 
 1.61199999e-01  1.65027091e+00 
 1.61199999e-01  1.65027091e+00 
 1.61200000e-01  1.65027091e+00 
 1.61200000e-01  1.65027068e+00 
 1.61200000e-01  1.65027057e+00 
 1.61200000e-01  1.65027033e+00 
 1.61200000e-01  1.65026986e+00 
 1.61200001e-01  1.65026891e+00 
 1.61200002e-01  1.65026702e+00 
 1.61200004e-01  1.65026323e+00 
 1.61200008e-01  1.65025566e+00 
 1.61200016e-01  1.65024052e+00 
 1.61200033e-01  1.65021028e+00 
 1.61200065e-01  1.65014987e+00 
 1.61200131e-01  1.65002944e+00 
 1.61200262e-01  1.64979004e+00 
 1.61200524e-01  1.64931709e+00 
 1.61201049e-01  1.64839405e+00 
 1.61202097e-01  1.64663582e+00 
 1.61204194e-01  1.64344380e+00 
 1.61208389e-01  1.63816946e+00 
 1.61216777e-01  1.63090717e+00 
 1.61233554e-01  1.62387632e+00 
 1.61267109e-01  1.62061097e+00 
 1.61307109e-01  1.62069501e+00 
 1.61347109e-01  1.62068567e+00 
 1.61387109e-01  1.62068671e+00 
 1.61427109e-01  1.62068660e+00 
 1.61467109e-01  1.62068661e+00 
 1.61507109e-01  1.62068661e+00 
 1.61547109e-01  1.62068661e+00 
 1.61587109e-01  1.62068661e+00 
 1.61599999e-01  1.62068661e+00 
 1.61599999e-01  1.62068661e+00 
 1.61599999e-01  1.62068661e+00 
 1.61600000e-01  1.62068661e+00 
 1.61600000e-01  1.62068661e+00 
 1.61600000e-01  1.62068661e+00 
 1.61600000e-01  1.62068661e+00 
 1.61600000e-01  1.62068661e+00 
 1.61600001e-01  1.62068661e+00 
 1.61600002e-01  1.62068661e+00 
 1.61600004e-01  1.62068661e+00 
 1.61600008e-01  1.62068661e+00 
 1.61600016e-01  1.62068661e+00 
 1.61600033e-01  1.62068661e+00 
 1.61600065e-01  1.62068661e+00 
 1.61600131e-01  1.62068661e+00 
 1.61600262e-01  1.62068661e+00 
 1.61600524e-01  1.62068661e+00 
 1.61601049e-01  1.62068661e+00 
 1.61602097e-01  1.62068661e+00 
 1.61604194e-01  1.62068661e+00 
 1.61608389e-01  1.62068661e+00 
 1.61616777e-01  1.62068661e+00 
 1.61633554e-01  1.62068661e+00 
 1.61667109e-01  1.62068661e+00 
 1.61707109e-01  1.62068661e+00 
 1.61747109e-01  1.62068661e+00 
 1.61787109e-01  1.62068661e+00 
 1.61827109e-01  1.62068661e+00 
 1.61867109e-01  1.62068661e+00 
 1.61907109e-01  1.62068661e+00 
 1.61947109e-01  1.62068661e+00 
 1.61987109e-01  1.62068661e+00 
 1.61999999e-01  1.62068661e+00 
 1.61999999e-01  1.62068661e+00 
 1.61999999e-01  1.62068661e+00 
 1.62000000e-01  1.62068661e+00 
 1.62000000e-01  1.62068639e+00 
 1.62000000e-01  1.62068627e+00 
 1.62000000e-01  1.62068603e+00 
 1.62000000e-01  1.62068556e+00 
 1.62000001e-01  1.62068462e+00 
 1.62000002e-01  1.62068274e+00 
 1.62000004e-01  1.62067897e+00 
 1.62000008e-01  1.62067143e+00 
 1.62000016e-01  1.62065637e+00 
 1.62000033e-01  1.62062627e+00 
 1.62000065e-01  1.62056615e+00 
 1.62000131e-01  1.62044629e+00 
 1.62000262e-01  1.62020803e+00 
 1.62000524e-01  1.61973732e+00 
 1.62001049e-01  1.61881866e+00 
 1.62002097e-01  1.61706879e+00 
 1.62004194e-01  1.61389193e+00 
 1.62008389e-01  1.60864263e+00 
 1.62016777e-01  1.60141484e+00 
 1.62033554e-01  1.59441738e+00 
 1.62067109e-01  1.59116754e+00 
 1.62107109e-01  1.59125118e+00 
 1.62147109e-01  1.59124188e+00 
 1.62187109e-01  1.59124292e+00 
 1.62227109e-01  1.59124280e+00 
 1.62267109e-01  1.59124281e+00 
 1.62307109e-01  1.59124281e+00 
 1.62347109e-01  1.59124281e+00 
 1.62387109e-01  1.59124281e+00 
 1.62399999e-01  1.59124281e+00 
 1.62399999e-01  1.59124281e+00 
 1.62399999e-01  1.59124281e+00 
 1.62400000e-01  1.59124281e+00 
 1.62400000e-01  1.59124281e+00 
 1.62400000e-01  1.59124281e+00 
 1.62400000e-01  1.59124281e+00 
 1.62400000e-01  1.59124281e+00 
 1.62400001e-01  1.59124281e+00 
 1.62400002e-01  1.59124281e+00 
 1.62400004e-01  1.59124281e+00 
 1.62400008e-01  1.59124281e+00 
 1.62400016e-01  1.59124281e+00 
 1.62400033e-01  1.59124281e+00 
 1.62400065e-01  1.59124281e+00 
 1.62400131e-01  1.59124281e+00 
 1.62400262e-01  1.59124281e+00 
 1.62400524e-01  1.59124281e+00 
 1.62401049e-01  1.59124281e+00 
 1.62402097e-01  1.59124281e+00 
 1.62404194e-01  1.59124281e+00 
 1.62408389e-01  1.59124281e+00 
 1.62416777e-01  1.59124281e+00 
 1.62433554e-01  1.59124281e+00 
 1.62467109e-01  1.59124281e+00 
 1.62507109e-01  1.59124281e+00 
 1.62547109e-01  1.59124281e+00 
 1.62587109e-01  1.59124281e+00 
 1.62627109e-01  1.59124281e+00 
 1.62667109e-01  1.59124281e+00 
 1.62707109e-01  1.59124281e+00 
 1.62747109e-01  1.59124281e+00 
 1.62787109e-01  1.59124281e+00 
 1.62799999e-01  1.59124281e+00 
 1.62799999e-01  1.59124281e+00 
 1.62799999e-01  1.59124281e+00 
 1.62800000e-01  1.59124281e+00 
 1.62800000e-01  1.59124259e+00 
 1.62800000e-01  1.59124248e+00 
 1.62800000e-01  1.59124224e+00 
 1.62800000e-01  1.59124177e+00 
 1.62800001e-01  1.59124083e+00 
 1.62800002e-01  1.59123896e+00 
 1.62800004e-01  1.59123520e+00 
 1.62800008e-01  1.59122770e+00 
 1.62800016e-01  1.59121270e+00 
 1.62800033e-01  1.59118272e+00 
 1.62800065e-01  1.59112286e+00 
 1.62800131e-01  1.59100349e+00 
 1.62800262e-01  1.59076623e+00 
 1.62800524e-01  1.59029748e+00 
 1.62801049e-01  1.58938265e+00 
 1.62802097e-01  1.58764007e+00 
 1.62804194e-01  1.58447644e+00 
 1.62808389e-01  1.57924901e+00 
 1.62816777e-01  1.57205133e+00 
 1.62833554e-01  1.56508302e+00 
 1.62867109e-01  1.56184672e+00 
 1.62907109e-01  1.56193001e+00 
 1.62947109e-01  1.56192076e+00 
 1.62987109e-01  1.56192178e+00 
 1.63027109e-01  1.56192167e+00 
 1.63067109e-01  1.56192168e+00 
 1.63107109e-01  1.56192168e+00 
 1.63147109e-01  1.56192168e+00 
 1.63187109e-01  1.56192168e+00 
 1.63199999e-01  1.56192168e+00 
 1.63199999e-01  1.56192168e+00 
 1.63199999e-01  1.56192168e+00 
 1.63200000e-01  1.56192168e+00 
 1.63200000e-01  1.56192168e+00 
 1.63200000e-01  1.56192168e+00 
 1.63200000e-01  1.56192168e+00 
 1.63200000e-01  1.56192168e+00 
 1.63200001e-01  1.56192168e+00 
 1.63200002e-01  1.56192168e+00 
 1.63200004e-01  1.56192168e+00 
 1.63200008e-01  1.56192168e+00 
 1.63200016e-01  1.56192168e+00 
 1.63200033e-01  1.56192168e+00 
 1.63200065e-01  1.56192168e+00 
 1.63200131e-01  1.56192168e+00 
 1.63200262e-01  1.56192168e+00 
 1.63200524e-01  1.56192168e+00 
 1.63201049e-01  1.56192168e+00 
 1.63202097e-01  1.56192168e+00 
 1.63204194e-01  1.56192168e+00 
 1.63208389e-01  1.56192168e+00 
 1.63216777e-01  1.56192168e+00 
 1.63233554e-01  1.56192168e+00 
 1.63267109e-01  1.56192168e+00 
 1.63307109e-01  1.56192168e+00 
 1.63347109e-01  1.56192168e+00 
 1.63387109e-01  1.56192168e+00 
 1.63427109e-01  1.56192168e+00 
 1.63467109e-01  1.56192168e+00 
 1.63507109e-01  1.56192168e+00 
 1.63547109e-01  1.56192168e+00 
 1.63587109e-01  1.56192168e+00 
 1.63599999e-01  1.56192168e+00 
 1.63599999e-01  1.56192168e+00 
 1.63599999e-01  1.56192168e+00 
 1.63600000e-01  1.56192168e+00 
 1.63600000e-01  1.56192146e+00 
 1.63600000e-01  1.56192134e+00 
 1.63600000e-01  1.56192111e+00 
 1.63600000e-01  1.56192064e+00 
 1.63600001e-01  1.56191971e+00 
 1.63600002e-01  1.56191784e+00 
 1.63600004e-01  1.56191410e+00 
 1.63600008e-01  1.56190662e+00 
 1.63600016e-01  1.56189168e+00 
 1.63600033e-01  1.56186181e+00 
 1.63600065e-01  1.56180216e+00 
 1.63600131e-01  1.56168324e+00 
 1.63600262e-01  1.56144684e+00 
 1.63600524e-01  1.56097981e+00 
 1.63601049e-01  1.56006833e+00 
 1.63602097e-01  1.55833213e+00 
 1.63604194e-01  1.55518008e+00 
 1.63608389e-01  1.54997180e+00 
 1.63616777e-01  1.54280047e+00 
 1.63633554e-01  1.53585768e+00 
 1.63667109e-01  1.53263322e+00 
 1.63707109e-01  1.53271621e+00 
 1.63747109e-01  1.53270699e+00 
 1.63787109e-01  1.53270801e+00 
 1.63827109e-01  1.53270790e+00 
 1.63867109e-01  1.53270791e+00 
 1.63907109e-01  1.53270791e+00 
 1.63947109e-01  1.53270791e+00 
 1.63987109e-01  1.53270791e+00 
 1.63999999e-01  1.53270791e+00 
 1.63999999e-01  1.53270791e+00 
 1.63999999e-01  1.53270791e+00 
 1.64000000e-01  1.53270791e+00 
 1.64000000e-01  1.53270791e+00 
 1.64000000e-01  1.53270791e+00 
 1.64000000e-01  1.53270791e+00 
 1.64000000e-01  1.53270791e+00 
 1.64000001e-01  1.53270791e+00 
 1.64000002e-01  1.53270791e+00 
 1.64000004e-01  1.53270791e+00 
 1.64000008e-01  1.53270791e+00 
 1.64000016e-01  1.53270791e+00 
 1.64000033e-01  1.53270791e+00 
 1.64000065e-01  1.53270791e+00 
 1.64000131e-01  1.53270791e+00 
 1.64000262e-01  1.53270791e+00 
 1.64000524e-01  1.53270791e+00 
 1.64001049e-01  1.53270791e+00 
 1.64002097e-01  1.53270791e+00 
 1.64004194e-01  1.53270791e+00 
 1.64008389e-01  1.53270791e+00 
 1.64016777e-01  1.53270791e+00 
 1.64033554e-01  1.53270791e+00 
 1.64067109e-01  1.53270791e+00 
 1.64107109e-01  1.53270791e+00 
 1.64147109e-01  1.53270791e+00 
 1.64187109e-01  1.53270791e+00 
 1.64227109e-01  1.53270791e+00 
 1.64267109e-01  1.53270791e+00 
 1.64307109e-01  1.53270791e+00 
 1.64347109e-01  1.53270791e+00 
 1.64387109e-01  1.53270791e+00 
 1.64399999e-01  1.53270791e+00 
 1.64399999e-01  1.53270791e+00 
 1.64399999e-01  1.53270791e+00 
 1.64400000e-01  1.53270791e+00 
 1.64400000e-01  1.53270769e+00 
 1.64400000e-01  1.53270757e+00 
 1.64400000e-01  1.53270734e+00 
 1.64400000e-01  1.53270688e+00 
 1.64400001e-01  1.53270594e+00 
 1.64400002e-01  1.53270408e+00 
 1.64400004e-01  1.53270035e+00 
 1.64400008e-01  1.53269290e+00 
 1.64400016e-01  1.53267800e+00 
 1.64400033e-01  1.53264823e+00 
 1.64400065e-01  1.53258878e+00 
 1.64400131e-01  1.53247024e+00 
 1.64400262e-01  1.53223460e+00 
 1.64400524e-01  1.53176908e+00 
 1.64401049e-01  1.53086055e+00 
 1.64402097e-01  1.52912996e+00 
 1.64404194e-01  1.52598811e+00 
 1.64408389e-01  1.52079667e+00 
 1.64416777e-01  1.51364853e+00 
 1.64433554e-01  1.50672819e+00 
 1.64467109e-01  1.50351416e+00 
 1.64507109e-01  1.50359688e+00 
 1.64547109e-01  1.50358769e+00 
 1.64587109e-01  1.50358871e+00 
 1.64627109e-01  1.50358859e+00 
 1.64667109e-01  1.50358861e+00 
 1.64707109e-01  1.50358860e+00 
 1.64747109e-01  1.50358860e+00 
 1.64787109e-01  1.50358860e+00 
 1.64799999e-01  1.50358860e+00 
 1.64799999e-01  1.50358860e+00 
 1.64799999e-01  1.50358860e+00 
 1.64800000e-01  1.50358860e+00 
 1.64800000e-01  1.50358860e+00 
 1.64800000e-01  1.50358860e+00 
 1.64800000e-01  1.50358860e+00 
 1.64800000e-01  1.50358860e+00 
 1.64800001e-01  1.50358860e+00 
 1.64800002e-01  1.50358860e+00 
 1.64800004e-01  1.50358860e+00 
 1.64800008e-01  1.50358860e+00 
 1.64800016e-01  1.50358860e+00 
 1.64800033e-01  1.50358860e+00 
 1.64800065e-01  1.50358860e+00 
 1.64800131e-01  1.50358860e+00 
 1.64800262e-01  1.50358860e+00 
 1.64800524e-01  1.50358860e+00 
 1.64801049e-01  1.50358860e+00 
 1.64802097e-01  1.50358860e+00 
 1.64804194e-01  1.50358860e+00 
 1.64808389e-01  1.50358860e+00 
 1.64816777e-01  1.50358860e+00 
 1.64833554e-01  1.50358860e+00 
 1.64867109e-01  1.50358860e+00 
 1.64905984e-01  1.50358860e+00 
 1.64945984e-01  1.50358860e+00 
 1.64985984e-01  1.50358860e+00 
 1.65025984e-01  1.50358860e+00 
 1.65065984e-01  1.50358860e+00 
 1.65105984e-01  1.50358860e+00 
 1.65145984e-01  1.50358860e+00 
 1.65185984e-01  1.50358860e+00 
 1.65199999e-01  1.50358860e+00 
 1.65199999e-01  1.50358860e+00 
 1.65199999e-01  1.50358860e+00 
 1.65200000e-01  1.50358860e+00 
 1.65200000e-01  1.50358839e+00 
 1.65200000e-01  1.50358827e+00 
 1.65200000e-01  1.50358804e+00 
 1.65200000e-01  1.50358757e+00 
 1.65200001e-01  1.50358664e+00 
 1.65200002e-01  1.50358479e+00 
 1.65200004e-01  1.50358107e+00 
 1.65200008e-01  1.50357364e+00 
 1.65200016e-01  1.50355879e+00 
 1.65200033e-01  1.50352910e+00 
 1.65200065e-01  1.50346982e+00 
 1.65200131e-01  1.50335162e+00 
 1.65200262e-01  1.50311666e+00 
 1.65200524e-01  1.50265248e+00 
 1.65201049e-01  1.50174657e+00 
 1.65202097e-01  1.50002096e+00 
 1.65204194e-01  1.49688816e+00 
 1.65208389e-01  1.49171167e+00 
 1.65216777e-01  1.48458412e+00 
 1.65233554e-01  1.47768371e+00 
 1.65267109e-01  1.47447894e+00 
 1.65305984e-01  1.47456038e+00 
 1.65345984e-01  1.47455238e+00 
 1.65385984e-01  1.47455326e+00 
 1.65425984e-01  1.47455317e+00 
 1.65465984e-01  1.47455318e+00 
 1.65505984e-01  1.47455318e+00 
 1.65545984e-01  1.47455318e+00 
 1.65585984e-01  1.47455318e+00 
 1.65599999e-01  1.47455318e+00 
 1.65599999e-01  1.47455318e+00 
 1.65599999e-01  1.47455318e+00 
 1.65600000e-01  1.47455318e+00 
 1.65600000e-01  1.47455318e+00 
 1.65600000e-01  1.47455318e+00 
 1.65600000e-01  1.47455318e+00 
 1.65600000e-01  1.47455318e+00 
 1.65600001e-01  1.47455318e+00 
 1.65600002e-01  1.47455318e+00 
 1.65600004e-01  1.47455318e+00 
 1.65600008e-01  1.47455318e+00 
 1.65600016e-01  1.47455318e+00 
 1.65600033e-01  1.47455318e+00 
 1.65600065e-01  1.47455318e+00 
 1.65600131e-01  1.47455318e+00 
 1.65600262e-01  1.47455318e+00 
 1.65600524e-01  1.47455318e+00 
 1.65601049e-01  1.47455318e+00 
 1.65602097e-01  1.47455318e+00 
 1.65604194e-01  1.47455318e+00 
 1.65608389e-01  1.47455318e+00 
 1.65616777e-01  1.47455318e+00 
 1.65633554e-01  1.47455318e+00 
 1.65665919e-01  1.47455318e+00 
 1.65700182e-01  1.47455318e+00 
 1.65740182e-01  1.47455318e+00 
 1.65780182e-01  1.47455318e+00 
 1.65820182e-01  1.47455318e+00 
 1.65860182e-01  1.47455318e+00 
 1.65900182e-01  1.47455318e+00 
 1.65940182e-01  1.47455318e+00 
 1.65980182e-01  1.47455318e+00 
 1.65999999e-01  1.47455318e+00 
 1.65999999e-01  1.47455318e+00 
 1.65999999e-01  1.47455318e+00 
 1.66000000e-01  1.47455318e+00 
 1.66000000e-01  1.47455296e+00 
 1.66000000e-01  1.47455284e+00 
 1.66000000e-01  1.47455261e+00 
 1.66000000e-01  1.47455215e+00 
 1.66000001e-01  1.47455122e+00 
 1.66000002e-01  1.47454937e+00 
 1.66000004e-01  1.47454566e+00 
 1.66000008e-01  1.47453825e+00 
 1.66000016e-01  1.47452343e+00 
 1.66000033e-01  1.47449382e+00 
 1.66000065e-01  1.47443470e+00 
 1.66000131e-01  1.47431680e+00 
 1.66000262e-01  1.47408246e+00 
 1.66000524e-01  1.47361949e+00 
 1.66001049e-01  1.47271593e+00 
 1.66002097e-01  1.47099481e+00 
 1.66004194e-01  1.46787015e+00 
 1.66008389e-01  1.46270712e+00 
 1.66016777e-01  1.45559810e+00 
 1.66033554e-01  1.44871564e+00 
 1.66065919e-01  1.44557555e+00 
 1.66100182e-01  1.44559384e+00 
 1.66140182e-01  1.44559317e+00 
 1.66180182e-01  1.44559325e+00 
 1.66220182e-01  1.44559324e+00 
 1.66260182e-01  1.44559324e+00 
 1.66300182e-01  1.44559324e+00 
 1.66340182e-01  1.44559324e+00 
 1.66380182e-01  1.44559324e+00 
 1.66399999e-01  1.44559324e+00 
 1.66399999e-01  1.44559324e+00 
 1.66399999e-01  1.44559324e+00 
 1.66400000e-01  1.44559324e+00 
 1.66400000e-01  1.44559324e+00 
 1.66400000e-01  1.44559324e+00 
 1.66400000e-01  1.44559324e+00 
 1.66400000e-01  1.44559324e+00 
 1.66400001e-01  1.44559324e+00 
 1.66400002e-01  1.44559324e+00 
 1.66400004e-01  1.44559324e+00 
 1.66400008e-01  1.44559324e+00 
 1.66400016e-01  1.44559324e+00 
 1.66400033e-01  1.44559324e+00 
 1.66400065e-01  1.44559324e+00 
 1.66400131e-01  1.44559324e+00 
 1.66400262e-01  1.44559324e+00 
 1.66400524e-01  1.44559324e+00 
 1.66401049e-01  1.44559324e+00 
 1.66402097e-01  1.44559324e+00 
 1.66404194e-01  1.44559324e+00 
 1.66408389e-01  1.44559324e+00 
 1.66416777e-01  1.44559324e+00 
 1.66433554e-01  1.44559324e+00 
 1.66460612e-01  1.44559324e+00 
 1.66493977e-01  1.44559324e+00 
 1.66533977e-01  1.44559324e+00 
 1.66573977e-01  1.44559324e+00 
 1.66613977e-01  1.44559324e+00 
 1.66653977e-01  1.44559324e+00 
 1.66693977e-01  1.44559324e+00 
 1.66733977e-01  1.44559324e+00 
 1.66773977e-01  1.44559324e+00 
 1.66799999e-01  1.44559324e+00 
 1.66799999e-01  1.44559324e+00 
 1.66799999e-01  1.44559324e+00 
 1.66800000e-01  1.44559324e+00 
 1.66800000e-01  1.44559302e+00 
 1.66800000e-01  1.44559291e+00 
 1.66800000e-01  1.44559267e+00 
 1.66800000e-01  1.44559221e+00 
 1.66800001e-01  1.44559129e+00 
 1.66800002e-01  1.44558944e+00 
 1.66800004e-01  1.44558574e+00 
 1.66800008e-01  1.44557835e+00 
 1.66800016e-01  1.44556357e+00 
 1.66800033e-01  1.44553403e+00 
 1.66800065e-01  1.44547504e+00 
 1.66800131e-01  1.44535743e+00 
 1.66800262e-01  1.44512365e+00 
 1.66800524e-01  1.44466178e+00 
 1.66801049e-01  1.44376038e+00 
 1.66802097e-01  1.44204338e+00 
 1.66804194e-01  1.43892619e+00 
 1.66808389e-01  1.43377551e+00 
 1.66816777e-01  1.42668349e+00 
 1.66833554e-01  1.41981747e+00 
 1.66860612e-01  1.41696324e+00 
 1.66893977e-01  1.41669710e+00 
 1.66933977e-01  1.41670315e+00 
 1.66973977e-01  1.41670247e+00 
 1.67013977e-01  1.41670255e+00 
 1.67053977e-01  1.41670254e+00 
 1.67093977e-01  1.41670254e+00 
 1.67133977e-01  1.41670254e+00 
 1.67173977e-01  1.41670254e+00 
 1.67199999e-01  1.41670254e+00 
 1.67199999e-01  1.41670254e+00 
 1.67199999e-01  1.41670254e+00 
 1.67200000e-01  1.41670254e+00 
 1.67200000e-01  1.41670254e+00 
 1.67200000e-01  1.41670254e+00 
 1.67200000e-01  1.41670254e+00 
 1.67200000e-01  1.41670254e+00 
 1.67200001e-01  1.41670254e+00 
 1.67200002e-01  1.41670254e+00 
 1.67200004e-01  1.41670254e+00 
 1.67200008e-01  1.41670254e+00 
 1.67200016e-01  1.41670254e+00 
 1.67200033e-01  1.41670254e+00 
 1.67200065e-01  1.41670254e+00 
 1.67200131e-01  1.41670254e+00 
 1.67200262e-01  1.41670254e+00 
 1.67200524e-01  1.41670254e+00 
 1.67201049e-01  1.41670254e+00 
 1.67202097e-01  1.41670254e+00 
 1.67204194e-01  1.41670254e+00 
 1.67208389e-01  1.41670254e+00 
 1.67216777e-01  1.41670254e+00 
 1.67233554e-01  1.41670254e+00 
 1.67257712e-01  1.41670254e+00 
 1.67290860e-01  1.41670254e+00 
 1.67330860e-01  1.41670254e+00 
 1.67370860e-01  1.41670254e+00 
 1.67410860e-01  1.41670254e+00 
 1.67450860e-01  1.41670254e+00 
 1.67490860e-01  1.41670254e+00 
 1.67530860e-01  1.41670254e+00 
 1.67570860e-01  1.41670254e+00 
 1.67599999e-01  1.41670254e+00 
 1.67599999e-01  1.41670254e+00 
 1.67599999e-01  1.41670254e+00 
 1.67600000e-01  1.41670254e+00 
 1.67600000e-01  1.41670232e+00 
 1.67600000e-01  1.41670221e+00 
 1.67600000e-01  1.41670198e+00 
 1.67600000e-01  1.41670152e+00 
 1.67600001e-01  1.41670059e+00 
 1.67600002e-01  1.41669875e+00 
 1.67600004e-01  1.41669506e+00 
 1.67600008e-01  1.41668768e+00 
 1.67600016e-01  1.41667294e+00 
 1.67600033e-01  1.41664346e+00 
 1.67600065e-01  1.41658461e+00 
 1.67600131e-01  1.41646726e+00 
 1.67600262e-01  1.41623401e+00 
 1.67600524e-01  1.41577318e+00 
 1.67601049e-01  1.41487381e+00 
 1.67602097e-01  1.41316068e+00 
 1.67604194e-01  1.41005051e+00 
 1.67608389e-01  1.40491142e+00 
 1.67616777e-01  1.39783536e+00 
 1.67633554e-01  1.39098481e+00 
 1.67657712e-01  1.38831093e+00 
 1.67690860e-01  1.38786923e+00 
 1.67730860e-01  1.38787774e+00 
 1.67770860e-01  1.38787679e+00 
 1.67810860e-01  1.38787690e+00 
 1.67850860e-01  1.38787688e+00 
 1.67890860e-01  1.38787689e+00 
 1.67930860e-01  1.38787689e+00 
 1.67970860e-01  1.38787689e+00 
 1.67999999e-01  1.38787689e+00 
 1.67999999e-01  1.38787689e+00 
 1.67999999e-01  1.38787689e+00 
 1.68000000e-01  1.38787689e+00 
 1.68000000e-01  1.38787689e+00 
 1.68000000e-01  1.38787689e+00 
 1.68000000e-01  1.38787689e+00 
 1.68000000e-01  1.38787689e+00 
 1.68000001e-01  1.38787689e+00 
 1.68000002e-01  1.38787689e+00 
 1.68000004e-01  1.38787689e+00 
 1.68000008e-01  1.38787689e+00 
 1.68000016e-01  1.38787689e+00 
 1.68000033e-01  1.38787689e+00 
 1.68000065e-01  1.38787689e+00 
 1.68000131e-01  1.38787689e+00 
 1.68000262e-01  1.38787689e+00 
 1.68000524e-01  1.38787689e+00 
 1.68001049e-01  1.38787689e+00 
 1.68002097e-01  1.38787689e+00 
 1.68004194e-01  1.38787689e+00 
 1.68008389e-01  1.38787689e+00 
 1.68016777e-01  1.38787689e+00 
 1.68033554e-01  1.38787689e+00 
 1.68057805e-01  1.38787689e+00 
 1.68091114e-01  1.38787689e+00 
 1.68131114e-01  1.38787689e+00 
 1.68171114e-01  1.38787689e+00 
 1.68211114e-01  1.38787689e+00 
 1.68251114e-01  1.38787689e+00 
 1.68291114e-01  1.38787689e+00 
 1.68331114e-01  1.38787689e+00 
 1.68371114e-01  1.38787689e+00 
 1.68399999e-01  1.38787689e+00 
 1.68399999e-01  1.38787689e+00 
 1.68399999e-01  1.38787689e+00 
 1.68400000e-01  1.38787689e+00 
 1.68400000e-01  1.38787667e+00 
 1.68400000e-01  1.38787655e+00 
 1.68400000e-01  1.38787632e+00 
 1.68400000e-01  1.38787586e+00 
 1.68400001e-01  1.38787494e+00 
 1.68400002e-01  1.38787310e+00 
 1.68400004e-01  1.38786942e+00 
 1.68400008e-01  1.38786206e+00 
 1.68400016e-01  1.38784735e+00 
 1.68400033e-01  1.38781794e+00 
 1.68400065e-01  1.38775921e+00 
 1.68400131e-01  1.38764212e+00 
 1.68400262e-01  1.38740937e+00 
 1.68400524e-01  1.38694955e+00 
 1.68401049e-01  1.38605214e+00 
 1.68402097e-01  1.38434274e+00 
 1.68404194e-01  1.38123935e+00 
 1.68408389e-01  1.37611147e+00 
 1.68416777e-01  1.36905084e+00 
 1.68433554e-01  1.36221522e+00 
 1.68457805e-01  1.35954131e+00 
 1.68491114e-01  1.35910551e+00 
 1.68531114e-01  1.35911502e+00 
 1.68571114e-01  1.35911397e+00 
 1.68611114e-01  1.35911408e+00 
 1.68651114e-01  1.35911407e+00 
 1.68691114e-01  1.35911407e+00 
 1.68731114e-01  1.35911407e+00 
 1.68771114e-01  1.35911407e+00 
 1.68799999e-01  1.35911407e+00 
 1.68799999e-01  1.35911407e+00 
 1.68799999e-01  1.35911407e+00 
 1.68800000e-01  1.35911407e+00 
 1.68800000e-01  1.35911407e+00 
 1.68800000e-01  1.35911407e+00 
 1.68800000e-01  1.35911407e+00 
 1.68800000e-01  1.35911407e+00 
 1.68800001e-01  1.35911407e+00 
 1.68800002e-01  1.35911407e+00 
 1.68800004e-01  1.35911407e+00 
 1.68800008e-01  1.35911407e+00 
 1.68800016e-01  1.35911407e+00 
 1.68800033e-01  1.35911407e+00 
 1.68800065e-01  1.35911407e+00 
 1.68800131e-01  1.35911407e+00 
 1.68800262e-01  1.35911407e+00 
 1.68800524e-01  1.35911407e+00 
 1.68801049e-01  1.35911407e+00 
 1.68802097e-01  1.35911407e+00 
 1.68804194e-01  1.35911407e+00 
 1.68808389e-01  1.35911407e+00 
 1.68816777e-01  1.35911407e+00 
 1.68833554e-01  1.35911407e+00 
 1.68857897e-01  1.35911407e+00 
 1.68891365e-01  1.35911407e+00 
 1.68931365e-01  1.35911407e+00 
 1.68971365e-01  1.35911407e+00 
 1.69011365e-01  1.35911407e+00 
 1.69051365e-01  1.35911407e+00 
 1.69091365e-01  1.35911407e+00 
 1.69131365e-01  1.35911407e+00 
 1.69171365e-01  1.35911407e+00 
 1.69199999e-01  1.35911407e+00 
 1.69199999e-01  1.35911407e+00 
 1.69199999e-01  1.35911407e+00 
 1.69200000e-01  1.35911407e+00 
 1.69200000e-01  1.35911386e+00 
 1.69200000e-01  1.35911374e+00 
 1.69200000e-01  1.35911351e+00 
 1.69200000e-01  1.35911305e+00 
 1.69200001e-01  1.35911214e+00 
 1.69200002e-01  1.35911030e+00 
 1.69200004e-01  1.35910663e+00 
 1.69200008e-01  1.35909928e+00 
 1.69200016e-01  1.35908460e+00 
 1.69200033e-01  1.35905525e+00 
 1.69200065e-01  1.35899666e+00 
 1.69200131e-01  1.35887982e+00 
 1.69200262e-01  1.35864758e+00 
 1.69200524e-01  1.35818876e+00 
 1.69201049e-01  1.35729330e+00 
 1.69202097e-01  1.35558762e+00 
 1.69204194e-01  1.35249098e+00 
 1.69208389e-01  1.34737425e+00 
 1.69216777e-01  1.34032898e+00 
 1.69233554e-01  1.33350823e+00 
 1.69257897e-01  1.33083436e+00 
 1.69291365e-01  1.33040441e+00 
 1.69331365e-01  1.33041488e+00 
 1.69371365e-01  1.33041372e+00 
 1.69411365e-01  1.33041385e+00 
 1.69451365e-01  1.33041383e+00 
 1.69491365e-01  1.33041383e+00 
 1.69531365e-01  1.33041383e+00 
 1.69571365e-01  1.33041383e+00 
 1.69599999e-01  1.33041383e+00 
 1.69599999e-01  1.33041383e+00 
 1.69599999e-01  1.33041383e+00 
 1.69600000e-01  1.33041383e+00 
 1.69600000e-01  1.33041383e+00 
 1.69600000e-01  1.33041383e+00 
 1.69600000e-01  1.33041383e+00 
 1.69600000e-01  1.33041383e+00 
 1.69600001e-01  1.33041383e+00 
 1.69600002e-01  1.33041383e+00 
 1.69600004e-01  1.33041383e+00 
 1.69600008e-01  1.33041383e+00 
 1.69600016e-01  1.33041383e+00 
 1.69600033e-01  1.33041383e+00 
 1.69600065e-01  1.33041383e+00 
 1.69600131e-01  1.33041383e+00 
 1.69600262e-01  1.33041383e+00 
 1.69600524e-01  1.33041383e+00 
 1.69601049e-01  1.33041383e+00 
 1.69602097e-01  1.33041383e+00 
 1.69604194e-01  1.33041383e+00 
 1.69608389e-01  1.33041383e+00 
 1.69616777e-01  1.33041383e+00 
 1.69633554e-01  1.33041383e+00 
 1.69658834e-01  1.33041383e+00 
 1.69692567e-01  1.33041383e+00 
 1.69732567e-01  1.33041383e+00 
 1.69772567e-01  1.33041383e+00 
 1.69812567e-01  1.33041383e+00 
 1.69852567e-01  1.33041383e+00 
 1.69892567e-01  1.33041383e+00 
 1.69932567e-01  1.33041383e+00 
 1.69972567e-01  1.33041383e+00 
 1.69999999e-01  1.33041383e+00 
 1.69999999e-01  1.33041383e+00 
 1.69999999e-01  1.33041383e+00 
 1.70000000e-01  1.33041383e+00 
 1.70000000e-01  1.33041362e+00 
 1.70000000e-01  1.33041350e+00 
 1.70000000e-01  1.33041328e+00 
 1.70000000e-01  1.33041282e+00 
 1.70000001e-01  1.33041190e+00 
 1.70000002e-01  1.33041007e+00 
 1.70000004e-01  1.33040640e+00 
 1.70000008e-01  1.33039908e+00 
 1.70000016e-01  1.33038443e+00 
 1.70000033e-01  1.33035515e+00 
 1.70000065e-01  1.33029668e+00 
 1.70000131e-01  1.33018011e+00 
 1.70000262e-01  1.32994838e+00 
 1.70000524e-01  1.32949059e+00 
 1.70001049e-01  1.32859713e+00 
 1.70002097e-01  1.32689526e+00 
 1.70004194e-01  1.32380555e+00 
 1.70008389e-01  1.31870026e+00 
 1.70016777e-01  1.31167075e+00 
 1.70033554e-01  1.30486525e+00 
 1.70058834e-01  1.30214003e+00 
 1.70092567e-01  1.30176823e+00 
 1.70132567e-01  1.30177884e+00 
 1.70172567e-01  1.30177766e+00 
 1.70212567e-01  1.30177779e+00 
 1.70252567e-01  1.30177777e+00 
 1.70292567e-01  1.30177778e+00 
 1.70332567e-01  1.30177778e+00 
 1.70372567e-01  1.30177778e+00 
 1.70399999e-01  1.30177778e+00 
 1.70399999e-01  1.30177778e+00 
 1.70399999e-01  1.30177778e+00 
 1.70400000e-01  1.30177778e+00 
 1.70400000e-01  1.30177778e+00 
 1.70400000e-01  1.30177778e+00 
 1.70400000e-01  1.30177778e+00 
 1.70400000e-01  1.30177778e+00 
 1.70400001e-01  1.30177778e+00 
 1.70400002e-01  1.30177778e+00 
 1.70400004e-01  1.30177778e+00 
 1.70400008e-01  1.30177778e+00 
 1.70400016e-01  1.30177778e+00 
 1.70400033e-01  1.30177778e+00 
 1.70400065e-01  1.30177778e+00 
 1.70400131e-01  1.30177778e+00 
 1.70400262e-01  1.30177778e+00 
 1.70400524e-01  1.30177778e+00 
 1.70401049e-01  1.30177778e+00 
 1.70402097e-01  1.30177778e+00 
 1.70404194e-01  1.30177778e+00 
 1.70408389e-01  1.30177778e+00 
 1.70416777e-01  1.30177778e+00 
 1.70433554e-01  1.30177778e+00 
 1.70464704e-01  1.30177778e+00 
 1.70500067e-01  1.30177778e+00 
 1.70540067e-01  1.30177778e+00 
 1.70580067e-01  1.30177778e+00 
 1.70620067e-01  1.30177778e+00 
 1.70660067e-01  1.30177778e+00 
 1.70700067e-01  1.30177778e+00 
 1.70740067e-01  1.30177778e+00 
 1.70780067e-01  1.30177778e+00 
 1.70799999e-01  1.30177778e+00 
 1.70799999e-01  1.30177778e+00 
 1.70799999e-01  1.30177778e+00 
 1.70800000e-01  1.30177778e+00 
 1.70800000e-01  1.30177756e+00 
 1.70800000e-01  1.30177745e+00 
 1.70800000e-01  1.30177722e+00 
 1.70800000e-01  1.30177676e+00 
 1.70800001e-01  1.30177585e+00 
 1.70800002e-01  1.30177402e+00 
 1.70800004e-01  1.30177036e+00 
 1.70800008e-01  1.30176305e+00 
 1.70800016e-01  1.30174844e+00 
 1.70800033e-01  1.30171923e+00 
 1.70800065e-01  1.30166090e+00 
 1.70800131e-01  1.30154460e+00 
 1.70800262e-01  1.30131342e+00 
 1.70800524e-01  1.30085671e+00 
 1.70801049e-01  1.29996536e+00 
 1.70802097e-01  1.29826751e+00 
 1.70804194e-01  1.29518510e+00 
 1.70808389e-01  1.29009186e+00 
 1.70816777e-01  1.28307894e+00 
 1.70833554e-01  1.27628951e+00 
 1.70864704e-01  1.27325078e+00 
 1.70900067e-01  1.27320725e+00 
 1.70940067e-01  1.27320955e+00 
 1.70980067e-01  1.27320930e+00 
 1.71020067e-01  1.27320933e+00 
 1.71060067e-01  1.27320932e+00 
 1.71100067e-01  1.27320932e+00 
 1.71140067e-01  1.27320932e+00 
 1.71180067e-01  1.27320932e+00 
 1.71199999e-01  1.27320932e+00 
 1.71199999e-01  1.27320932e+00 
 1.71199999e-01  1.27320932e+00 
 1.71200000e-01  1.27320932e+00 
 1.71200000e-01  1.27320932e+00 
 1.71200000e-01  1.27320932e+00 
 1.71200000e-01  1.27320932e+00 
 1.71200000e-01  1.27320932e+00 
 1.71200001e-01  1.27320932e+00 
 1.71200002e-01  1.27320932e+00 
 1.71200004e-01  1.27320932e+00 
 1.71200008e-01  1.27320932e+00 
 1.71200016e-01  1.27320932e+00 
 1.71200033e-01  1.27320932e+00 
 1.71200065e-01  1.27320932e+00 
 1.71200131e-01  1.27320932e+00 
 1.71200262e-01  1.27320932e+00 
 1.71200524e-01  1.27320932e+00 
 1.71201049e-01  1.27320932e+00 
 1.71202097e-01  1.27320932e+00 
 1.71204194e-01  1.27320932e+00 
 1.71208389e-01  1.27320932e+00 
 1.71216777e-01  1.27320932e+00 
 1.71233554e-01  1.27320932e+00 
 1.71267109e-01  1.27320932e+00 
 1.71306863e-01  1.27320932e+00 
 1.71346863e-01  1.27320932e+00 
 1.71386863e-01  1.27320932e+00 
 1.71426863e-01  1.27320932e+00 
 1.71466863e-01  1.27320932e+00 
 1.71506863e-01  1.27320932e+00 
 1.71546863e-01  1.27320932e+00 
 1.71586863e-01  1.27320932e+00 
 1.71599999e-01  1.27320932e+00 
 1.71599999e-01  1.27320932e+00 
 1.71599999e-01  1.27320932e+00 
 1.71600000e-01  1.27320932e+00 
 1.71600000e-01  1.27320911e+00 
 1.71600000e-01  1.27320900e+00 
 1.71600000e-01  1.27320877e+00 
 1.71600000e-01  1.27320831e+00 
 1.71600001e-01  1.27320740e+00 
 1.71600002e-01  1.27320558e+00 
 1.71600004e-01  1.27320193e+00 
 1.71600008e-01  1.27319464e+00 
 1.71600016e-01  1.27318006e+00 
 1.71600033e-01  1.27315093e+00 
 1.71600065e-01  1.27309275e+00 
 1.71600131e-01  1.27297674e+00 
 1.71600262e-01  1.27274616e+00 
 1.71600524e-01  1.27229060e+00 
 1.71601049e-01  1.27140153e+00 
 1.71602097e-01  1.26970801e+00 
 1.71604194e-01  1.26663344e+00 
 1.71608389e-01  1.26155318e+00 
 1.71616777e-01  1.25455813e+00 
 1.71633554e-01  1.24778600e+00 
 1.71667109e-01  1.24464081e+00 
 1.71706863e-01  1.24472153e+00 
 1.71746863e-01  1.24471278e+00 
 1.71786863e-01  1.24471376e+00 
 1.71826863e-01  1.24471365e+00 
 1.71866863e-01  1.24471366e+00 
 1.71906863e-01  1.24471366e+00 
 1.71946863e-01  1.24471366e+00 
 1.71986863e-01  1.24471366e+00 
 1.71999999e-01  1.24471366e+00 
 1.71999999e-01  1.24471366e+00 
 1.71999999e-01  1.24471366e+00 
 1.72000000e-01  1.24471366e+00 
 1.72000000e-01  1.24471366e+00 
 1.72000000e-01  1.24471366e+00 
 1.72000000e-01  1.24471366e+00 
 1.72000000e-01  1.24471366e+00 
 1.72000001e-01  1.24471366e+00 
 1.72000002e-01  1.24471366e+00 
 1.72000004e-01  1.24471366e+00 
 1.72000008e-01  1.24471366e+00 
 1.72000016e-01  1.24471366e+00 
 1.72000033e-01  1.24471366e+00 
 1.72000065e-01  1.24471366e+00 
 1.72000131e-01  1.24471366e+00 
 1.72000262e-01  1.24471366e+00 
 1.72000524e-01  1.24471366e+00 
 1.72001049e-01  1.24471366e+00 
 1.72002097e-01  1.24471366e+00 
 1.72004194e-01  1.24471366e+00 
 1.72008389e-01  1.24471366e+00 
 1.72016777e-01  1.24471366e+00 
 1.72033554e-01  1.24471366e+00 
 1.72067109e-01  1.24471366e+00 
 1.72107109e-01  1.24471366e+00 
 1.72147109e-01  1.24471366e+00 
 1.72187109e-01  1.24471366e+00 
 1.72227109e-01  1.24471366e+00 
 1.72267109e-01  1.24471366e+00 
 1.72307109e-01  1.24471366e+00 
 1.72347109e-01  1.24471366e+00 
 1.72387109e-01  1.24471366e+00 
 1.72399999e-01  1.24471366e+00 
 1.72399999e-01  1.24471366e+00 
 1.72399999e-01  1.24471366e+00 
 1.72400000e-01  1.24471366e+00 
 1.72400000e-01  1.24471345e+00 
 1.72400000e-01  1.24471333e+00 
 1.72400000e-01  1.24471310e+00 
 1.72400000e-01  1.24471265e+00 
 1.72400001e-01  1.24471174e+00 
 1.72400002e-01  1.24470992e+00 
 1.72400004e-01  1.24470629e+00 
 1.72400008e-01  1.24469901e+00 
 1.72400016e-01  1.24468448e+00 
 1.72400033e-01  1.24465542e+00 
 1.72400065e-01  1.24459741e+00 
 1.72400131e-01  1.24448173e+00 
 1.72400262e-01  1.24425179e+00 
 1.72400524e-01  1.24379751e+00 
 1.72401049e-01  1.24291092e+00 
 1.72402097e-01  1.24122213e+00 
 1.72404194e-01  1.23815616e+00 
 1.72408389e-01  1.23309010e+00 
 1.72416777e-01  1.22611461e+00 
 1.72433554e-01  1.21936141e+00 
 1.72467109e-01  1.21622501e+00 
 1.72507109e-01  1.21630573e+00 
 1.72547109e-01  1.21629676e+00 
 1.72587109e-01  1.21629775e+00 
 1.72627109e-01  1.21629764e+00 
 1.72667109e-01  1.21629766e+00 
 1.72707109e-01  1.21629765e+00 
 1.72747109e-01  1.21629765e+00 
 1.72787109e-01  1.21629765e+00 
 1.72799999e-01  1.21629765e+00 
 1.72799999e-01  1.21629765e+00 
 1.72799999e-01  1.21629765e+00 
 1.72800000e-01  1.21629765e+00 
 1.72800000e-01  1.21629765e+00 
 1.72800000e-01  1.21629765e+00 
 1.72800000e-01  1.21629765e+00 
 1.72800000e-01  1.21629765e+00 
 1.72800001e-01  1.21629765e+00 
 1.72800002e-01  1.21629765e+00 
 1.72800004e-01  1.21629765e+00 
 1.72800008e-01  1.21629765e+00 
 1.72800016e-01  1.21629765e+00 
 1.72800033e-01  1.21629765e+00 
 1.72800065e-01  1.21629765e+00 
 1.72800131e-01  1.21629765e+00 
 1.72800262e-01  1.21629765e+00 
 1.72800524e-01  1.21629765e+00 
 1.72801049e-01  1.21629765e+00 
 1.72802097e-01  1.21629765e+00 
 1.72804194e-01  1.21629765e+00 
 1.72808389e-01  1.21629765e+00 
 1.72816777e-01  1.21629765e+00 
 1.72833554e-01  1.21629765e+00 
 1.72867109e-01  1.21629765e+00 
 1.72907109e-01  1.21629765e+00 
 1.72947109e-01  1.21629765e+00 
 1.72987109e-01  1.21629765e+00 
 1.73027109e-01  1.21629765e+00 
 1.73067109e-01  1.21629765e+00 
 1.73107109e-01  1.21629765e+00 
 1.73147109e-01  1.21629765e+00 
 1.73187109e-01  1.21629765e+00 
 1.73199999e-01  1.21629765e+00 
 1.73199999e-01  1.21629765e+00 
 1.73199999e-01  1.21629765e+00 
 1.73200000e-01  1.21629765e+00 
 1.73200000e-01  1.21629744e+00 
 1.73200000e-01  1.21629733e+00 
 1.73200000e-01  1.21629710e+00 
 1.73200000e-01  1.21629665e+00 
 1.73200001e-01  1.21629574e+00 
 1.73200002e-01  1.21629393e+00 
 1.73200004e-01  1.21629030e+00 
 1.73200008e-01  1.21628305e+00 
 1.73200016e-01  1.21626856e+00 
 1.73200033e-01  1.21623960e+00 
 1.73200065e-01  1.21618176e+00 
 1.73200131e-01  1.21606644e+00 
 1.73200262e-01  1.21583721e+00 
 1.73200524e-01  1.21538434e+00 
 1.73201049e-01  1.21450050e+00 
 1.73202097e-01  1.21281696e+00 
 1.73204194e-01  1.20976050e+00 
 1.73208389e-01  1.20471016e+00 
 1.73216777e-01  1.19775630e+00 
 1.73233554e-01  1.19102405e+00 
 1.73267109e-01  1.18789738e+00 
 1.73307109e-01  1.18797785e+00 
 1.73347109e-01  1.18796891e+00 
 1.73387109e-01  1.18796991e+00 
 1.73427109e-01  1.18796980e+00 
 1.73467109e-01  1.18796981e+00 
 1.73507109e-01  1.18796981e+00 
 1.73547109e-01  1.18796981e+00 
 1.73587109e-01  1.18796981e+00 
 1.73599999e-01  1.18796981e+00 
 1.73599999e-01  1.18796981e+00 
 1.73599999e-01  1.18796981e+00 
 1.73600000e-01  1.18796981e+00 
 1.73600000e-01  1.18796981e+00 
 1.73600000e-01  1.18796981e+00 
 1.73600000e-01  1.18796981e+00 
 1.73600000e-01  1.18796981e+00 
 1.73600001e-01  1.18796981e+00 
 1.73600002e-01  1.18796981e+00 
 1.73600004e-01  1.18796981e+00 
 1.73600008e-01  1.18796981e+00 
 1.73600016e-01  1.18796981e+00 
 1.73600033e-01  1.18796981e+00 
 1.73600065e-01  1.18796981e+00 
 1.73600131e-01  1.18796981e+00 
 1.73600262e-01  1.18796981e+00 
 1.73600524e-01  1.18796981e+00 
 1.73601049e-01  1.18796981e+00 
 1.73602097e-01  1.18796981e+00 
 1.73604194e-01  1.18796981e+00 
 1.73608389e-01  1.18796981e+00 
 1.73616777e-01  1.18796981e+00 
 1.73633554e-01  1.18796981e+00 
 1.73667109e-01  1.18796981e+00 
 1.73707109e-01  1.18796981e+00 
 1.73747109e-01  1.18796981e+00 
 1.73787109e-01  1.18796981e+00 
 1.73827109e-01  1.18796981e+00 
 1.73867109e-01  1.18796981e+00 
 1.73907109e-01  1.18796981e+00 
 1.73947109e-01  1.18796981e+00 
 1.73987109e-01  1.18796981e+00 
 1.73999999e-01  1.18796981e+00 
 1.73999999e-01  1.18796981e+00 
 1.73999999e-01  1.18796981e+00 
 1.74000000e-01  1.18796981e+00 
 1.74000000e-01  1.18796960e+00 
 1.74000000e-01  1.18796948e+00 
 1.74000000e-01  1.18796926e+00 
 1.74000000e-01  1.18796880e+00 
 1.74000001e-01  1.18796790e+00 
 1.74000002e-01  1.18796609e+00 
 1.74000004e-01  1.18796248e+00 
 1.74000008e-01  1.18795526e+00 
 1.74000016e-01  1.18794082e+00 
 1.74000033e-01  1.18791195e+00 
 1.74000065e-01  1.18785432e+00 
 1.74000131e-01  1.18773940e+00 
 1.74000262e-01  1.18751096e+00 
 1.74000524e-01  1.18705966e+00 
 1.74001049e-01  1.18617889e+00 
 1.74002097e-01  1.18450117e+00 
 1.74004194e-01  1.18145531e+00 
 1.74008389e-01  1.17642248e+00 
 1.74016777e-01  1.16949273e+00 
 1.74033554e-01  1.16278382e+00 
 1.74067109e-01  1.15966799e+00 
 1.74107109e-01  1.15974818e+00 
 1.74147109e-01  1.15973927e+00 
 1.74187109e-01  1.15974026e+00 
 1.74227109e-01  1.15974015e+00 
 1.74267109e-01  1.15974017e+00 
 1.74307109e-01  1.15974017e+00 
 1.74347109e-01  1.15974017e+00 
 1.74387109e-01  1.15974017e+00 
 1.74399999e-01  1.15974017e+00 
 1.74399999e-01  1.15974017e+00 
 1.74399999e-01  1.15974017e+00 
 1.74400000e-01  1.15974017e+00 
 1.74400000e-01  1.15974017e+00 
 1.74400000e-01  1.15974017e+00 
 1.74400000e-01  1.15974017e+00 
 1.74400000e-01  1.15974017e+00 
 1.74400001e-01  1.15974017e+00 
 1.74400002e-01  1.15974017e+00 
 1.74400004e-01  1.15974017e+00 
 1.74400008e-01  1.15974017e+00 
 1.74400016e-01  1.15974017e+00 
 1.74400033e-01  1.15974017e+00 
 1.74400065e-01  1.15974017e+00 
 1.74400131e-01  1.15974017e+00 
 1.74400262e-01  1.15974017e+00 
 1.74400524e-01  1.15974017e+00 
 1.74401049e-01  1.15974017e+00 
 1.74402097e-01  1.15974017e+00 
 1.74404194e-01  1.15974017e+00 
 1.74408389e-01  1.15974017e+00 
 1.74416777e-01  1.15974017e+00 
 1.74433554e-01  1.15974017e+00 
 1.74467109e-01  1.15974017e+00 
 1.74507109e-01  1.15974017e+00 
 1.74547109e-01  1.15974017e+00 
 1.74587109e-01  1.15974017e+00 
 1.74627109e-01  1.15974017e+00 
 1.74667109e-01  1.15974017e+00 
 1.74707109e-01  1.15974017e+00 
 1.74747109e-01  1.15974017e+00 
 1.74787109e-01  1.15974017e+00 
 1.74799999e-01  1.15974017e+00 
 1.74799999e-01  1.15974017e+00 
 1.74799999e-01  1.15974017e+00 
 1.74800000e-01  1.15974017e+00 
 1.74800000e-01  1.15973995e+00 
 1.74800000e-01  1.15973984e+00 
 1.74800000e-01  1.15973962e+00 
 1.74800000e-01  1.15973917e+00 
 1.74800001e-01  1.15973827e+00 
 1.74800002e-01  1.15973647e+00 
 1.74800004e-01  1.15973287e+00 
 1.74800008e-01  1.15972567e+00 
 1.74800016e-01  1.15971129e+00 
 1.74800033e-01  1.15968254e+00 
 1.74800065e-01  1.15962512e+00 
 1.74800131e-01  1.15951065e+00 
 1.74800262e-01  1.15928310e+00 
 1.74800524e-01  1.15883356e+00 
 1.74801049e-01  1.15795621e+00 
 1.74802097e-01  1.15628502e+00 
 1.74804194e-01  1.15325099e+00 
 1.74808389e-01  1.14823772e+00 
 1.74816777e-01  1.14133491e+00 
 1.74833554e-01  1.13465208e+00 
 1.74867109e-01  1.13154835e+00 
 1.74907109e-01  1.13162823e+00 
 1.74947109e-01  1.13161936e+00 
 1.74987109e-01  1.13162034e+00 
 1.75027109e-01  1.13162023e+00 
 1.75067109e-01  1.13162025e+00 
 1.75107109e-01  1.13162025e+00 
 1.75147109e-01  1.13162025e+00 
 1.75187109e-01  1.13162025e+00 
 1.75199999e-01  1.13162025e+00 
 1.75199999e-01  1.13162025e+00 
 1.75199999e-01  1.13162025e+00 
 1.75200000e-01  1.13162025e+00 
 1.75200000e-01  1.13162025e+00 
 1.75200000e-01  1.13162025e+00 
 1.75200000e-01  1.13162025e+00 
 1.75200000e-01  1.13162025e+00 
 1.75200001e-01  1.13162025e+00 
 1.75200002e-01  1.13162025e+00 
 1.75200004e-01  1.13162025e+00 
 1.75200008e-01  1.13162025e+00 
 1.75200016e-01  1.13162025e+00 
 1.75200033e-01  1.13162025e+00 
 1.75200065e-01  1.13162025e+00 
 1.75200131e-01  1.13162025e+00 
 1.75200262e-01  1.13162025e+00 
 1.75200524e-01  1.13162025e+00 
 1.75201049e-01  1.13162025e+00 
 1.75202097e-01  1.13162025e+00 
 1.75204194e-01  1.13162025e+00 
 1.75208389e-01  1.13162025e+00 
 1.75216777e-01  1.13162025e+00 
 1.75233554e-01  1.13162025e+00 
 1.75267109e-01  1.13162025e+00 
 1.75307109e-01  1.13162025e+00 
 1.75347109e-01  1.13162025e+00 
 1.75387109e-01  1.13162025e+00 
 1.75427109e-01  1.13162025e+00 
 1.75467109e-01  1.13162025e+00 
 1.75507109e-01  1.13162025e+00 
 1.75547109e-01  1.13162025e+00 
 1.75587109e-01  1.13162025e+00 
 1.75599999e-01  1.13162025e+00 
 1.75599999e-01  1.13162025e+00 
 1.75599999e-01  1.13162025e+00 
 1.75600000e-01  1.13162025e+00 
 1.75600000e-01  1.13162004e+00 
 1.75600000e-01  1.13161992e+00 
 1.75600000e-01  1.13161970e+00 
 1.75600000e-01  1.13161925e+00 
 1.75600001e-01  1.13161836e+00 
 1.75600002e-01  1.13161656e+00 
 1.75600004e-01  1.13161298e+00 
 1.75600008e-01  1.13160582e+00 
 1.75600016e-01  1.13159149e+00 
 1.75600033e-01  1.13156287e+00 
 1.75600065e-01  1.13150571e+00 
 1.75600131e-01  1.13139173e+00 
 1.75600262e-01  1.13116518e+00 
 1.75600524e-01  1.13071759e+00 
 1.75601049e-01  1.12984407e+00 
 1.75602097e-01  1.12818016e+00 
 1.75604194e-01  1.12515937e+00 
 1.75608389e-01  1.12016796e+00 
 1.75616777e-01  1.11329525e+00 
 1.75633554e-01  1.10664155e+00 
 1.75667109e-01  1.10355136e+00 
 1.75707109e-01  1.10363089e+00 
 1.75747109e-01  1.10362206e+00 
 1.75787109e-01  1.10362304e+00 
 1.75827109e-01  1.10362293e+00 
 1.75867109e-01  1.10362294e+00 
 1.75907109e-01  1.10362294e+00 
 1.75947109e-01  1.10362294e+00 
 1.75987109e-01  1.10362294e+00 
 1.75999999e-01  1.10362294e+00 
 1.75999999e-01  1.10362294e+00 
 1.75999999e-01  1.10362294e+00 
 1.76000000e-01  1.10362294e+00 
 1.76000000e-01  1.10362294e+00 
 1.76000000e-01  1.10362294e+00 
 1.76000000e-01  1.10362294e+00 
 1.76000000e-01  1.10362294e+00 
 1.76000001e-01  1.10362294e+00 
 1.76000002e-01  1.10362294e+00 
 1.76000004e-01  1.10362294e+00 
 1.76000008e-01  1.10362294e+00 
 1.76000016e-01  1.10362294e+00 
 1.76000033e-01  1.10362294e+00 
 1.76000065e-01  1.10362294e+00 
 1.76000131e-01  1.10362294e+00 
 1.76000262e-01  1.10362294e+00 
 1.76000524e-01  1.10362294e+00 
 1.76001049e-01  1.10362294e+00 
 1.76002097e-01  1.10362294e+00 
 1.76004194e-01  1.10362294e+00 
 1.76008389e-01  1.10362294e+00 
 1.76016777e-01  1.10362294e+00 
 1.76033554e-01  1.10362294e+00 
 1.76067109e-01  1.10362294e+00 
 1.76107109e-01  1.10362294e+00 
 1.76147109e-01  1.10362294e+00 
 1.76187109e-01  1.10362294e+00 
 1.76227109e-01  1.10362294e+00 
 1.76267109e-01  1.10362294e+00 
 1.76307109e-01  1.10362294e+00 
 1.76347109e-01  1.10362294e+00 
 1.76387109e-01  1.10362294e+00 
 1.76399999e-01  1.10362294e+00 
 1.76399999e-01  1.10362294e+00 
 1.76399999e-01  1.10362294e+00 
 1.76400000e-01  1.10362294e+00 
 1.76400000e-01  1.10362273e+00 
 1.76400000e-01  1.10362262e+00 
 1.76400000e-01  1.10362240e+00 
 1.76400000e-01  1.10362195e+00 
 1.76400001e-01  1.10362106e+00 
 1.76400002e-01  1.10361928e+00 
 1.76400004e-01  1.10361571e+00 
 1.76400008e-01  1.10360858e+00 
 1.76400016e-01  1.10359433e+00 
 1.76400033e-01  1.10356584e+00 
 1.76400065e-01  1.10350896e+00 
 1.76400131e-01  1.10339554e+00 
 1.76400262e-01  1.10317010e+00 
 1.76400524e-01  1.10272470e+00 
 1.76401049e-01  1.10185544e+00 
 1.76402097e-01  1.10019967e+00 
 1.76404194e-01  1.09719363e+00 
 1.76408389e-01  1.09222661e+00 
 1.76416777e-01  1.08538748e+00 
 1.76433554e-01  1.07876629e+00 
 1.76467109e-01  1.07569120e+00 
 1.76507109e-01  1.07577034e+00 
 1.76547109e-01  1.07576155e+00 
 1.76587109e-01  1.07576253e+00 
 1.76627109e-01  1.07576242e+00 
 1.76667109e-01  1.07576243e+00 
 1.76707109e-01  1.07576243e+00 
 1.76747109e-01  1.07576243e+00 
 1.76787109e-01  1.07576243e+00 
 1.76799999e-01  1.07576243e+00 
 1.76799999e-01  1.07576243e+00 
 1.76799999e-01  1.07576243e+00 
 1.76800000e-01  1.07576243e+00 
 1.76800000e-01  1.07576243e+00 
 1.76800000e-01  1.07576243e+00 
 1.76800000e-01  1.07576243e+00 
 1.76800000e-01  1.07576243e+00 
 1.76800001e-01  1.07576243e+00 
 1.76800002e-01  1.07576243e+00 
 1.76800004e-01  1.07576243e+00 
 1.76800008e-01  1.07576243e+00 
 1.76800016e-01  1.07576243e+00 
 1.76800033e-01  1.07576243e+00 
 1.76800065e-01  1.07576243e+00 
 1.76800131e-01  1.07576243e+00 
 1.76800262e-01  1.07576243e+00 
 1.76800524e-01  1.07576243e+00 
 1.76801049e-01  1.07576243e+00 
 1.76802097e-01  1.07576243e+00 
 1.76804194e-01  1.07576243e+00 
 1.76808389e-01  1.07576243e+00 
 1.76816777e-01  1.07576243e+00 
 1.76833554e-01  1.07576243e+00 
 1.76867109e-01  1.07576243e+00 
 1.76907109e-01  1.07576243e+00 
 1.76947109e-01  1.07576243e+00 
 1.76987109e-01  1.07576243e+00 
 1.77027109e-01  1.07576243e+00 
 1.77067109e-01  1.07576243e+00 
 1.77107109e-01  1.07576243e+00 
 1.77147109e-01  1.07576243e+00 
 1.77187109e-01  1.07576243e+00 
 1.77199999e-01  1.07576243e+00 
 1.77199999e-01  1.07576243e+00 
 1.77199999e-01  1.07576243e+00 
 1.77200000e-01  1.07576243e+00 
 1.77200000e-01  1.07576222e+00 
 1.77200000e-01  1.07576211e+00 
 1.77200000e-01  1.07576189e+00 
 1.77200000e-01  1.07576145e+00 
 1.77200001e-01  1.07576056e+00 
 1.77200002e-01  1.07575879e+00 
 1.77200004e-01  1.07575524e+00 
 1.77200008e-01  1.07574815e+00 
 1.77200016e-01  1.07573397e+00 
 1.77200033e-01  1.07570564e+00 
 1.77200065e-01  1.07564907e+00 
 1.77200131e-01  1.07553627e+00 
 1.77200262e-01  1.07531206e+00 
 1.77200524e-01  1.07486909e+00 
 1.77201049e-01  1.07400458e+00 
 1.77202097e-01  1.07235785e+00 
 1.77204194e-01  1.06936823e+00 
 1.77208389e-01  1.06442833e+00 
 1.77216777e-01  1.05762654e+00 
 1.77233554e-01  1.05104152e+00 
 1.77267109e-01  1.04798322e+00 
 1.77307109e-01  1.04806193e+00 
 1.77347109e-01  1.04805318e+00 
 1.77387109e-01  1.04805416e+00 
 1.77427109e-01  1.04805405e+00 
 1.77467109e-01  1.04805406e+00 
 1.77507109e-01  1.04805406e+00 
 1.77547109e-01  1.04805406e+00 
 1.77587109e-01  1.04805406e+00 
 1.77599999e-01  1.04805406e+00 
 1.77599999e-01  1.04805406e+00 
 1.77599999e-01  1.04805406e+00 
 1.77600000e-01  1.04805406e+00 
 1.77600000e-01  1.04805406e+00 
 1.77600000e-01  1.04805406e+00 
 1.77600000e-01  1.04805406e+00 
 1.77600000e-01  1.04805406e+00 
 1.77600001e-01  1.04805406e+00 
 1.77600002e-01  1.04805406e+00 
 1.77600004e-01  1.04805406e+00 
 1.77600008e-01  1.04805406e+00 
 1.77600016e-01  1.04805406e+00 
 1.77600033e-01  1.04805406e+00 
 1.77600065e-01  1.04805406e+00 
 1.77600131e-01  1.04805406e+00 
 1.77600262e-01  1.04805406e+00 
 1.77600524e-01  1.04805406e+00 
 1.77601049e-01  1.04805406e+00 
 1.77602097e-01  1.04805406e+00 
 1.77604194e-01  1.04805406e+00 
 1.77608389e-01  1.04805406e+00 
 1.77616777e-01  1.04805406e+00 
 1.77633554e-01  1.04805406e+00 
 1.77667109e-01  1.04805406e+00 
 1.77707109e-01  1.04805406e+00 
 1.77747109e-01  1.04805406e+00 
 1.77787109e-01  1.04805406e+00 
 1.77827109e-01  1.04805406e+00 
 1.77867109e-01  1.04805406e+00 
 1.77907109e-01  1.04805406e+00 
 1.77947109e-01  1.04805406e+00 
 1.77987109e-01  1.04805406e+00 
 1.77999999e-01  1.04805406e+00 
 1.77999999e-01  1.04805406e+00 
 1.77999999e-01  1.04805406e+00 
 1.78000000e-01  1.04805406e+00 
 1.78000000e-01  1.04805385e+00 
 1.78000000e-01  1.04805374e+00 
 1.78000000e-01  1.04805352e+00 
 1.78000000e-01  1.04805308e+00 
 1.78000001e-01  1.04805220e+00 
 1.78000002e-01  1.04805044e+00 
 1.78000004e-01  1.04804691e+00 
 1.78000008e-01  1.04803987e+00 
 1.78000016e-01  1.04802578e+00 
 1.78000033e-01  1.04799762e+00 
 1.78000065e-01  1.04794139e+00 
 1.78000131e-01  1.04782928e+00 
 1.78000262e-01  1.04760643e+00 
 1.78000524e-01  1.04716615e+00 
 1.78001049e-01  1.04630690e+00 
 1.78002097e-01  1.04467019e+00 
 1.78004194e-01  1.04169875e+00 
 1.78008389e-01  1.03678891e+00 
 1.78016777e-01  1.03002850e+00 
 1.78033554e-01  1.02348353e+00 
 1.78067109e-01  1.02044383e+00 
 1.78107109e-01  1.02052206e+00 
 1.78147109e-01  1.02051337e+00 
 1.78187109e-01  1.02051434e+00 
 1.78227109e-01  1.02051423e+00 
 1.78267109e-01  1.02051424e+00 
 1.78307109e-01  1.02051424e+00 
 1.78347109e-01  1.02051424e+00 
 1.78387109e-01  1.02051424e+00 
 1.78399999e-01  1.02051424e+00 
 1.78399999e-01  1.02051424e+00 
 1.78399999e-01  1.02051424e+00 
 1.78400000e-01  1.02051424e+00 
 1.78400000e-01  1.02051424e+00 
 1.78400000e-01  1.02051424e+00 
 1.78400000e-01  1.02051424e+00 
 1.78400000e-01  1.02051424e+00 
 1.78400001e-01  1.02051424e+00 
 1.78400002e-01  1.02051424e+00 
 1.78400004e-01  1.02051424e+00 
 1.78400008e-01  1.02051424e+00 
 1.78400016e-01  1.02051424e+00 
 1.78400033e-01  1.02051424e+00 
 1.78400065e-01  1.02051424e+00 
 1.78400131e-01  1.02051424e+00 
 1.78400262e-01  1.02051424e+00 
 1.78400524e-01  1.02051424e+00 
 1.78401049e-01  1.02051424e+00 
 1.78402097e-01  1.02051424e+00 
 1.78404194e-01  1.02051424e+00 
 1.78408389e-01  1.02051424e+00 
 1.78416777e-01  1.02051424e+00 
 1.78433554e-01  1.02051424e+00 
 1.78467109e-01  1.02051424e+00 
 1.78507109e-01  1.02051424e+00 
 1.78547109e-01  1.02051424e+00 
 1.78587109e-01  1.02051424e+00 
 1.78627109e-01  1.02051424e+00 
 1.78667109e-01  1.02051424e+00 
 1.78707109e-01  1.02051424e+00 
 1.78747109e-01  1.02051424e+00 
 1.78787109e-01  1.02051424e+00 
 1.78799999e-01  1.02051424e+00 
 1.78799999e-01  1.02051424e+00 
 1.78799999e-01  1.02051424e+00 
 1.78800000e-01  1.02051424e+00 
 1.78800000e-01  1.02051404e+00 
 1.78800000e-01  1.02051393e+00 
 1.78800000e-01  1.02051371e+00 
 1.78800000e-01  1.02051327e+00 
 1.78800001e-01  1.02051239e+00 
 1.78800002e-01  1.02051064e+00 
 1.78800004e-01  1.02050714e+00 
 1.78800008e-01  1.02050014e+00 
 1.78800016e-01  1.02048615e+00 
 1.78800033e-01  1.02045818e+00 
 1.78800065e-01  1.02040233e+00 
 1.78800131e-01  1.02029098e+00 
 1.78800262e-01  1.02006963e+00 
 1.78800524e-01  1.01963233e+00 
 1.78801049e-01  1.01877888e+00 
 1.78802097e-01  1.01715321e+00 
 1.78804194e-01  1.01420184e+00 
 1.78808389e-01  1.00932513e+00 
 1.78816777e-01  1.00261035e+00 
 1.78833554e-01  9.96109566e-01 
 1.78867109e-01  9.93090393e-01 
 1.78907109e-01  9.93168096e-01 
 1.78947109e-01  9.93159462e-01 
 1.78987109e-01  9.93160421e-01 
 1.79027109e-01  9.93160315e-01 
 1.79067109e-01  9.93160326e-01 
 1.79107109e-01  9.93160325e-01 
 1.79147109e-01  9.93160325e-01 
 1.79187109e-01  9.93160325e-01 
 1.79199999e-01  9.93160325e-01 
 1.79199999e-01  9.93160325e-01 
 1.79199999e-01  9.93160325e-01 
 1.79200000e-01  9.93160325e-01 
 1.79200000e-01  9.93160325e-01 
 1.79200000e-01  9.93160325e-01 
 1.79200000e-01  9.93160325e-01 
 1.79200000e-01  9.93160325e-01 
 1.79200001e-01  9.93160325e-01 
 1.79200002e-01  9.93160325e-01 
 1.79200004e-01  9.93160325e-01 
 1.79200008e-01  9.93160325e-01 
 1.79200016e-01  9.93160325e-01 
 1.79200033e-01  9.93160325e-01 
 1.79200065e-01  9.93160325e-01 
 1.79200131e-01  9.93160325e-01 
 1.79200262e-01  9.93160325e-01 
 1.79200524e-01  9.93160325e-01 
 1.79201049e-01  9.93160325e-01 
 1.79202097e-01  9.93160325e-01 
 1.79204194e-01  9.93160325e-01 
 1.79208389e-01  9.93160325e-01 
 1.79216777e-01  9.93160325e-01 
 1.79233554e-01  9.93160325e-01 
 1.79267109e-01  9.93160325e-01 
 1.79307109e-01  9.93160325e-01 
 1.79347109e-01  9.93160325e-01 
 1.79387109e-01  9.93160325e-01 
 1.79427109e-01  9.93160325e-01 
 1.79467109e-01  9.93160325e-01 
 1.79507109e-01  9.93160325e-01 
 1.79547109e-01  9.93160325e-01 
 1.79587109e-01  9.93160325e-01 
 1.79599999e-01  9.93160325e-01 
 1.79599999e-01  9.93160325e-01 
 1.79599999e-01  9.93160325e-01 
 1.79600000e-01  9.93160325e-01 
 1.79600000e-01  9.93160122e-01 
 1.79600000e-01  9.93160013e-01 
 1.79600000e-01  9.93159796e-01 
 1.79600000e-01  9.93159361e-01 
 1.79600001e-01  9.93158493e-01 
 1.79600002e-01  9.93156755e-01 
 1.79600004e-01  9.93153281e-01 
 1.79600008e-01  9.93146333e-01 
 1.79600016e-01  9.93132443e-01 
 1.79600033e-01  9.93104684e-01 
 1.79600065e-01  9.93049252e-01 
 1.79600131e-01  9.92938728e-01 
 1.79600262e-01  9.92719031e-01 
 1.79600524e-01  9.92284994e-01 
 1.79601049e-01  9.91437909e-01 
 1.79602097e-01  9.89824368e-01 
 1.79604194e-01  9.86895011e-01 
 1.79608389e-01  9.82054684e-01 
 1.79616777e-01  9.75390000e-01 
 1.79633554e-01  9.68937706e-01 
 1.79667109e-01  9.65941056e-01 
 1.79707109e-01  9.66018179e-01 
 1.79747109e-01  9.66009610e-01 
 1.79787109e-01  9.66010562e-01 
 1.79827109e-01  9.66010456e-01 
 1.79867109e-01  9.66010468e-01 
 1.79907109e-01  9.66010467e-01 
 1.79947109e-01  9.66010467e-01 
 1.79987109e-01  9.66010467e-01 
 1.79999999e-01  9.66010467e-01 
 1.79999999e-01  9.66010467e-01 
 1.79999999e-01  9.66010467e-01 
 1.80000000e-01  9.66010467e-01 
 1.80000000e-01  9.66010467e-01 
 1.80000000e-01  9.66010467e-01 
 1.80000000e-01  9.66010467e-01 
 1.80000000e-01  9.66010467e-01 
 1.80000001e-01  9.66010467e-01 
 1.80000002e-01  9.66010467e-01 
 1.80000004e-01  9.66010467e-01 
 1.80000008e-01  9.66010467e-01 
 1.80000016e-01  9.66010467e-01 
 1.80000033e-01  9.66010467e-01 
 1.80000065e-01  9.66010467e-01 
 1.80000131e-01  9.66010467e-01 
 1.80000262e-01  9.66010467e-01 
 1.80000524e-01  9.66010467e-01 
 1.80001049e-01  9.66010467e-01 
 1.80002097e-01  9.66010467e-01 
 1.80004194e-01  9.66010467e-01 
 1.80008389e-01  9.66010467e-01 
 1.80016777e-01  9.66010467e-01 
 1.80033554e-01  9.66010467e-01 
 1.80067109e-01  9.66010467e-01 
 1.80107109e-01  9.66010467e-01 
 1.80147109e-01  9.66010467e-01 
 1.80187109e-01  9.66010467e-01 
 1.80227109e-01  9.66010467e-01 
 1.80267109e-01  9.66010467e-01 
 1.80307109e-01  9.66010467e-01 
 1.80347109e-01  9.66010467e-01 
 1.80387109e-01  9.66010467e-01 
 1.80399999e-01  9.66010467e-01 
 1.80399999e-01  9.66010467e-01 
 1.80399999e-01  9.66010467e-01 
 1.80400000e-01  9.66010467e-01 
 1.80400000e-01  9.66010265e-01 
 1.80400000e-01  9.66010157e-01 
 1.80400000e-01  9.66009942e-01 
 1.80400000e-01  9.66009511e-01 
 1.80400001e-01  9.66008649e-01 
 1.80400002e-01  9.66006926e-01 
 1.80400004e-01  9.66003480e-01 
 1.80400008e-01  9.65996590e-01 
 1.80400016e-01  9.65982814e-01 
 1.80400033e-01  9.65955283e-01 
 1.80400065e-01  9.65900306e-01 
 1.80400131e-01  9.65790689e-01 
 1.80400262e-01  9.65572796e-01 
 1.80400524e-01  9.65142321e-01 
 1.80401049e-01  9.64302190e-01 
 1.80402097e-01  9.62701896e-01 
 1.80404194e-01  9.59796587e-01 
 1.80408389e-01  9.54995996e-01 
 1.80416777e-01  9.48386025e-01 
 1.80433554e-01  9.41986700e-01 
 1.80467109e-01  9.39014650e-01 
 1.80507109e-01  9.39091140e-01 
 1.80547109e-01  9.39082641e-01 
 1.80587109e-01  9.39083585e-01 
 1.80627109e-01  9.39083480e-01 
 1.80667109e-01  9.39083492e-01 
 1.80707109e-01  9.39083491e-01 
 1.80747109e-01  9.39083491e-01 
 1.80787109e-01  9.39083491e-01 
 1.80799999e-01  9.39083491e-01 
 1.80799999e-01  9.39083491e-01 
 1.80799999e-01  9.39083491e-01 
 1.80800000e-01  9.39083491e-01 
 1.80800000e-01  9.39083491e-01 
 1.80800000e-01  9.39083491e-01 
 1.80800000e-01  9.39083491e-01 
 1.80800000e-01  9.39083491e-01 
 1.80800001e-01  9.39083491e-01 
 1.80800002e-01  9.39083491e-01 
 1.80800004e-01  9.39083491e-01 
 1.80800008e-01  9.39083491e-01 
 1.80800016e-01  9.39083491e-01 
 1.80800033e-01  9.39083491e-01 
 1.80800065e-01  9.39083491e-01 
 1.80800131e-01  9.39083491e-01 
 1.80800262e-01  9.39083491e-01 
 1.80800524e-01  9.39083491e-01 
 1.80801049e-01  9.39083491e-01 
 1.80802097e-01  9.39083491e-01 
 1.80804194e-01  9.39083491e-01 
 1.80808389e-01  9.39083491e-01 
 1.80816777e-01  9.39083491e-01 
 1.80833554e-01  9.39083491e-01 
 1.80867109e-01  9.39083491e-01 
 1.80907109e-01  9.39083491e-01 
 1.80947109e-01  9.39083491e-01 
 1.80987109e-01  9.39083491e-01 
 1.81027109e-01  9.39083491e-01 
 1.81067109e-01  9.39083491e-01 
 1.81107109e-01  9.39083491e-01 
 1.81147109e-01  9.39083491e-01 
 1.81187109e-01  9.39083491e-01 
 1.81199999e-01  9.39083491e-01 
 1.81199999e-01  9.39083491e-01 
 1.81199999e-01  9.39083491e-01 
 1.81200000e-01  9.39083491e-01 
 1.81200000e-01  9.39083291e-01 
 1.81200000e-01  9.39083184e-01 
 1.81200000e-01  9.39082970e-01 
 1.81200000e-01  9.39082543e-01 
 1.81200001e-01  9.39081690e-01 
 1.81200002e-01  9.39079982e-01 
 1.81200004e-01  9.39076567e-01 
 1.81200008e-01  9.39069738e-01 
 1.81200016e-01  9.39056086e-01 
 1.81200033e-01  9.39028803e-01 
 1.81200065e-01  9.38974321e-01 
 1.81200131e-01  9.38865690e-01 
 1.81200262e-01  9.38649757e-01 
 1.81200524e-01  9.38223155e-01 
 1.81201049e-01  9.37390582e-01 
 1.81202097e-01  9.35804684e-01 
 1.81204194e-01  9.32925510e-01 
 1.81208389e-01  9.28168105e-01 
 1.81216777e-01  9.21617597e-01 
 1.81233554e-01  9.15275840e-01 
 1.81267109e-01  9.12330525e-01 
 1.81307109e-01  9.12406327e-01 
 1.81347109e-01  9.12397905e-01 
 1.81387109e-01  9.12398840e-01 
 1.81427109e-01  9.12398736e-01 
 1.81467109e-01  9.12398748e-01 
 1.81507109e-01  9.12398747e-01 
 1.81547109e-01  9.12398747e-01 
 1.81587109e-01  9.12398747e-01 
 1.81599999e-01  9.12398747e-01 
 1.81599999e-01  9.12398747e-01 
 1.81599999e-01  9.12398747e-01 
 1.81600000e-01  9.12398747e-01 
 1.81600000e-01  9.12398747e-01 
 1.81600000e-01  9.12398747e-01 
 1.81600000e-01  9.12398747e-01 
 1.81600000e-01  9.12398747e-01 
 1.81600001e-01  9.12398747e-01 
 1.81600002e-01  9.12398747e-01 
 1.81600004e-01  9.12398747e-01 
 1.81600008e-01  9.12398747e-01 
 1.81600016e-01  9.12398747e-01 
 1.81600033e-01  9.12398747e-01 
 1.81600065e-01  9.12398747e-01 
 1.81600131e-01  9.12398747e-01 
 1.81600262e-01  9.12398747e-01 
 1.81600524e-01  9.12398747e-01 
 1.81601049e-01  9.12398747e-01 
 1.81602097e-01  9.12398747e-01 
 1.81604194e-01  9.12398747e-01 
 1.81608389e-01  9.12398747e-01 
 1.81616777e-01  9.12398747e-01 
 1.81633554e-01  9.12398747e-01 
 1.81667109e-01  9.12398747e-01 
 1.81707109e-01  9.12398747e-01 
 1.81747109e-01  9.12398747e-01 
 1.81787109e-01  9.12398747e-01 
 1.81827109e-01  9.12398747e-01 
 1.81867109e-01  9.12398747e-01 
 1.81907109e-01  9.12398747e-01 
 1.81947109e-01  9.12398747e-01 
 1.81987109e-01  9.12398747e-01 
 1.81999999e-01  9.12398747e-01 
 1.81999999e-01  9.12398747e-01 
 1.81999999e-01  9.12398747e-01 
 1.82000000e-01  9.12398747e-01 
 1.82000000e-01  9.12398549e-01 
 1.82000000e-01  9.12398443e-01 
 1.82000000e-01  9.12398232e-01 
 1.82000000e-01  9.12397809e-01 
 1.82000001e-01  9.12396963e-01 
 1.82000002e-01  9.12395273e-01 
 1.82000004e-01  9.12391891e-01 
 1.82000008e-01  9.12385129e-01 
 1.82000016e-01  9.12371611e-01 
 1.82000033e-01  9.12344596e-01 
 1.82000065e-01  9.12290648e-01 
 1.82000131e-01  9.12183084e-01 
 1.82000262e-01  9.11969271e-01 
 1.82000524e-01  9.11546857e-01 
 1.82001049e-01  9.10722457e-01 
 1.82002097e-01  9.09152127e-01 
 1.82004194e-01  9.06301218e-01 
 1.82008389e-01  9.01590516e-01 
 1.82016777e-01  8.95104312e-01 
 1.82033554e-01  8.88824811e-01 
 1.82067109e-01  8.85908410e-01 
 1.82107109e-01  8.85983468e-01 
 1.82147109e-01  8.85975128e-01 
 1.82187109e-01  8.85976055e-01 
 1.82227109e-01  8.85975952e-01 
 1.82267109e-01  8.85975963e-01 
 1.82307109e-01  8.85975962e-01 
 1.82347109e-01  8.85975962e-01 
 1.82387109e-01  8.85975962e-01 
 1.82399999e-01  8.85975962e-01 
 1.82399999e-01  8.85975962e-01 
 1.82399999e-01  8.85975962e-01 
 1.82400000e-01  8.85975962e-01 
 1.82400000e-01  8.85975962e-01 
 1.82400000e-01  8.85975962e-01 
 1.82400000e-01  8.85975962e-01 
 1.82400000e-01  8.85975962e-01 
 1.82400001e-01  8.85975962e-01 
 1.82400002e-01  8.85975962e-01 
 1.82400004e-01  8.85975962e-01 
 1.82400008e-01  8.85975962e-01 
 1.82400016e-01  8.85975962e-01 
 1.82400033e-01  8.85975962e-01 
 1.82400065e-01  8.85975962e-01 
 1.82400131e-01  8.85975962e-01 
 1.82400262e-01  8.85975962e-01 
 1.82400524e-01  8.85975962e-01 
 1.82401049e-01  8.85975962e-01 
 1.82402097e-01  8.85975962e-01 
 1.82404194e-01  8.85975962e-01 
 1.82408389e-01  8.85975962e-01 
 1.82416777e-01  8.85975962e-01 
 1.82433554e-01  8.85975962e-01 
 1.82467109e-01  8.85975962e-01 
 1.82507109e-01  8.85975962e-01 
 1.82547109e-01  8.85975962e-01 
 1.82587109e-01  8.85975962e-01 
 1.82627109e-01  8.85975962e-01 
 1.82667109e-01  8.85975962e-01 
 1.82707109e-01  8.85975962e-01 
 1.82747109e-01  8.85975962e-01 
 1.82787109e-01  8.85975962e-01 
 1.82799999e-01  8.85975962e-01 
 1.82799999e-01  8.85975962e-01 
 1.82799999e-01  8.85975962e-01 
 1.82800000e-01  8.85975962e-01 
 1.82800000e-01  8.85975766e-01 
 1.82800000e-01  8.85975661e-01 
 1.82800000e-01  8.85975452e-01 
 1.82800000e-01  8.85975034e-01 
 1.82800001e-01  8.85974197e-01 
 1.82800002e-01  8.85972525e-01 
 1.82800004e-01  8.85969179e-01 
 1.82800008e-01  8.85962490e-01 
 1.82800016e-01  8.85949116e-01 
 1.82800033e-01  8.85922389e-01 
 1.82800065e-01  8.85869017e-01 
 1.82800131e-01  8.85762600e-01 
 1.82800262e-01  8.85551068e-01 
 1.82800524e-01  8.85133161e-01 
 1.82801049e-01  8.84317556e-01 
 1.82802097e-01  8.82763981e-01 
 1.82804194e-01  8.79943489e-01 
 1.82808389e-01  8.75283045e-01 
 1.82816777e-01  8.68866044e-01 
 1.82833554e-01  8.62653540e-01 
 1.82867109e-01  8.59768256e-01 
 1.82907109e-01  8.59842513e-01 
 1.82947109e-01  8.59834262e-01 
 1.82987109e-01  8.59835179e-01 
 1.83027109e-01  8.59835077e-01 
 1.83067109e-01  8.59835088e-01 
 1.83107109e-01  8.59835087e-01 
 1.83147109e-01  8.59835087e-01 
 1.83187109e-01  8.59835087e-01 
 1.83199999e-01  8.59835087e-01 
 1.83199999e-01  8.59835087e-01 
 1.83199999e-01  8.59835087e-01 
 1.83200000e-01  8.59835087e-01 
 1.83200000e-01  8.59835087e-01 
 1.83200000e-01  8.59835087e-01 
 1.83200000e-01  8.59835087e-01 
 1.83200000e-01  8.59835087e-01 
 1.83200001e-01  8.59835087e-01 
 1.83200002e-01  8.59835087e-01 
 1.83200004e-01  8.59835087e-01 
 1.83200008e-01  8.59835087e-01 
 1.83200016e-01  8.59835087e-01 
 1.83200033e-01  8.59835087e-01 
 1.83200065e-01  8.59835087e-01 
 1.83200131e-01  8.59835087e-01 
 1.83200262e-01  8.59835087e-01 
 1.83200524e-01  8.59835087e-01 
 1.83201049e-01  8.59835087e-01 
 1.83202097e-01  8.59835087e-01 
 1.83204194e-01  8.59835087e-01 
 1.83208389e-01  8.59835087e-01 
 1.83216777e-01  8.59835087e-01 
 1.83233554e-01  8.59835087e-01 
 1.83267109e-01  8.59835087e-01 
 1.83307109e-01  8.59835087e-01 
 1.83347109e-01  8.59835087e-01 
 1.83387109e-01  8.59835087e-01 
 1.83427109e-01  8.59835087e-01 
 1.83467109e-01  8.59835087e-01 
 1.83507109e-01  8.59835087e-01 
 1.83547109e-01  8.59835087e-01 
 1.83587109e-01  8.59835087e-01 
 1.83599999e-01  8.59835087e-01 
 1.83599999e-01  8.59835087e-01 
 1.83599999e-01  8.59835087e-01 
 1.83600000e-01  8.59835087e-01 
 1.83600000e-01  8.59834893e-01 
 1.83600000e-01  8.59834790e-01 
 1.83600000e-01  8.59834583e-01 
 1.83600000e-01  8.59834170e-01 
 1.83600001e-01  8.59833343e-01 
 1.83600002e-01  8.59831689e-01 
 1.83600004e-01  8.59828383e-01 
 1.83600008e-01  8.59821770e-01 
 1.83600016e-01  8.59808551e-01 
 1.83600033e-01  8.59782133e-01 
 1.83600065e-01  8.59729377e-01 
 1.83600131e-01  8.59624189e-01 
 1.83600262e-01  8.59415101e-01 
 1.83600524e-01  8.59002020e-01 
 1.83601049e-01  8.58195836e-01 
 1.83602097e-01  8.56660205e-01 
 1.83604194e-01  8.53872289e-01 
 1.83608389e-01  8.49265675e-01 
 1.83616777e-01  8.42922791e-01 
 1.83633554e-01  8.36782043e-01 
 1.83667109e-01  8.33930084e-01 
 1.83707109e-01  8.34003484e-01 
 1.83747109e-01  8.33995328e-01 
 1.83787109e-01  8.33996235e-01 
 1.83827109e-01  8.33996134e-01 
 1.83867109e-01  8.33996145e-01 
 1.83907109e-01  8.33996144e-01 
 1.83947109e-01  8.33996144e-01 
 1.83987109e-01  8.33996144e-01 
 1.83999999e-01  8.33996144e-01 
 1.83999999e-01  8.33996144e-01 
 1.83999999e-01  8.33996144e-01 
 1.84000000e-01  8.33996144e-01 
 1.84000000e-01  8.33996144e-01 
 1.84000000e-01  8.33996144e-01 
 1.84000000e-01  8.33996144e-01 
 1.84000000e-01  8.33996144e-01 
 1.84000001e-01  8.33996144e-01 
 1.84000002e-01  8.33996144e-01 
 1.84000004e-01  8.33996144e-01 
 1.84000008e-01  8.33996144e-01 
 1.84000016e-01  8.33996144e-01 
 1.84000033e-01  8.33996144e-01 
 1.84000065e-01  8.33996144e-01 
 1.84000131e-01  8.33996144e-01 
 1.84000262e-01  8.33996144e-01 
 1.84000524e-01  8.33996144e-01 
 1.84001049e-01  8.33996144e-01 
 1.84002097e-01  8.33996144e-01 
 1.84004194e-01  8.33996144e-01 
 1.84008389e-01  8.33996144e-01 
 1.84016777e-01  8.33996144e-01 
 1.84033554e-01  8.33996144e-01 
 1.84067109e-01  8.33996144e-01 
 1.84107109e-01  8.33996144e-01 
 1.84147109e-01  8.33996144e-01 
 1.84187109e-01  8.33996144e-01 
 1.84227109e-01  8.33996144e-01 
 1.84267109e-01  8.33996144e-01 
 1.84307109e-01  8.33996144e-01 
 1.84347109e-01  8.33996144e-01 
 1.84387109e-01  8.33996144e-01 
 1.84399999e-01  8.33996144e-01 
 1.84399999e-01  8.33996144e-01 
 1.84399999e-01  8.33996144e-01 
 1.84400000e-01  8.33996144e-01 
 1.84400000e-01  8.33995953e-01 
 1.84400000e-01  8.33995850e-01 
 1.84400000e-01  8.33995646e-01 
 1.84400000e-01  8.33995238e-01 
 1.84400001e-01  8.33994422e-01 
 1.84400002e-01  8.33992789e-01 
 1.84400004e-01  8.33989523e-01 
 1.84400008e-01  8.33982993e-01 
 1.84400016e-01  8.33969939e-01 
 1.84400033e-01  8.33943849e-01 
 1.84400065e-01  8.33891751e-01 
 1.84400131e-01  8.33787873e-01 
 1.84400262e-01  8.33581389e-01 
 1.84400524e-01  8.33173455e-01 
 1.84401049e-01  8.32377313e-01 
 1.84402097e-01  8.30860810e-01 
 1.84404194e-01  8.28107624e-01 
 1.84408389e-01  8.23558393e-01 
 1.84416777e-01  8.17294521e-01 
 1.84433554e-01  8.11230267e-01 
 1.84467109e-01  8.08413834e-01 
 1.84507109e-01  8.08486319e-01 
 1.84547109e-01  8.08478265e-01 
 1.84587109e-01  8.08479160e-01 
 1.84627109e-01  8.08479060e-01 
 1.84667109e-01  8.08479071e-01 
 1.84707109e-01  8.08479070e-01 
 1.84747109e-01  8.08479070e-01 
 1.84787109e-01  8.08479070e-01 
 1.84799999e-01  8.08479070e-01 
 1.84799999e-01  8.08479070e-01 
 1.84799999e-01  8.08479070e-01 
 1.84800000e-01  8.08479070e-01 
 1.84800000e-01  8.08479070e-01 
 1.84800000e-01  8.08479070e-01 
 1.84800000e-01  8.08479070e-01 
 1.84800000e-01  8.08479070e-01 
 1.84800001e-01  8.08479070e-01 
 1.84800002e-01  8.08479070e-01 
 1.84800004e-01  8.08479070e-01 
 1.84800008e-01  8.08479070e-01 
 1.84800016e-01  8.08479070e-01 
 1.84800033e-01  8.08479070e-01 
 1.84800065e-01  8.08479070e-01 
 1.84800131e-01  8.08479070e-01 
 1.84800262e-01  8.08479070e-01 
 1.84800524e-01  8.08479070e-01 
 1.84801049e-01  8.08479070e-01 
 1.84802097e-01  8.08479070e-01 
 1.84804194e-01  8.08479070e-01 
 1.84808389e-01  8.08479070e-01 
 1.84816777e-01  8.08479070e-01 
 1.84833554e-01  8.08479070e-01 
 1.84867109e-01  8.08479070e-01 
 1.84907109e-01  8.08479070e-01 
 1.84947109e-01  8.08479070e-01 
 1.84987109e-01  8.08479070e-01 
 1.85027109e-01  8.08479070e-01 
 1.85067109e-01  8.08479070e-01 
 1.85107109e-01  8.08479070e-01 
 1.85147109e-01  8.08479070e-01 
 1.85187109e-01  8.08479070e-01 
 1.85199999e-01  8.08479070e-01 
 1.85199999e-01  8.08479070e-01 
 1.85199999e-01  8.08479070e-01 
 1.85200000e-01  8.08479070e-01 
 1.85200000e-01  8.08478881e-01 
 1.85200000e-01  8.08478781e-01 
 1.85200000e-01  8.08478579e-01 
 1.85200000e-01  8.08478176e-01 
 1.85200001e-01  8.08477371e-01 
 1.85200002e-01  8.08475760e-01 
 1.85200004e-01  8.08472538e-01 
 1.85200008e-01  8.08466096e-01 
 1.85200016e-01  8.08453216e-01 
 1.85200033e-01  8.08427476e-01 
 1.85200065e-01  8.08376074e-01 
 1.85200131e-01  8.08273587e-01 
 1.85200262e-01  8.08069867e-01 
 1.85200524e-01  8.07667393e-01 
 1.85201049e-01  8.06881909e-01 
 1.85202097e-01  8.05385706e-01 
 1.85204194e-01  8.02669374e-01 
 1.85208389e-01  7.98181039e-01 
 1.85216777e-01  7.92001015e-01 
 1.85233554e-01  7.86017936e-01 
 1.85267109e-01  7.83239203e-01 
 1.85307109e-01  7.83310718e-01 
 1.85347109e-01  7.83302772e-01 
 1.85387109e-01  7.83303655e-01 
 1.85427109e-01  7.83303557e-01 
 1.85467109e-01  7.83303568e-01 
 1.85507109e-01  7.83303566e-01 
 1.85547109e-01  7.83303567e-01 
 1.85587109e-01  7.83303567e-01 
 1.85599999e-01  7.83303567e-01 
 1.85599999e-01  7.83303567e-01 
 1.85599999e-01  7.83303567e-01 
 1.85600000e-01  7.83303567e-01 
 1.85600000e-01  7.83303567e-01 
 1.85600000e-01  7.83303567e-01 
 1.85600000e-01  7.83303567e-01 
 1.85600000e-01  7.83303567e-01 
 1.85600001e-01  7.83303567e-01 
 1.85600002e-01  7.83303567e-01 
 1.85600004e-01  7.83303567e-01 
 1.85600008e-01  7.83303567e-01 
 1.85600016e-01  7.83303567e-01 
 1.85600033e-01  7.83303567e-01 
 1.85600065e-01  7.83303567e-01 
 1.85600131e-01  7.83303567e-01 
 1.85600262e-01  7.83303567e-01 
 1.85600524e-01  7.83303567e-01 
 1.85601049e-01  7.83303567e-01 
 1.85602097e-01  7.83303567e-01 
 1.85604194e-01  7.83303567e-01 
 1.85608389e-01  7.83303567e-01 
 1.85616777e-01  7.83303567e-01 
 1.85633554e-01  7.83303567e-01 
 1.85667109e-01  7.83303567e-01 
 1.85707109e-01  7.83303567e-01 
 1.85747109e-01  7.83303567e-01 
 1.85787109e-01  7.83303567e-01 
 1.85827109e-01  7.83303567e-01 
 1.85867109e-01  7.83303567e-01 
 1.85907109e-01  7.83303567e-01 
 1.85947109e-01  7.83303567e-01 
 1.85987109e-01  7.83303567e-01 
 1.85999999e-01  7.83303567e-01 
 1.85999999e-01  7.83303567e-01 
 1.85999999e-01  7.83303567e-01 
 1.86000000e-01  7.83303567e-01 
 1.86000000e-01  7.83303380e-01 
 1.86000000e-01  7.83303281e-01 
 1.86000000e-01  7.83303083e-01 
 1.86000000e-01  7.83302686e-01 
 1.86000001e-01  7.83301892e-01 
 1.86000002e-01  7.83300304e-01 
 1.86000004e-01  7.83297128e-01 
 1.86000008e-01  7.83290778e-01 
 1.86000016e-01  7.83278083e-01 
 1.86000033e-01  7.83252712e-01 
 1.86000065e-01  7.83202047e-01 
 1.86000131e-01  7.83101029e-01 
 1.86000262e-01  7.82900230e-01 
 1.86000524e-01  7.82503525e-01 
 1.86001049e-01  7.81729300e-01 
 1.86002097e-01  7.80254545e-01 
 1.86004194e-01  7.77577151e-01 
 1.86008389e-01  7.73153155e-01 
 1.86016777e-01  7.67061720e-01 
 1.86033554e-01  7.61164407e-01 
 1.86067109e-01  7.58425507e-01 
 1.86107109e-01  7.58495996e-01 
 1.86147109e-01  7.58488164e-01 
 1.86187109e-01  7.58489034e-01 
 1.86227109e-01  7.58488938e-01 
 1.86267109e-01  7.58488948e-01 
 1.86307109e-01  7.58488947e-01 
 1.86347109e-01  7.58488947e-01 
 1.86387109e-01  7.58488947e-01 
 1.86399999e-01  7.58488947e-01 
 1.86399999e-01  7.58488947e-01 
 1.86399999e-01  7.58488947e-01 
 1.86400000e-01  7.58488947e-01 
 1.86400000e-01  7.58488947e-01 
 1.86400000e-01  7.58488947e-01 
 1.86400000e-01  7.58488947e-01 
 1.86400000e-01  7.58488947e-01 
 1.86400001e-01  7.58488947e-01 
 1.86400002e-01  7.58488947e-01 
 1.86400004e-01  7.58488947e-01 
 1.86400008e-01  7.58488947e-01 
 1.86400016e-01  7.58488947e-01 
 1.86400033e-01  7.58488947e-01 
 1.86400065e-01  7.58488947e-01 
 1.86400131e-01  7.58488947e-01 
 1.86400262e-01  7.58488947e-01 
 1.86400524e-01  7.58488947e-01 
 1.86401049e-01  7.58488947e-01 
 1.86402097e-01  7.58488947e-01 
 1.86404194e-01  7.58488947e-01 
 1.86408389e-01  7.58488947e-01 
 1.86416777e-01  7.58488947e-01 
 1.86433554e-01  7.58488947e-01 
 1.86467109e-01  7.58488947e-01 
 1.86507109e-01  7.58488947e-01 
 1.86547109e-01  7.58488947e-01 
 1.86587109e-01  7.58488947e-01 
 1.86627109e-01  7.58488947e-01 
 1.86667109e-01  7.58488947e-01 
 1.86707109e-01  7.58488947e-01 
 1.86747109e-01  7.58488947e-01 
 1.86787109e-01  7.58488947e-01 
 1.86799999e-01  7.58488947e-01 
 1.86799999e-01  7.58488947e-01 
 1.86799999e-01  7.58488947e-01 
 1.86800000e-01  7.58488947e-01 
 1.86800000e-01  7.58488764e-01 
 1.86800000e-01  7.58488666e-01 
 1.86800000e-01  7.58488471e-01 
 1.86800000e-01  7.58488080e-01 
 1.86800001e-01  7.58487298e-01 
 1.86800002e-01  7.58485734e-01 
 1.86800004e-01  7.58482607e-01 
 1.86800008e-01  7.58476354e-01 
 1.86800016e-01  7.58463853e-01 
 1.86800033e-01  7.58438870e-01 
 1.86800065e-01  7.58388981e-01 
 1.86800131e-01  7.58289509e-01 
 1.86800262e-01  7.58091781e-01 
 1.86800524e-01  7.57701146e-01 
 1.86801049e-01  7.56938767e-01 
 1.86802097e-01  7.55486576e-01 
 1.86804194e-01  7.52850146e-01 
 1.86808389e-01  7.48493838e-01 
 1.86816777e-01  7.42495603e-01 
 1.86833554e-01  7.36688520e-01 
 1.86867109e-01  7.33991525e-01 
 1.86907109e-01  7.34060936e-01 
 1.86947109e-01  7.34053224e-01 
 1.86987109e-01  7.34054081e-01 
 1.87027109e-01  7.34053986e-01 
 1.87067109e-01  7.34053996e-01 
 1.87107109e-01  7.34053995e-01 
 1.87147109e-01  7.34053995e-01 
 1.87187109e-01  7.34053995e-01 
 1.87199999e-01  7.34053995e-01 
 1.87199999e-01  7.34053995e-01 
 1.87199999e-01  7.34053995e-01 
 1.87200000e-01  7.34053995e-01 
 1.87200000e-01  7.34053995e-01 
 1.87200000e-01  7.34053995e-01 
 1.87200000e-01  7.34053995e-01 
 1.87200000e-01  7.34053995e-01 
 1.87200001e-01  7.34053995e-01 
 1.87200002e-01  7.34053995e-01 
 1.87200004e-01  7.34053995e-01 
 1.87200008e-01  7.34053995e-01 
 1.87200016e-01  7.34053995e-01 
 1.87200033e-01  7.34053995e-01 
 1.87200065e-01  7.34053995e-01 
 1.87200131e-01  7.34053995e-01 
 1.87200262e-01  7.34053995e-01 
 1.87200524e-01  7.34053995e-01 
 1.87201049e-01  7.34053995e-01 
 1.87202097e-01  7.34053995e-01 
 1.87204194e-01  7.34053995e-01 
 1.87208389e-01  7.34053995e-01 
 1.87216777e-01  7.34053995e-01 
 1.87233554e-01  7.34053995e-01 
 1.87263486e-01  7.34053995e-01 
 1.87303486e-01  7.34053995e-01 
 1.87343486e-01  7.34053995e-01 
 1.87383486e-01  7.34053995e-01 
 1.87423486e-01  7.34053995e-01 
 1.87463486e-01  7.34053995e-01 
 1.87503486e-01  7.34053995e-01 
 1.87543486e-01  7.34053995e-01 
 1.87583486e-01  7.34053995e-01 
 1.87599999e-01  7.34053995e-01 
 1.87599999e-01  7.34053995e-01 
 1.87599999e-01  7.34053995e-01 
 1.87600000e-01  7.34053995e-01 
 1.87600000e-01  7.34053815e-01 
 1.87600000e-01  7.34053719e-01 
 1.87600000e-01  7.34053527e-01 
 1.87600000e-01  7.34053142e-01 
 1.87600001e-01  7.34052373e-01 
 1.87600002e-01  7.34050835e-01 
 1.87600004e-01  7.34047758e-01 
 1.87600008e-01  7.34041607e-01 
 1.87600016e-01  7.34029310e-01 
 1.87600033e-01  7.34004734e-01 
 1.87600065e-01  7.33955657e-01 
 1.87600131e-01  7.33857803e-01 
 1.87600262e-01  7.33663295e-01 
 1.87600524e-01  7.33279019e-01 
 1.87601049e-01  7.32529051e-01 
 1.87602097e-01  7.31100500e-01 
 1.87604194e-01  7.28506989e-01 
 1.87608389e-01  7.24221597e-01 
 1.87616777e-01  7.18321009e-01 
 1.87633554e-01  7.12608460e-01 
 1.87663486e-01  7.10103385e-01 
 1.87703486e-01  7.10007206e-01 
 1.87743486e-01  7.10017893e-01 
 1.87783486e-01  7.10016705e-01 
 1.87823486e-01  7.10016837e-01 
 1.87863486e-01  7.10016823e-01 
 1.87903486e-01  7.10016824e-01 
 1.87943486e-01  7.10016824e-01 
 1.87983486e-01  7.10016824e-01 
 1.87999999e-01  7.10016824e-01 
 1.87999999e-01  7.10016824e-01 
 1.87999999e-01  7.10016824e-01 
 1.88000000e-01  7.10016824e-01 
 1.88000000e-01  7.10016824e-01 
 1.88000000e-01  7.10016824e-01 
 1.88000000e-01  7.10016824e-01 
 1.88000000e-01  7.10016824e-01 
 1.88000001e-01  7.10016824e-01 
 1.88000002e-01  7.10016824e-01 
 1.88000004e-01  7.10016824e-01 
 1.88000008e-01  7.10016824e-01 
 1.88000016e-01  7.10016824e-01 
 1.88000033e-01  7.10016824e-01 
 1.88000065e-01  7.10016824e-01 
 1.88000131e-01  7.10016824e-01 
 1.88000262e-01  7.10016824e-01 
 1.88000524e-01  7.10016824e-01 
 1.88001049e-01  7.10016824e-01 
 1.88002097e-01  7.10016824e-01 
 1.88004194e-01  7.10016824e-01 
 1.88008389e-01  7.10016824e-01 
 1.88016777e-01  7.10016824e-01 
 1.88033554e-01  7.10016824e-01 
 1.88061864e-01  7.10016824e-01 
 1.88101864e-01  7.10016824e-01 
 1.88141864e-01  7.10016824e-01 
 1.88181864e-01  7.10016824e-01 
 1.88221864e-01  7.10016824e-01 
 1.88261864e-01  7.10016824e-01 
 1.88301864e-01  7.10016824e-01 
 1.88341864e-01  7.10016824e-01 
 1.88381864e-01  7.10016824e-01 
 1.88399999e-01  7.10016824e-01 
 1.88399999e-01  7.10016824e-01 
 1.88399999e-01  7.10016824e-01 
 1.88400000e-01  7.10016824e-01 
 1.88400000e-01  7.10016647e-01 
 1.88400000e-01  7.10016552e-01 
 1.88400000e-01  7.10016364e-01 
 1.88400000e-01  7.10015986e-01 
 1.88400001e-01  7.10015230e-01 
 1.88400002e-01  7.10013718e-01 
 1.88400004e-01  7.10010695e-01 
 1.88400008e-01  7.10004650e-01 
 1.88400016e-01  7.09992565e-01 
 1.88400033e-01  7.09968413e-01 
 1.88400065e-01  7.09920184e-01 
 1.88400131e-01  7.09824020e-01 
 1.88400262e-01  7.09632871e-01 
 1.88400524e-01  7.09255231e-01 
 1.88401049e-01  7.08518214e-01 
 1.88402097e-01  7.07114333e-01 
 1.88404194e-01  7.04565609e-01 
 1.88408389e-01  7.00354222e-01 
 1.88416777e-01  6.94555530e-01 
 1.88433554e-01  6.88941631e-01 
 1.88461864e-01  6.86550576e-01 
 1.88501864e-01  6.86377435e-01 
 1.88541864e-01  6.86396673e-01 
 1.88581864e-01  6.86394535e-01 
 1.88621864e-01  6.86394773e-01 
 1.88661864e-01  6.86394746e-01 
 1.88701864e-01  6.86394749e-01 
 1.88741864e-01  6.86394749e-01 
 1.88781864e-01  6.86394749e-01 
 1.88799999e-01  6.86394749e-01 
 1.88799999e-01  6.86394749e-01 
 1.88799999e-01  6.86394749e-01 
 1.88800000e-01  6.86394749e-01 
 1.88800000e-01  6.86394749e-01 
 1.88800000e-01  6.86394749e-01 
 1.88800000e-01  6.86394749e-01 
 1.88800000e-01  6.86394749e-01 
 1.88800001e-01  6.86394749e-01 
 1.88800002e-01  6.86394749e-01 
 1.88800004e-01  6.86394749e-01 
 1.88800008e-01  6.86394749e-01 
 1.88800016e-01  6.86394749e-01 
 1.88800033e-01  6.86394749e-01 
 1.88800065e-01  6.86394749e-01 
 1.88800131e-01  6.86394749e-01 
 1.88800262e-01  6.86394749e-01 
 1.88800524e-01  6.86394749e-01 
 1.88801049e-01  6.86394749e-01 
 1.88802097e-01  6.86394749e-01 
 1.88804194e-01  6.86394749e-01 
 1.88808389e-01  6.86394749e-01 
 1.88816777e-01  6.86394749e-01 
 1.88833554e-01  6.86394749e-01 
 1.88862088e-01  6.86394749e-01 
 1.88902088e-01  6.86394749e-01 
 1.88942088e-01  6.86394749e-01 
 1.88982088e-01  6.86394749e-01 
 1.89022088e-01  6.86394749e-01 
 1.89062088e-01  6.86394749e-01 
 1.89102088e-01  6.86394749e-01 
 1.89142088e-01  6.86394749e-01 
 1.89182088e-01  6.86394749e-01 
 1.89199999e-01  6.86394749e-01 
 1.89199999e-01  6.86394749e-01 
 1.89199999e-01  6.86394749e-01 
 1.89200000e-01  6.86394749e-01 
 1.89200000e-01  6.86394575e-01 
 1.89200000e-01  6.86394482e-01 
 1.89200000e-01  6.86394297e-01 
 1.89200000e-01  6.86393926e-01 
 1.89200001e-01  6.86393184e-01 
 1.89200002e-01  6.86391699e-01 
 1.89200004e-01  6.86388732e-01 
 1.89200008e-01  6.86382797e-01 
 1.89200016e-01  6.86370933e-01 
 1.89200033e-01  6.86347222e-01 
 1.89200065e-01  6.86299874e-01 
 1.89200131e-01  6.86205467e-01 
 1.89200262e-01  6.86017809e-01 
 1.89200524e-01  6.85647067e-01 
 1.89201049e-01  6.84923513e-01 
 1.89202097e-01  6.83545276e-01 
 1.89204194e-01  6.81043108e-01 
 1.89208389e-01  6.76908648e-01 
 1.89216777e-01  6.71215877e-01 
 1.89233554e-01  6.65704524e-01 
 1.89262088e-01  6.63347329e-01 
 1.89302088e-01  6.63188258e-01 
 1.89342088e-01  6.63205933e-01 
 1.89382088e-01  6.63203969e-01 
 1.89422088e-01  6.63204187e-01 
 1.89462088e-01  6.63204163e-01 
 1.89502088e-01  6.63204166e-01 
 1.89542088e-01  6.63204165e-01 
 1.89582088e-01  6.63204166e-01 
 1.89599999e-01  6.63204166e-01 
 1.89599999e-01  6.63204166e-01 
 1.89599999e-01  6.63204166e-01 
 1.89600000e-01  6.63204166e-01 
 1.89600000e-01  6.63204166e-01 
 1.89600000e-01  6.63204166e-01 
 1.89600000e-01  6.63204166e-01 
 1.89600000e-01  6.63204166e-01 
 1.89600001e-01  6.63204166e-01 
 1.89600002e-01  6.63204166e-01 
 1.89600004e-01  6.63204166e-01 
 1.89600008e-01  6.63204166e-01 
 1.89600016e-01  6.63204166e-01 
 1.89600033e-01  6.63204166e-01 
 1.89600065e-01  6.63204166e-01 
 1.89600131e-01  6.63204166e-01 
 1.89600262e-01  6.63204166e-01 
 1.89600524e-01  6.63204166e-01 
 1.89601049e-01  6.63204166e-01 
 1.89602097e-01  6.63204166e-01 
 1.89604194e-01  6.63204166e-01 
 1.89608389e-01  6.63204166e-01 
 1.89616777e-01  6.63204166e-01 
 1.89633554e-01  6.63204166e-01 
 1.89662328e-01  6.63204166e-01 
 1.89702328e-01  6.63204166e-01 
 1.89742328e-01  6.63204166e-01 
 1.89782328e-01  6.63204166e-01 
 1.89822328e-01  6.63204166e-01 
 1.89862328e-01  6.63204166e-01 
 1.89902328e-01  6.63204166e-01 
 1.89942328e-01  6.63204166e-01 
 1.89982328e-01  6.63204166e-01 
 1.89999999e-01  6.63204166e-01 
 1.89999999e-01  6.63204166e-01 
 1.89999999e-01  6.63204166e-01 
 1.90000000e-01  6.63204166e-01 
 1.90000000e-01  6.63203995e-01 
 1.90000000e-01  6.63203904e-01 
 1.90000000e-01  6.63203722e-01 
 1.90000000e-01  6.63203358e-01 
 1.90000001e-01  6.63202630e-01 
 1.90000002e-01  6.63201175e-01 
 1.90000004e-01  6.63198264e-01 
 1.90000008e-01  6.63192444e-01 
 1.90000016e-01  6.63180808e-01 
 1.90000033e-01  6.63157555e-01 
 1.90000065e-01  6.63111118e-01 
 1.90000131e-01  6.63018531e-01 
 1.90000262e-01  6.62834489e-01 
 1.90000524e-01  6.62470891e-01 
 1.90001049e-01  6.61761279e-01 
 1.90002097e-01  6.60409599e-01 
 1.90004194e-01  6.57955646e-01 
 1.90008389e-01  6.53900853e-01 
 1.90016777e-01  6.48317777e-01 
 1.90033554e-01  6.42912622e-01 
 1.90062328e-01  6.40590639e-01 
 1.90102328e-01  6.40445977e-01 
 1.90142328e-01  6.40462050e-01 
 1.90182328e-01  6.40460264e-01 
 1.90222328e-01  6.40460463e-01 
 1.90262328e-01  6.40460441e-01 
 1.90302328e-01  6.40460443e-01 
 1.90342328e-01  6.40460443e-01 
 1.90382328e-01  6.40460443e-01 
 1.90399999e-01  6.40460443e-01 
 1.90399999e-01  6.40460443e-01 
 1.90399999e-01  6.40460443e-01 
 1.90400000e-01  6.40460443e-01 
 1.90400000e-01  6.40460443e-01 
 1.90400000e-01  6.40460443e-01 
 1.90400000e-01  6.40460443e-01 
 1.90400000e-01  6.40460443e-01 
 1.90400001e-01  6.40460443e-01 
 1.90400002e-01  6.40460443e-01 
 1.90400004e-01  6.40460443e-01 
 1.90400008e-01  6.40460443e-01 
 1.90400016e-01  6.40460443e-01 
 1.90400033e-01  6.40460443e-01 
 1.90400065e-01  6.40460443e-01 
 1.90400131e-01  6.40460443e-01 
 1.90400262e-01  6.40460443e-01 
 1.90400524e-01  6.40460443e-01 
 1.90401049e-01  6.40460443e-01 
 1.90402097e-01  6.40460443e-01 
 1.90404194e-01  6.40460443e-01 
 1.90408389e-01  6.40460443e-01 
 1.90416777e-01  6.40460443e-01 
 1.90433554e-01  6.40460443e-01 
 1.90462583e-01  6.40460443e-01 
 1.90502583e-01  6.40460443e-01 
 1.90542583e-01  6.40460443e-01 
 1.90582583e-01  6.40460443e-01 
 1.90622583e-01  6.40460443e-01 
 1.90662583e-01  6.40460443e-01 
 1.90702583e-01  6.40460443e-01 
 1.90742583e-01  6.40460443e-01 
 1.90782583e-01  6.40460443e-01 
 1.90799999e-01  6.40460443e-01 
 1.90799999e-01  6.40460443e-01 
 1.90799999e-01  6.40460443e-01 
 1.90800000e-01  6.40460443e-01 
 1.90800000e-01  6.40460276e-01 
 1.90800000e-01  6.40460187e-01 
 1.90800000e-01  6.40460008e-01 
 1.90800000e-01  6.40459652e-01 
 1.90800001e-01  6.40458939e-01 
 1.90800002e-01  6.40457513e-01 
 1.90800004e-01  6.40454661e-01 
 1.90800008e-01  6.40448959e-01 
 1.90800016e-01  6.40437559e-01 
 1.90800033e-01  6.40414777e-01 
 1.90800065e-01  6.40369282e-01 
 1.90800131e-01  6.40278572e-01 
 1.90800262e-01  6.40098261e-01 
 1.90800524e-01  6.39742035e-01 
 1.90801049e-01  6.39046809e-01 
 1.90802097e-01  6.37722534e-01 
 1.90804194e-01  6.35318331e-01 
 1.90808389e-01  6.31345746e-01 
 1.90816777e-01  6.25875861e-01 
 1.90833554e-01  6.20580290e-01 
 1.90862583e-01  6.18294805e-01 
 1.90902583e-01  6.18164827e-01 
 1.90942583e-01  6.18179269e-01 
 1.90982583e-01  6.18177665e-01 
 1.91022583e-01  6.18177843e-01 
 1.91062583e-01  6.18177823e-01 
 1.91102583e-01  6.18177825e-01 
 1.91142583e-01  6.18177825e-01 
 1.91182583e-01  6.18177825e-01 
 1.91199999e-01  6.18177825e-01 
 1.91199999e-01  6.18177825e-01 
 1.91199999e-01  6.18177825e-01 
 1.91200000e-01  6.18177825e-01 
 1.91200000e-01  6.18177825e-01 
 1.91200000e-01  6.18177825e-01 
 1.91200000e-01  6.18177825e-01 
 1.91200000e-01  6.18177825e-01 
 1.91200001e-01  6.18177825e-01 
 1.91200002e-01  6.18177825e-01 
 1.91200004e-01  6.18177825e-01 
 1.91200008e-01  6.18177825e-01 
 1.91200016e-01  6.18177825e-01 
 1.91200033e-01  6.18177825e-01 
 1.91200065e-01  6.18177825e-01 
 1.91200131e-01  6.18177825e-01 
 1.91200262e-01  6.18177825e-01 
 1.91200524e-01  6.18177825e-01 
 1.91201049e-01  6.18177825e-01 
 1.91202097e-01  6.18177825e-01 
 1.91204194e-01  6.18177825e-01 
 1.91208389e-01  6.18177825e-01 
 1.91216777e-01  6.18177825e-01 
 1.91233554e-01  6.18177825e-01 
 1.91262854e-01  6.18177825e-01 
 1.91302854e-01  6.18177825e-01 
 1.91342854e-01  6.18177825e-01 
 1.91382854e-01  6.18177825e-01 
 1.91422854e-01  6.18177825e-01 
 1.91462854e-01  6.18177825e-01 
 1.91502854e-01  6.18177825e-01 
 1.91542854e-01  6.18177825e-01 
 1.91582854e-01  6.18177825e-01 
 1.91599999e-01  6.18177825e-01 
 1.91599999e-01  6.18177825e-01 
 1.91599999e-01  6.18177825e-01 
 1.91600000e-01  6.18177825e-01 
 1.91600000e-01  6.18177662e-01 
 1.91600000e-01  6.18177574e-01 
 1.91600000e-01  6.18177400e-01 
 1.91600000e-01  6.18177051e-01 
 1.91600001e-01  6.18176353e-01 
 1.91600002e-01  6.18174958e-01 
 1.91600004e-01  6.18172167e-01 
 1.91600008e-01  6.18166586e-01 
 1.91600016e-01  6.18155428e-01 
 1.91600033e-01  6.18133131e-01 
 1.91600065e-01  6.18088604e-01 
 1.91600131e-01  6.17999824e-01 
 1.91600262e-01  6.17823350e-01 
 1.91600524e-01  6.17474704e-01 
 1.91601049e-01  6.16794272e-01 
 1.91602097e-01  6.15498175e-01 
 1.91604194e-01  6.13145131e-01 
 1.91608389e-01  6.09257076e-01 
 1.91616777e-01  6.03903582e-01 
 1.91633554e-01  5.98720693e-01 
 1.91662854e-01  5.96472922e-01 
 1.91702854e-01  5.96357842e-01 
 1.91742854e-01  5.96370628e-01 
 1.91782854e-01  5.96369208e-01 
 1.91822854e-01  5.96369365e-01 
 1.91862854e-01  5.96369348e-01 
 1.91902854e-01  5.96369350e-01 
 1.91942854e-01  5.96369350e-01 
 1.91982854e-01  5.96369350e-01 
 1.91999999e-01  5.96369350e-01 
 1.91999999e-01  5.96369350e-01 
 1.91999999e-01  5.96369350e-01 
 1.92000000e-01  5.96369350e-01 
 1.92000000e-01  5.96369350e-01 
 1.92000000e-01  5.96369350e-01 
 1.92000000e-01  5.96369350e-01 
 1.92000000e-01  5.96369350e-01 
 1.92000001e-01  5.96369350e-01 
 1.92000002e-01  5.96369350e-01 
 1.92000004e-01  5.96369350e-01 
 1.92000008e-01  5.96369350e-01 
 1.92000016e-01  5.96369350e-01 
 1.92000033e-01  5.96369350e-01 
 1.92000065e-01  5.96369350e-01 
 1.92000131e-01  5.96369350e-01 
 1.92000262e-01  5.96369350e-01 
 1.92000524e-01  5.96369350e-01 
 1.92001049e-01  5.96369350e-01 
 1.92002097e-01  5.96369350e-01 
 1.92004194e-01  5.96369350e-01 
 1.92008389e-01  5.96369350e-01 
 1.92016777e-01  5.96369350e-01 
 1.92033554e-01  5.96369350e-01 
 1.92067109e-01  5.96369350e-01 
 1.92107109e-01  5.96369350e-01 
 1.92147109e-01  5.96369350e-01 
 1.92187109e-01  5.96369350e-01 
 1.92227109e-01  5.96369350e-01 
 1.92267109e-01  5.96369350e-01 
 1.92307109e-01  5.96369350e-01 
 1.92347109e-01  5.96369350e-01 
 1.92387109e-01  5.96369350e-01 
 1.92399999e-01  5.96369350e-01 
 1.92399999e-01  5.96369350e-01 
 1.92399999e-01  5.96369350e-01 
 1.92400000e-01  5.96369350e-01 
 1.92400000e-01  5.96369190e-01 
 1.92400000e-01  5.96369104e-01 
 1.92400000e-01  5.96368934e-01 
 1.92400000e-01  5.96368593e-01 
 1.92400001e-01  5.96367910e-01 
 1.92400002e-01  5.96366546e-01 
 1.92400004e-01  5.96363817e-01 
 1.92400008e-01  5.96358361e-01 
 1.92400016e-01  5.96347452e-01 
 1.92400033e-01  5.96325651e-01 
 1.92400065e-01  5.96282117e-01 
 1.92400131e-01  5.96195314e-01 
 1.92400262e-01  5.96022772e-01 
 1.92400524e-01  5.95681894e-01 
 1.92401049e-01  5.95016622e-01 
 1.92402097e-01  5.93749403e-01 
 1.92404194e-01  5.91448785e-01 
 1.92408389e-01  5.87647357e-01 
 1.92416777e-01  5.82413142e-01 
 1.92433554e-01  5.77345730e-01 
 1.92467109e-01  5.74992262e-01 
 1.92507109e-01  5.75052832e-01 
 1.92547109e-01  5.75046102e-01 
 1.92587109e-01  5.75046850e-01 
 1.92627109e-01  5.75046767e-01 
 1.92667109e-01  5.75046776e-01 
 1.92707109e-01  5.75046775e-01 
 1.92747109e-01  5.75046775e-01 
 1.92787109e-01  5.75046775e-01 
 1.92799999e-01  5.75046775e-01 
 1.92799999e-01  5.75046775e-01 
 1.92799999e-01  5.75046775e-01 
 1.92800000e-01  5.75046775e-01 
 1.92800000e-01  5.75046775e-01 
 1.92800000e-01  5.75046775e-01 
 1.92800000e-01  5.75046775e-01 
 1.92800000e-01  5.75046775e-01 
 1.92800001e-01  5.75046775e-01 
 1.92800002e-01  5.75046775e-01 
 1.92800004e-01  5.75046775e-01 
 1.92800008e-01  5.75046775e-01 
 1.92800016e-01  5.75046775e-01 
 1.92800033e-01  5.75046775e-01 
 1.92800065e-01  5.75046775e-01 
 1.92800131e-01  5.75046775e-01 
 1.92800262e-01  5.75046775e-01 
 1.92800524e-01  5.75046775e-01 
 1.92801049e-01  5.75046775e-01 
 1.92802097e-01  5.75046775e-01 
 1.92804194e-01  5.75046775e-01 
 1.92808389e-01  5.75046775e-01 
 1.92816777e-01  5.75046775e-01 
 1.92833554e-01  5.75046775e-01 
 1.92867109e-01  5.75046775e-01 
 1.92907109e-01  5.75046775e-01 
 1.92947109e-01  5.75046775e-01 
 1.92987109e-01  5.75046775e-01 
 1.93027109e-01  5.75046775e-01 
 1.93067109e-01  5.75046775e-01 
 1.93107109e-01  5.75046775e-01 
 1.93147109e-01  5.75046775e-01 
 1.93187109e-01  5.75046775e-01 
 1.93199999e-01  5.75046775e-01 
 1.93199999e-01  5.75046775e-01 
 1.93199999e-01  5.75046775e-01 
 1.93200000e-01  5.75046775e-01 
 1.93200000e-01  5.75046619e-01 
 1.93200000e-01  5.75046536e-01 
 1.93200000e-01  5.75046369e-01 
 1.93200000e-01  5.75046036e-01 
 1.93200001e-01  5.75045370e-01 
 1.93200002e-01  5.75044037e-01 
 1.93200004e-01  5.75041372e-01 
 1.93200008e-01  5.75036042e-01 
 1.93200016e-01  5.75025387e-01 
 1.93200033e-01  5.75004094e-01 
 1.93200065e-01  5.74961573e-01 
 1.93200131e-01  5.74876791e-01 
 1.93200262e-01  5.74708265e-01 
 1.93200524e-01  5.74375322e-01 
 1.93201049e-01  5.73725536e-01 
 1.93202097e-01  5.72487813e-01 
 1.93204194e-01  5.70240747e-01 
 1.93208389e-01  5.66527805e-01 
 1.93216777e-01  5.61415427e-01 
 1.93233554e-01  5.56465970e-01 
 1.93267109e-01  5.54167284e-01 
 1.93307109e-01  5.54226444e-01 
 1.93347109e-01  5.54219871e-01 
 1.93387109e-01  5.54220601e-01 
 1.93427109e-01  5.54220520e-01 
 1.93467109e-01  5.54220529e-01 
 1.93507109e-01  5.54220528e-01 
 1.93547109e-01  5.54220528e-01 
 1.93587109e-01  5.54220528e-01 
 1.93599999e-01  5.54220528e-01 
 1.93599999e-01  5.54220528e-01 
 1.93599999e-01  5.54220528e-01 
 1.93600000e-01  5.54220528e-01 
 1.93600000e-01  5.54220528e-01 
 1.93600000e-01  5.54220528e-01 
 1.93600000e-01  5.54220528e-01 
 1.93600000e-01  5.54220528e-01 
 1.93600001e-01  5.54220528e-01 
 1.93600002e-01  5.54220528e-01 
 1.93600004e-01  5.54220528e-01 
 1.93600008e-01  5.54220528e-01 
 1.93600016e-01  5.54220528e-01 
 1.93600033e-01  5.54220528e-01 
 1.93600065e-01  5.54220528e-01 
 1.93600131e-01  5.54220528e-01 
 1.93600262e-01  5.54220528e-01 
 1.93600524e-01  5.54220528e-01 
 1.93601049e-01  5.54220528e-01 
 1.93602097e-01  5.54220528e-01 
 1.93604194e-01  5.54220528e-01 
 1.93608389e-01  5.54220528e-01 
 1.93616777e-01  5.54220528e-01 
 1.93633554e-01  5.54220528e-01 
 1.93667109e-01  5.54220528e-01 
 1.93707109e-01  5.54220528e-01 
 1.93747109e-01  5.54220528e-01 
 1.93787109e-01  5.54220528e-01 
 1.93827109e-01  5.54220528e-01 
 1.93867109e-01  5.54220528e-01 
 1.93907109e-01  5.54220528e-01 
 1.93947109e-01  5.54220528e-01 
 1.93987109e-01  5.54220528e-01 
 1.93999999e-01  5.54220528e-01 
 1.93999999e-01  5.54220528e-01 
 1.93999999e-01  5.54220528e-01 
 1.94000000e-01  5.54220528e-01 
 1.94000000e-01  5.54220376e-01 
 1.94000000e-01  5.54220295e-01 
 1.94000000e-01  5.54220132e-01 
 1.94000000e-01  5.54219807e-01 
 1.94000001e-01  5.54219157e-01 
 1.94000002e-01  5.54217856e-01 
 1.94000004e-01  5.54215256e-01 
 1.94000008e-01  5.54210056e-01 
 1.94000016e-01  5.54199659e-01 
 1.94000033e-01  5.54178883e-01 
 1.94000065e-01  5.54137393e-01 
 1.94000131e-01  5.54054669e-01 
 1.94000262e-01  5.53890233e-01 
 1.94000524e-01  5.53565369e-01 
 1.94001049e-01  5.52931350e-01 
 1.94002097e-01  5.51723663e-01 
 1.94004194e-01  5.49531125e-01 
 1.94008389e-01  5.45908283e-01 
 1.94016777e-01  5.40919964e-01 
 1.94033554e-01  5.36090612e-01 
 1.94067109e-01  5.33847707e-01 
 1.94107109e-01  5.33905432e-01 
 1.94147109e-01  5.33899018e-01 
 1.94187109e-01  5.33899731e-01 
 1.94227109e-01  5.33899652e-01 
 1.94267109e-01  5.33899660e-01 
 1.94307109e-01  5.33899659e-01 
 1.94347109e-01  5.33899660e-01 
 1.94387109e-01  5.33899660e-01 
 1.94399999e-01  5.33899660e-01 
 1.94399999e-01  5.33899660e-01 
 1.94399999e-01  5.33899660e-01 
 1.94400000e-01  5.33899660e-01 
 1.94400000e-01  5.33899660e-01 
 1.94400000e-01  5.33899660e-01 
 1.94400000e-01  5.33899660e-01 
 1.94400000e-01  5.33899660e-01 
 1.94400001e-01  5.33899660e-01 
 1.94400002e-01  5.33899660e-01 
 1.94400004e-01  5.33899660e-01 
 1.94400008e-01  5.33899660e-01 
 1.94400016e-01  5.33899660e-01 
 1.94400033e-01  5.33899660e-01 
 1.94400065e-01  5.33899660e-01 
 1.94400131e-01  5.33899660e-01 
 1.94400262e-01  5.33899660e-01 
 1.94400524e-01  5.33899660e-01 
 1.94401049e-01  5.33899660e-01 
 1.94402097e-01  5.33899660e-01 
 1.94404194e-01  5.33899660e-01 
 1.94408389e-01  5.33899660e-01 
 1.94416777e-01  5.33899660e-01 
 1.94433554e-01  5.33899660e-01 
 1.94467109e-01  5.33899660e-01 
 1.94507109e-01  5.33899660e-01 
 1.94547109e-01  5.33899660e-01 
 1.94587109e-01  5.33899660e-01 
 1.94627109e-01  5.33899660e-01 
 1.94667109e-01  5.33899660e-01 
 1.94707109e-01  5.33899660e-01 
 1.94747109e-01  5.33899660e-01 
 1.94787109e-01  5.33899660e-01 
 1.94799999e-01  5.33899660e-01 
 1.94799999e-01  5.33899660e-01 
 1.94799999e-01  5.33899660e-01 
 1.94800000e-01  5.33899660e-01 
 1.94800000e-01  5.33899511e-01 
 1.94800000e-01  5.33899432e-01 
 1.94800000e-01  5.33899273e-01 
 1.94800000e-01  5.33898956e-01 
 1.94800001e-01  5.33898323e-01 
 1.94800002e-01  5.33897055e-01 
 1.94800004e-01  5.33894520e-01 
 1.94800008e-01  5.33889451e-01 
 1.94800016e-01  5.33879317e-01 
 1.94800033e-01  5.33859065e-01 
 1.94800065e-01  5.33818624e-01 
 1.94800131e-01  5.33737988e-01 
 1.94800262e-01  5.33577703e-01 
 1.94800524e-01  5.33261040e-01 
 1.94801049e-01  5.32643029e-01 
 1.94802097e-01  5.31465831e-01 
 1.94804194e-01  5.29328647e-01 
 1.94808389e-01  5.25797268e-01 
 1.94816777e-01  5.20934886e-01 
 1.94833554e-01  5.16227457e-01 
 1.94867109e-01  5.14041177e-01 
 1.94907109e-01  5.14097444e-01 
 1.94947109e-01  5.14091192e-01 
 1.94987109e-01  5.14091887e-01 
 1.95027109e-01  5.14091810e-01 
 1.95067109e-01  5.14091818e-01 
 1.95107109e-01  5.14091817e-01 
 1.95147109e-01  5.14091817e-01 
 1.95187109e-01  5.14091817e-01 
 1.95199999e-01  5.14091817e-01 
 1.95199999e-01  5.14091817e-01 
 1.95199999e-01  5.14091817e-01 
 1.95200000e-01  5.14091817e-01 
 1.95200000e-01  5.14091817e-01 
 1.95200000e-01  5.14091817e-01 
 1.95200000e-01  5.14091817e-01 
 1.95200000e-01  5.14091817e-01 
 1.95200001e-01  5.14091817e-01 
 1.95200002e-01  5.14091817e-01 
 1.95200004e-01  5.14091817e-01 
 1.95200008e-01  5.14091817e-01 
 1.95200016e-01  5.14091817e-01 
 1.95200033e-01  5.14091817e-01 
 1.95200065e-01  5.14091817e-01 
 1.95200131e-01  5.14091817e-01 
 1.95200262e-01  5.14091817e-01 
 1.95200524e-01  5.14091817e-01 
 1.95201049e-01  5.14091817e-01 
 1.95202097e-01  5.14091817e-01 
 1.95204194e-01  5.14091817e-01 
 1.95208389e-01  5.14091817e-01 
 1.95216777e-01  5.14091817e-01 
 1.95233554e-01  5.14091817e-01 
 1.95267109e-01  5.14091817e-01 
 1.95307109e-01  5.14091817e-01 
 1.95347109e-01  5.14091817e-01 
 1.95387109e-01  5.14091817e-01 
 1.95427109e-01  5.14091817e-01 
 1.95467109e-01  5.14091817e-01 
 1.95507109e-01  5.14091817e-01 
 1.95547109e-01  5.14091817e-01 
 1.95587109e-01  5.14091817e-01 
 1.95599999e-01  5.14091817e-01 
 1.95599999e-01  5.14091817e-01 
 1.95599999e-01  5.14091817e-01 
 1.95600000e-01  5.14091817e-01 
 1.95600000e-01  5.14091673e-01 
 1.95600000e-01  5.14091595e-01 
 1.95600000e-01  5.14091441e-01 
 1.95600000e-01  5.14091133e-01 
 1.95600001e-01  5.14090515e-01 
 1.95600002e-01  5.14089281e-01 
 1.95600004e-01  5.14086813e-01 
 1.95600008e-01  5.14081877e-01 
 1.95600016e-01  5.14072008e-01 
 1.95600033e-01  5.14052287e-01 
 1.95600065e-01  5.14012906e-01 
 1.95600131e-01  5.13934384e-01 
 1.95600262e-01  5.13778300e-01 
 1.95600524e-01  5.13469939e-01 
 1.95601049e-01  5.12868129e-01 
 1.95602097e-01  5.11721791e-01 
 1.95604194e-01  5.09640633e-01 
 1.95608389e-01  5.06201829e-01 
 1.95616777e-01  5.01466912e-01 
 1.95633554e-01  4.96882888e-01 
 1.95667109e-01  4.94753921e-01 
 1.95707109e-01  4.94808713e-01 
 1.95747109e-01  4.94802625e-01 
 1.95787109e-01  4.94803301e-01 
 1.95827109e-01  4.94803226e-01 
 1.95867109e-01  4.94803234e-01 
 1.95907109e-01  4.94803233e-01 
 1.95947109e-01  4.94803233e-01 
 1.95987109e-01  4.94803233e-01 
 1.95999999e-01  4.94803233e-01 
 1.95999999e-01  4.94803233e-01 
 1.95999999e-01  4.94803233e-01 
 1.96000000e-01  4.94803233e-01 
 1.96000000e-01  4.94803233e-01 
 1.96000000e-01  4.94803233e-01 
 1.96000000e-01  4.94803233e-01 
 1.96000000e-01  4.94803233e-01 
 1.96000001e-01  4.94803233e-01 
 1.96000002e-01  4.94803233e-01 
 1.96000004e-01  4.94803233e-01 
 1.96000008e-01  4.94803233e-01 
 1.96000016e-01  4.94803233e-01 
 1.96000033e-01  4.94803233e-01 
 1.96000065e-01  4.94803233e-01 
 1.96000131e-01  4.94803233e-01 
 1.96000262e-01  4.94803233e-01 
 1.96000524e-01  4.94803233e-01 
 1.96001049e-01  4.94803233e-01 
 1.96002097e-01  4.94803233e-01 
 1.96004194e-01  4.94803233e-01 
 1.96008389e-01  4.94803233e-01 
 1.96016777e-01  4.94803233e-01 
 1.96033554e-01  4.94803233e-01 
 1.96067109e-01  4.94803233e-01 
 1.96107109e-01  4.94803233e-01 
 1.96147109e-01  4.94803233e-01 
 1.96187109e-01  4.94803233e-01 
 1.96227109e-01  4.94803233e-01 
 1.96267109e-01  4.94803233e-01 
 1.96307109e-01  4.94803233e-01 
 1.96347109e-01  4.94803233e-01 
 1.96387109e-01  4.94803233e-01 
 1.96399999e-01  4.94803233e-01 
 1.96399999e-01  4.94803233e-01 
 1.96399999e-01  4.94803233e-01 
 1.96400000e-01  4.94803233e-01 
 1.96400000e-01  4.94803093e-01 
 1.96400000e-01  4.94803018e-01 
 1.96400000e-01  4.94802868e-01 
 1.96400000e-01  4.94802567e-01 
 1.96400001e-01  4.94801967e-01 
 1.96400002e-01  4.94800766e-01 
 1.96400004e-01  4.94798365e-01 
 1.96400008e-01  4.94793563e-01 
 1.96400016e-01  4.94783963e-01 
 1.96400033e-01  4.94764777e-01 
 1.96400065e-01  4.94726466e-01 
 1.96400131e-01  4.94650077e-01 
 1.96400262e-01  4.94498235e-01 
 1.96400524e-01  4.94198252e-01 
 1.96401049e-01  4.93612792e-01 
 1.96402097e-01  4.92497601e-01 
 1.96404194e-01  4.90472988e-01 
 1.96408389e-01  4.87127616e-01 
 1.96416777e-01  4.82521348e-01 
 1.96433554e-01  4.78061873e-01 
 1.96467109e-01  4.75990750e-01 
 1.96507109e-01  4.76044053e-01 
 1.96547109e-01  4.76038131e-01 
 1.96587109e-01  4.76038789e-01 
 1.96627109e-01  4.76038716e-01 
 1.96667109e-01  4.76038724e-01 
 1.96707109e-01  4.76038723e-01 
 1.96747109e-01  4.76038723e-01 
 1.96787109e-01  4.76038723e-01 
 1.96799999e-01  4.76038723e-01 
 1.96799999e-01  4.76038723e-01 
 1.96799999e-01  4.76038723e-01 
 1.96800000e-01  4.76038723e-01 
 1.96800000e-01  4.76038723e-01 
 1.96800000e-01  4.76038723e-01 
 1.96800000e-01  4.76038723e-01 
 1.96800000e-01  4.76038723e-01 
 1.96800001e-01  4.76038723e-01 
 1.96800002e-01  4.76038723e-01 
 1.96800004e-01  4.76038723e-01 
 1.96800008e-01  4.76038723e-01 
 1.96800016e-01  4.76038723e-01 
 1.96800033e-01  4.76038723e-01 
 1.96800065e-01  4.76038723e-01 
 1.96800131e-01  4.76038723e-01 
 1.96800262e-01  4.76038723e-01 
 1.96800524e-01  4.76038723e-01 
 1.96801049e-01  4.76038723e-01 
 1.96802097e-01  4.76038723e-01 
 1.96804194e-01  4.76038723e-01 
 1.96808389e-01  4.76038723e-01 
 1.96816777e-01  4.76038723e-01 
 1.96833554e-01  4.76038723e-01 
 1.96867109e-01  4.76038723e-01 
 1.96907109e-01  4.76038723e-01 
 1.96947109e-01  4.76038723e-01 
 1.96987109e-01  4.76038723e-01 
 1.97027109e-01  4.76038723e-01 
 1.97067109e-01  4.76038723e-01 
 1.97107109e-01  4.76038723e-01 
 1.97147109e-01  4.76038723e-01 
 1.97187109e-01  4.76038723e-01 
 1.97199999e-01  4.76038723e-01 
 1.97199999e-01  4.76038723e-01 
 1.97199999e-01  4.76038723e-01 
 1.97200000e-01  4.76038723e-01 
 1.97200000e-01  4.76038586e-01 
 1.97200000e-01  4.76038513e-01 
 1.97200000e-01  4.76038368e-01 
 1.97200000e-01  4.76038076e-01 
 1.97200001e-01  4.76037492e-01 
 1.97200002e-01  4.76036325e-01 
 1.97200004e-01  4.76033991e-01 
 1.97200008e-01  4.76029324e-01 
 1.97200016e-01  4.76019994e-01 
 1.97200033e-01  4.76001348e-01 
 1.97200065e-01  4.75964113e-01 
 1.97200131e-01  4.75889872e-01 
 1.97200262e-01  4.75742298e-01 
 1.97200524e-01  4.75450748e-01 
 1.97201049e-01  4.74881746e-01 
 1.97202097e-01  4.73797903e-01 
 1.97204194e-01  4.71830204e-01 
 1.97208389e-01  4.68578873e-01 
 1.97216777e-01  4.64102090e-01 
 1.97233554e-01  4.59767974e-01 
 1.97267109e-01  4.57755072e-01 
 1.97307109e-01  4.57806877e-01 
 1.97347109e-01  4.57801121e-01 
 1.97387109e-01  4.57801761e-01 
 1.97427109e-01  4.57801690e-01 
 1.97467109e-01  4.57801697e-01 
 1.97507109e-01  4.57801697e-01 
 1.97547109e-01  4.57801697e-01 
 1.97587109e-01  4.57801697e-01 
 1.97599999e-01  4.57801697e-01 
 1.97599999e-01  4.57801697e-01 
 1.97599999e-01  4.57801697e-01 
 1.97600000e-01  4.57801697e-01 
 1.97600000e-01  4.57801697e-01 
 1.97600000e-01  4.57801697e-01 
 1.97600000e-01  4.57801697e-01 
 1.97600000e-01  4.57801697e-01 
 1.97600001e-01  4.57801697e-01 
 1.97600002e-01  4.57801697e-01 
 1.97600004e-01  4.57801697e-01 
 1.97600008e-01  4.57801697e-01 
 1.97600016e-01  4.57801697e-01 
 1.97600033e-01  4.57801697e-01 
 1.97600065e-01  4.57801697e-01 
 1.97600131e-01  4.57801697e-01 
 1.97600262e-01  4.57801697e-01 
 1.97600524e-01  4.57801697e-01 
 1.97601049e-01  4.57801697e-01 
 1.97602097e-01  4.57801697e-01 
 1.97604194e-01  4.57801697e-01 
 1.97608389e-01  4.57801697e-01 
 1.97616777e-01  4.57801697e-01 
 1.97633554e-01  4.57801697e-01 
 1.97667109e-01  4.57801697e-01 
 1.97707109e-01  4.57801697e-01 
 1.97747109e-01  4.57801697e-01 
 1.97787109e-01  4.57801697e-01 
 1.97827109e-01  4.57801697e-01 
 1.97867109e-01  4.57801697e-01 
 1.97907109e-01  4.57801697e-01 
 1.97947109e-01  4.57801697e-01 
 1.97987109e-01  4.57801697e-01 
 1.97999999e-01  4.57801697e-01 
 1.97999999e-01  4.57801697e-01 
 1.97999999e-01  4.57801697e-01 
 1.98000000e-01  4.57801697e-01 
 1.98000000e-01  4.57801564e-01 
 1.98000000e-01  4.57801493e-01 
 1.98000000e-01  4.57801351e-01 
 1.98000000e-01  4.57801068e-01 
 1.98000001e-01  4.57800501e-01 
 1.98000002e-01  4.57799368e-01 
 1.98000004e-01  4.57797102e-01 
 1.98000008e-01  4.57792571e-01 
 1.98000016e-01  4.57783512e-01 
 1.98000033e-01  4.57765407e-01 
 1.98000065e-01  4.57729253e-01 
 1.98000131e-01  4.57657168e-01 
 1.98000262e-01  4.57513879e-01 
 1.98000524e-01  4.57230793e-01 
 1.98001049e-01  4.56678313e-01 
 1.98002097e-01  4.55625939e-01 
 1.98004194e-01  4.53715372e-01 
 1.98008389e-01  4.50558444e-01 
 1.98016777e-01  4.46211645e-01 
 1.98033554e-01  4.42003369e-01 
 1.98067109e-01  4.40048912e-01 
 1.98107109e-01  4.40099213e-01 
 1.98147109e-01  4.40093624e-01 
 1.98187109e-01  4.40094245e-01 
 1.98227109e-01  4.40094176e-01 
 1.98267109e-01  4.40094184e-01 
 1.98307109e-01  4.40094183e-01 
 1.98347109e-01  4.40094183e-01 
 1.98387109e-01  4.40094183e-01 
 1.98399999e-01  4.40094183e-01 
 1.98399999e-01  4.40094183e-01 
 1.98399999e-01  4.40094183e-01 
 1.98400000e-01  4.40094183e-01 
 1.98400000e-01  4.40094183e-01 
 1.98400000e-01  4.40094183e-01 
 1.98400000e-01  4.40094183e-01 
 1.98400000e-01  4.40094183e-01 
 1.98400001e-01  4.40094183e-01 
 1.98400002e-01  4.40094183e-01 
 1.98400004e-01  4.40094183e-01 
 1.98400008e-01  4.40094183e-01 
 1.98400016e-01  4.40094183e-01 
 1.98400033e-01  4.40094183e-01 
 1.98400065e-01  4.40094183e-01 
 1.98400131e-01  4.40094183e-01 
 1.98400262e-01  4.40094183e-01 
 1.98400524e-01  4.40094183e-01 
 1.98401049e-01  4.40094183e-01 
 1.98402097e-01  4.40094183e-01 
 1.98404194e-01  4.40094183e-01 
 1.98408389e-01  4.40094183e-01 
 1.98416777e-01  4.40094183e-01 
 1.98433554e-01  4.40094183e-01 
 1.98467109e-01  4.40094183e-01 
 1.98507109e-01  4.40094183e-01 
 1.98547109e-01  4.40094183e-01 
 1.98587109e-01  4.40094183e-01 
 1.98627109e-01  4.40094183e-01 
 1.98667109e-01  4.40094183e-01 
 1.98707109e-01  4.40094183e-01 
 1.98747109e-01  4.40094183e-01 
 1.98787109e-01  4.40094183e-01 
 1.98799999e-01  4.40094183e-01 
 1.98799999e-01  4.40094183e-01 
 1.98799999e-01  4.40094183e-01 
 1.98800000e-01  4.40094183e-01 
 1.98800000e-01  4.40094054e-01 
 1.98800000e-01  4.40093985e-01 
 1.98800000e-01  4.40093848e-01 
 1.98800000e-01  4.40093573e-01 
 1.98800001e-01  4.40093024e-01 
 1.98800002e-01  4.40091924e-01 
 1.98800004e-01  4.40089726e-01 
 1.98800008e-01  4.40085330e-01 
 1.98800016e-01  4.40076542e-01 
 1.98800033e-01  4.40058980e-01 
 1.98800065e-01  4.40023909e-01 
 1.98800131e-01  4.39953981e-01 
 1.98800262e-01  4.39814983e-01 
 1.98800524e-01  4.39540374e-01 
 1.98801049e-01  4.39004435e-01 
 1.98802097e-01  4.37983572e-01 
 1.98804194e-01  4.36130210e-01 
 1.98808389e-01  4.33067807e-01 
 1.98816777e-01  4.28851159e-01 
 1.98833554e-01  4.24768887e-01 
 1.98867109e-01  4.22872949e-01 
 1.98907109e-01  4.22921744e-01 
 1.98947109e-01  4.22916322e-01 
 1.98987109e-01  4.22916925e-01 
 1.99027109e-01  4.22916858e-01 
 1.99067109e-01  4.22916865e-01 
 1.99107109e-01  4.22916864e-01 
 1.99147109e-01  4.22916864e-01 
 1.99187109e-01  4.22916864e-01 
 1.99199999e-01  4.22916864e-01 
 1.99199999e-01  4.22916864e-01 
 1.99199999e-01  4.22916864e-01 
 1.99200000e-01  4.22916864e-01 
 1.99200000e-01  4.22916864e-01 
 1.99200000e-01  4.22916864e-01 
 1.99200000e-01  4.22916864e-01 
 1.99200000e-01  4.22916864e-01 
 1.99200001e-01  4.22916864e-01 
 1.99200002e-01  4.22916864e-01 
 1.99200004e-01  4.22916864e-01 
 1.99200008e-01  4.22916864e-01 
 1.99200016e-01  4.22916864e-01 
 1.99200033e-01  4.22916864e-01 
 1.99200065e-01  4.22916864e-01 
 1.99200131e-01  4.22916864e-01 
 1.99200262e-01  4.22916864e-01 
 1.99200524e-01  4.22916864e-01 
 1.99201049e-01  4.22916864e-01 
 1.99202097e-01  4.22916864e-01 
 1.99204194e-01  4.22916864e-01 
 1.99208389e-01  4.22916864e-01 
 1.99216777e-01  4.22916864e-01 
 1.99233554e-01  4.22916864e-01 
 1.99266911e-01  4.22916864e-01 
 1.99306911e-01  4.22916864e-01 
 1.99346911e-01  4.22916864e-01 
 1.99386911e-01  4.22916864e-01 
 1.99426911e-01  4.22916864e-01 
 1.99466911e-01  4.22916864e-01 
 1.99506911e-01  4.22916864e-01 
 1.99546911e-01  4.22916864e-01 
 1.99586911e-01  4.22916864e-01 
 1.99599999e-01  4.22916864e-01 
 1.99599999e-01  4.22916864e-01 
 1.99599999e-01  4.22916864e-01 
 1.99600000e-01  4.22916864e-01 
 1.99600000e-01  4.22916739e-01 
 1.99600000e-01  4.22916673e-01 
 1.99600000e-01  4.22916540e-01 
 1.99600000e-01  4.22916273e-01 
 1.99600001e-01  4.22915741e-01 
 1.99600002e-01  4.22914675e-01 
 1.99600004e-01  4.22912545e-01 
 1.99600008e-01  4.22908285e-01 
 1.99600016e-01  4.22899768e-01 
 1.99600033e-01  4.22882746e-01 
 1.99600065e-01  4.22848757e-01 
 1.99600131e-01  4.22780985e-01 
 1.99600262e-01  4.22646272e-01 
 1.99600524e-01  4.22380129e-01 
 1.99601049e-01  4.21860713e-01 
 1.99602097e-01  4.20871323e-01 
 1.99604194e-01  4.19075100e-01 
 1.99608389e-01  4.16107110e-01 
 1.99616777e-01  4.12020461e-01 
 1.99633554e-01  4.08064045e-01 
 1.99666911e-01  4.06231873e-01 
 1.99706911e-01  4.06273258e-01 
 1.99746911e-01  4.06268660e-01 
 1.99786911e-01  4.06269171e-01 
 1.99826911e-01  4.06269114e-01 
 1.99866911e-01  4.06269121e-01 
 1.99906911e-01  4.06269120e-01 
 1.99946911e-01  4.06269120e-01 
 1.99986911e-01  4.06269120e-01 
 1.99999999e-01  4.06269120e-01 
 1.99999999e-01  4.06269120e-01 
 1.99999999e-01  4.06269120e-01 
 2.00000000e-01  4.06269120e-01 
 2.00000000e-01  4.06269120e-01 
 2.00000000e-01  4.06269120e-01 
 2.00000000e-01  4.06269120e-01 
 2.00000000e-01  4.06269120e-01 
 2.00000001e-01  4.06269120e-01 
 2.00000002e-01  4.06269120e-01 
 2.00000004e-01  4.06269120e-01 
 2.00000008e-01  4.06269120e-01 
 2.00000016e-01  4.06269120e-01 
 2.00000033e-01  4.06269120e-01 
 2.00000065e-01  4.06269120e-01 
 2.00000131e-01  4.06269120e-01 
 2.00000262e-01  4.06269120e-01 
 2.00000524e-01  4.06269120e-01 
 2.00001049e-01  4.06269120e-01 
 2.00002097e-01  4.06269120e-01 
 2.00004194e-01  4.06269120e-01 
 2.00008389e-01  4.06269120e-01 
 2.00016777e-01  4.06269120e-01 
 2.00033554e-01  4.06269120e-01 
 2.00067109e-01  4.06269120e-01 
 2.00107109e-01  4.06269120e-01 
 2.00147109e-01  4.06269120e-01 
 2.00187109e-01  4.06269120e-01 
 2.00227109e-01  4.06269120e-01 
 2.00267109e-01  4.06269120e-01 
 2.00307109e-01  4.06269120e-01 
 2.00347109e-01  4.06269120e-01 
 2.00387109e-01  4.06269120e-01 
 2.00399999e-01  4.06269120e-01 
 2.00399999e-01  4.06269120e-01 
 2.00399999e-01  4.06269120e-01 
 2.00400000e-01  4.06269120e-01 
 2.00400000e-01  4.06268999e-01 
 2.00400000e-01  4.06268935e-01 
 2.00400000e-01  4.06268806e-01 
 2.00400000e-01  4.06268548e-01 
 2.00400001e-01  4.06268032e-01 
 2.00400002e-01  4.06267000e-01 
 2.00400004e-01  4.06264937e-01 
 2.00400008e-01  4.06260812e-01 
 2.00400016e-01  4.06252565e-01 
 2.00400033e-01  4.06236084e-01 
 2.00400065e-01  4.06203171e-01 
 2.00400131e-01  4.06137548e-01 
 2.00400262e-01  4.06007105e-01 
 2.00400524e-01  4.05749398e-01 
 2.00401049e-01  4.05246447e-01 
 2.00402097e-01  4.04288418e-01 
 2.00404194e-01  4.02549133e-01 
 2.00408389e-01  3.99675222e-01 
 2.00416777e-01  3.95718112e-01 
 2.00433554e-01  3.91887107e-01 
 2.00467109e-01  3.90107866e-01 
 2.00507109e-01  3.90153658e-01 
 2.00547109e-01  3.90148570e-01 
 2.00587109e-01  3.90149135e-01 
 2.00627109e-01  3.90149072e-01 
 2.00667109e-01  3.90149079e-01 
 2.00707109e-01  3.90149079e-01 
 2.00747109e-01  3.90149079e-01 
 2.00787109e-01  3.90149079e-01 
 2.00799999e-01  3.90149079e-01 
 2.00799999e-01  3.90149079e-01 
 2.00799999e-01  3.90149079e-01 
 2.00800000e-01  3.90149079e-01 
 2.00800000e-01  3.90149079e-01 
