 4.00000000e-07  3.62481922e-02 
 8.00000000e-07  3.62481922e-02 
 1.60000000e-06  3.62481922e-02 
 3.20000000e-06  3.62481922e-02 
 6.40000000e-06  3.62481922e-02 
 1.28000000e-05  3.62481922e-02 
 2.56000000e-05  3.62481922e-02 
 4.00000000e-05  3.62481922e-02 
 4.16569840e-05  3.62481922e-02 
 4.49709519e-05  3.62481922e-02 
 5.15988878e-05  3.62481922e-02 
 6.48547596e-05  3.62481922e-02 
 9.13665032e-05  3.62481922e-02 
 1.31366503e-04  3.62481922e-02 
 1.71366503e-04  3.62481922e-02 
 2.11366503e-04  3.62481922e-02 
 2.51366503e-04  3.62481922e-02 
 2.91366503e-04  3.62481922e-02 
 3.31366503e-04  3.62481922e-02 
 3.71366503e-04  3.62481922e-02 
 3.99999200e-04  3.62481922e-02 
 3.99999280e-04  3.62481922e-02 
 3.99999440e-04  3.62481922e-02 
 3.99999760e-04  3.62483904e-02 
 4.00000000e-04  3.62486878e-02 
 4.00000064e-04  3.62487671e-02 
 4.00000192e-04  3.62489257e-02 
 4.00000448e-04  3.62492428e-02 
 4.00000960e-04  3.62498771e-02 
 4.00001984e-04  3.62511457e-02 
 4.00004032e-04  3.62536826e-02 
 4.00008128e-04  3.62587555e-02 
 4.00016320e-04  3.62688972e-02 
 4.00032704e-04  3.62891652e-02 
 4.00065472e-04  3.63296390e-02 
 4.00131008e-04  3.64103384e-02 
 4.00262080e-04  3.65707496e-02 
 4.00524224e-04  3.68876617e-02 
 4.01048512e-04  3.75061602e-02 
 4.02097088e-04  3.86842855e-02 
 4.04194240e-04  4.08231535e-02 
 4.08388544e-04  4.43573143e-02 
 4.16777152e-04  4.92235282e-02 
 4.32924103e-04  5.38170377e-02 
 4.50184252e-04  5.53972510e-02 
 4.75101805e-04  5.59880278e-02 
 5.05622571e-04  5.60700011e-02 
 5.45622571e-04  5.60722083e-02 
 5.85622571e-04  5.60719631e-02 
 6.25622571e-04  5.60719903e-02 
 6.65622571e-04  5.60719873e-02 
 7.05622571e-04  5.60719876e-02 
 7.45622571e-04  5.60719876e-02 
 7.85622571e-04  5.60719876e-02 
 7.99999200e-04  5.60719876e-02 
 7.99999280e-04  5.60719876e-02 
 7.99999440e-04  5.60719876e-02 
 7.99999760e-04  5.60719876e-02 
 8.00000000e-04  5.60719876e-02 
 8.00000064e-04  5.60719876e-02 
 8.00000192e-04  5.60719876e-02 
 8.00000448e-04  5.60719876e-02 
 8.00000960e-04  5.60719876e-02 
 8.00001984e-04  5.60719876e-02 
 8.00004032e-04  5.60719876e-02 
 8.00008128e-04  5.60719876e-02 
 8.00016320e-04  5.60719876e-02 
 8.00032704e-04  5.60719876e-02 
 8.00065472e-04  5.60719876e-02 
 8.00131008e-04  5.60719876e-02 
 8.00262080e-04  5.60719876e-02 
 8.00524224e-04  5.60719876e-02 
 8.01048512e-04  5.60719876e-02 
 8.02097088e-04  5.60719876e-02 
 8.04194240e-04  5.60719876e-02 
 8.08388544e-04  5.60719876e-02 
 8.16777152e-04  5.60719876e-02 
 8.33554368e-04  5.60719876e-02 
 8.61375292e-04  5.60719876e-02 
 8.94447778e-04  5.60719876e-02 
 9.34447778e-04  5.60719876e-02 
 9.74447778e-04  5.60719876e-02 
 1.01444778e-03  5.60719876e-02 
 1.05444778e-03  5.60719876e-02 
 1.09444778e-03  5.60719876e-02 
 1.13444778e-03  5.60719876e-02 
 1.17444778e-03  5.60719876e-02 
 1.19999920e-03  5.60719876e-02 
 1.19999928e-03  5.60719876e-02 
 1.19999944e-03  5.60719876e-02 
 1.19999976e-03  5.60719876e-02 
 1.20000000e-03  5.60720853e-02 
 1.20000006e-03  5.60721374e-02 
 1.20000019e-03  5.60722416e-02 
 1.20000045e-03  5.60724500e-02 
 1.20000096e-03  5.60728668e-02 
 1.20000198e-03  5.60737004e-02 
 1.20000403e-03  5.60753675e-02 
 1.20000813e-03  5.60787009e-02 
 1.20001632e-03  5.60853652e-02 
 1.20003270e-03  5.60986836e-02 
 1.20006547e-03  5.61252795e-02 
 1.20013101e-03  5.61783083e-02 
 1.20026208e-03  5.62837169e-02 
 1.20052422e-03  5.64919645e-02 
 1.20104851e-03  5.68983890e-02 
 1.20209709e-03  5.76725525e-02 
 1.20419424e-03  5.90780343e-02 
 1.20838854e-03  6.14003836e-02 
 1.21677715e-03  6.45980446e-02 
 1.23355437e-03  6.76938025e-02 
 1.26137529e-03  6.90001527e-02 
 1.29444778e-03  6.90998855e-02 
 1.33444778e-03  6.90980887e-02 
 1.37444778e-03  6.90982883e-02 
 1.41444778e-03  6.90982662e-02 
 1.45444778e-03  6.90982686e-02 
 1.49444778e-03  6.90982684e-02 
 1.53444778e-03  6.90982684e-02 
 1.57444778e-03  6.90982684e-02 
 1.59999920e-03  6.90982684e-02 
 1.59999928e-03  6.90982684e-02 
 1.59999944e-03  6.90982684e-02 
 1.59999976e-03  6.90982684e-02 
 1.60000000e-03  6.90982684e-02 
 1.60000006e-03  6.90982684e-02 
 1.60000019e-03  6.90982684e-02 
 1.60000045e-03  6.90982684e-02 
 1.60000096e-03  6.90982684e-02 
 1.60000198e-03  6.90982684e-02 
 1.60000403e-03  6.90982684e-02 
 1.60000813e-03  6.90982684e-02 
 1.60001632e-03  6.90982684e-02 
 1.60003270e-03  6.90982684e-02 
 1.60006547e-03  6.90982684e-02 
 1.60013101e-03  6.90982684e-02 
 1.60026208e-03  6.90982684e-02 
 1.60052422e-03  6.90982684e-02 
 1.60104851e-03  6.90982684e-02 
 1.60209709e-03  6.90982684e-02 
 1.60419424e-03  6.90982684e-02 
 1.60838854e-03  6.90982684e-02 
 1.61677715e-03  6.90982684e-02 
 1.63355437e-03  6.90982684e-02 
 1.66710880e-03  6.90982684e-02 
 1.70710880e-03  6.90982684e-02 
 1.74710880e-03  6.90982684e-02 
 1.78710880e-03  6.90982684e-02 
 1.82710880e-03  6.90982684e-02 
 1.86710880e-03  6.90982684e-02 
 1.90710880e-03  6.90982684e-02 
 1.94710880e-03  6.90982684e-02 
 1.98710880e-03  6.90982684e-02 
 1.99999920e-03  6.90982684e-02 
 1.99999928e-03  6.90982684e-02 
 1.99999944e-03  6.90982684e-02 
 1.99999976e-03  6.90982684e-02 
 2.00000000e-03  6.90983148e-02 
 2.00000006e-03  6.90983395e-02 
 2.00000019e-03  6.90983890e-02 
 2.00000045e-03  6.90984879e-02 
 2.00000096e-03  6.90986858e-02 
 2.00000198e-03  6.90990815e-02 
 2.00000403e-03  6.90998729e-02 
 2.00000813e-03  6.91014554e-02 
 2.00001632e-03  6.91046191e-02 
 2.00003270e-03  6.91109416e-02 
 2.00006547e-03  6.91235673e-02 
 2.00013101e-03  6.91487413e-02 
 2.00026208e-03  6.91987813e-02 
 2.00052422e-03  6.92976414e-02 
 2.00104851e-03  6.94905807e-02 
 2.00209709e-03  6.98580945e-02 
 2.00419424e-03  7.05253100e-02 
 2.00838854e-03  7.16277842e-02 
 2.01677715e-03  7.31457897e-02 
 2.03355437e-03  7.46154194e-02 
 2.06710880e-03  7.52979623e-02 
 2.10710880e-03  7.52803960e-02 
 2.14710880e-03  7.52823478e-02 
 2.18710880e-03  7.52821309e-02 
 2.22710880e-03  7.52821550e-02 
 2.26710880e-03  7.52821524e-02 
 2.30710880e-03  7.52821527e-02 
 2.34710880e-03  7.52821526e-02 
 2.38710880e-03  7.52821526e-02 
 2.39999920e-03  7.52821526e-02 
 2.39999928e-03  7.52821526e-02 
 2.39999944e-03  7.52821526e-02 
 2.39999976e-03  7.52821526e-02 
 2.40000000e-03  7.52821526e-02 
 2.40000006e-03  7.52821526e-02 
 2.40000019e-03  7.52821526e-02 
 2.40000045e-03  7.52821526e-02 
 2.40000096e-03  7.52821526e-02 
 2.40000198e-03  7.52821526e-02 
 2.40000403e-03  7.52821526e-02 
 2.40000813e-03  7.52821526e-02 
 2.40001632e-03  7.52821526e-02 
 2.40003270e-03  7.52821526e-02 
 2.40006547e-03  7.52821526e-02 
 2.40013101e-03  7.52821526e-02 
 2.40026208e-03  7.52821526e-02 
 2.40052422e-03  7.52821526e-02 
 2.40104851e-03  7.52821526e-02 
 2.40209709e-03  7.52821526e-02 
 2.40419424e-03  7.52821526e-02 
 2.40838854e-03  7.52821526e-02 
 2.41677715e-03  7.52821526e-02 
 2.43355437e-03  7.52821526e-02 
 2.46710880e-03  7.52821526e-02 
 2.50710880e-03  7.52821526e-02 
 2.54710880e-03  7.52821526e-02 
 2.58710880e-03  7.52821526e-02 
 2.62710880e-03  7.52821526e-02 
 2.66710880e-03  7.52821526e-02 
 2.70710880e-03  7.52821526e-02 
 2.74710880e-03  7.52821526e-02 
 2.78710880e-03  7.52821526e-02 
 2.79999920e-03  7.52821526e-02 
 2.79999928e-03  7.52821526e-02 
 2.79999944e-03  7.52821526e-02 
 2.79999976e-03  7.52821526e-02 
 2.80000000e-03  7.52821704e-02 
 2.80000006e-03  7.52821799e-02 
 2.80000019e-03  7.52821989e-02 
 2.80000045e-03  7.52822369e-02 
 2.80000096e-03  7.52823128e-02 
 2.80000198e-03  7.52824647e-02 
 2.80000403e-03  7.52827684e-02 
 2.80000813e-03  7.52833757e-02 
 2.80001632e-03  7.52845898e-02 
 2.80003270e-03  7.52870163e-02 
 2.80006547e-03  7.52918617e-02 
 2.80013101e-03  7.53015228e-02 
 2.80026208e-03  7.53207268e-02 
 2.80052422e-03  7.53586666e-02 
 2.80104851e-03  7.54327115e-02 
 2.80209709e-03  7.55737533e-02 
 2.80419424e-03  7.58298125e-02 
 2.80838854e-03  7.62529123e-02 
 2.81677715e-03  7.68354816e-02 
 2.83355437e-03  7.73994857e-02 
 2.86710880e-03  7.76614271e-02 
 2.90710880e-03  7.76546857e-02 
 2.94710880e-03  7.76554347e-02 
 2.98710880e-03  7.76553515e-02 
 3.02710880e-03  7.76553607e-02 
 3.06710880e-03  7.76553597e-02 
 3.10710880e-03  7.76553598e-02 
 3.14710880e-03  7.76553598e-02 
 3.18710880e-03  7.76553598e-02 
 3.19999920e-03  7.76553598e-02 
 3.19999928e-03  7.76553598e-02 
 3.19999944e-03  7.76553598e-02 
 3.19999976e-03  7.76553598e-02 
 3.20000000e-03  7.76553598e-02 
 3.20000006e-03  7.76553598e-02 
 3.20000019e-03  7.76553598e-02 
 3.20000045e-03  7.76553598e-02 
 3.20000096e-03  7.76553598e-02 
 3.20000198e-03  7.76553598e-02 
 3.20000403e-03  7.76553598e-02 
 3.20000813e-03  7.76553598e-02 
 3.20001632e-03  7.76553598e-02 
 3.20003270e-03  7.76553598e-02 
 3.20006547e-03  7.76553598e-02 
 3.20013101e-03  7.76553598e-02 
 3.20026208e-03  7.76553598e-02 
 3.20052422e-03  7.76553598e-02 
 3.20104851e-03  7.76553598e-02 
 3.20209709e-03  7.76553598e-02 
 3.20419424e-03  7.76553598e-02 
 3.20838854e-03  7.76553598e-02 
 3.21677715e-03  7.76553598e-02 
 3.23355437e-03  7.76553598e-02 
 3.26710880e-03  7.76553598e-02 
 3.30710880e-03  7.76553598e-02 
 3.34710880e-03  7.76553598e-02 
 3.38710880e-03  7.76553598e-02 
 3.42710880e-03  7.76553598e-02 
 3.46710880e-03  7.76553598e-02 
 3.50710880e-03  7.76553598e-02 
 3.54710880e-03  7.76553598e-02 
 3.58710880e-03  7.76553598e-02 
 3.59999920e-03  7.76553598e-02 
 3.59999928e-03  7.76553598e-02 
 3.59999944e-03  7.76553598e-02 
 3.59999976e-03  7.76553598e-02 
 3.60000000e-03  7.76553627e-02 
 3.60000006e-03  7.76553643e-02 
 3.60000019e-03  7.76553673e-02 
 3.60000045e-03  7.76553735e-02 
 3.60000096e-03  7.76553859e-02 
 3.60000198e-03  7.76554105e-02 
 3.60000403e-03  7.76554599e-02 
 3.60000813e-03  7.76555586e-02 
 3.60001632e-03  7.76557560e-02 
 3.60003270e-03  7.76561504e-02 
 3.60006547e-03  7.76569380e-02 
 3.60013101e-03  7.76585084e-02 
 3.60026208e-03  7.76616301e-02 
 3.60052422e-03  7.76677972e-02 
 3.60104851e-03  7.76798332e-02 
 3.60209709e-03  7.77027597e-02 
 3.60419424e-03  7.77443822e-02 
 3.60838854e-03  7.78131573e-02 
 3.61677715e-03  7.79078543e-02 
 3.63355437e-03  7.79995334e-02 
 3.66710880e-03  7.80421122e-02 
 3.70710880e-03  7.80410163e-02 
 3.74710880e-03  7.80411381e-02 
 3.78710880e-03  7.80411246e-02 
 3.82710880e-03  7.80411261e-02 
 3.86710880e-03  7.80411259e-02 
 3.90710880e-03  7.80411259e-02 
 3.94710880e-03  7.80411259e-02 
 3.98710880e-03  7.80411259e-02 
 3.99999920e-03  7.80411259e-02 
 3.99999928e-03  7.80411259e-02 
 3.99999944e-03  7.80411259e-02 
 3.99999976e-03  7.80411259e-02 
 4.00000000e-03  7.80411259e-02 
 4.00000006e-03  7.80411259e-02 
 4.00000019e-03  7.80411259e-02 
 4.00000045e-03  7.80411259e-02 
 4.00000096e-03  7.80411259e-02 
 4.00000198e-03  7.80411259e-02 
 4.00000403e-03  7.80411259e-02 
 4.00000813e-03  7.80411259e-02 
 4.00001632e-03  7.80411259e-02 
 4.00003270e-03  7.80411259e-02 
 4.00006547e-03  7.80411259e-02 
 4.00013101e-03  7.80411259e-02 
 4.00026208e-03  7.80411259e-02 
 4.00052422e-03  7.80411259e-02 
 4.00104851e-03  7.80411259e-02 
 4.00209709e-03  7.80411259e-02 
 4.00419424e-03  7.80411259e-02 
 4.00838854e-03  7.80411259e-02 
 4.01677715e-03  7.80411259e-02 
 4.03355437e-03  7.80411259e-02 
 4.06710880e-03  7.80411259e-02 
 4.10710880e-03  7.80411259e-02 
 4.14710880e-03  7.80411259e-02 
 4.18710880e-03  7.80411259e-02 
 4.22710880e-03  7.80411259e-02 
 4.26710880e-03  7.80411259e-02 
 4.30710880e-03  7.80411259e-02 
 4.34710880e-03  7.80411259e-02 
 4.38710880e-03  7.80411259e-02 
 4.39999920e-03  7.80411259e-02 
 4.39999928e-03  7.80411259e-02 
 4.39999944e-03  7.80411259e-02 
 4.39999976e-03  7.80411259e-02 
 4.40000000e-03  7.80411209e-02 
 4.40000006e-03  7.80411183e-02 
 4.40000019e-03  7.80411130e-02 
 4.40000045e-03  7.80411024e-02 
 4.40000096e-03  7.80410812e-02 
 4.40000198e-03  7.80410388e-02 
 4.40000403e-03  7.80409541e-02 
 4.40000813e-03  7.80407847e-02 
 4.40001632e-03  7.80404459e-02 
 4.40003270e-03  7.80397689e-02 
 4.40006547e-03  7.80384170e-02 
 4.40013101e-03  7.80357215e-02 
 4.40026208e-03  7.80303635e-02 
 4.40052422e-03  7.80197780e-02 
 4.40104851e-03  7.79991189e-02 
 4.40209709e-03  7.79597673e-02 
 4.40419424e-03  7.78883250e-02 
 4.40838854e-03  7.77702772e-02 
 4.41677715e-03  7.76077363e-02 
 4.43355437e-03  7.74503752e-02 
 4.46710880e-03  7.73772917e-02 
 4.50710880e-03  7.73791726e-02 
 4.54710880e-03  7.73789636e-02 
 4.58710880e-03  7.73789868e-02 
 4.62710880e-03  7.73789842e-02 
 4.66710880e-03  7.73789845e-02 
 4.70710880e-03  7.73789845e-02 
 4.74710880e-03  7.73789845e-02 
 4.78710880e-03  7.73789845e-02 
 4.79999920e-03  7.73789845e-02 
 4.79999928e-03  7.73789845e-02 
 4.79999944e-03  7.73789845e-02 
 4.79999976e-03  7.73789845e-02 
 4.80000000e-03  7.73789845e-02 
 4.80000006e-03  7.73789845e-02 
 4.80000019e-03  7.73789845e-02 
 4.80000045e-03  7.73789845e-02 
 4.80000096e-03  7.73789845e-02 
 4.80000198e-03  7.73789845e-02 
 4.80000403e-03  7.73789845e-02 
 4.80000813e-03  7.73789845e-02 
 4.80001632e-03  7.73789845e-02 
 4.80003270e-03  7.73789845e-02 
 4.80006547e-03  7.73789845e-02 
 4.80013101e-03  7.73789845e-02 
 4.80026208e-03  7.73789845e-02 
 4.80052422e-03  7.73789845e-02 
 4.80104851e-03  7.73789845e-02 
 4.80209709e-03  7.73789845e-02 
 4.80419424e-03  7.73789845e-02 
 4.80838854e-03  7.73789845e-02 
 4.81677715e-03  7.73789845e-02 
 4.83355437e-03  7.73789845e-02 
 4.86710880e-03  7.73789845e-02 
 4.90710880e-03  7.73789845e-02 
 4.94710880e-03  7.73789845e-02 
 4.98710880e-03  7.73789845e-02 
 5.02710880e-03  7.73789845e-02 
 5.06710880e-03  7.73789845e-02 
 5.10710880e-03  7.73789845e-02 
 5.14710880e-03  7.73789845e-02 
 5.18710880e-03  7.73789845e-02 
 5.19999920e-03  7.73789845e-02 
 5.19999928e-03  7.73789845e-02 
 5.19999944e-03  7.73789845e-02 
 5.19999976e-03  7.73789845e-02 
 5.20000000e-03  7.73789753e-02 
 5.20000006e-03  7.73789703e-02 
 5.20000019e-03  7.73789605e-02 
 5.20000045e-03  7.73789408e-02 
 5.20000096e-03  7.73789014e-02 
 5.20000198e-03  7.73788226e-02 
 5.20000403e-03  7.73786651e-02 
 5.20000813e-03  7.73783501e-02 
 5.20001632e-03  7.73777203e-02 
 5.20003270e-03  7.73764618e-02 
 5.20006547e-03  7.73739485e-02 
 5.20013101e-03  7.73689374e-02 
 5.20026208e-03  7.73589765e-02 
 5.20052422e-03  7.73392975e-02 
 5.20104851e-03  7.73008912e-02 
 5.20209709e-03  7.72277342e-02 
 5.20419424e-03  7.70949188e-02 
 5.20838854e-03  7.68754613e-02 
 5.21677715e-03  7.65732884e-02 
 5.23355437e-03  7.62807452e-02 
 5.26710880e-03  7.61448788e-02 
 5.30710880e-03  7.61483756e-02 
 5.34710880e-03  7.61479870e-02 
 5.38710880e-03  7.61480302e-02 
 5.42710880e-03  7.61480254e-02 
 5.46710880e-03  7.61480259e-02 
 5.50710880e-03  7.61480259e-02 
 5.54710880e-03  7.61480259e-02 
 5.58710880e-03  7.61480259e-02 
 5.59999920e-03  7.61480259e-02 
 5.59999928e-03  7.61480259e-02 
 5.59999944e-03  7.61480259e-02 
 5.59999976e-03  7.61480259e-02 
 5.60000000e-03  7.61480259e-02 
 5.60000006e-03  7.61480259e-02 
 5.60000019e-03  7.61480259e-02 
 5.60000045e-03  7.61480259e-02 
 5.60000096e-03  7.61480259e-02 
 5.60000198e-03  7.61480259e-02 
 5.60000403e-03  7.61480259e-02 
 5.60000813e-03  7.61480259e-02 
 5.60001632e-03  7.61480259e-02 
 5.60003270e-03  7.61480259e-02 
 5.60006547e-03  7.61480259e-02 
 5.60013101e-03  7.61480259e-02 
 5.60026208e-03  7.61480259e-02 
 5.60052422e-03  7.61480259e-02 
 5.60104851e-03  7.61480259e-02 
 5.60209709e-03  7.61480259e-02 
 5.60419424e-03  7.61480259e-02 
 5.60838854e-03  7.61480259e-02 
 5.61677715e-03  7.61480259e-02 
 5.63355437e-03  7.61480259e-02 
 5.66710880e-03  7.61480259e-02 
 5.70710880e-03  7.61480259e-02 
 5.74710880e-03  7.61480259e-02 
 5.78710880e-03  7.61480259e-02 
 5.82710880e-03  7.61480259e-02 
 5.86710880e-03  7.61480259e-02 
 5.90710880e-03  7.61480259e-02 
 5.94710880e-03  7.61480259e-02 
 5.98710880e-03  7.61480259e-02 
 5.99999920e-03  7.61480259e-02 
 5.99999928e-03  7.61480259e-02 
 5.99999944e-03  7.61480259e-02 
 5.99999976e-03  7.61480259e-02 
 6.00000000e-03  7.61480143e-02 
 6.00000006e-03  7.61480081e-02 
 6.00000019e-03  7.61479957e-02 
 6.00000045e-03  7.61479710e-02 
 6.00000096e-03  7.61479215e-02 
 6.00000198e-03  7.61478225e-02 
 6.00000403e-03  7.61476246e-02 
 6.00000813e-03  7.61472288e-02 
 6.00001632e-03  7.61464375e-02 
 6.00003270e-03  7.61448561e-02 
 6.00006547e-03  7.61416981e-02 
 6.00013101e-03  7.61354016e-02 
 6.00026208e-03  7.61228855e-02 
 6.00052422e-03  7.60981586e-02 
 6.00104851e-03  7.60499004e-02 
 6.00209709e-03  7.59579776e-02 
 6.00419424e-03  7.57910932e-02 
 6.00838854e-03  7.55153415e-02 
 6.01677715e-03  7.51356569e-02 
 6.03355437e-03  7.47680720e-02 
 6.06710880e-03  7.45973539e-02 
 6.10710880e-03  7.46017476e-02 
 6.14710880e-03  7.46012594e-02 
 6.18710880e-03  7.46013137e-02 
 6.22710880e-03  7.46013076e-02 
 6.26710880e-03  7.46013083e-02 
 6.30710880e-03  7.46013082e-02 
 6.34710880e-03  7.46013082e-02 
 6.38710880e-03  7.46013082e-02 
 6.39999920e-03  7.46013082e-02 
 6.39999928e-03  7.46013082e-02 
 6.39999944e-03  7.46013082e-02 
 6.39999976e-03  7.46013082e-02 
 6.40000000e-03  7.46013082e-02 
 6.40000006e-03  7.46013082e-02 
 6.40000019e-03  7.46013082e-02 
 6.40000045e-03  7.46013082e-02 
 6.40000096e-03  7.46013082e-02 
 6.40000198e-03  7.46013082e-02 
 6.40000403e-03  7.46013082e-02 
 6.40000813e-03  7.46013082e-02 
 6.40001632e-03  7.46013082e-02 
 6.40003270e-03  7.46013082e-02 
 6.40006547e-03  7.46013082e-02 
 6.40013101e-03  7.46013082e-02 
 6.40026208e-03  7.46013082e-02 
 6.40052422e-03  7.46013082e-02 
 6.40104851e-03  7.46013082e-02 
 6.40209709e-03  7.46013082e-02 
 6.40419424e-03  7.46013082e-02 
 6.40838854e-03  7.46013082e-02 
 6.41677715e-03  7.46013082e-02 
 6.43355437e-03  7.46013082e-02 
 6.46710880e-03  7.46013082e-02 
 6.50710880e-03  7.46013082e-02 
 6.54710880e-03  7.46013082e-02 
 6.58710880e-03  7.46013082e-02 
 6.62710880e-03  7.46013082e-02 
 6.66710880e-03  7.46013082e-02 
 6.70710880e-03  7.46013082e-02 
 6.74710880e-03  7.46013082e-02 
 6.78710880e-03  7.46013082e-02 
 6.79999920e-03  7.46013082e-02 
 6.79999928e-03  7.46013082e-02 
 6.79999944e-03  7.46013082e-02 
 6.79999976e-03  7.46013082e-02 
 6.80000000e-03  7.46012953e-02 
 6.80000006e-03  7.46012884e-02 
 6.80000019e-03  7.46012747e-02 
 6.80000045e-03  7.46012471e-02 
 6.80000096e-03  7.46011920e-02 
 6.80000198e-03  7.46010819e-02 
 6.80000403e-03  7.46008616e-02 
 6.80000813e-03  7.46004210e-02 
 6.80001632e-03  7.45995403e-02 
 6.80003270e-03  7.45977802e-02 
 6.80006547e-03  7.45942653e-02 
 6.80013101e-03  7.45872572e-02 
 6.80026208e-03  7.45733268e-02 
 6.80052422e-03  7.45458054e-02 
 6.80104851e-03  7.44920936e-02 
 6.80209709e-03  7.43897826e-02 
 6.80419424e-03  7.42040386e-02 
 6.80838854e-03  7.38971242e-02 
 6.81677715e-03  7.34745314e-02 
 6.83355437e-03  7.30654057e-02 
 6.86710880e-03  7.28753947e-02 
 6.90710880e-03  7.28802849e-02 
 6.94710880e-03  7.28797416e-02 
 6.98710880e-03  7.28798020e-02 
 7.02710880e-03  7.28797953e-02 
 7.06710880e-03  7.28797960e-02 
 7.10710880e-03  7.28797959e-02 
 7.14710880e-03  7.28797959e-02 
 7.18710880e-03  7.28797959e-02 
 7.19999920e-03  7.28797959e-02 
 7.19999928e-03  7.28797959e-02 
 7.19999944e-03  7.28797959e-02 
 7.19999976e-03  7.28797959e-02 
 7.20000000e-03  7.28797959e-02 
 7.20000006e-03  7.28797959e-02 
 7.20000019e-03  7.28797959e-02 
 7.20000045e-03  7.28797959e-02 
 7.20000096e-03  7.28797959e-02 
 7.20000198e-03  7.28797959e-02 
 7.20000403e-03  7.28797959e-02 
 7.20000813e-03  7.28797959e-02 
 7.20001632e-03  7.28797959e-02 
 7.20003270e-03  7.28797959e-02 
 7.20006547e-03  7.28797959e-02 
 7.20013101e-03  7.28797959e-02 
 7.20026208e-03  7.28797959e-02 
 7.20052422e-03  7.28797959e-02 
 7.20104851e-03  7.28797959e-02 
 7.20209709e-03  7.28797959e-02 
 7.20419424e-03  7.28797959e-02 
 7.20838854e-03  7.28797959e-02 
 7.21677715e-03  7.28797959e-02 
 7.23355437e-03  7.28797959e-02 
 7.26710880e-03  7.28797959e-02 
 7.30710880e-03  7.28797959e-02 
 7.34710880e-03  7.28797959e-02 
 7.38710880e-03  7.28797959e-02 
 7.42710880e-03  7.28797959e-02 
 7.46710880e-03  7.28797959e-02 
 7.50710880e-03  7.28797959e-02 
 7.54710880e-03  7.28797959e-02 
 7.58710880e-03  7.28797959e-02 
 7.59999920e-03  7.28797959e-02 
 7.59999928e-03  7.28797959e-02 
 7.59999944e-03  7.28797959e-02 
 7.59999976e-03  7.28797959e-02 
 7.60000000e-03  7.28797823e-02 
 7.60000006e-03  7.28797751e-02 
 7.60000019e-03  7.28797606e-02 
 7.60000045e-03  7.28797316e-02 
 7.60000096e-03  7.28796735e-02 
 7.60000198e-03  7.28795575e-02 
 7.60000403e-03  7.28793255e-02 
 7.60000813e-03  7.28788615e-02 
 7.60001632e-03  7.28779339e-02 
 7.60003270e-03  7.28760800e-02 
 7.60006547e-03  7.28723781e-02 
 7.60013101e-03  7.28649969e-02 
 7.60026208e-03  7.28503248e-02 
 7.60052422e-03  7.28213383e-02 
 7.60104851e-03  7.27647671e-02 
 7.60209709e-03  7.26570094e-02 
 7.60419424e-03  7.24613769e-02 
 7.60838854e-03  7.21381234e-02 
 7.61677715e-03  7.16930331e-02 
 7.63355437e-03  7.12621269e-02 
 7.66710880e-03  7.10620004e-02 
 7.70710880e-03  7.10671509e-02 
 7.74710880e-03  7.10665787e-02 
 7.78710880e-03  7.10666422e-02 
 7.82710880e-03  7.10666352e-02 
 7.86710880e-03  7.10666360e-02 
 7.90710880e-03  7.10666359e-02 
 7.94710880e-03  7.10666359e-02 
 7.98710880e-03  7.10666359e-02 
 7.99999920e-03  7.10666359e-02 
 7.99999928e-03  7.10666359e-02 
 7.99999944e-03  7.10666359e-02 
 7.99999976e-03  7.10666359e-02 
 8.00000000e-03  7.10666359e-02 
 8.00000006e-03  7.10666359e-02 
 8.00000019e-03  7.10666359e-02 
 8.00000045e-03  7.10666359e-02 
 8.00000096e-03  7.10666359e-02 
 8.00000198e-03  7.10666359e-02 
 8.00000403e-03  7.10666359e-02 
 8.00000813e-03  7.10666359e-02 
 8.00001632e-03  7.10666359e-02 
 8.00003270e-03  7.10666359e-02 
 8.00006547e-03  7.10666359e-02 
 8.00013101e-03  7.10666359e-02 
 8.00026208e-03  7.10666359e-02 
 8.00052422e-03  7.10666359e-02 
 8.00104851e-03  7.10666359e-02 
 8.00209709e-03  7.10666359e-02 
 8.00419424e-03  7.10666359e-02 
 8.00838854e-03  7.10666359e-02 
 8.01677715e-03  7.10666359e-02 
 8.03355437e-03  7.10666359e-02 
 8.06710880e-03  7.10666359e-02 
 8.10710880e-03  7.10666359e-02 
 8.14710880e-03  7.10666359e-02 
 8.18710880e-03  7.10666359e-02 
 8.22710880e-03  7.10666359e-02 
 8.26710880e-03  7.10666359e-02 
 8.30710880e-03  7.10666359e-02 
 8.34710880e-03  7.10666359e-02 
 8.38710880e-03  7.10666359e-02 
 8.39999920e-03  7.10666359e-02 
 8.39999928e-03  7.10666359e-02 
 8.39999944e-03  7.10666359e-02 
 8.39999976e-03  7.10666359e-02 
 8.40000000e-03  7.10666220e-02 
 8.40000006e-03  7.10666146e-02 
 8.40000019e-03  7.10665997e-02 
 8.40000045e-03  7.10665701e-02 
 8.40000096e-03  7.10665108e-02 
 8.40000198e-03  7.10663922e-02 
 8.40000403e-03  7.10661551e-02 
 8.40000813e-03  7.10656809e-02 
 8.40001632e-03  7.10647329e-02 
 8.40003270e-03  7.10628382e-02 
 8.40006547e-03  7.10590549e-02 
 8.40013101e-03  7.10515113e-02 
 8.40026208e-03  7.10365164e-02 
 8.40052422e-03  7.10068922e-02 
 8.40104851e-03  7.09490765e-02 
 8.40209709e-03  7.08389481e-02 
 8.40419424e-03  7.06390118e-02 
 8.40838854e-03  7.03086469e-02 
 8.41677715e-03  6.98537649e-02 
 8.43355437e-03  6.94133790e-02 
 8.46710880e-03  6.92088497e-02 
 8.50710880e-03  6.92141136e-02 
 8.54710880e-03  6.92135287e-02 
 8.58710880e-03  6.92135937e-02 
 8.62710880e-03  6.92135865e-02 
 8.66710880e-03  6.92135873e-02 
 8.70710880e-03  6.92135872e-02 
 8.74710880e-03  6.92135872e-02 
 8.78710880e-03  6.92135872e-02 
 8.79999920e-03  6.92135872e-02 
 8.79999928e-03  6.92135872e-02 
 8.79999944e-03  6.92135872e-02 
 8.79999976e-03  6.92135872e-02 
 8.80000000e-03  6.92135872e-02 
 8.80000006e-03  6.92135872e-02 
 8.80000019e-03  6.92135872e-02 
 8.80000045e-03  6.92135872e-02 
 8.80000096e-03  6.92135872e-02 
 8.80000198e-03  6.92135872e-02 
 8.80000403e-03  6.92135872e-02 
 8.80000813e-03  6.92135872e-02 
 8.80001632e-03  6.92135872e-02 
 8.80003270e-03  6.92135872e-02 
 8.80006547e-03  6.92135872e-02 
 8.80013101e-03  6.92135872e-02 
 8.80026208e-03  6.92135872e-02 
 8.80052422e-03  6.92135872e-02 
 8.80104851e-03  6.92135872e-02 
 8.80209709e-03  6.92135872e-02 
 8.80419424e-03  6.92135872e-02 
 8.80838854e-03  6.92135872e-02 
 8.81677715e-03  6.92135872e-02 
 8.83355437e-03  6.92135872e-02 
 8.86710880e-03  6.92135872e-02 
 8.90710880e-03  6.92135872e-02 
 8.94710880e-03  6.92135872e-02 
 8.98710880e-03  6.92135872e-02 
 9.02710880e-03  6.92135872e-02 
 9.06710880e-03  6.92135872e-02 
 9.10710880e-03  6.92135872e-02 
 9.14710880e-03  6.92135872e-02 
 9.18710880e-03  6.92135872e-02 
 9.19999920e-03  6.92135872e-02 
 9.19999928e-03  6.92135872e-02 
 9.19999944e-03  6.92135872e-02 
 9.19999976e-03  6.92135872e-02 
 9.20000000e-03  6.92135733e-02 
 9.20000006e-03  6.92135658e-02 
 9.20000019e-03  6.92135510e-02 
 9.20000045e-03  6.92135212e-02 
 9.20000096e-03  6.92134617e-02 
 9.20000198e-03  6.92133428e-02 
 9.20000403e-03  6.92131048e-02 
 9.20000813e-03  6.92126291e-02 
 9.20001632e-03  6.92116779e-02 
 9.20003270e-03  6.92097770e-02 
 9.20006547e-03  6.92059811e-02 
 9.20013101e-03  6.91984126e-02 
 9.20026208e-03  6.91833682e-02 
 9.20052422e-03  6.91536460e-02 
 9.20104851e-03  6.90956391e-02 
 9.20209709e-03  6.89851467e-02 
 9.20419424e-03  6.87845493e-02 
 9.20838854e-03  6.84530921e-02 
 9.21677715e-03  6.79967061e-02 
 9.23355437e-03  6.75548642e-02 
 9.26710880e-03  6.73496587e-02 
 9.30710880e-03  6.73549399e-02 
 9.34710880e-03  6.73543531e-02 
 9.38710880e-03  6.73544183e-02 
 9.42710880e-03  6.73544111e-02 
 9.46710880e-03  6.73544119e-02 
 9.50710880e-03  6.73544118e-02 
 9.54710880e-03  6.73544118e-02 
 9.58710880e-03  6.73544118e-02 
 9.59999920e-03  6.73544118e-02 
 9.59999928e-03  6.73544118e-02 
 9.59999944e-03  6.73544118e-02 
 9.59999976e-03  6.73544118e-02 
 9.60000000e-03  6.73544118e-02 
 9.60000006e-03  6.73544118e-02 
 9.60000019e-03  6.73544118e-02 
 9.60000045e-03  6.73544118e-02 
 9.60000096e-03  6.73544118e-02 
 9.60000198e-03  6.73544118e-02 
 9.60000403e-03  6.73544118e-02 
 9.60000813e-03  6.73544118e-02 
 9.60001632e-03  6.73544118e-02 
 9.60003270e-03  6.73544118e-02 
 9.60006547e-03  6.73544118e-02 
 9.60013101e-03  6.73544118e-02 
 9.60026208e-03  6.73544118e-02 
 9.60052422e-03  6.73544118e-02 
 9.60104851e-03  6.73544118e-02 
 9.60209709e-03  6.73544118e-02 
 9.60419424e-03  6.73544118e-02 
 9.60838854e-03  6.73544118e-02 
 9.61677715e-03  6.73544118e-02 
 9.63355437e-03  6.73544118e-02 
 9.66710880e-03  6.73544118e-02 
 9.70710880e-03  6.73544118e-02 
 9.74710880e-03  6.73544118e-02 
 9.78710880e-03  6.73544118e-02 
 9.82710880e-03  6.73544118e-02 
 9.86710880e-03  6.73544118e-02 
 9.90710880e-03  6.73544118e-02 
 9.94710880e-03  6.73544118e-02 
 9.98710880e-03  6.73544118e-02 
 9.99999920e-03  6.73544118e-02 
 9.99999928e-03  6.73544118e-02 
 9.99999944e-03  6.73544118e-02 
 9.99999976e-03  6.73544118e-02 
 1.00000000e-02  6.73543980e-02 
 1.00000001e-02  6.73543906e-02 
 1.00000002e-02  6.73543759e-02 
 1.00000004e-02  6.73543464e-02 
 1.00000010e-02  6.73542875e-02 
 1.00000020e-02  6.73541696e-02 
 1.00000040e-02  6.73539338e-02 
 1.00000081e-02  6.73534623e-02 
 1.00000163e-02  6.73525197e-02 
 1.00000327e-02  6.73506359e-02 
 1.00000655e-02  6.73468742e-02 
 1.00001310e-02  6.73393737e-02 
 1.00002621e-02  6.73244647e-02 
 1.00005242e-02  6.72950100e-02 
 1.00010485e-02  6.72375250e-02 
 1.00020971e-02  6.71280267e-02 
 1.00041942e-02  6.69292343e-02 
 1.00083885e-02  6.66007595e-02 
 1.00167772e-02  6.61484800e-02 
 1.00335544e-02  6.57106137e-02 
 1.00671088e-02  6.55072546e-02 
 1.01071088e-02  6.55124883e-02 
 1.01471088e-02  6.55119068e-02 
 1.01871088e-02  6.55119714e-02 
 1.02271088e-02  6.55119642e-02 
 1.02671088e-02  6.55119650e-02 
 1.03071088e-02  6.55119650e-02 
 1.03471088e-02  6.55119650e-02 
 1.03871088e-02  6.55119650e-02 
 1.03999992e-02  6.55119650e-02 
 1.03999993e-02  6.55119650e-02 
 1.03999994e-02  6.55119650e-02 
 1.03999998e-02  6.55119650e-02 
 1.04000000e-02  6.55119650e-02 
 1.04000001e-02  6.55119650e-02 
 1.04000002e-02  6.55119650e-02 
 1.04000004e-02  6.55119650e-02 
 1.04000010e-02  6.55119650e-02 
 1.04000020e-02  6.55119650e-02 
 1.04000040e-02  6.55119650e-02 
 1.04000081e-02  6.55119650e-02 
 1.04000163e-02  6.55119650e-02 
 1.04000327e-02  6.55119650e-02 
 1.04000655e-02  6.55119650e-02 
 1.04001310e-02  6.55119650e-02 
 1.04002621e-02  6.55119650e-02 
 1.04005242e-02  6.55119650e-02 
 1.04010485e-02  6.55119650e-02 
 1.04020971e-02  6.55119650e-02 
 1.04041942e-02  6.55119650e-02 
 1.04083885e-02  6.55119650e-02 
 1.04167772e-02  6.55119650e-02 
 1.04335544e-02  6.55119650e-02 
 1.04671088e-02  6.55119650e-02 
 1.05071088e-02  6.55119650e-02 
 1.05471088e-02  6.55119650e-02 
 1.05871088e-02  6.55119650e-02 
 1.06271088e-02  6.55119650e-02 
 1.06671088e-02  6.55119650e-02 
 1.07071088e-02  6.55119650e-02 
 1.07471088e-02  6.55119650e-02 
 1.07871088e-02  6.55119650e-02 
 1.07999992e-02  6.55119650e-02 
 1.07999993e-02  6.55119650e-02 
 1.07999994e-02  6.55119650e-02 
 1.07999998e-02  6.55119650e-02 
 1.08000000e-02  6.55119514e-02 
 1.08000001e-02  6.55119441e-02 
 1.08000002e-02  6.55119297e-02 
 1.08000004e-02  6.55119007e-02 
 1.08000010e-02  6.55118428e-02 
 1.08000020e-02  6.55117270e-02 
 1.08000040e-02  6.55114954e-02 
 1.08000081e-02  6.55110322e-02 
 1.08000163e-02  6.55101063e-02 
 1.08000327e-02  6.55082559e-02 
 1.08000655e-02  6.55045607e-02 
 1.08001310e-02  6.54971930e-02 
 1.08002621e-02  6.54825477e-02 
 1.08005242e-02  6.54536141e-02 
 1.08010485e-02  6.53971463e-02 
 1.08020971e-02  6.52895854e-02 
 1.08041942e-02  6.50943103e-02 
 1.08083885e-02  6.47716474e-02 
 1.08167772e-02  6.43273702e-02 
 1.08335544e-02  6.38972513e-02 
 1.08671088e-02  6.36974904e-02 
 1.09071088e-02  6.37026315e-02 
 1.09471088e-02  6.37020603e-02 
 1.09871088e-02  6.37021238e-02 
 1.10271088e-02  6.37021167e-02 
 1.10671088e-02  6.37021175e-02 
 1.11071088e-02  6.37021174e-02 
 1.11471088e-02  6.37021174e-02 
 1.11871088e-02  6.37021174e-02 
 1.11999992e-02  6.37021174e-02 
 1.11999993e-02  6.37021174e-02 
 1.11999994e-02  6.37021174e-02 
 1.11999998e-02  6.37021174e-02 
 1.12000000e-02  6.37021174e-02 
 1.12000001e-02  6.37021174e-02 
 1.12000002e-02  6.37021174e-02 
 1.12000004e-02  6.37021174e-02 
 1.12000010e-02  6.37021174e-02 
 1.12000020e-02  6.37021174e-02 
 1.12000040e-02  6.37021174e-02 
 1.12000081e-02  6.37021174e-02 
 1.12000163e-02  6.37021174e-02 
 1.12000327e-02  6.37021174e-02 
 1.12000655e-02  6.37021174e-02 
 1.12001310e-02  6.37021174e-02 
 1.12002621e-02  6.37021174e-02 
 1.12005242e-02  6.37021174e-02 
 1.12010485e-02  6.37021174e-02 
 1.12020971e-02  6.37021174e-02 
 1.12041942e-02  6.37021174e-02 
 1.12083885e-02  6.37021174e-02 
 1.12167772e-02  6.37021174e-02 
 1.12335544e-02  6.37021174e-02 
 1.12671088e-02  6.37021174e-02 
 1.13071088e-02  6.37021174e-02 
 1.13471088e-02  6.37021174e-02 
 1.13871088e-02  6.37021174e-02 
 1.14271088e-02  6.37021174e-02 
 1.14671088e-02  6.37021174e-02 
 1.15071088e-02  6.37021174e-02 
 1.15471088e-02  6.37021174e-02 
 1.15871088e-02  6.37021174e-02 
 1.15999992e-02  6.37021174e-02 
 1.15999993e-02  6.37021174e-02 
 1.15999994e-02  6.37021174e-02 
 1.15999998e-02  6.37021174e-02 
 1.16000000e-02  6.37021042e-02 
 1.16000001e-02  6.37020971e-02 
 1.16000002e-02  6.37020830e-02 
 1.16000004e-02  6.37020547e-02 
 1.16000010e-02  6.37019982e-02 
 1.16000020e-02  6.37018852e-02 
 1.16000040e-02  6.37016592e-02 
 1.16000081e-02  6.37012072e-02 
 1.16000163e-02  6.37003037e-02 
 1.16000327e-02  6.36984980e-02 
 1.16000655e-02  6.36948921e-02 
 1.16001310e-02  6.36877025e-02 
 1.16002621e-02  6.36734113e-02 
 1.16005242e-02  6.36451772e-02 
 1.16010485e-02  6.35900744e-02 
 1.16020971e-02  6.34851138e-02 
 1.16041942e-02  6.32945595e-02 
 1.16083885e-02  6.29796969e-02 
 1.16167772e-02  6.25461601e-02 
 1.16335544e-02  6.21264392e-02 
 1.16671088e-02  6.19315074e-02 
 1.17071088e-02  6.19365243e-02 
 1.17471088e-02  6.19359669e-02 
 1.17871088e-02  6.19360288e-02 
 1.18271088e-02  6.19360219e-02 
 1.18671088e-02  6.19360227e-02 
 1.19071088e-02  6.19360226e-02 
 1.19471088e-02  6.19360226e-02 
 1.19871088e-02  6.19360226e-02 
 1.19999992e-02  6.19360226e-02 
 1.19999993e-02  6.19360226e-02 
 1.19999994e-02  6.19360226e-02 
 1.19999998e-02  6.19360226e-02 
 1.20000000e-02  6.19360226e-02 
 1.20000001e-02  6.19360226e-02 
 1.20000002e-02  6.19360226e-02 
 1.20000004e-02  6.19360226e-02 
 1.20000010e-02  6.19360226e-02 
 1.20000020e-02  6.19360226e-02 
 1.20000040e-02  6.19360226e-02 
 1.20000081e-02  6.19360226e-02 
 1.20000163e-02  6.19360226e-02 
 1.20000327e-02  6.19360226e-02 
 1.20000655e-02  6.19360226e-02 
 1.20001310e-02  6.19360226e-02 
 1.20002621e-02  6.19360226e-02 
 1.20005242e-02  6.19360226e-02 
 1.20010485e-02  6.19360226e-02 
 1.20020971e-02  6.19360226e-02 
 1.20041942e-02  6.19360226e-02 
 1.20083885e-02  6.19360226e-02 
 1.20167772e-02  6.19360226e-02 
 1.20335544e-02  6.19360226e-02 
 1.20671088e-02  6.19360226e-02 
 1.21071088e-02  6.19360226e-02 
 1.21471088e-02  6.19360226e-02 
 1.21871088e-02  6.19360226e-02 
 1.22271088e-02  6.19360226e-02 
 1.22671088e-02  6.19360226e-02 
 1.23071088e-02  6.19360226e-02 
 1.23471088e-02  6.19360226e-02 
 1.23871088e-02  6.19360226e-02 
 1.23999992e-02  6.19360226e-02 
 1.23999993e-02  6.19360226e-02 
 1.23999994e-02  6.19360226e-02 
 1.23999998e-02  6.19360226e-02 
 1.24000000e-02  6.19360097e-02 
 1.24000001e-02  6.19360029e-02 
 1.24000002e-02  6.19359892e-02 
 1.24000004e-02  6.19359617e-02 
 1.24000010e-02  6.19359069e-02 
 1.24000020e-02  6.19357972e-02 
 1.24000040e-02  6.19355777e-02 
 1.24000081e-02  6.19351390e-02 
 1.24000163e-02  6.19342618e-02 
 1.24000327e-02  6.19325088e-02 
 1.24000655e-02  6.19290083e-02 
 1.24001310e-02  6.19220286e-02 
 1.24002621e-02  6.19081546e-02 
 1.24005242e-02  6.18807449e-02 
 1.24010485e-02  6.18272509e-02 
 1.24020971e-02  6.17253548e-02 
 1.24041942e-02  6.15403641e-02 
 1.24083885e-02  6.12346944e-02 
 1.24167772e-02  6.08138154e-02 
 1.24335544e-02  6.04063490e-02 
 1.24671088e-02  6.02171086e-02 
 1.25071088e-02  6.02219790e-02 
 1.25471088e-02  6.02214378e-02 
 1.25871088e-02  6.02214980e-02 
 1.26271088e-02  6.02214913e-02 
 1.26671088e-02  6.02214920e-02 
 1.27071088e-02  6.02214919e-02 
 1.27471088e-02  6.02214920e-02 
 1.27871088e-02  6.02214920e-02 
 1.27999992e-02  6.02214920e-02 
 1.27999993e-02  6.02214920e-02 
 1.27999994e-02  6.02214920e-02 
 1.27999998e-02  6.02214920e-02 
 1.28000000e-02  6.02214920e-02 
 1.28000001e-02  6.02214920e-02 
 1.28000002e-02  6.02214920e-02 
 1.28000004e-02  6.02214920e-02 
 1.28000010e-02  6.02214920e-02 
 1.28000020e-02  6.02214920e-02 
 1.28000040e-02  6.02214920e-02 
 1.28000081e-02  6.02214920e-02 
 1.28000163e-02  6.02214920e-02 
 1.28000327e-02  6.02214920e-02 
 1.28000655e-02  6.02214920e-02 
 1.28001310e-02  6.02214920e-02 
 1.28002621e-02  6.02214920e-02 
 1.28005242e-02  6.02214920e-02 
 1.28010485e-02  6.02214920e-02 
 1.28020971e-02  6.02214920e-02 
 1.28041942e-02  6.02214920e-02 
 1.28083885e-02  6.02214920e-02 
 1.28167772e-02  6.02214920e-02 
 1.28335544e-02  6.02214920e-02 
 1.28671088e-02  6.02214920e-02 
 1.29071088e-02  6.02214920e-02 
 1.29471088e-02  6.02214920e-02 
 1.29871088e-02  6.02214920e-02 
 1.30271088e-02  6.02214920e-02 
 1.30671088e-02  6.02214920e-02 
 1.31071088e-02  6.02214920e-02 
 1.31471088e-02  6.02214920e-02 
 1.31871088e-02  6.02214920e-02 
 1.31999992e-02  6.02214920e-02 
 1.31999993e-02  6.02214920e-02 
 1.31999994e-02  6.02214920e-02 
 1.31999998e-02  6.02214920e-02 
 1.32000000e-02  6.02214795e-02 
 1.32000001e-02  6.02214729e-02 
 1.32000002e-02  6.02214596e-02 
 1.32000004e-02  6.02214331e-02 
 1.32000010e-02  6.02213801e-02 
 1.32000020e-02  6.02212740e-02 
 1.32000040e-02  6.02210619e-02 
 1.32000081e-02  6.02206377e-02 
 1.32000163e-02  6.02197896e-02 
 1.32000327e-02  6.02180948e-02 
 1.32000655e-02  6.02147105e-02 
 1.32001310e-02  6.02079625e-02 
 1.32002621e-02  6.01945490e-02 
 1.32005242e-02  6.01680492e-02 
 1.32010485e-02  6.01163310e-02 
 1.32020971e-02  6.00178173e-02 
 1.32041942e-02  5.98389674e-02 
 1.32083885e-02  5.95434445e-02 
 1.32167772e-02  5.91365367e-02 
 1.32335544e-02  5.87425962e-02 
 1.32671088e-02  5.85596377e-02 
 1.33071088e-02  5.85643464e-02 
 1.33471088e-02  5.85638232e-02 
 1.33871088e-02  5.85638813e-02 
 1.34271088e-02  5.85638749e-02 
 1.34671088e-02  5.85638756e-02 
 1.35071088e-02  5.85638755e-02 
 1.35471088e-02  5.85638755e-02 
 1.35871088e-02  5.85638755e-02 
 1.35999992e-02  5.85638755e-02 
 1.35999993e-02  5.85638755e-02 
 1.35999994e-02  5.85638755e-02 
 1.35999998e-02  5.85638755e-02 
 1.36000000e-02  5.85638755e-02 
 1.36000001e-02  5.85638755e-02 
 1.36000002e-02  5.85638755e-02 
 1.36000004e-02  5.85638755e-02 
 1.36000010e-02  5.85638755e-02 
 1.36000020e-02  5.85638755e-02 
 1.36000040e-02  5.85638755e-02 
 1.36000081e-02  5.85638755e-02 
 1.36000163e-02  5.85638755e-02 
 1.36000327e-02  5.85638755e-02 
 1.36000655e-02  5.85638755e-02 
 1.36001310e-02  5.85638755e-02 
 1.36002621e-02  5.85638755e-02 
 1.36005242e-02  5.85638755e-02 
 1.36010485e-02  5.85638755e-02 
 1.36020971e-02  5.85638755e-02 
 1.36041942e-02  5.85638755e-02 
 1.36083885e-02  5.85638755e-02 
 1.36167772e-02  5.85638755e-02 
 1.36335544e-02  5.85638755e-02 
 1.36671088e-02  5.85638755e-02 
 1.37071088e-02  5.85638755e-02 
 1.37471088e-02  5.85638755e-02 
 1.37871088e-02  5.85638755e-02 
 1.38271088e-02  5.85638755e-02 
 1.38671088e-02  5.85638755e-02 
 1.39071088e-02  5.85638755e-02 
 1.39471088e-02  5.85638755e-02 
 1.39871088e-02  5.85638755e-02 
 1.39999992e-02  5.85638755e-02 
 1.39999993e-02  5.85638755e-02 
 1.39999994e-02  5.85638755e-02 
 1.39999998e-02  5.85638755e-02 
 1.40000000e-02  5.85638635e-02 
 1.40000001e-02  5.85638571e-02 
 1.40000002e-02  5.85638444e-02 
 1.40000004e-02  5.85638188e-02 
 1.40000010e-02  5.85637677e-02 
 1.40000020e-02  5.85636655e-02 
 1.40000040e-02  5.85634611e-02 
 1.40000081e-02  5.85630524e-02 
 1.40000163e-02  5.85622352e-02 
 1.40000327e-02  5.85606022e-02 
 1.40000655e-02  5.85573411e-02 
 1.40001310e-02  5.85508390e-02 
 1.40002621e-02  5.85379143e-02 
 1.40005242e-02  5.85123801e-02 
 1.40010485e-02  5.84625464e-02 
 1.40020971e-02  5.83676224e-02 
 1.40041942e-02  5.81952894e-02 
 1.40083885e-02  5.79105348e-02 
 1.40167772e-02  5.75184540e-02 
 1.40335544e-02  5.71388680e-02 
 1.40671088e-02  5.69625761e-02 
 1.41071088e-02  5.69671133e-02 
 1.41471088e-02  5.69666091e-02 
 1.41871088e-02  5.69666652e-02 
 1.42271088e-02  5.69666589e-02 
 1.42671088e-02  5.69666596e-02 
 1.43071088e-02  5.69666595e-02 
 1.43471088e-02  5.69666596e-02 
 1.43871088e-02  5.69666596e-02 
 1.43999992e-02  5.69666596e-02 
 1.43999993e-02  5.69666596e-02 
 1.43999994e-02  5.69666596e-02 
 1.43999998e-02  5.69666596e-02 
 1.44000000e-02  5.69666596e-02 
 1.44000001e-02  5.69666596e-02 
 1.44000002e-02  5.69666596e-02 
 1.44000004e-02  5.69666596e-02 
 1.44000010e-02  5.69666596e-02 
 1.44000020e-02  5.69666596e-02 
 1.44000040e-02  5.69666596e-02 
 1.44000081e-02  5.69666596e-02 
 1.44000163e-02  5.69666596e-02 
 1.44000327e-02  5.69666596e-02 
 1.44000655e-02  5.69666596e-02 
 1.44001310e-02  5.69666596e-02 
 1.44002621e-02  5.69666596e-02 
 1.44005242e-02  5.69666596e-02 
 1.44010485e-02  5.69666596e-02 
 1.44020971e-02  5.69666596e-02 
 1.44041942e-02  5.69666596e-02 
 1.44083885e-02  5.69666596e-02 
 1.44167772e-02  5.69666596e-02 
 1.44335544e-02  5.69666596e-02 
 1.44671088e-02  5.69666596e-02 
 1.45071088e-02  5.69666596e-02 
 1.45471088e-02  5.69666596e-02 
 1.45871088e-02  5.69666596e-02 
 1.46271088e-02  5.69666596e-02 
 1.46671088e-02  5.69666596e-02 
 1.47071088e-02  5.69666596e-02 
 1.47471088e-02  5.69666596e-02 
 1.47871088e-02  5.69666596e-02 
 1.47999992e-02  5.69666596e-02 
 1.47999993e-02  5.69666596e-02 
 1.47999994e-02  5.69666596e-02 
 1.47999998e-02  5.69666596e-02 
 1.48000000e-02  5.69666480e-02 
 1.48000001e-02  5.69666419e-02 
 1.48000002e-02  5.69666296e-02 
 1.48000004e-02  5.69666051e-02 
 1.48000010e-02  5.69665560e-02 
 1.48000020e-02  5.69664577e-02 
 1.48000040e-02  5.69662613e-02 
 1.48000081e-02  5.69658686e-02 
 1.48000163e-02  5.69650834e-02 
 1.48000327e-02  5.69635142e-02 
 1.48000655e-02  5.69603807e-02 
 1.48001310e-02  5.69541328e-02 
 1.48002621e-02  5.69417135e-02 
 1.48005242e-02  5.69171776e-02 
 1.48010485e-02  5.68692924e-02 
 1.48020971e-02  5.67780800e-02 
 1.48041942e-02  5.66124853e-02 
 1.48083885e-02  5.63388647e-02 
 1.48167772e-02  5.59621143e-02 
 1.48335544e-02  5.55973702e-02 
 1.48671088e-02  5.54279715e-02 
 1.49071088e-02  5.54323312e-02 
 1.49471088e-02  5.54318468e-02 
 1.49871088e-02  5.54319006e-02 
 1.50271088e-02  5.54318946e-02 
 1.50671088e-02  5.54318953e-02 
 1.51071088e-02  5.54318952e-02 
 1.51471088e-02  5.54318952e-02 
 1.51871088e-02  5.54318952e-02 
 1.51999992e-02  5.54318952e-02 
 1.51999993e-02  5.54318952e-02 
 1.51999994e-02  5.54318952e-02 
 1.51999998e-02  5.54318952e-02 
 1.52000000e-02  5.54318952e-02 
 1.52000001e-02  5.54318952e-02 
 1.52000002e-02  5.54318952e-02 
 1.52000004e-02  5.54318952e-02 
 1.52000010e-02  5.54318952e-02 
 1.52000020e-02  5.54318952e-02 
 1.52000040e-02  5.54318952e-02 
 1.52000081e-02  5.54318952e-02 
 1.52000163e-02  5.54318952e-02 
 1.52000327e-02  5.54318952e-02 
 1.52000655e-02  5.54318952e-02 
 1.52001310e-02  5.54318952e-02 
 1.52002621e-02  5.54318952e-02 
 1.52005242e-02  5.54318952e-02 
 1.52010485e-02  5.54318952e-02 
 1.52020971e-02  5.54318952e-02 
 1.52041942e-02  5.54318952e-02 
 1.52083885e-02  5.54318952e-02 
 1.52167772e-02  5.54318952e-02 
 1.52335544e-02  5.54318952e-02 
 1.52671088e-02  5.54318952e-02 
 1.53071088e-02  5.54318952e-02 
 1.53471088e-02  5.54318952e-02 
 1.53871088e-02  5.54318952e-02 
 1.54271088e-02  5.54318952e-02 
 1.54671088e-02  5.54318952e-02 
 1.55071088e-02  5.54318952e-02 
 1.55471088e-02  5.54318952e-02 
 1.55871088e-02  5.54318952e-02 
 1.55999992e-02  5.54318952e-02 
 1.55999993e-02  5.54318952e-02 
 1.55999994e-02  5.54318952e-02 
 1.55999998e-02  5.54318952e-02 
 1.56000000e-02  5.54318842e-02 
 1.56000001e-02  5.54318783e-02 
 1.56000002e-02  5.54318665e-02 
 1.56000004e-02  5.54318430e-02 
 1.56000010e-02  5.54317959e-02 
 1.56000020e-02  5.54317017e-02 
 1.56000040e-02  5.54315134e-02 
 1.56000081e-02  5.54311369e-02 
 1.56000163e-02  5.54303842e-02 
 1.56000327e-02  5.54288798e-02 
 1.56000655e-02  5.54258757e-02 
 1.56001310e-02  5.54198858e-02 
 1.56002621e-02  5.54079795e-02 
 1.56005242e-02  5.53844570e-02 
 1.56010485e-02  5.53385496e-02 
 1.56020971e-02  5.52511045e-02 
 1.56041942e-02  5.50923492e-02 
 1.56083885e-02  5.48300298e-02 
 1.56167772e-02  5.44688402e-02 
 1.56335544e-02  5.41191609e-02 
 1.56671088e-02  5.39567587e-02 
 1.57071088e-02  5.39609384e-02 
 1.57471088e-02  5.39604740e-02 
 1.57871088e-02  5.39605256e-02 
 1.58271088e-02  5.39605198e-02 
 1.58671088e-02  5.39605205e-02 
 1.59071088e-02  5.39605204e-02 
 1.59471088e-02  5.39605204e-02 
 1.59871088e-02  5.39605204e-02 
 1.59999992e-02  5.39605204e-02 
 1.59999993e-02  5.39605204e-02 
 1.59999994e-02  5.39605204e-02 
 1.59999998e-02  5.39605204e-02 
 1.60000000e-02  5.39605204e-02 
 1.60000001e-02  5.39605204e-02 
 1.60000002e-02  5.39605204e-02 
 1.60000004e-02  5.39605204e-02 
 1.60000010e-02  5.39605204e-02 
 1.60000020e-02  5.39605204e-02 
 1.60000040e-02  5.39605204e-02 
 1.60000081e-02  5.39605204e-02 
 1.60000163e-02  5.39605204e-02 
 1.60000327e-02  5.39605204e-02 
 1.60000655e-02  5.39605204e-02 
 1.60001310e-02  5.39605204e-02 
 1.60002621e-02  5.39605204e-02 
 1.60005242e-02  5.39605204e-02 
 1.60010485e-02  5.39605204e-02 
 1.60020971e-02  5.39605204e-02 
 1.60041942e-02  5.39605204e-02 
 1.60083885e-02  5.39605204e-02 
 1.60167772e-02  5.39605204e-02 
 1.60335544e-02  5.39605204e-02 
 1.60671088e-02  5.39605204e-02 
 1.61071088e-02  5.39605204e-02 
 1.61471088e-02  5.39605204e-02 
 1.61871088e-02  5.39605204e-02 
 1.62271088e-02  5.39605204e-02 
 1.62671088e-02  5.39605204e-02 
 1.63071088e-02  5.39605204e-02 
 1.63471088e-02  5.39605204e-02 
 1.63871088e-02  5.39605204e-02 
 1.63999992e-02  5.39605204e-02 
 1.63999993e-02  5.39605204e-02 
 1.63999994e-02  5.39605204e-02 
 1.63999998e-02  5.39605204e-02 
 1.64000000e-02  5.39605098e-02 
 1.64000001e-02  5.39605042e-02 
 1.64000002e-02  5.39604929e-02 
 1.64000004e-02  5.39604704e-02 
 1.64000010e-02  5.39604254e-02 
 1.64000020e-02  5.39603353e-02 
 1.64000040e-02  5.39601551e-02 
 1.64000081e-02  5.39597948e-02 
 1.64000163e-02  5.39590745e-02 
 1.64000327e-02  5.39576350e-02 
 1.64000655e-02  5.39547605e-02 
 1.64001310e-02  5.39490290e-02 
 1.64002621e-02  5.39376362e-02 
 1.64005242e-02  5.39151283e-02 
 1.64010485e-02  5.38712010e-02 
 1.64020971e-02  5.37875276e-02 
 1.64041942e-02  5.36356199e-02 
 1.64083885e-02  5.33846151e-02 
 1.64167772e-02  5.30390045e-02 
 1.64335544e-02  5.27044078e-02 
 1.64671088e-02  5.25490105e-02 
 1.65071088e-02  5.25530099e-02 
 1.65471088e-02  5.25525655e-02 
 1.65871088e-02  5.25526149e-02 
 1.66271088e-02  5.25526094e-02 
 1.66671088e-02  5.25526100e-02 
 1.67071088e-02  5.25526099e-02 
 1.67471088e-02  5.25526099e-02 
 1.67871088e-02  5.25526099e-02 
 1.67999992e-02  5.25526099e-02 
 1.67999993e-02  5.25526099e-02 
 1.67999994e-02  5.25526099e-02 
 1.67999998e-02  5.25526099e-02 
 1.68000000e-02  5.25526099e-02 
 1.68000001e-02  5.25526099e-02 
 1.68000002e-02  5.25526099e-02 
 1.68000004e-02  5.25526099e-02 
 1.68000010e-02  5.25526099e-02 
 1.68000020e-02  5.25526099e-02 
 1.68000040e-02  5.25526099e-02 
 1.68000081e-02  5.25526099e-02 
 1.68000163e-02  5.25526099e-02 
 1.68000327e-02  5.25526099e-02 
 1.68000655e-02  5.25526099e-02 
 1.68001310e-02  5.25526099e-02 
 1.68002621e-02  5.25526099e-02 
 1.68005242e-02  5.25526099e-02 
 1.68010485e-02  5.25526099e-02 
 1.68020971e-02  5.25526099e-02 
 1.68041942e-02  5.25526099e-02 
 1.68083885e-02  5.25526099e-02 
 1.68167772e-02  5.25526099e-02 
 1.68335544e-02  5.25526099e-02 
 1.68671088e-02  5.25526099e-02 
 1.69071088e-02  5.25526099e-02 
 1.69471088e-02  5.25526099e-02 
 1.69871088e-02  5.25526099e-02 
 1.70271088e-02  5.25526099e-02 
 1.70671088e-02  5.25526099e-02 
 1.71071088e-02  5.25526099e-02 
 1.71471088e-02  5.25526099e-02 
 1.71871088e-02  5.25526099e-02 
 1.71999992e-02  5.25526099e-02 
 1.71999993e-02  5.25526099e-02 
 1.71999994e-02  5.25526099e-02 
 1.71999998e-02  5.25526099e-02 
 1.72000000e-02  5.25525998e-02 
 1.72000001e-02  5.25525945e-02 
 1.72000002e-02  5.25525837e-02 
 1.72000004e-02  5.25525622e-02 
 1.72000010e-02  5.25525191e-02 
 1.72000020e-02  5.25524331e-02 
 1.72000040e-02  5.25522609e-02 
 1.72000081e-02  5.25519167e-02 
 1.72000163e-02  5.25512286e-02 
 1.72000327e-02  5.25498534e-02 
 1.72000655e-02  5.25471072e-02 
 1.72001310e-02  5.25416317e-02 
 1.72002621e-02  5.25307477e-02 
 1.72005242e-02  5.25092450e-02 
 1.72010485e-02  5.24672794e-02 
 1.72020971e-02  5.23873427e-02 
 1.72041942e-02  5.22422189e-02 
 1.72083885e-02  5.20024235e-02 
 1.72167772e-02  5.16722473e-02 
 1.72335544e-02  5.13525931e-02 
 1.72671088e-02  5.12041355e-02 
 1.73071088e-02  5.12079563e-02 
 1.73471088e-02  5.12075317e-02 
 1.73871088e-02  5.12075789e-02 
 1.74271088e-02  5.12075737e-02 
 1.74671088e-02  5.12075743e-02 
 1.75071088e-02  5.12075742e-02 
 1.75471088e-02  5.12075742e-02 
 1.75871088e-02  5.12075742e-02 
 1.75999992e-02  5.12075742e-02 
 1.75999993e-02  5.12075742e-02 
 1.75999994e-02  5.12075742e-02 
 1.75999998e-02  5.12075742e-02 
 1.76000000e-02  5.12075742e-02 
 1.76000001e-02  5.12075742e-02 
 1.76000002e-02  5.12075742e-02 
 1.76000004e-02  5.12075742e-02 
 1.76000010e-02  5.12075742e-02 
 1.76000020e-02  5.12075742e-02 
 1.76000040e-02  5.12075742e-02 
 1.76000081e-02  5.12075742e-02 
 1.76000163e-02  5.12075742e-02 
 1.76000327e-02  5.12075742e-02 
 1.76000655e-02  5.12075742e-02 
 1.76001310e-02  5.12075742e-02 
 1.76002621e-02  5.12075742e-02 
 1.76005242e-02  5.12075742e-02 
 1.76010485e-02  5.12075742e-02 
 1.76020971e-02  5.12075742e-02 
 1.76041942e-02  5.12075742e-02 
 1.76083885e-02  5.12075742e-02 
 1.76167772e-02  5.12075742e-02 
 1.76335544e-02  5.12075742e-02 
 1.76671088e-02  5.12075742e-02 
 1.77071088e-02  5.12075742e-02 
 1.77471088e-02  5.12075742e-02 
 1.77871088e-02  5.12075742e-02 
 1.78271088e-02  5.12075742e-02 
 1.78671088e-02  5.12075742e-02 
 1.79071088e-02  5.12075742e-02 
 1.79471088e-02  5.12075742e-02 
 1.79871088e-02  5.12075742e-02 
 1.79999992e-02  5.12075742e-02 
 1.79999993e-02  5.12075742e-02 
 1.79999994e-02  5.12075742e-02 
 1.79999998e-02  5.12075742e-02 
 1.80000000e-02  5.12075646e-02 
 1.80000001e-02  5.12075594e-02 
 1.80000002e-02  5.12075492e-02 
 1.80000004e-02  5.12075286e-02 
 1.80000010e-02  5.12074876e-02 
 1.80000020e-02  5.12074055e-02 
 1.80000040e-02  5.12072412e-02 
 1.80000081e-02  5.12069129e-02 
 1.80000163e-02  5.12062563e-02 
 1.80000327e-02  5.12049443e-02 
 1.80000655e-02  5.12023243e-02 
 1.80001310e-02  5.11971002e-02 
 1.80002621e-02  5.11867161e-02 
 1.80005242e-02  5.11662011e-02 
 1.80010485e-02  5.11261631e-02 
 1.80020971e-02  5.10498980e-02 
 1.80041942e-02  5.09114400e-02 
 1.80083885e-02  5.06826588e-02 
 1.80167772e-02  5.03676481e-02 
 1.80335544e-02  5.00626763e-02 
 1.80671088e-02  4.99210376e-02 
 1.81071088e-02  4.99246829e-02 
 1.81471088e-02  4.99242778e-02 
 1.81871088e-02  4.99243228e-02 
 1.82271088e-02  4.99243178e-02 
 1.82671088e-02  4.99243184e-02 
 1.83071088e-02  4.99243183e-02 
 1.83471088e-02  4.99243183e-02 
 1.83871088e-02  4.99243183e-02 
 1.83999992e-02  4.99243183e-02 
 1.83999993e-02  4.99243183e-02 
 1.83999994e-02  4.99243183e-02 
 1.83999998e-02  4.99243183e-02 
 1.84000000e-02  4.99243183e-02 
 1.84000001e-02  4.99243183e-02 
 1.84000002e-02  4.99243183e-02 
 1.84000004e-02  4.99243183e-02 
 1.84000010e-02  4.99243183e-02 
 1.84000020e-02  4.99243183e-02 
 1.84000040e-02  4.99243183e-02 
 1.84000081e-02  4.99243183e-02 
 1.84000163e-02  4.99243183e-02 
 1.84000327e-02  4.99243183e-02 
 1.84000655e-02  4.99243183e-02 
 1.84001310e-02  4.99243183e-02 
 1.84002621e-02  4.99243183e-02 
 1.84005242e-02  4.99243183e-02 
 1.84010485e-02  4.99243183e-02 
 1.84020971e-02  4.99243183e-02 
 1.84041942e-02  4.99243183e-02 
 1.84083885e-02  4.99243183e-02 
 1.84167772e-02  4.99243183e-02 
 1.84335544e-02  4.99243183e-02 
 1.84671088e-02  4.99243183e-02 
 1.85071088e-02  4.99243183e-02 
 1.85471088e-02  4.99243183e-02 
 1.85871088e-02  4.99243183e-02 
 1.86271088e-02  4.99243183e-02 
 1.86671088e-02  4.99243183e-02 
 1.87071088e-02  4.99243183e-02 
 1.87471088e-02  4.99243183e-02 
 1.87871088e-02  4.99243183e-02 
 1.87999992e-02  4.99243183e-02 
 1.87999993e-02  4.99243183e-02 
 1.87999994e-02  4.99243183e-02 
 1.87999998e-02  4.99243183e-02 
 1.88000000e-02  4.99243092e-02 
 1.88000001e-02  4.99243043e-02 
 1.88000002e-02  4.99242945e-02 
 1.88000004e-02  4.99242749e-02 
 1.88000010e-02  4.99242358e-02 
 1.88000020e-02  4.99241575e-02 
 1.88000040e-02  4.99240010e-02 
 1.88000081e-02  4.99236881e-02 
 1.88000163e-02  4.99230624e-02 
 1.88000327e-02  4.99218120e-02 
 1.88000655e-02  4.99193151e-02 
 1.88001310e-02  4.99143366e-02 
 1.88002621e-02  4.99044405e-02 
 1.88005242e-02  4.98848896e-02 
 1.88010485e-02  4.98467332e-02 
 1.88020971e-02  4.97740523e-02 
 1.88041942e-02  4.96421013e-02 
 1.88083885e-02  4.94240719e-02 
 1.88167772e-02  4.91238656e-02 
 1.88335544e-02  4.88332262e-02 
 1.88671088e-02  4.86982440e-02 
 1.89071088e-02  4.87017180e-02 
 1.89471088e-02  4.87013320e-02 
 1.89871088e-02  4.87013749e-02 
 1.90271088e-02  4.87013701e-02 
 1.90671088e-02  4.87013706e-02 
 1.91071088e-02  4.87013706e-02 
 1.91471088e-02  4.87013706e-02 
 1.91871088e-02  4.87013706e-02 
 1.91999992e-02  4.87013706e-02 
 1.91999993e-02  4.87013706e-02 
 1.91999994e-02  4.87013706e-02 
 1.91999998e-02  4.87013706e-02 
 1.92000000e-02  4.87013706e-02 
 1.92000001e-02  4.87013706e-02 
 1.92000002e-02  4.87013706e-02 
 1.92000004e-02  4.87013706e-02 
 1.92000010e-02  4.87013706e-02 
 1.92000020e-02  4.87013706e-02 
 1.92000040e-02  4.87013706e-02 
 1.92000081e-02  4.87013706e-02 
 1.92000163e-02  4.87013706e-02 
 1.92000327e-02  4.87013706e-02 
 1.92000655e-02  4.87013706e-02 
 1.92001310e-02  4.87013706e-02 
 1.92002621e-02  4.87013706e-02 
 1.92005242e-02  4.87013706e-02 
 1.92010485e-02  4.87013706e-02 
 1.92020971e-02  4.87013706e-02 
 1.92041942e-02  4.87013706e-02 
 1.92083885e-02  4.87013706e-02 
 1.92167772e-02  4.87013706e-02 
 1.92335544e-02  4.87013706e-02 
 1.92671088e-02  4.87013706e-02 
 1.93071088e-02  4.87013706e-02 
 1.93471088e-02  4.87013706e-02 
 1.93871088e-02  4.87013706e-02 
 1.94271088e-02  4.87013706e-02 
 1.94671088e-02  4.87013706e-02 
 1.95071088e-02  4.87013706e-02 
 1.95471088e-02  4.87013706e-02 
 1.95871088e-02  4.87013706e-02 
 1.95999992e-02  4.87013706e-02 
 1.95999993e-02  4.87013706e-02 
 1.95999994e-02  4.87013706e-02 
 1.95999998e-02  4.87013706e-02 
 1.96000000e-02  4.87013618e-02 
 1.96000001e-02  4.87013572e-02 
 1.96000002e-02  4.87013479e-02 
 1.96000004e-02  4.87013292e-02 
 1.96000010e-02  4.87012920e-02 
 1.96000020e-02  4.87012175e-02 
 1.96000040e-02  4.87010684e-02 
 1.96000081e-02  4.87007705e-02 
 1.96000163e-02  4.87001748e-02 
 1.96000327e-02  4.86989843e-02 
 1.96000655e-02  4.86966069e-02 
 1.96001310e-02  4.86918668e-02 
 1.96002621e-02  4.86824446e-02 
 1.96005242e-02  4.86638299e-02 
 1.96010485e-02  4.86275007e-02 
 1.96020971e-02  4.85583002e-02 
 1.96041942e-02  4.84326679e-02 
 1.96083885e-02  4.82250791e-02 
 1.96167772e-02  4.79392485e-02 
 1.96335544e-02  4.76625268e-02 
 1.96671088e-02  4.75340084e-02 
 1.97071088e-02  4.75373160e-02 
 1.97471088e-02  4.75369485e-02 
 1.97871088e-02  4.75369893e-02 
 1.98271088e-02  4.75369848e-02 
 1.98671088e-02  4.75369853e-02 
 1.99071088e-02  4.75369852e-02 
 1.99471088e-02  4.75369852e-02 
 1.99871088e-02  4.75369852e-02 
 1.99999992e-02  4.75369852e-02 
 1.99999993e-02  4.75369852e-02 
 1.99999994e-02  4.75369852e-02 
 1.99999998e-02  4.75369852e-02 
 2.00000000e-02  4.75369852e-02 
 2.00000001e-02  4.75369852e-02 
 2.00000002e-02  4.75369852e-02 
 2.00000004e-02  4.75369852e-02 
 2.00000010e-02  4.75369852e-02 
 2.00000020e-02  4.75369852e-02 
 2.00000040e-02  4.75369852e-02 
 2.00000081e-02  4.75369852e-02 
 2.00000163e-02  4.75369852e-02 
 2.00000327e-02  4.75369852e-02 
 2.00000655e-02  4.75369852e-02 
 2.00001310e-02  4.75369852e-02 
 2.00002621e-02  4.75369852e-02 
 2.00005242e-02  4.75369852e-02 
 2.00010485e-02  4.75369852e-02 
 2.00020971e-02  4.75369852e-02 
 2.00041942e-02  4.75369852e-02 
 2.00083885e-02  4.75369852e-02 
 2.00167772e-02  4.75369852e-02 
 2.00335544e-02  4.75369852e-02 
 2.00671088e-02  4.75369852e-02 
 2.01071088e-02  4.75369852e-02 
 2.01471088e-02  4.75369852e-02 
 2.01871088e-02  4.75369852e-02 
 2.02271088e-02  4.75369852e-02 
 2.02671088e-02  4.75369852e-02 
 2.03071088e-02  4.75369852e-02 
 2.03471088e-02  4.75369852e-02 
 2.03871088e-02  4.75369852e-02 
 2.03999992e-02  4.75369852e-02 
 2.03999993e-02  4.75369852e-02 
 2.03999994e-02  4.75369852e-02 
 2.03999998e-02  4.75369852e-02 
 2.04000000e-02  4.75369769e-02 
 2.04000001e-02  4.75369725e-02 
 2.04000002e-02  4.75369636e-02 
 2.04000004e-02  4.75369459e-02 
 2.04000010e-02  4.75369105e-02 
 2.04000020e-02  4.75368396e-02 
 2.04000040e-02  4.75366978e-02 
 2.04000081e-02  4.75364143e-02 
 2.04000163e-02  4.75358476e-02 
 2.04000327e-02  4.75347150e-02 
 2.04000655e-02  4.75324533e-02 
 2.04001310e-02  4.75279437e-02 
 2.04002621e-02  4.75189797e-02 
 2.04005242e-02  4.75012702e-02 
 2.04010485e-02  4.74667077e-02 
 2.04020971e-02  4.74008726e-02 
 2.04041942e-02  4.72813499e-02 
 2.04083885e-02  4.70838564e-02 
 2.04167772e-02  4.68119261e-02 
 2.04335544e-02  4.65486617e-02 
 2.04671088e-02  4.64263933e-02 
 2.05071088e-02  4.64295400e-02 
 2.05471088e-02  4.64291904e-02 
 2.05871088e-02  4.64292292e-02 
 2.06271088e-02  4.64292249e-02 
 2.06671088e-02  4.64292254e-02 
 2.07071088e-02  4.64292253e-02 
 2.07471088e-02  4.64292253e-02 
 2.07871088e-02  4.64292253e-02 
 2.07999992e-02  4.64292253e-02 
 2.07999993e-02  4.64292253e-02 
 2.07999994e-02  4.64292253e-02 
 2.07999998e-02  4.64292253e-02 
 2.08000000e-02  4.64292253e-02 
 2.08000001e-02  4.64292253e-02 
 2.08000002e-02  4.64292253e-02 
 2.08000004e-02  4.64292253e-02 
 2.08000010e-02  4.64292253e-02 
 2.08000020e-02  4.64292253e-02 
 2.08000040e-02  4.64292253e-02 
 2.08000081e-02  4.64292253e-02 
 2.08000163e-02  4.64292253e-02 
 2.08000327e-02  4.64292253e-02 
 2.08000655e-02  4.64292253e-02 
 2.08001310e-02  4.64292253e-02 
 2.08002621e-02  4.64292253e-02 
 2.08005242e-02  4.64292253e-02 
 2.08010485e-02  4.64292253e-02 
 2.08020971e-02  4.64292253e-02 
 2.08041942e-02  4.64292253e-02 
 2.08083885e-02  4.64292253e-02 
 2.08167772e-02  4.64292253e-02 
 2.08335544e-02  4.64292253e-02 
 2.08671088e-02  4.64292253e-02 
 2.09071088e-02  4.64292253e-02 
 2.09471088e-02  4.64292253e-02 
 2.09871088e-02  4.64292253e-02 
 2.10271088e-02  4.64292253e-02 
 2.10671088e-02  4.64292253e-02 
 2.11071088e-02  4.64292253e-02 
 2.11471088e-02  4.64292253e-02 
 2.11871088e-02  4.64292253e-02 
 2.11999992e-02  4.64292253e-02 
 2.11999993e-02  4.64292253e-02 
 2.11999994e-02  4.64292253e-02 
 2.11999998e-02  4.64292253e-02 
 2.12000000e-02  4.64292174e-02 
 2.12000001e-02  4.64292132e-02 
 2.12000002e-02  4.64292048e-02 
 2.12000004e-02  4.64291879e-02 
 2.12000010e-02  4.64291542e-02 
 2.12000020e-02  4.64290869e-02 
 2.12000040e-02  4.64289521e-02 
 2.12000081e-02  4.64286826e-02 
 2.12000163e-02  4.64281437e-02 
 2.12000327e-02  4.64270669e-02 
 2.12000655e-02  4.64249166e-02 
 2.12001310e-02  4.64206291e-02 
 2.12002621e-02  4.64121067e-02 
 2.12005242e-02  4.63952695e-02 
 2.12010485e-02  4.63624094e-02 
 2.12020971e-02  4.62998169e-02 
 2.12041942e-02  4.61861813e-02 
 2.12083885e-02  4.59984153e-02 
 2.12167772e-02  4.57398789e-02 
 2.12335544e-02  4.54895816e-02 
 2.12671088e-02  4.53733355e-02 
 2.13071088e-02  4.53763273e-02 
 2.13471088e-02  4.53759949e-02 
 2.13871088e-02  4.53760318e-02 
 2.14271088e-02  4.53760277e-02 
 2.14671088e-02  4.53760282e-02 
 2.15071088e-02  4.53760281e-02 
 2.15471088e-02  4.53760281e-02 
 2.15871088e-02  4.53760281e-02 
 2.15999992e-02  4.53760281e-02 
 2.15999993e-02  4.53760281e-02 
 2.15999994e-02  4.53760281e-02 
 2.15999998e-02  4.53760281e-02 
 2.16000000e-02  4.53760281e-02 
 2.16000001e-02  4.53760281e-02 
 2.16000002e-02  4.53760281e-02 
 2.16000004e-02  4.53760281e-02 
 2.16000010e-02  4.53760281e-02 
 2.16000020e-02  4.53760281e-02 
 2.16000040e-02  4.53760281e-02 
 2.16000081e-02  4.53760281e-02 
 2.16000163e-02  4.53760281e-02 
 2.16000327e-02  4.53760281e-02 
 2.16000655e-02  4.53760281e-02 
 2.16001310e-02  4.53760281e-02 
 2.16002621e-02  4.53760281e-02 
 2.16005242e-02  4.53760281e-02 
 2.16010485e-02  4.53760281e-02 
 2.16020971e-02  4.53760281e-02 
 2.16041942e-02  4.53760281e-02 
 2.16083885e-02  4.53760281e-02 
 2.16167772e-02  4.53760281e-02 
 2.16335544e-02  4.53760281e-02 
 2.16671088e-02  4.53760281e-02 
 2.17071088e-02  4.53760281e-02 
 2.17471088e-02  4.53760281e-02 
 2.17871088e-02  4.53760281e-02 
 2.18271088e-02  4.53760281e-02 
 2.18671088e-02  4.53760281e-02 
 2.19071088e-02  4.53760281e-02 
 2.19471088e-02  4.53760281e-02 
 2.19871088e-02  4.53760281e-02 
 2.19999992e-02  4.53760281e-02 
 2.19999993e-02  4.53760281e-02 
 2.19999994e-02  4.53760281e-02 
 2.19999998e-02  4.53760281e-02 
 2.20000000e-02  4.53760206e-02 
 2.20000001e-02  4.53760166e-02 
 2.20000002e-02  4.53760086e-02 
 2.20000004e-02  4.53759926e-02 
 2.20000010e-02  4.53759606e-02 
 2.20000020e-02  4.53758965e-02 
 2.20000040e-02  4.53757684e-02 
 2.20000081e-02  4.53755123e-02 
 2.20000163e-02  4.53750003e-02 
 2.20000327e-02  4.53739771e-02 
 2.20000655e-02  4.53719338e-02 
 2.20001310e-02  4.53678598e-02 
 2.20002621e-02  4.53597616e-02 
 2.20005242e-02  4.53437625e-02 
 2.20010485e-02  4.53125381e-02 
 2.20020971e-02  4.52530613e-02 
 2.20041942e-02  4.51450822e-02 
 2.20083885e-02  4.49666629e-02 
 2.20167772e-02  4.47209958e-02 
 2.20335544e-02  4.44831577e-02 
 2.20671088e-02  4.43726981e-02 
 2.21071088e-02  4.43755409e-02 
 2.21471088e-02  4.43752251e-02 
 2.21871088e-02  4.43752602e-02 
 2.22271088e-02  4.43752563e-02 
 2.22671088e-02  4.43752567e-02 
 2.23071088e-02  4.43752566e-02 
 2.23471088e-02  4.43752566e-02 
 2.23871088e-02  4.43752566e-02 
 2.23999992e-02  4.43752566e-02 
 2.23999993e-02  4.43752566e-02 
 2.23999994e-02  4.43752566e-02 
 2.23999998e-02  4.43752566e-02 
 2.24000000e-02  4.43752566e-02 
 2.24000001e-02  4.43752566e-02 
 2.24000002e-02  4.43752566e-02 
 2.24000004e-02  4.43752566e-02 
 2.24000010e-02  4.43752566e-02 
 2.24000020e-02  4.43752566e-02 
 2.24000040e-02  4.43752566e-02 
 2.24000081e-02  4.43752566e-02 
 2.24000163e-02  4.43752566e-02 
 2.24000327e-02  4.43752566e-02 
 2.24000655e-02  4.43752566e-02 
 2.24001310e-02  4.43752566e-02 
 2.24002621e-02  4.43752566e-02 
 2.24005242e-02  4.43752566e-02 
 2.24010485e-02  4.43752566e-02 
 2.24020971e-02  4.43752566e-02 
 2.24041942e-02  4.43752566e-02 
 2.24083885e-02  4.43752566e-02 
 2.24167772e-02  4.43752566e-02 
 2.24335544e-02  4.43752566e-02 
 2.24671088e-02  4.43752566e-02 
 2.25071088e-02  4.43752566e-02 
 2.25471088e-02  4.43752566e-02 
 2.25871088e-02  4.43752566e-02 
 2.26271088e-02  4.43752566e-02 
 2.26671088e-02  4.43752566e-02 
 2.27071088e-02  4.43752566e-02 
 2.27471088e-02  4.43752566e-02 
 2.27871088e-02  4.43752566e-02 
 2.27999992e-02  4.43752566e-02 
 2.27999993e-02  4.43752566e-02 
 2.27999994e-02  4.43752566e-02 
 2.27999998e-02  4.43752566e-02 
 2.28000000e-02  4.43752495e-02 
 2.28000001e-02  4.43752457e-02 
 2.28000002e-02  4.43752381e-02 
 2.28000004e-02  4.43752229e-02 
 2.28000010e-02  4.43751925e-02 
 2.28000020e-02  4.43751317e-02 
 2.28000040e-02  4.43750100e-02 
 2.28000081e-02  4.43747668e-02 
 2.28000163e-02  4.43742805e-02 
 2.28000327e-02  4.43733087e-02 
 2.28000655e-02  4.43713680e-02 
 2.28001310e-02  4.43674985e-02 
 2.28002621e-02  4.43598069e-02 
 2.28005242e-02  4.43446113e-02 
 2.28010485e-02  4.43149548e-02 
 2.28020971e-02  4.42584648e-02 
 2.28041942e-02  4.41559080e-02 
 2.28083885e-02  4.39864482e-02 
 2.28167772e-02  4.37531177e-02 
 2.28335544e-02  4.35272229e-02 
 2.28671088e-02  4.34223102e-02 
 2.29071088e-02  4.34250103e-02 
 2.29471088e-02  4.34247103e-02 
 2.29871088e-02  4.34247436e-02 
 2.30271088e-02  4.34247399e-02 
 2.30671088e-02  4.34247403e-02 
 2.31071088e-02  4.34247403e-02 
 2.31471088e-02  4.34247403e-02 
 2.31871088e-02  4.34247403e-02 
 2.31999992e-02  4.34247403e-02 
 2.31999993e-02  4.34247403e-02 
 2.31999994e-02  4.34247403e-02 
 2.31999998e-02  4.34247403e-02 
 2.32000000e-02  4.34247403e-02 
 2.32000001e-02  4.34247403e-02 
 2.32000002e-02  4.34247403e-02 
 2.32000004e-02  4.34247403e-02 
 2.32000010e-02  4.34247403e-02 
 2.32000020e-02  4.34247403e-02 
 2.32000040e-02  4.34247403e-02 
 2.32000081e-02  4.34247403e-02 
 2.32000163e-02  4.34247403e-02 
 2.32000327e-02  4.34247403e-02 
 2.32000655e-02  4.34247403e-02 
 2.32001310e-02  4.34247403e-02 
 2.32002621e-02  4.34247403e-02 
 2.32005242e-02  4.34247403e-02 
 2.32010485e-02  4.34247403e-02 
 2.32020971e-02  4.34247403e-02 
 2.32041942e-02  4.34247403e-02 
 2.32083885e-02  4.34247403e-02 
 2.32167772e-02  4.34247403e-02 
 2.32335544e-02  4.34247403e-02 
 2.32671088e-02  4.34247403e-02 
 2.33071088e-02  4.34247403e-02 
 2.33471088e-02  4.34247403e-02 
 2.33871088e-02  4.34247403e-02 
 2.34271088e-02  4.34247403e-02 
 2.34671088e-02  4.34247403e-02 
 2.35071088e-02  4.34247403e-02 
 2.35471088e-02  4.34247403e-02 
 2.35871088e-02  4.34247403e-02 
 2.35999992e-02  4.34247403e-02 
 2.35999993e-02  4.34247403e-02 
 2.35999994e-02  4.34247403e-02 
 2.35999998e-02  4.34247403e-02 
 2.36000000e-02  4.34247335e-02 
 2.36000001e-02  4.34247299e-02 
 2.36000002e-02  4.34247227e-02 
 2.36000004e-02  4.34247082e-02 
 2.36000010e-02  4.34246794e-02 
 2.36000020e-02  4.34246216e-02 
 2.36000040e-02  4.34245061e-02 
 2.36000081e-02  4.34242752e-02 
 2.36000163e-02  4.34238135e-02 
 2.36000327e-02  4.34228908e-02 
 2.36000655e-02  4.34210483e-02 
 2.36001310e-02  4.34173746e-02 
 2.36002621e-02  4.34100721e-02 
 2.36005242e-02  4.33956451e-02 
 2.36010485e-02  4.33674888e-02 
 2.36020971e-02  4.33138563e-02 
 2.36041942e-02  4.32164874e-02 
 2.36083885e-02  4.30555997e-02 
 2.36167772e-02  4.28340722e-02 
 2.36335544e-02  4.26196043e-02 
 2.36671088e-02  4.25199985e-02 
 2.37071088e-02  4.25225620e-02 
 2.37471088e-02  4.25222772e-02 
 2.37871088e-02  4.25223088e-02 
 2.38271088e-02  4.25223053e-02 
 2.38671088e-02  4.25223057e-02 
 2.39071088e-02  4.25223057e-02 
 2.39471088e-02  4.25223057e-02 
 2.39871088e-02  4.25223057e-02 
 2.39999992e-02  4.25223057e-02 
 2.39999993e-02  4.25223057e-02 
 2.39999994e-02  4.25223057e-02 
 2.39999998e-02  4.25223057e-02 
 2.40000000e-02  4.25223057e-02 
 2.40000001e-02  4.25223057e-02 
 2.40000002e-02  4.25223057e-02 
 2.40000004e-02  4.25223057e-02 
 2.40000010e-02  4.25223057e-02 
 2.40000020e-02  4.25223057e-02 
 2.40000040e-02  4.25223057e-02 
 2.40000081e-02  4.25223057e-02 
 2.40000163e-02  4.25223057e-02 
 2.40000327e-02  4.25223057e-02 
 2.40000655e-02  4.25223057e-02 
 2.40001310e-02  4.25223057e-02 
 2.40002621e-02  4.25223057e-02 
 2.40005242e-02  4.25223057e-02 
 2.40010485e-02  4.25223057e-02 
 2.40020971e-02  4.25223057e-02 
 2.40041942e-02  4.25223057e-02 
 2.40083885e-02  4.25223057e-02 
 2.40167772e-02  4.25223057e-02 
 2.40335544e-02  4.25223057e-02 
 2.40671088e-02  4.25223057e-02 
 2.41071088e-02  4.25223057e-02 
 2.41471088e-02  4.25223057e-02 
 2.41871088e-02  4.25223057e-02 
 2.42271088e-02  4.25223057e-02 
 2.42671088e-02  4.25223057e-02 
 2.43071088e-02  4.25223057e-02 
 2.43471088e-02  4.25223057e-02 
 2.43871088e-02  4.25223057e-02 
 2.43999992e-02  4.25223057e-02 
 2.43999993e-02  4.25223057e-02 
 2.43999994e-02  4.25223057e-02 
 2.43999998e-02  4.25223057e-02 
 2.44000000e-02  4.25222993e-02 
 2.44000001e-02  4.25222958e-02 
 2.44000002e-02  4.25222890e-02 
 2.44000004e-02  4.25222753e-02 
 2.44000010e-02  4.25222479e-02 
 2.44000020e-02  4.25221931e-02 
 2.44000040e-02  4.25220834e-02 
 2.44000081e-02  4.25218643e-02 
 2.44000163e-02  4.25214261e-02 
 2.44000327e-02  4.25205504e-02 
 2.44000655e-02  4.25188016e-02 
 2.44001310e-02  4.25153149e-02 
 2.44002621e-02  4.25083840e-02 
 2.44005242e-02  4.24946913e-02 
 2.44010485e-02  4.24679681e-02 
 2.44020971e-02  4.24170652e-02 
 2.44041942e-02  4.23246519e-02 
 2.44083885e-02  4.21719525e-02 
 2.44167772e-02  4.19616997e-02 
 2.44335544e-02  4.17581471e-02 
 2.44671088e-02  4.16636109e-02 
 2.45071088e-02  4.16660439e-02 
 2.45471088e-02  4.16657736e-02 
 2.45871088e-02  4.16658036e-02 
 2.46271088e-02  4.16658003e-02 
 2.46671088e-02  4.16658006e-02 
 2.47071088e-02  4.16658006e-02 
 2.47471088e-02  4.16658006e-02 
 2.47871088e-02  4.16658006e-02 
 2.47999992e-02  4.16658006e-02 
 2.47999993e-02  4.16658006e-02 
 2.47999994e-02  4.16658006e-02 
 2.47999998e-02  4.16658006e-02 
 2.48000000e-02  4.16658006e-02 
 2.48000001e-02  4.16658006e-02 
 2.48000002e-02  4.16658006e-02 
 2.48000004e-02  4.16658006e-02 
 2.48000010e-02  4.16658006e-02 
 2.48000020e-02  4.16658006e-02 
 2.48000040e-02  4.16658006e-02 
 2.48000081e-02  4.16658006e-02 
 2.48000163e-02  4.16658006e-02 
 2.48000327e-02  4.16658006e-02 
 2.48000655e-02  4.16658006e-02 
 2.48001310e-02  4.16658006e-02 
 2.48002621e-02  4.16658006e-02 
 2.48005242e-02  4.16658006e-02 
 2.48010485e-02  4.16658006e-02 
 2.48020971e-02  4.16658006e-02 
 2.48041942e-02  4.16658006e-02 
 2.48083885e-02  4.16658006e-02 
 2.48167772e-02  4.16658006e-02 
 2.48335544e-02  4.16658006e-02 
 2.48671088e-02  4.16658006e-02 
 2.49071088e-02  4.16658006e-02 
 2.49471088e-02  4.16658006e-02 
 2.49871088e-02  4.16658006e-02 
 2.50271088e-02  4.16658006e-02 
 2.50671088e-02  4.16658006e-02 
 2.51071088e-02  4.16658006e-02 
 2.51471088e-02  4.16658006e-02 
 2.51871088e-02  4.16658006e-02 
 2.51999992e-02  4.16658006e-02 
 2.51999993e-02  4.16658006e-02 
 2.51999994e-02  4.16658006e-02 
 2.51999998e-02  4.16658006e-02 
 2.52000000e-02  4.16657945e-02 
 2.52000001e-02  4.16657912e-02 
 2.52000002e-02  4.16657847e-02 
 2.52000004e-02  4.16657717e-02 
 2.52000010e-02  4.16657457e-02 
 2.52000020e-02  4.16656937e-02 
 2.52000040e-02  4.16655897e-02 
 2.52000081e-02  4.16653818e-02 
 2.52000163e-02  4.16649660e-02 
 2.52000327e-02  4.16641351e-02 
 2.52000655e-02  4.16624758e-02 
 2.52001310e-02  4.16591674e-02 
 2.52002621e-02  4.16525911e-02 
 2.52005242e-02  4.16395989e-02 
 2.52010485e-02  4.16142427e-02 
 2.52020971e-02  4.15659439e-02 
 2.52041942e-02  4.14782581e-02 
 2.52083885e-02  4.13333704e-02 
 2.52167772e-02  4.11338734e-02 
 2.52335544e-02  4.09407339e-02 
 2.52671088e-02  4.08510338e-02 
 2.53071088e-02  4.08533424e-02 
 2.53471088e-02  4.08530859e-02 
 2.53871088e-02  4.08531144e-02 
 2.54271088e-02  4.08531112e-02 
 2.54671088e-02  4.08531115e-02 
 2.55071088e-02  4.08531115e-02 
 2.55471088e-02  4.08531115e-02 
 2.55871088e-02  4.08531115e-02 
 2.55999992e-02  4.08531115e-02 
 2.55999993e-02  4.08531115e-02 
 2.55999994e-02  4.08531115e-02 
 2.55999998e-02  4.08531115e-02 
 2.56000000e-02  4.08531115e-02 
 2.56000001e-02  4.08531115e-02 
 2.56000002e-02  4.08531115e-02 
 2.56000004e-02  4.08531115e-02 
 2.56000010e-02  4.08531115e-02 
 2.56000020e-02  4.08531115e-02 
 2.56000040e-02  4.08531115e-02 
 2.56000081e-02  4.08531115e-02 
 2.56000163e-02  4.08531115e-02 
 2.56000327e-02  4.08531115e-02 
 2.56000655e-02  4.08531115e-02 
 2.56001310e-02  4.08531115e-02 
 2.56002621e-02  4.08531115e-02 
 2.56005242e-02  4.08531115e-02 
 2.56010485e-02  4.08531115e-02 
 2.56020971e-02  4.08531115e-02 
 2.56041942e-02  4.08531115e-02 
 2.56083885e-02  4.08531115e-02 
 2.56167772e-02  4.08531115e-02 
 2.56335544e-02  4.08531115e-02 
 2.56671088e-02  4.08531115e-02 
 2.57071088e-02  4.08531115e-02 
 2.57471088e-02  4.08531115e-02 
 2.57871088e-02  4.08531115e-02 
 2.58271088e-02  4.08531115e-02 
 2.58671088e-02  4.08531115e-02 
 2.59071088e-02  4.08531115e-02 
 2.59471088e-02  4.08531115e-02 
 2.59871088e-02  4.08531115e-02 
 2.59999992e-02  4.08531115e-02 
 2.59999993e-02  4.08531115e-02 
 2.59999994e-02  4.08531115e-02 
 2.59999998e-02  4.08531115e-02 
 2.60000000e-02  4.08531057e-02 
 2.60000001e-02  4.08531026e-02 
 2.60000002e-02  4.08530965e-02 
 2.60000004e-02  4.08530841e-02 
 2.60000010e-02  4.08530595e-02 
 2.60000020e-02  4.08530101e-02 
 2.60000040e-02  4.08529115e-02 
 2.60000081e-02  4.08527142e-02 
 2.60000163e-02  4.08523198e-02 
 2.60000327e-02  4.08515316e-02 
 2.60000655e-02  4.08499575e-02 
 2.60001310e-02  4.08468191e-02 
 2.60002621e-02  4.08405807e-02 
 2.60005242e-02  4.08282560e-02 
 2.60010485e-02  4.08042026e-02 
 2.60020971e-02  4.07583852e-02 
 2.60041942e-02  4.06752046e-02 
 2.60083885e-02  4.05377609e-02 
 2.60167772e-02  4.03485136e-02 
 2.60335544e-02  4.01652973e-02 
 2.60671088e-02  4.00802058e-02 
 2.61071088e-02  4.00823958e-02 
 2.61471088e-02  4.00821524e-02 
 2.61871088e-02  4.00821795e-02 
 2.62271088e-02  4.00821765e-02 
 2.62671088e-02  4.00821768e-02 
 2.63071088e-02  4.00821768e-02 
 2.63471088e-02  4.00821768e-02 
 2.63871088e-02  4.00821768e-02 
 2.63999992e-02  4.00821768e-02 
 2.63999993e-02  4.00821768e-02 
 2.63999994e-02  4.00821768e-02 
 2.63999998e-02  4.00821768e-02 
 2.64000000e-02  4.00821768e-02 
 2.64000001e-02  4.00821768e-02 
 2.64000002e-02  4.00821768e-02 
 2.64000004e-02  4.00821768e-02 
 2.64000010e-02  4.00821768e-02 
 2.64000020e-02  4.00821768e-02 
 2.64000040e-02  4.00821768e-02 
 2.64000081e-02  4.00821768e-02 
 2.64000163e-02  4.00821768e-02 
 2.64000327e-02  4.00821768e-02 
 2.64000655e-02  4.00821768e-02 
 2.64001310e-02  4.00821768e-02 
 2.64002621e-02  4.00821768e-02 
 2.64005242e-02  4.00821768e-02 
 2.64010485e-02  4.00821768e-02 
 2.64020971e-02  4.00821768e-02 
 2.64041942e-02  4.00821768e-02 
 2.64083885e-02  4.00821768e-02 
 2.64167772e-02  4.00821768e-02 
 2.64335544e-02  4.00821768e-02 
 2.64671088e-02  4.00821768e-02 
 2.65071088e-02  4.00821768e-02 
 2.65471088e-02  4.00821768e-02 
 2.65871088e-02  4.00821768e-02 
 2.66271088e-02  4.00821768e-02 
 2.66671088e-02  4.00821768e-02 
 2.67071088e-02  4.00821768e-02 
 2.67471088e-02  4.00821768e-02 
 2.67871088e-02  4.00821768e-02 
 2.67999992e-02  4.00821768e-02 
 2.67999993e-02  4.00821768e-02 
 2.67999994e-02  4.00821768e-02 
 2.67999998e-02  4.00821768e-02 
 2.68000000e-02  4.00821713e-02 
 2.68000001e-02  4.00821684e-02 
 2.68000002e-02  4.00821625e-02 
 2.68000004e-02  4.00821508e-02 
 2.68000010e-02  4.00821274e-02 
 2.68000020e-02  4.00820806e-02 
 2.68000040e-02  4.00819871e-02 
 2.68000081e-02  4.00817999e-02 
 2.68000163e-02  4.00814259e-02 
 2.68000327e-02  4.00806783e-02 
 2.68000655e-02  4.00791854e-02 
 2.68001310e-02  4.00762089e-02 
 2.68002621e-02  4.00702922e-02 
 2.68005242e-02  4.00586030e-02 
 2.68010485e-02  4.00357899e-02 
 2.68020971e-02  3.99923351e-02 
 2.68041942e-02  3.99134437e-02 
 2.68083885e-02  3.97830874e-02 
 2.68167772e-02  3.96035988e-02 
 2.68335544e-02  3.94298302e-02 
 2.68671088e-02  3.93491265e-02 
 2.69071088e-02  3.93512035e-02 
 2.69471088e-02  3.93509727e-02 
 2.69871088e-02  3.93509983e-02 
 2.70271088e-02  3.93509955e-02 
 2.70671088e-02  3.93509958e-02 
 2.71071088e-02  3.93509958e-02 
 2.71471088e-02  3.93509958e-02 
 2.71871088e-02  3.93509958e-02 
 2.71999992e-02  3.93509958e-02 
 2.71999993e-02  3.93509958e-02 
 2.71999994e-02  3.93509958e-02 
 2.71999998e-02  3.93509958e-02 
 2.72000000e-02  3.93509958e-02 
 2.72000001e-02  3.93509958e-02 
 2.72000002e-02  3.93509958e-02 
 2.72000004e-02  3.93509958e-02 
 2.72000010e-02  3.93509958e-02 
 2.72000020e-02  3.93509958e-02 
 2.72000040e-02  3.93509958e-02 
 2.72000081e-02  3.93509958e-02 
 2.72000163e-02  3.93509958e-02 
 2.72000327e-02  3.93509958e-02 
 2.72000655e-02  3.93509958e-02 
 2.72001310e-02  3.93509958e-02 
 2.72002621e-02  3.93509958e-02 
 2.72005242e-02  3.93509958e-02 
 2.72010485e-02  3.93509958e-02 
 2.72020971e-02  3.93509958e-02 
 2.72041942e-02  3.93509958e-02 
 2.72083885e-02  3.93509958e-02 
 2.72167772e-02  3.93509958e-02 
 2.72335544e-02  3.93509958e-02 
 2.72671088e-02  3.93509958e-02 
 2.73071088e-02  3.93509958e-02 
 2.73471088e-02  3.93509958e-02 
 2.73871088e-02  3.93509958e-02 
 2.74271088e-02  3.93509958e-02 
 2.74671088e-02  3.93509958e-02 
 2.75071088e-02  3.93509958e-02 
 2.75471088e-02  3.93509958e-02 
 2.75871088e-02  3.93509958e-02 
 2.75999992e-02  3.93509958e-02 
 2.75999993e-02  3.93509958e-02 
 2.75999994e-02  3.93509958e-02 
 2.75999998e-02  3.93509958e-02 
 2.76000000e-02  3.93509906e-02 
 2.76000001e-02  3.93509878e-02 
 2.76000002e-02  3.93509823e-02 
 2.76000004e-02  3.93509712e-02 
 2.76000010e-02  3.93509490e-02 
 2.76000020e-02  3.93509046e-02 
 2.76000040e-02  3.93508159e-02 
 2.76000081e-02  3.93506384e-02 
 2.76000163e-02  3.93502837e-02 
 2.76000327e-02  3.93495748e-02 
 2.76000655e-02  3.93481592e-02 
 2.76001310e-02  3.93453366e-02 
 2.76002621e-02  3.93397259e-02 
 2.76005242e-02  3.93286413e-02 
 2.76010485e-02  3.93070082e-02 
 2.76020971e-02  3.92658012e-02 
 2.76041942e-02  3.91909905e-02 
 2.76083885e-02  3.90673769e-02 
 2.76167772e-02  3.88971724e-02 
 2.76335544e-02  3.87323920e-02 
 2.76671088e-02  3.86558627e-02 
 2.77071088e-02  3.86578323e-02 
 2.77471088e-02  3.86576135e-02 
 2.77871088e-02  3.86576378e-02 
 2.78271088e-02  3.86576351e-02 
 2.78671088e-02  3.86576354e-02 
 2.79071088e-02  3.86576353e-02 
 2.79471088e-02  3.86576353e-02 
 2.79871088e-02  3.86576353e-02 
 2.79999992e-02  3.86576353e-02 
 2.79999993e-02  3.86576353e-02 
 2.79999994e-02  3.86576353e-02 
 2.79999998e-02  3.86576353e-02 
 2.80000000e-02  3.86576353e-02 
 2.80000001e-02  3.86576353e-02 
 2.80000002e-02  3.86576353e-02 
 2.80000004e-02  3.86576353e-02 
 2.80000010e-02  3.86576353e-02 
 2.80000020e-02  3.86576353e-02 
 2.80000040e-02  3.86576353e-02 
 2.80000081e-02  3.86576353e-02 
 2.80000163e-02  3.86576353e-02 
 2.80000327e-02  3.86576353e-02 
 2.80000655e-02  3.86576353e-02 
 2.80001310e-02  3.86576353e-02 
 2.80002621e-02  3.86576353e-02 
 2.80005242e-02  3.86576353e-02 
 2.80010485e-02  3.86576353e-02 
 2.80020971e-02  3.86576353e-02 
 2.80041942e-02  3.86576353e-02 
 2.80083885e-02  3.86576353e-02 
 2.80167772e-02  3.86576353e-02 
 2.80335544e-02  3.86576353e-02 
 2.80671088e-02  3.86576353e-02 
 2.81071088e-02  3.86576353e-02 
 2.81471088e-02  3.86576353e-02 
 2.81871088e-02  3.86576353e-02 
 2.82271088e-02  3.86576353e-02 
 2.82671088e-02  3.86576353e-02 
 2.83071088e-02  3.86576353e-02 
 2.83471088e-02  3.86576353e-02 
 2.83871088e-02  3.86576353e-02 
 2.83999992e-02  3.86576353e-02 
 2.83999993e-02  3.86576353e-02 
 2.83999994e-02  3.86576353e-02 
 2.83999998e-02  3.86576353e-02 
 2.84000000e-02  3.86576304e-02 
 2.84000001e-02  3.86576278e-02 
 2.84000002e-02  3.86576225e-02 
 2.84000004e-02  3.86576120e-02 
 2.84000010e-02  3.86575910e-02 
 2.84000020e-02  3.86575489e-02 
 2.84000040e-02  3.86574648e-02 
 2.84000081e-02  3.86572965e-02 
 2.84000163e-02  3.86569602e-02 
 2.84000327e-02  3.86562881e-02 
 2.84000655e-02  3.86549458e-02 
 2.84001310e-02  3.86522696e-02 
 2.84002621e-02  3.86469499e-02 
 2.84005242e-02  3.86364402e-02 
 2.84010485e-02  3.86159291e-02 
 2.84020971e-02  3.85768591e-02 
 2.84041942e-02  3.85059282e-02 
 2.84083885e-02  3.83887254e-02 
 2.84167772e-02  3.82273480e-02 
 2.84335544e-02  3.80711134e-02 
 2.84671088e-02  3.79985530e-02 
 2.85071088e-02  3.80004205e-02 
 2.85471088e-02  3.80002130e-02 
 2.85871088e-02  3.80002360e-02 
 2.86271088e-02  3.80002335e-02 
 2.86671088e-02  3.80002337e-02 
 2.87071088e-02  3.80002337e-02 
 2.87471088e-02  3.80002337e-02 
 2.87871088e-02  3.80002337e-02 
 2.87999992e-02  3.80002337e-02 
 2.87999993e-02  3.80002337e-02 
 2.87999994e-02  3.80002337e-02 
 2.87999998e-02  3.80002337e-02 
 2.88000000e-02  3.80002337e-02 
 2.88000001e-02  3.80002337e-02 
 2.88000002e-02  3.80002337e-02 
 2.88000004e-02  3.80002337e-02 
 2.88000010e-02  3.80002337e-02 
 2.88000020e-02  3.80002337e-02 
 2.88000040e-02  3.80002337e-02 
 2.88000081e-02  3.80002337e-02 
 2.88000163e-02  3.80002337e-02 
 2.88000327e-02  3.80002337e-02 
 2.88000655e-02  3.80002337e-02 
 2.88001310e-02  3.80002337e-02 
 2.88002621e-02  3.80002337e-02 
 2.88005242e-02  3.80002337e-02 
 2.88010485e-02  3.80002337e-02 
 2.88020971e-02  3.80002337e-02 
 2.88041942e-02  3.80002337e-02 
 2.88083885e-02  3.80002337e-02 
 2.88167772e-02  3.80002337e-02 
 2.88335544e-02  3.80002337e-02 
 2.88671088e-02  3.80002337e-02 
 2.89071088e-02  3.80002337e-02 
 2.89471088e-02  3.80002337e-02 
 2.89871088e-02  3.80002337e-02 
 2.90271088e-02  3.80002337e-02 
 2.90671088e-02  3.80002337e-02 
 2.91071088e-02  3.80002337e-02 
 2.91471088e-02  3.80002337e-02 
 2.91871088e-02  3.80002337e-02 
 2.91999992e-02  3.80002337e-02 
 2.91999993e-02  3.80002337e-02 
 2.91999994e-02  3.80002337e-02 
 2.91999998e-02  3.80002337e-02 
 2.92000000e-02  3.80002290e-02 
 2.92000001e-02  3.80002266e-02 
 2.92000002e-02  3.80002216e-02 
 2.92000004e-02  3.80002116e-02 
 2.92000010e-02  3.80001917e-02 
 2.92000020e-02  3.80001518e-02 
 2.92000040e-02  3.80000720e-02 
 2.92000081e-02  3.79999125e-02 
 2.92000163e-02  3.79995937e-02 
 2.92000327e-02  3.79989565e-02 
 2.92000655e-02  3.79976840e-02 
 2.92001310e-02  3.79951469e-02 
 2.92002621e-02  3.79901037e-02 
 2.92005242e-02  3.79801403e-02 
 2.92010485e-02  3.79606953e-02 
 2.92020971e-02  3.79236561e-02 
 2.92041942e-02  3.78564121e-02 
 2.92083885e-02  3.77453014e-02 
 2.92167772e-02  3.75923121e-02 
 2.92335544e-02  3.74441983e-02 
 2.92671088e-02  3.73754096e-02 
 2.93071088e-02  3.73771799e-02 
 2.93471088e-02  3.73769832e-02 
 2.93871088e-02  3.73770051e-02 
 2.94271088e-02  3.73770027e-02 
 2.94671088e-02  3.73770029e-02 
 2.95071088e-02  3.73770029e-02 
 2.95471088e-02  3.73770029e-02 
 2.95871088e-02  3.73770029e-02 
 2.95999992e-02  3.73770029e-02 
 2.95999993e-02  3.73770029e-02 
 2.95999994e-02  3.73770029e-02 
 2.95999998e-02  3.73770029e-02 
 2.96000000e-02  3.73770029e-02 
 2.96000001e-02  3.73770029e-02 
 2.96000002e-02  3.73770029e-02 
 2.96000004e-02  3.73770029e-02 
 2.96000010e-02  3.73770029e-02 
 2.96000020e-02  3.73770029e-02 
 2.96000040e-02  3.73770029e-02 
 2.96000081e-02  3.73770029e-02 
 2.96000163e-02  3.73770029e-02 
 2.96000327e-02  3.73770029e-02 
 2.96000655e-02  3.73770029e-02 
 2.96001310e-02  3.73770029e-02 
 2.96002621e-02  3.73770029e-02 
 2.96005242e-02  3.73770029e-02 
 2.96010485e-02  3.73770029e-02 
 2.96020971e-02  3.73770029e-02 
 2.96041942e-02  3.73770029e-02 
 2.96083885e-02  3.73770029e-02 
 2.96167772e-02  3.73770029e-02 
 2.96335544e-02  3.73770029e-02 
 2.96671088e-02  3.73770029e-02 
 2.97071088e-02  3.73770029e-02 
 2.97471088e-02  3.73770029e-02 
 2.97871088e-02  3.73770029e-02 
 2.98271088e-02  3.73770029e-02 
 2.98671088e-02  3.73770029e-02 
 2.99071088e-02  3.73770029e-02 
 2.99471088e-02  3.73770029e-02 
 2.99871088e-02  3.73770029e-02 
 2.99999992e-02  3.73770029e-02 
 2.99999993e-02  3.73770029e-02 
 2.99999994e-02  3.73770029e-02 
 2.99999998e-02  3.73770029e-02 
 3.00000000e-02  3.73769985e-02 
 3.00000001e-02  3.73769961e-02 
 3.00000002e-02  3.73769914e-02 
 3.00000004e-02  3.73769819e-02 
 3.00000010e-02  3.73769630e-02 
 3.00000020e-02  3.73769252e-02 
 3.00000040e-02  3.73768496e-02 
 3.00000081e-02  3.73766984e-02 
 3.00000163e-02  3.73763962e-02 
 3.00000327e-02  3.73757922e-02 
 3.00000655e-02  3.73745860e-02 
 3.00001310e-02  3.73721810e-02 
 3.00002621e-02  3.73674005e-02 
 3.00005242e-02  3.73579559e-02 
 3.00010485e-02  3.73395236e-02 
 3.00020971e-02  3.73044134e-02 
 3.00041942e-02  3.72406714e-02 
 3.00083885e-02  3.71353472e-02 
 3.00167772e-02  3.69903255e-02 
 3.00335544e-02  3.68499254e-02 
 3.00671088e-02  3.67847191e-02 
 3.01071088e-02  3.67863973e-02 
 3.01471088e-02  3.67862108e-02 
 3.01871088e-02  3.67862316e-02 
 3.02271088e-02  3.67862293e-02 
 3.02671088e-02  3.67862295e-02 
 3.03071088e-02  3.67862295e-02 
 3.03471088e-02  3.67862295e-02 
 3.03871088e-02  3.67862295e-02 
 3.03999992e-02  3.67862295e-02 
 3.03999993e-02  3.67862295e-02 
 3.03999994e-02  3.67862295e-02 
 3.03999998e-02  3.67862295e-02 
 3.04000000e-02  3.67862295e-02 
 3.04000001e-02  3.67862295e-02 
 3.04000002e-02  3.67862295e-02 
 3.04000004e-02  3.67862295e-02 
 3.04000010e-02  3.67862295e-02 
 3.04000020e-02  3.67862295e-02 
 3.04000040e-02  3.67862295e-02 
 3.04000081e-02  3.67862295e-02 
 3.04000163e-02  3.67862295e-02 
 3.04000327e-02  3.67862295e-02 
 3.04000655e-02  3.67862295e-02 
 3.04001310e-02  3.67862295e-02 
 3.04002621e-02  3.67862295e-02 
 3.04005242e-02  3.67862295e-02 
 3.04010485e-02  3.67862295e-02 
 3.04020971e-02  3.67862295e-02 
 3.04041942e-02  3.67862295e-02 
 3.04083885e-02  3.67862295e-02 
 3.04167772e-02  3.67862295e-02 
 3.04335544e-02  3.67862295e-02 
 3.04671088e-02  3.67862295e-02 
 3.05071088e-02  3.67862295e-02 
 3.05471088e-02  3.67862295e-02 
 3.05871088e-02  3.67862295e-02 
 3.06271088e-02  3.67862295e-02 
 3.06671088e-02  3.67862295e-02 
 3.07071088e-02  3.67862295e-02 
 3.07471088e-02  3.67862295e-02 
 3.07871088e-02  3.67862295e-02 
 3.07999992e-02  3.67862295e-02 
 3.07999993e-02  3.67862295e-02 
 3.07999994e-02  3.67862295e-02 
 3.07999998e-02  3.67862295e-02 
 3.08000000e-02  3.67862253e-02 
 3.08000001e-02  3.67862230e-02 
 3.08000002e-02  3.67862186e-02 
 3.08000004e-02  3.67862096e-02 
 3.08000010e-02  3.67861917e-02 
 3.08000020e-02  3.67861559e-02 
 3.08000040e-02  3.67860842e-02 
 3.08000081e-02  3.67859409e-02 
 3.08000163e-02  3.67856544e-02 
 3.08000327e-02  3.67850819e-02 
 3.08000655e-02  3.67839386e-02 
 3.08001310e-02  3.67816591e-02 
 3.08002621e-02  3.67771280e-02 
 3.08005242e-02  3.67681761e-02 
 3.08010485e-02  3.67507053e-02 
 3.08020971e-02  3.67174267e-02 
 3.08041942e-02  3.66570099e-02 
 3.08083885e-02  3.65571801e-02 
 3.08167772e-02  3.64197237e-02 
 3.08335544e-02  3.62866477e-02 
 3.08671088e-02  3.62248430e-02 
 3.09071088e-02  3.62264337e-02 
 3.09471088e-02  3.62262569e-02 
 3.09871088e-02  3.62262766e-02 
 3.10271088e-02  3.62262744e-02 
 3.10671088e-02  3.62262746e-02 
 3.11071088e-02  3.62262746e-02 
 3.11471088e-02  3.62262746e-02 
 3.11871088e-02  3.62262746e-02 
 3.11999992e-02  3.62262746e-02 
 3.11999993e-02  3.62262746e-02 
 3.11999994e-02  3.62262746e-02 
 3.11999998e-02  3.62262746e-02 
 3.12000000e-02  3.62262746e-02 
 3.12000001e-02  3.62262746e-02 
 3.12000002e-02  3.62262746e-02 
 3.12000004e-02  3.62262746e-02 
 3.12000010e-02  3.62262746e-02 
 3.12000020e-02  3.62262746e-02 
 3.12000040e-02  3.62262746e-02 
 3.12000081e-02  3.62262746e-02 
 3.12000163e-02  3.62262746e-02 
 3.12000327e-02  3.62262746e-02 
 3.12000655e-02  3.62262746e-02 
 3.12001310e-02  3.62262746e-02 
 3.12002621e-02  3.62262746e-02 
 3.12005242e-02  3.62262746e-02 
 3.12010485e-02  3.62262746e-02 
 3.12020971e-02  3.62262746e-02 
 3.12041942e-02  3.62262746e-02 
 3.12083885e-02  3.62262746e-02 
 3.12167772e-02  3.62262746e-02 
 3.12335544e-02  3.62262746e-02 
 3.12671088e-02  3.62262746e-02 
 3.13071088e-02  3.62262746e-02 
 3.13471088e-02  3.62262746e-02 
 3.13871088e-02  3.62262746e-02 
 3.14271088e-02  3.62262746e-02 
 3.14671088e-02  3.62262746e-02 
 3.15071088e-02  3.62262746e-02 
 3.15471088e-02  3.62262746e-02 
 3.15871088e-02  3.62262746e-02 
 3.15999992e-02  3.62262746e-02 
 3.15999993e-02  3.62262746e-02 
 3.15999994e-02  3.62262746e-02 
 3.15999998e-02  3.62262746e-02 
 3.16000000e-02  3.62262706e-02 
 3.16000001e-02  3.62262685e-02 
 3.16000002e-02  3.62262642e-02 
 3.16000004e-02  3.62262558e-02 
 3.16000010e-02  3.62262388e-02 
 3.16000020e-02  3.62262048e-02 
 3.16000040e-02  3.62261369e-02 
 3.16000081e-02  3.62260011e-02 
 3.16000163e-02  3.62257296e-02 
 3.16000327e-02  3.62251870e-02 
 3.16000655e-02  3.62241034e-02 
 3.16001310e-02  3.62219430e-02 
 3.16002621e-02  3.62176486e-02 
 3.16005242e-02  3.62091644e-02 
 3.16010485e-02  3.61926063e-02 
 3.16020971e-02  3.61610662e-02 
 3.16041942e-02  3.61038057e-02 
 3.16083885e-02  3.60091913e-02 
 3.16167772e-02  3.58789159e-02 
 3.16335544e-02  3.57527921e-02 
 3.16671088e-02  3.56942162e-02 
 3.17071088e-02  3.56957237e-02 
 3.17471088e-02  3.56955562e-02 
 3.17871088e-02  3.56955748e-02 
 3.18271088e-02  3.56955728e-02 
 3.18671088e-02  3.56955730e-02 
 3.19071088e-02  3.56955730e-02 
 3.19471088e-02  3.56955730e-02 
 3.19871088e-02  3.56955730e-02 
 3.19999992e-02  3.56955730e-02 
 3.19999993e-02  3.56955730e-02 
 3.19999994e-02  3.56955730e-02 
 3.19999998e-02  3.56955730e-02 
 3.20000000e-02  3.56955730e-02 
 3.20000001e-02  3.56955730e-02 
 3.20000002e-02  3.56955730e-02 
 3.20000004e-02  3.56955730e-02 
 3.20000010e-02  3.56955730e-02 
 3.20000020e-02  3.56955730e-02 
 3.20000040e-02  3.56955730e-02 
 3.20000081e-02  3.56955730e-02 
 3.20000163e-02  3.56955730e-02 
 3.20000327e-02  3.56955730e-02 
 3.20000655e-02  3.56955730e-02 
 3.20001310e-02  3.56955730e-02 
 3.20002621e-02  3.56955730e-02 
 3.20005242e-02  3.56955730e-02 
 3.20010485e-02  3.56955730e-02 
 3.20020971e-02  3.56955730e-02 
 3.20041942e-02  3.56955730e-02 
 3.20083885e-02  3.56955730e-02 
 3.20167772e-02  3.56955730e-02 
 3.20290224e-02  3.56955730e-02 
 3.20416349e-02  3.56955730e-02 
 3.20595728e-02  3.56955730e-02 
 3.20813484e-02  3.56955730e-02 
 3.21156407e-02  3.56955730e-02 
 3.21556407e-02  3.56955730e-02 
 3.21956407e-02  3.56955730e-02 
 3.22356407e-02  3.56955730e-02 
 3.22756407e-02  3.56955730e-02 
 3.23156407e-02  3.56955730e-02 
 3.23556407e-02  3.56955730e-02 
 3.23956407e-02  3.56955730e-02 
 3.23999992e-02  3.56955730e-02 
 3.23999993e-02  3.56955730e-02 
 3.23999994e-02  3.56955730e-02 
 3.23999998e-02  3.56955730e-02 
 3.24000000e-02  3.56963457e-02 
 3.24000001e-02  3.56967579e-02 
 3.24000002e-02  3.56975821e-02 
 3.24000004e-02  3.56992306e-02 
 3.24000010e-02  3.57025276e-02 
 3.24000020e-02  3.57091211e-02 
 3.24000040e-02  3.57223070e-02 
 3.24000081e-02  3.57486736e-02 
 3.24000163e-02  3.58013866e-02 
 3.24000327e-02  3.59067318e-02 
 3.24000655e-02  3.61170987e-02 
 3.24001310e-02  3.65365428e-02 
 3.24002621e-02  3.73702979e-02 
 3.24005242e-02  3.90174841e-02 
 3.24010485e-02  4.22321992e-02 
 3.24020971e-02  4.83556368e-02 
 3.24041942e-02  5.94726423e-02 
 3.24083885e-02  7.78418379e-02 
 3.24167772e-02  1.03134528e-01 
 3.24290224e-02  1.22837313e-01 
 3.24416349e-02  1.31823530e-01 
 3.24595728e-02  1.36785301e-01 
 3.24813484e-02  1.38360383e-01 
 3.25156407e-02  1.38742946e-01 
 3.25556407e-02  1.38728739e-01 
 3.25956407e-02  1.38730317e-01 
 3.26356407e-02  1.38730142e-01 
 3.26756407e-02  1.38730161e-01 
 3.27156407e-02  1.38730159e-01 
 3.27556407e-02  1.38730159e-01 
 3.27956407e-02  1.38730159e-01 
 3.27999992e-02  1.38730159e-01 
 3.27999993e-02  1.38730159e-01 
 3.27999994e-02  1.38730159e-01 
 3.27999998e-02  1.38730159e-01 
 3.28000000e-02  1.38730159e-01 
 3.28000001e-02  1.38730159e-01 
 3.28000002e-02  1.38730159e-01 
 3.28000004e-02  1.38730159e-01 
 3.28000010e-02  1.38730159e-01 
 3.28000020e-02  1.38730159e-01 
 3.28000040e-02  1.38730159e-01 
 3.28000081e-02  1.38730159e-01 
 3.28000163e-02  1.38730159e-01 
 3.28000327e-02  1.38730159e-01 
 3.28000655e-02  1.38730159e-01 
 3.28001310e-02  1.38730159e-01 
 3.28002621e-02  1.38730159e-01 
 3.28005242e-02  1.38730159e-01 
 3.28010485e-02  1.38730159e-01 
 3.28020971e-02  1.38730159e-01 
 3.28041942e-02  1.38730159e-01 
 3.28083885e-02  1.38730159e-01 
 3.28167772e-02  1.38730159e-01 
 3.28307949e-02  1.38730159e-01 
 3.28447019e-02  1.38730159e-01 
 3.28597400e-02  1.38730159e-01 
 3.28775636e-02  1.38730159e-01 
 3.29053576e-02  1.38730159e-01 
 3.29453576e-02  1.38730159e-01 
 3.29853576e-02  1.38730159e-01 
 3.30253576e-02  1.38730159e-01 
 3.30653576e-02  1.38730159e-01 
 3.31053576e-02  1.38730159e-01 
 3.31453576e-02  1.38730159e-01 
 3.31853576e-02  1.38730159e-01 
 3.31999992e-02  1.38730159e-01 
 3.31999993e-02  1.38730159e-01 
 3.31999994e-02  1.38730159e-01 
 3.31999998e-02  1.38730159e-01 
 3.32000000e-02  1.38731281e-01 
 3.32000001e-02  1.38731880e-01 
 3.32000002e-02  1.38733076e-01 
 3.32000004e-02  1.38735469e-01 
 3.32000010e-02  1.38740256e-01 
 3.32000020e-02  1.38749828e-01 
 3.32000040e-02  1.38768970e-01 
 3.32000081e-02  1.38807246e-01 
 3.32000163e-02  1.38883771e-01 
 3.32000327e-02  1.39036702e-01 
 3.32000655e-02  1.39342094e-01 
 3.32001310e-02  1.39951007e-01 
 3.32002621e-02  1.41161380e-01 
 3.32005242e-02  1.43552622e-01 
 3.32010485e-02  1.48219467e-01 
 3.32020971e-02  1.57108943e-01 
 3.32041942e-02  1.73247648e-01 
 3.32083885e-02  1.99914454e-01 
 3.32167772e-02  2.36632190e-01 
 3.32307949e-02  2.68114052e-01 
 3.32447019e-02  2.80348436e-01 
 3.32597400e-02  2.85437031e-01 
 3.32775636e-02  2.87490297e-01 
 3.33053576e-02  2.88249410e-01 
 3.33453576e-02  2.88313229e-01 
 3.33853576e-02  2.88306138e-01 
 3.34253576e-02  2.88306925e-01 
 3.34653576e-02  2.88306838e-01 
 3.35053576e-02  2.88306848e-01 
 3.35453576e-02  2.88306847e-01 
 3.35853576e-02  2.88306847e-01 
 3.35999992e-02  2.88306847e-01 
 3.35999993e-02  2.88306847e-01 
 3.35999994e-02  2.88306847e-01 
 3.35999998e-02  2.88306847e-01 
 3.36000000e-02  2.88306847e-01 
 3.36000001e-02  2.88306847e-01 
 3.36000002e-02  2.88306847e-01 
 3.36000004e-02  2.88306847e-01 
 3.36000010e-02  2.88306847e-01 
 3.36000020e-02  2.88306847e-01 
 3.36000040e-02  2.88306847e-01 
 3.36000081e-02  2.88306847e-01 
 3.36000163e-02  2.88306847e-01 
 3.36000327e-02  2.88306847e-01 
 3.36000655e-02  2.88306847e-01 
 3.36001310e-02  2.88306847e-01 
 3.36002621e-02  2.88306847e-01 
 3.36005242e-02  2.88306847e-01 
 3.36010485e-02  2.88306847e-01 
 3.36020971e-02  2.88306847e-01 
 3.36041942e-02  2.88306847e-01 
 3.36083885e-02  2.88306847e-01 
 3.36167772e-02  2.88306847e-01 
 3.36311909e-02  2.88306847e-01 
 3.36477587e-02  2.88306847e-01 
 3.36703105e-02  2.88306847e-01 
 3.36990415e-02  2.88306847e-01 
 3.37390415e-02  2.88306847e-01 
 3.37790415e-02  2.88306847e-01 
 3.38190415e-02  2.88306847e-01 
 3.38590415e-02  2.88306847e-01 
 3.38990415e-02  2.88306847e-01 
 3.39390415e-02  2.88306847e-01 
 3.39790415e-02  2.88306847e-01 
 3.39999992e-02  2.88306847e-01 
 3.39999993e-02  2.88306847e-01 
 3.39999994e-02  2.88306847e-01 
 3.39999998e-02  2.88306847e-01 
 3.40000000e-02  2.88308126e-01 
 3.40000001e-02  2.88308809e-01 
 3.40000002e-02  2.88310174e-01 
 3.40000004e-02  2.88312903e-01 
 3.40000010e-02  2.88318363e-01 
 3.40000020e-02  2.88329281e-01 
 3.40000040e-02  2.88351116e-01 
 3.40000081e-02  2.88394776e-01 
 3.40000163e-02  2.88482064e-01 
 3.40000327e-02  2.88656506e-01 
 3.40000655e-02  2.89004854e-01 
 3.40001310e-02  2.89699415e-01 
 3.40002621e-02  2.91080036e-01 
 3.40005242e-02  2.93807624e-01 
 3.40010485e-02  2.99130894e-01 
 3.40020971e-02  3.09270739e-01 
 3.40041942e-02  3.27679469e-01 
 3.40083885e-02  3.58097154e-01 
 3.40167772e-02  3.99979504e-01 
 3.40311909e-02  4.36588903e-01 
 3.40477587e-02  4.51826163e-01 
 3.40703105e-02  4.57693491e-01 
 3.40990415e-02  4.58856414e-01 
 3.41390415e-02  4.58929922e-01 
 3.41790415e-02  4.58921755e-01 
 3.42190415e-02  4.58922662e-01 
 3.42590415e-02  4.58922562e-01 
 3.42990415e-02  4.58922573e-01 
 3.43390415e-02  4.58922572e-01 
 3.43790415e-02  4.58922572e-01 
 3.43999992e-02  4.58922572e-01 
 3.43999993e-02  4.58922572e-01 
 3.43999994e-02  4.58922572e-01 
 3.43999998e-02  4.58922572e-01 
 3.44000000e-02  4.58922572e-01 
 3.44000001e-02  4.58922572e-01 
 3.44000002e-02  4.58922572e-01 
 3.44000004e-02  4.58922572e-01 
 3.44000010e-02  4.58922572e-01 
 3.44000020e-02  4.58922572e-01 
 3.44000040e-02  4.58922572e-01 
 3.44000081e-02  4.58922572e-01 
 3.44000163e-02  4.58922572e-01 
 3.44000327e-02  4.58922572e-01 
 3.44000655e-02  4.58922572e-01 
 3.44001310e-02  4.58922572e-01 
 3.44002621e-02  4.58922572e-01 
 3.44005242e-02  4.58922572e-01 
 3.44010485e-02  4.58922572e-01 
 3.44020971e-02  4.58922572e-01 
 3.44041942e-02  4.58922572e-01 
 3.44083885e-02  4.58922572e-01 
 3.44167772e-02  4.58922572e-01 
 3.44311976e-02  4.58922572e-01 
 3.44455175e-02  4.58922572e-01 
 3.44613174e-02  4.58922572e-01 
 3.44803555e-02  4.58922572e-01 
 3.45110448e-02  4.58922572e-01 
 3.45510448e-02  4.58922572e-01 
 3.45910448e-02  4.58922572e-01 
 3.46310448e-02  4.58922572e-01 
 3.46710448e-02  4.58922572e-01 
 3.47110448e-02  4.58922572e-01 
 3.47510448e-02  4.58922572e-01 
 3.47910448e-02  4.58922572e-01 
 3.47999992e-02  4.58922572e-01 
 3.47999993e-02  4.58922572e-01 
 3.47999994e-02  4.58922572e-01 
 3.47999998e-02  4.58922572e-01 
 3.48000000e-02  4.58923913e-01 
 3.48000001e-02  4.58924628e-01 
 3.48000002e-02  4.58926058e-01 
 3.48000004e-02  4.58928919e-01 
 3.48000010e-02  4.58934641e-01 
 3.48000020e-02  4.58946084e-01 
 3.48000040e-02  4.58968967e-01 
 3.48000081e-02  4.59014724e-01 
 3.48000163e-02  4.59106204e-01 
 3.48000327e-02  4.59289024e-01 
 3.48000655e-02  4.59654103e-01 
 3.48001310e-02  4.60382021e-01 
 3.48002621e-02  4.61828949e-01 
 3.48005242e-02  4.64687535e-01 
 3.48010485e-02  4.70266466e-01 
 3.48020971e-02  4.80893299e-01 
 3.48041942e-02  5.00186148e-01 
 3.48083885e-02  5.32064706e-01 
 3.48167772e-02  5.75958544e-01 
 3.48311976e-02  6.14338478e-01 
 3.48455175e-02  6.28803103e-01 
 3.48613174e-02  6.34706176e-01 
 3.48803555e-02  6.36963901e-01 
 3.49110448e-02  6.37716407e-01 
 3.49510448e-02  6.37734261e-01 
 3.49910448e-02  6.37732277e-01 
 3.50310448e-02  6.37732498e-01 
 3.50710448e-02  6.37732473e-01 
 3.51110448e-02  6.37732476e-01 
 3.51510448e-02  6.37732476e-01 
 3.51910448e-02  6.37732476e-01 
 3.51999992e-02  6.37732476e-01 
 3.51999993e-02  6.37732476e-01 
 3.51999994e-02  6.37732476e-01 
 3.51999998e-02  6.37732476e-01 
 3.52000000e-02  6.37732476e-01 
 3.52000001e-02  6.37732476e-01 
 3.52000002e-02  6.37732476e-01 
 3.52000004e-02  6.37732476e-01 
 3.52000010e-02  6.37732476e-01 
 3.52000020e-02  6.37732476e-01 
 3.52000040e-02  6.37732476e-01 
 3.52000081e-02  6.37732476e-01 
 3.52000163e-02  6.37732476e-01 
 3.52000327e-02  6.37732476e-01 
 3.52000655e-02  6.37732476e-01 
 3.52001310e-02  6.37732476e-01 
 3.52002621e-02  6.37732476e-01 
 3.52005242e-02  6.37732476e-01 
 3.52010485e-02  6.37732476e-01 
 3.52020971e-02  6.37732476e-01 
 3.52041942e-02  6.37732476e-01 
 3.52083885e-02  6.37732476e-01 
 3.52167772e-02  6.37732476e-01 
 3.52309487e-02  6.37732476e-01 
 3.52474210e-02  6.37732476e-01 
 3.52696494e-02  6.37732476e-01 
 3.52981413e-02  6.37732476e-01 
 3.53381413e-02  6.37732476e-01 
 3.53781413e-02  6.37732476e-01 
 3.54181413e-02  6.37732476e-01 
 3.54581413e-02  6.37732476e-01 
 3.54981413e-02  6.37732476e-01 
 3.55381413e-02  6.37732476e-01 
 3.55781413e-02  6.37732476e-01 
 3.55999992e-02  6.37732476e-01 
 3.55999993e-02  6.37732476e-01 
 3.55999994e-02  6.37732476e-01 
 3.55999998e-02  6.37732476e-01 
 3.56000000e-02  6.37733840e-01 
 3.56000001e-02  6.37734567e-01 
 3.56000002e-02  6.37736022e-01 
 3.56000004e-02  6.37738931e-01 
 3.56000010e-02  6.37744750e-01 
 3.56000020e-02  6.37756387e-01 
 3.56000040e-02  6.37779659e-01 
 3.56000081e-02  6.37826193e-01 
 3.56000163e-02  6.37919227e-01 
 3.56000327e-02  6.38105150e-01 
 3.56000655e-02  6.38476428e-01 
 3.56001310e-02  6.39216705e-01 
 3.56002621e-02  6.40688201e-01 
 3.56005242e-02  6.43595324e-01 
 3.56010485e-02  6.49268982e-01 
 3.56020971e-02  6.60076250e-01 
 3.56041942e-02  6.79696677e-01 
 3.56083885e-02  7.12116511e-01 
 3.56167772e-02  7.56755636e-01 
 3.56309487e-02  7.95320443e-01 
 3.56474210e-02  8.11807567e-01 
 3.56696494e-02  8.18178195e-01 
 3.56981413e-02  8.19497242e-01 
 3.57381413e-02  8.19587471e-01 
 3.57781413e-02  8.19577446e-01 
 3.58181413e-02  8.19578559e-01 
 3.58581413e-02  8.19578436e-01 
 3.58981413e-02  8.19578449e-01 
 3.59381413e-02  8.19578448e-01 
 3.59781413e-02  8.19578448e-01 
 3.59999992e-02  8.19578448e-01 
 3.59999993e-02  8.19578448e-01 
 3.59999994e-02  8.19578448e-01 
 3.59999998e-02  8.19578448e-01 
 3.60000000e-02  8.19578448e-01 
 3.60000001e-02  8.19578448e-01 
 3.60000002e-02  8.19578448e-01 
 3.60000004e-02  8.19578448e-01 
 3.60000010e-02  8.19578448e-01 
 3.60000020e-02  8.19578448e-01 
 3.60000040e-02  8.19578448e-01 
 3.60000081e-02  8.19578448e-01 
 3.60000163e-02  8.19578448e-01 
 3.60000327e-02  8.19578448e-01 
 3.60000655e-02  8.19578448e-01 
 3.60001310e-02  8.19578448e-01 
 3.60002621e-02  8.19578448e-01 
 3.60005242e-02  8.19578448e-01 
 3.60010485e-02  8.19578448e-01 
 3.60020971e-02  8.19578448e-01 
 3.60041942e-02  8.19578448e-01 
 3.60083885e-02  8.19578448e-01 
 3.60167772e-02  8.19578448e-01 
 3.60335544e-02  8.19578448e-01 
 3.60572884e-02  8.19578448e-01 
 3.60875177e-02  8.19578448e-01 
 3.61275177e-02  8.19578448e-01 
 3.61675177e-02  8.19578448e-01 
 3.62075177e-02  8.19578448e-01 
 3.62475177e-02  8.19578448e-01 
 3.62875177e-02  8.19578448e-01 
 3.63275177e-02  8.19578448e-01 
 3.63675177e-02  8.19578448e-01 
 3.63999992e-02  8.19578448e-01 
 3.63999993e-02  8.19578448e-01 
 3.63999994e-02  8.19578448e-01 
 3.63999998e-02  8.19578448e-01 
 3.64000000e-02  8.19579820e-01 
 3.64000001e-02  8.19580552e-01 
 3.64000002e-02  8.19582016e-01 
 3.64000004e-02  8.19584943e-01 
 3.64000010e-02  8.19590797e-01 
 3.64000020e-02  8.19602504e-01 
 3.64000040e-02  8.19625917e-01 
 3.64000081e-02  8.19672734e-01 
 3.64000163e-02  8.19766332e-01 
 3.64000327e-02  8.19953383e-01 
 3.64000655e-02  8.20326913e-01 
 3.64001310e-02  8.21071681e-01 
 3.64002621e-02  8.22552103e-01 
 3.64005242e-02  8.25476861e-01 
 3.64010485e-02  8.31184935e-01 
 3.64020971e-02  8.42057761e-01 
 3.64041942e-02  8.61797206e-01 
 3.64083885e-02  8.94413700e-01 
 3.64167772e-02  9.39323606e-01 
 3.64335544e-02  9.82802324e-01 
 3.64572884e-02  9.99602029e-01 
 3.64875177e-02  1.00244426e+00 
 3.65275177e-02  1.00253675e+00 
 3.65675177e-02  1.00252647e+00 
 3.66075177e-02  1.00252762e+00 
 3.66475177e-02  1.00252749e+00 
 3.66875177e-02  1.00252750e+00 
 3.67275177e-02  1.00252750e+00 
 3.67675177e-02  1.00252750e+00 
 3.67999992e-02  1.00252750e+00 
 3.67999993e-02  1.00252750e+00 
 3.67999994e-02  1.00252750e+00 
 3.67999998e-02  1.00252750e+00 
 3.68000000e-02  1.00252750e+00 
 3.68000001e-02  1.00252750e+00 
 3.68000002e-02  1.00252750e+00 
 3.68000004e-02  1.00252750e+00 
 3.68000010e-02  1.00252750e+00 
 3.68000020e-02  1.00252750e+00 
 3.68000040e-02  1.00252750e+00 
 3.68000081e-02  1.00252750e+00 
 3.68000163e-02  1.00252750e+00 
 3.68000327e-02  1.00252750e+00 
 3.68000655e-02  1.00252750e+00 
 3.68001310e-02  1.00252750e+00 
 3.68002621e-02  1.00252750e+00 
 3.68005242e-02  1.00252750e+00 
 3.68010485e-02  1.00252750e+00 
 3.68020971e-02  1.00252750e+00 
 3.68041942e-02  1.00252750e+00 
 3.68083885e-02  1.00252750e+00 
 3.68167772e-02  1.00252750e+00 
 3.68335544e-02  1.00252750e+00 
 3.68595755e-02  1.00252750e+00 
 3.68888597e-02  1.00252750e+00 
 3.69288597e-02  1.00252750e+00 
 3.69688597e-02  1.00252750e+00 
 3.70088597e-02  1.00252750e+00 
 3.70488597e-02  1.00252750e+00 
 3.70888597e-02  1.00252750e+00 
 3.71288597e-02  1.00252750e+00 
 3.71688597e-02  1.00252750e+00 
 3.71999992e-02  1.00252750e+00 
 3.71999993e-02  1.00252750e+00 
 3.71999994e-02  1.00252750e+00 
 3.71999998e-02  1.00252750e+00 
 3.72000000e-02  1.00252887e+00 
 3.72000001e-02  1.00252961e+00 
 3.72000002e-02  1.00253107e+00 
 3.72000004e-02  1.00253400e+00 
 3.72000010e-02  1.00253986e+00 
 3.72000020e-02  1.00255157e+00 
 3.72000040e-02  1.00257500e+00 
 3.72000081e-02  1.00262184e+00 
 3.72000163e-02  1.00271549e+00 
 3.72000327e-02  1.00290266e+00 
 3.72000655e-02  1.00327640e+00 
 3.72001310e-02  1.00402160e+00 
 3.72002621e-02  1.00550289e+00 
 3.72005242e-02  1.00842934e+00 
 3.72010485e-02  1.01414073e+00 
 3.72020971e-02  1.02501988e+00 
 3.72041942e-02  1.04477079e+00 
 3.72083885e-02  1.07740624e+00 
 3.72167772e-02  1.12234224e+00 
 3.72335544e-02  1.16584623e+00 
 3.72595755e-02  1.18354907e+00 
 3.72888597e-02  1.18549274e+00 
 3.73288597e-02  1.18559288e+00 
 3.73688597e-02  1.18558176e+00 
 3.74088597e-02  1.18558299e+00 
 3.74488597e-02  1.18558286e+00 
 3.74888597e-02  1.18558287e+00 
 3.75288597e-02  1.18558287e+00 
 3.75688597e-02  1.18558287e+00 
 3.75999992e-02  1.18558287e+00 
 3.75999993e-02  1.18558287e+00 
 3.75999994e-02  1.18558287e+00 
 3.75999998e-02  1.18558287e+00 
 3.76000000e-02  1.18558287e+00 
 3.76000001e-02  1.18558287e+00 
 3.76000002e-02  1.18558287e+00 
 3.76000004e-02  1.18558287e+00 
 3.76000010e-02  1.18558287e+00 
 3.76000020e-02  1.18558287e+00 
 3.76000040e-02  1.18558287e+00 
 3.76000081e-02  1.18558287e+00 
 3.76000163e-02  1.18558287e+00 
 3.76000327e-02  1.18558287e+00 
 3.76000655e-02  1.18558287e+00 
 3.76001310e-02  1.18558287e+00 
 3.76002621e-02  1.18558287e+00 
 3.76005242e-02  1.18558287e+00 
 3.76010485e-02  1.18558287e+00 
 3.76020971e-02  1.18558287e+00 
 3.76041942e-02  1.18558287e+00 
 3.76083885e-02  1.18558287e+00 
 3.76167772e-02  1.18558287e+00 
 3.76335544e-02  1.18558287e+00 
 3.76594900e-02  1.18558287e+00 
 3.76887041e-02  1.18558287e+00 
 3.77287041e-02  1.18558287e+00 
 3.77687041e-02  1.18558287e+00 
 3.78087041e-02  1.18558287e+00 
 3.78487041e-02  1.18558287e+00 
 3.78887041e-02  1.18558287e+00 
 3.79287041e-02  1.18558287e+00 
 3.79687041e-02  1.18558287e+00 
 3.79999992e-02  1.18558287e+00 
 3.79999993e-02  1.18558287e+00 
 3.79999994e-02  1.18558287e+00 
 3.79999998e-02  1.18558287e+00 
 3.80000000e-02  1.18558406e+00 
 3.80000001e-02  1.18558470e+00 
 3.80000002e-02  1.18558596e+00 
 3.80000004e-02  1.18558850e+00 
 3.80000010e-02  1.18559358e+00 
 3.80000020e-02  1.18560373e+00 
 3.80000040e-02  1.18562403e+00 
 3.80000081e-02  1.18566462e+00 
 3.80000163e-02  1.18574578e+00 
 3.80000327e-02  1.18590796e+00 
 3.80000655e-02  1.18623184e+00 
 3.80001310e-02  1.18687760e+00 
 3.80002621e-02  1.18816122e+00 
 3.80005242e-02  1.19069717e+00 
 3.80010485e-02  1.19564644e+00 
 3.80020971e-02  1.20507388e+00 
 3.80041942e-02  1.22218924e+00 
 3.80083885e-02  1.25046983e+00 
 3.80167772e-02  1.28940960e+00 
 3.80335544e-02  1.32710844e+00 
 3.80594900e-02  1.34242120e+00 
 3.80887041e-02  1.34412995e+00 
 3.81287041e-02  1.34422048e+00 
 3.81687041e-02  1.34421042e+00 
 3.82087041e-02  1.34421154e+00 
 3.82487041e-02  1.34421142e+00 
 3.82887041e-02  1.34421143e+00 
 3.83287041e-02  1.34421143e+00 
 3.83687041e-02  1.34421143e+00 
 3.83999992e-02  1.34421143e+00 
 3.83999993e-02  1.34421143e+00 
 3.83999994e-02  1.34421143e+00 
 3.83999998e-02  1.34421143e+00 
 3.84000000e-02  1.34421143e+00 
 3.84000001e-02  1.34421143e+00 
 3.84000002e-02  1.34421143e+00 
 3.84000004e-02  1.34421143e+00 
 3.84000010e-02  1.34421143e+00 
 3.84000020e-02  1.34421143e+00 
 3.84000040e-02  1.34421143e+00 
 3.84000081e-02  1.34421143e+00 
 3.84000163e-02  1.34421143e+00 
 3.84000327e-02  1.34421143e+00 
 3.84000655e-02  1.34421143e+00 
 3.84001310e-02  1.34421143e+00 
 3.84002621e-02  1.34421143e+00 
 3.84005242e-02  1.34421143e+00 
 3.84010485e-02  1.34421143e+00 
 3.84020971e-02  1.34421143e+00 
 3.84041942e-02  1.34421143e+00 
 3.84083885e-02  1.34421143e+00 
 3.84167772e-02  1.34421143e+00 
 3.84335544e-02  1.34421143e+00 
 3.84671088e-02  1.34421143e+00 
 3.85037735e-02  1.34421143e+00 
 3.85437735e-02  1.34421143e+00 
 3.85837735e-02  1.34421143e+00 
 3.86237735e-02  1.34421143e+00 
 3.86637735e-02  1.34421143e+00 
 3.87037735e-02  1.34421143e+00 
 3.87437735e-02  1.34421143e+00 
 3.87837735e-02  1.34421143e+00 
 3.87999992e-02  1.34421143e+00 
 3.87999993e-02  1.34421143e+00 
 3.87999994e-02  1.34421143e+00 
 3.87999998e-02  1.34421143e+00 
 3.88000000e-02  1.34421141e+00 
 3.88000001e-02  1.34421139e+00 
 3.88000002e-02  1.34421137e+00 
 3.88000004e-02  1.34421132e+00 
 3.88000010e-02  1.34421122e+00 
 3.88000020e-02  1.34421103e+00 
 3.88000040e-02  1.34421064e+00 
 3.88000081e-02  1.34420985e+00 
 3.88000163e-02  1.34420829e+00 
 3.88000327e-02  1.34420516e+00 
 3.88000655e-02  1.34419892e+00 
 3.88001310e-02  1.34418646e+00 
 3.88002621e-02  1.34416171e+00 
 3.88005242e-02  1.34411282e+00 
 3.88010485e-02  1.34401739e+00 
 3.88020971e-02  1.34383561e+00 
 3.88041942e-02  1.34350559e+00 
 3.88083885e-02  1.34296029e+00 
 3.88167772e-02  1.34220946e+00 
 3.88335544e-02  1.34148256e+00 
 3.88671088e-02  1.34114497e+00 
 3.89037735e-02  1.34115332e+00 
 3.89437735e-02  1.34115273e+00 
 3.89837735e-02  1.34115279e+00 
 3.90237735e-02  1.34115279e+00 
 3.90637735e-02  1.34115279e+00 
 3.91037735e-02  1.34115279e+00 
 3.91437735e-02  1.34115279e+00 
 3.91837735e-02  1.34115279e+00 
 3.91999992e-02  1.34115279e+00 
 3.91999993e-02  1.34115279e+00 
 3.91999994e-02  1.34115279e+00 
 3.91999998e-02  1.34115279e+00 
 3.92000000e-02  1.34115279e+00 
 3.92000001e-02  1.34115279e+00 
 3.92000002e-02  1.34115279e+00 
 3.92000004e-02  1.34115279e+00 
 3.92000010e-02  1.34115279e+00 
 3.92000020e-02  1.34115279e+00 
 3.92000040e-02  1.34115279e+00 
 3.92000081e-02  1.34115279e+00 
 3.92000163e-02  1.34115279e+00 
 3.92000327e-02  1.34115279e+00 
 3.92000655e-02  1.34115279e+00 
 3.92001310e-02  1.34115279e+00 
 3.92002621e-02  1.34115279e+00 
 3.92005242e-02  1.34115279e+00 
 3.92010485e-02  1.34115279e+00 
 3.92020971e-02  1.34115279e+00 
 3.92041942e-02  1.34115279e+00 
 3.92083885e-02  1.34115279e+00 
 3.92167772e-02  1.34115279e+00 
 3.92335544e-02  1.34115279e+00 
 3.92671088e-02  1.34115279e+00 
 3.93071088e-02  1.34115279e+00 
 3.93471088e-02  1.34115279e+00 
 3.93871088e-02  1.34115279e+00 
 3.94271088e-02  1.34115279e+00 
 3.94671088e-02  1.34115279e+00 
 3.95071088e-02  1.34115279e+00 
 3.95471088e-02  1.34115279e+00 
 3.95871088e-02  1.34115279e+00 
 3.95999992e-02  1.34115279e+00 
 3.95999993e-02  1.34115279e+00 
 3.95999994e-02  1.34115279e+00 
 3.95999998e-02  1.34115279e+00 
 3.96000000e-02  1.34115255e+00 
 3.96000001e-02  1.34115243e+00 
 3.96000002e-02  1.34115218e+00 
 3.96000004e-02  1.34115168e+00 
 3.96000010e-02  1.34115069e+00 
 3.96000020e-02  1.34114869e+00 
 3.96000040e-02  1.34114471e+00 
 3.96000081e-02  1.34113675e+00 
 3.96000163e-02  1.34112082e+00 
 3.96000327e-02  1.34108900e+00 
 3.96000655e-02  1.34102546e+00 
 3.96001310e-02  1.34089876e+00 
 3.96002621e-02  1.34064690e+00 
 3.96005242e-02  1.34014934e+00 
 3.96010485e-02  1.33917827e+00 
 3.96020971e-02  1.33732856e+00 
 3.96041942e-02  1.33397045e+00 
 3.96083885e-02  1.32842166e+00 
 3.96167772e-02  1.32078150e+00 
 3.96335544e-02  1.31338481e+00 
 3.96671088e-02  1.30994955e+00 
 3.97071088e-02  1.31003796e+00 
 3.97471088e-02  1.31002814e+00 
 3.97871088e-02  1.31002923e+00 
 3.98271088e-02  1.31002911e+00 
 3.98671088e-02  1.31002912e+00 
 3.99071088e-02  1.31002912e+00 
 3.99471088e-02  1.31002912e+00 
 3.99871088e-02  1.31002912e+00 
 3.99999992e-02  1.31002912e+00 
 3.99999993e-02  1.31002912e+00 
 3.99999994e-02  1.31002912e+00 
 3.99999998e-02  1.31002912e+00 
 4.00000000e-02  1.31002912e+00 
 4.00000001e-02  1.31002912e+00 
 4.00000002e-02  1.31002912e+00 
 4.00000004e-02  1.31002912e+00 
 4.00000010e-02  1.31002912e+00 
 4.00000020e-02  1.31002912e+00 
 4.00000040e-02  1.31002912e+00 
 4.00000081e-02  1.31002912e+00 
 4.00000163e-02  1.31002912e+00 
 4.00000327e-02  1.31002912e+00 
 4.00000655e-02  1.31002912e+00 
 4.00001310e-02  1.31002912e+00 
 4.00002621e-02  1.31002912e+00 
 4.00005242e-02  1.31002912e+00 
 4.00010485e-02  1.31002912e+00 
 4.00020971e-02  1.31002912e+00 
 4.00041942e-02  1.31002912e+00 
 4.00083885e-02  1.31002912e+00 
 4.00167772e-02  1.31002912e+00 
 4.00335544e-02  1.31002912e+00 
 4.00671088e-02  1.31002912e+00 
 4.01071088e-02  1.31002912e+00 
 4.01471088e-02  1.31002912e+00 
 4.01871088e-02  1.31002912e+00 
 4.02271088e-02  1.31002912e+00 
 4.02671088e-02  1.31002912e+00 
 4.03071088e-02  1.31002912e+00 
 4.03471088e-02  1.31002912e+00 
 4.03871088e-02  1.31002912e+00 
 4.03999992e-02  1.31002912e+00 
 4.03999993e-02  1.31002912e+00 
 4.03999994e-02  1.31002912e+00 
 4.03999998e-02  1.31002912e+00 
 4.04000000e-02  1.31002887e+00 
 4.04000001e-02  1.31002873e+00 
 4.04000002e-02  1.31002845e+00 
 4.04000004e-02  1.31002790e+00 
 4.04000010e-02  1.31002680e+00 
 4.04000020e-02  1.31002461e+00 
 4.04000040e-02  1.31002021e+00 
 4.04000081e-02  1.31001142e+00 
 4.04000163e-02  1.30999385e+00 
 4.04000327e-02  1.30995874e+00 
 4.04000655e-02  1.30988861e+00 
 4.04001310e-02  1.30974880e+00 
 4.04002621e-02  1.30947088e+00 
 4.04005242e-02  1.30892181e+00 
 4.04010485e-02  1.30785023e+00 
 4.04020971e-02  1.30580906e+00 
 4.04041942e-02  1.30210335e+00 
 4.04083885e-02  1.29598022e+00 
 4.04167772e-02  1.28754924e+00 
 4.04335544e-02  1.27938694e+00 
 4.04671088e-02  1.27559610e+00 
 4.05071088e-02  1.27569366e+00 
 4.05471088e-02  1.27568282e+00 
 4.05871088e-02  1.27568403e+00 
 4.06271088e-02  1.27568389e+00 
 4.06671088e-02  1.27568391e+00 
 4.07071088e-02  1.27568391e+00 
 4.07471088e-02  1.27568391e+00 
 4.07871088e-02  1.27568391e+00 
 4.07999992e-02  1.27568391e+00 
 4.07999993e-02  1.27568391e+00 
 4.07999994e-02  1.27568391e+00 
 4.07999998e-02  1.27568391e+00 
 4.08000000e-02  1.27568391e+00 
 4.08000001e-02  1.27568391e+00 
 4.08000002e-02  1.27568391e+00 
 4.08000004e-02  1.27568391e+00 
 4.08000010e-02  1.27568391e+00 
 4.08000020e-02  1.27568391e+00 
 4.08000040e-02  1.27568391e+00 
 4.08000081e-02  1.27568391e+00 
 4.08000163e-02  1.27568391e+00 
 4.08000327e-02  1.27568391e+00 
 4.08000655e-02  1.27568391e+00 
 4.08001310e-02  1.27568391e+00 
 4.08002621e-02  1.27568391e+00 
 4.08005242e-02  1.27568391e+00 
 4.08010485e-02  1.27568391e+00 
 4.08020971e-02  1.27568391e+00 
 4.08041942e-02  1.27568391e+00 
 4.08083885e-02  1.27568391e+00 
 4.08167772e-02  1.27568391e+00 
 4.08335544e-02  1.27568391e+00 
 4.08671088e-02  1.27568391e+00 
 4.09071088e-02  1.27568391e+00 
 4.09471088e-02  1.27568391e+00 
 4.09871088e-02  1.27568391e+00 
 4.10271088e-02  1.27568391e+00 
 4.10671088e-02  1.27568391e+00 
 4.11071088e-02  1.27568391e+00 
 4.11471088e-02  1.27568391e+00 
 4.11871088e-02  1.27568391e+00 
 4.11999992e-02  1.27568391e+00 
 4.11999993e-02  1.27568391e+00 
 4.11999994e-02  1.27568391e+00 
 4.11999998e-02  1.27568391e+00 
 4.12000000e-02  1.27568366e+00 
 4.12000001e-02  1.27568352e+00 
 4.12000002e-02  1.27568326e+00 
 4.12000004e-02  1.27568272e+00 
 4.12000010e-02  1.27568165e+00 
 4.12000020e-02  1.27567951e+00 
 4.12000040e-02  1.27567523e+00 
 4.12000081e-02  1.27566668e+00 
 4.12000163e-02  1.27564957e+00 
 4.12000327e-02  1.27561539e+00 
 4.12000655e-02  1.27554713e+00 
 4.12001310e-02  1.27541103e+00 
 4.12002621e-02  1.27514050e+00 
 4.12005242e-02  1.27460603e+00 
 4.12010485e-02  1.27356293e+00 
 4.12020971e-02  1.27157603e+00 
 4.12041942e-02  1.26796883e+00 
 4.12083885e-02  1.26200848e+00 
 4.12167772e-02  1.25380162e+00 
 4.12335544e-02  1.24585630e+00 
 4.12671088e-02  1.24216624e+00 
 4.13071088e-02  1.24226121e+00 
 4.13471088e-02  1.24225066e+00 
 4.13871088e-02  1.24225183e+00 
 4.14271088e-02  1.24225170e+00 
 4.14671088e-02  1.24225171e+00 
 4.15071088e-02  1.24225171e+00 
 4.15471088e-02  1.24225171e+00 
 4.15871088e-02  1.24225171e+00 
 4.15999992e-02  1.24225171e+00 
 4.15999993e-02  1.24225171e+00 
 4.15999994e-02  1.24225171e+00 
 4.15999998e-02  1.24225171e+00 
 4.16000000e-02  1.24225171e+00 
 4.16000001e-02  1.24225171e+00 
 4.16000002e-02  1.24225171e+00 
 4.16000004e-02  1.24225171e+00 
 4.16000010e-02  1.24225171e+00 
 4.16000020e-02  1.24225171e+00 
 4.16000040e-02  1.24225171e+00 
 4.16000081e-02  1.24225171e+00 
 4.16000163e-02  1.24225171e+00 
 4.16000327e-02  1.24225171e+00 
 4.16000655e-02  1.24225171e+00 
 4.16001310e-02  1.24225171e+00 
 4.16002621e-02  1.24225171e+00 
 4.16005242e-02  1.24225171e+00 
 4.16010485e-02  1.24225171e+00 
 4.16020971e-02  1.24225171e+00 
 4.16041942e-02  1.24225171e+00 
 4.16083885e-02  1.24225171e+00 
 4.16167772e-02  1.24225171e+00 
 4.16335544e-02  1.24225171e+00 
 4.16671088e-02  1.24225171e+00 
 4.17071088e-02  1.24225171e+00 
 4.17471088e-02  1.24225171e+00 
 4.17871088e-02  1.24225171e+00 
 4.18271088e-02  1.24225171e+00 
 4.18671088e-02  1.24225171e+00 
 4.19071088e-02  1.24225171e+00 
 4.19471088e-02  1.24225171e+00 
 4.19871088e-02  1.24225171e+00 
 4.19999992e-02  1.24225171e+00 
 4.19999993e-02  1.24225171e+00 
 4.19999994e-02  1.24225171e+00 
 4.19999998e-02  1.24225171e+00 
 4.20000000e-02  1.24225147e+00 
 4.20000001e-02  1.24225134e+00 
 4.20000002e-02  1.24225108e+00 
 4.20000004e-02  1.24225057e+00 
 4.20000010e-02  1.24224954e+00 
 4.20000020e-02  1.24224749e+00 
 4.20000040e-02  1.24224337e+00 
 4.20000081e-02  1.24223515e+00 
 4.20000163e-02  1.24221871e+00 
 4.20000327e-02  1.24218586e+00 
 4.20000655e-02  1.24212026e+00 
 4.20001310e-02  1.24198946e+00 
 4.20002621e-02  1.24172946e+00 
 4.20005242e-02  1.24121579e+00 
 4.20010485e-02  1.24021331e+00 
 4.20020971e-02  1.23830375e+00 
 4.20041942e-02  1.23483699e+00 
 4.20083885e-02  1.22910867e+00 
 4.20167772e-02  1.22122131e+00 
 4.20335544e-02  1.21358530e+00 
 4.20671088e-02  1.21003890e+00 
 4.21071088e-02  1.21013017e+00 
 4.21471088e-02  1.21012003e+00 
 4.21871088e-02  1.21012116e+00 
 4.22271088e-02  1.21012103e+00 
 4.22671088e-02  1.21012105e+00 
 4.23071088e-02  1.21012104e+00 
 4.23471088e-02  1.21012104e+00 
 4.23871088e-02  1.21012104e+00 
 4.23999992e-02  1.21012104e+00 
 4.23999993e-02  1.21012104e+00 
 4.23999994e-02  1.21012104e+00 
 4.23999998e-02  1.21012104e+00 
 4.24000000e-02  1.21012104e+00 
 4.24000001e-02  1.21012104e+00 
 4.24000002e-02  1.21012104e+00 
 4.24000004e-02  1.21012104e+00 
 4.24000010e-02  1.21012104e+00 
 4.24000020e-02  1.21012104e+00 
 4.24000040e-02  1.21012104e+00 
 4.24000081e-02  1.21012104e+00 
 4.24000163e-02  1.21012104e+00 
 4.24000327e-02  1.21012104e+00 
 4.24000655e-02  1.21012104e+00 
 4.24001310e-02  1.21012104e+00 
 4.24002621e-02  1.21012104e+00 
 4.24005242e-02  1.21012104e+00 
 4.24010485e-02  1.21012104e+00 
 4.24020971e-02  1.21012104e+00 
 4.24041942e-02  1.21012104e+00 
 4.24083885e-02  1.21012104e+00 
 4.24167772e-02  1.21012104e+00 
 4.24335544e-02  1.21012104e+00 
 4.24671088e-02  1.21012104e+00 
 4.25071088e-02  1.21012104e+00 
 4.25471088e-02  1.21012104e+00 
 4.25871088e-02  1.21012104e+00 
 4.26271088e-02  1.21012104e+00 
 4.26671088e-02  1.21012104e+00 
 4.27071088e-02  1.21012104e+00 
 4.27471088e-02  1.21012104e+00 
 4.27871088e-02  1.21012104e+00 
 4.27999992e-02  1.21012104e+00 
 4.27999993e-02  1.21012104e+00 
 4.27999994e-02  1.21012104e+00 
 4.27999998e-02  1.21012104e+00 
 4.28000000e-02  1.21012081e+00 
 4.28000001e-02  1.21012069e+00 
 4.28000002e-02  1.21012044e+00 
 4.28000004e-02  1.21011994e+00 
 4.28000010e-02  1.21011895e+00 
 4.28000020e-02  1.21011696e+00 
 4.28000040e-02  1.21011299e+00 
 4.28000081e-02  1.21010504e+00 
 4.28000163e-02  1.21008916e+00 
 4.28000327e-02  1.21005742e+00 
 4.28000655e-02  1.20999403e+00 
 4.28001310e-02  1.20986765e+00 
 4.28002621e-02  1.20961643e+00 
 4.28005242e-02  1.20912011e+00 
 4.28010485e-02  1.20815148e+00 
 4.28020971e-02  1.20630642e+00 
 4.28041942e-02  1.20295673e+00 
 4.28083885e-02  1.19742188e+00 
 4.28167772e-02  1.18980089e+00 
 4.28335544e-02  1.18242277e+00 
 4.28671088e-02  1.17899614e+00 
 4.29071088e-02  1.17908433e+00 
 4.29471088e-02  1.17907453e+00 
 4.29871088e-02  1.17907562e+00 
 4.30271088e-02  1.17907550e+00 
 4.30671088e-02  1.17907551e+00 
 4.31071088e-02  1.17907551e+00 
 4.31471088e-02  1.17907551e+00 
 4.31871088e-02  1.17907551e+00 
 4.31999992e-02  1.17907551e+00 
 4.31999993e-02  1.17907551e+00 
 4.31999994e-02  1.17907551e+00 
 4.31999998e-02  1.17907551e+00 
 4.32000000e-02  1.17907551e+00 
 4.32000001e-02  1.17907551e+00 
 4.32000002e-02  1.17907551e+00 
 4.32000004e-02  1.17907551e+00 
 4.32000010e-02  1.17907551e+00 
 4.32000020e-02  1.17907551e+00 
 4.32000040e-02  1.17907551e+00 
 4.32000081e-02  1.17907551e+00 
 4.32000163e-02  1.17907551e+00 
 4.32000327e-02  1.17907551e+00 
 4.32000655e-02  1.17907551e+00 
 4.32001310e-02  1.17907551e+00 
 4.32002621e-02  1.17907551e+00 
 4.32005242e-02  1.17907551e+00 
 4.32010485e-02  1.17907551e+00 
 4.32020971e-02  1.17907551e+00 
 4.32041942e-02  1.17907551e+00 
 4.32083885e-02  1.17907551e+00 
 4.32167772e-02  1.17907551e+00 
 4.32335544e-02  1.17907551e+00 
 4.32671088e-02  1.17907551e+00 
 4.33071088e-02  1.17907551e+00 
 4.33471088e-02  1.17907551e+00 
 4.33871088e-02  1.17907551e+00 
 4.34271088e-02  1.17907551e+00 
 4.34671088e-02  1.17907551e+00 
 4.35071088e-02  1.17907551e+00 
 4.35471088e-02  1.17907551e+00 
 4.35871088e-02  1.17907551e+00 
 4.35999992e-02  1.17907551e+00 
 4.35999993e-02  1.17907551e+00 
 4.35999994e-02  1.17907551e+00 
 4.35999998e-02  1.17907551e+00 
 4.36000000e-02  1.17907529e+00 
 4.36000001e-02  1.17907516e+00 
 4.36000002e-02  1.17907492e+00 
 4.36000004e-02  1.17907444e+00 
 4.36000010e-02  1.17907347e+00 
 4.36000020e-02  1.17907154e+00 
 4.36000040e-02  1.17906767e+00 
 4.36000081e-02  1.17905994e+00 
 4.36000163e-02  1.17904449e+00 
 4.36000327e-02  1.17901361e+00 
 4.36000655e-02  1.17895194e+00 
 4.36001310e-02  1.17882898e+00 
 4.36002621e-02  1.17858455e+00 
 4.36005242e-02  1.17810167e+00 
 4.36010485e-02  1.17715926e+00 
 4.36020971e-02  1.17536413e+00 
 4.36041942e-02  1.17210511e+00 
 4.36083885e-02  1.16672005e+00 
 4.36167772e-02  1.15930533e+00 
 4.36335544e-02  1.15212691e+00 
 4.36671088e-02  1.14879302e+00 
 4.37071088e-02  1.14887882e+00 
 4.37471088e-02  1.14886929e+00 
 4.37871088e-02  1.14887035e+00 
 4.38271088e-02  1.14887023e+00 
 4.38671088e-02  1.14887024e+00 
 4.39071088e-02  1.14887024e+00 
 4.39471088e-02  1.14887024e+00 
 4.39871088e-02  1.14887024e+00 
 4.39999992e-02  1.14887024e+00 
 4.39999993e-02  1.14887024e+00 
 4.39999994e-02  1.14887024e+00 
 4.39999998e-02  1.14887024e+00 
 4.40000000e-02  1.14887024e+00 
 4.40000001e-02  1.14887024e+00 
 4.40000002e-02  1.14887024e+00 
 4.40000004e-02  1.14887024e+00 
 4.40000010e-02  1.14887024e+00 
 4.40000020e-02  1.14887024e+00 
 4.40000040e-02  1.14887024e+00 
 4.40000081e-02  1.14887024e+00 
 4.40000163e-02  1.14887024e+00 
 4.40000327e-02  1.14887024e+00 
 4.40000655e-02  1.14887024e+00 
 4.40001310e-02  1.14887024e+00 
 4.40002621e-02  1.14887024e+00 
 4.40005242e-02  1.14887024e+00 
 4.40010485e-02  1.14887024e+00 
 4.40020971e-02  1.14887024e+00 
 4.40041942e-02  1.14887024e+00 
 4.40083885e-02  1.14887024e+00 
 4.40167772e-02  1.14887024e+00 
 4.40335544e-02  1.14887024e+00 
 4.40671088e-02  1.14887024e+00 
 4.41071088e-02  1.14887024e+00 
 4.41471088e-02  1.14887024e+00 
 4.41871088e-02  1.14887024e+00 
 4.42271088e-02  1.14887024e+00 
 4.42671088e-02  1.14887024e+00 
 4.43071088e-02  1.14887024e+00 
 4.43471088e-02  1.14887024e+00 
 4.43871088e-02  1.14887024e+00 
 4.43999992e-02  1.14887024e+00 
 4.43999993e-02  1.14887024e+00 
 4.43999994e-02  1.14887024e+00 
 4.43999998e-02  1.14887024e+00 
 4.44000000e-02  1.14887002e+00 
 4.44000001e-02  1.14886990e+00 
 4.44000002e-02  1.14886966e+00 
 4.44000004e-02  1.14886919e+00 
 4.44000010e-02  1.14886824e+00 
 4.44000020e-02  1.14886635e+00 
 4.44000040e-02  1.14886257e+00 
 4.44000081e-02  1.14885501e+00 
 4.44000163e-02  1.14883989e+00 
 4.44000327e-02  1.14880968e+00 
 4.44000655e-02  1.14874934e+00 
 4.44001310e-02  1.14862904e+00 
 4.44002621e-02  1.14838991e+00 
 4.44005242e-02  1.14791748e+00 
 4.44010485e-02  1.14699546e+00 
 4.44020971e-02  1.14523919e+00 
 4.44041942e-02  1.14205070e+00 
 4.44083885e-02  1.13678221e+00 
 4.44167772e-02  1.12952797e+00 
 4.44335544e-02  1.12250491e+00 
 4.44671088e-02  1.11924318e+00 
 4.45071088e-02  1.11932713e+00 
 4.45471088e-02  1.11931780e+00 
 4.45871088e-02  1.11931884e+00 
 4.46271088e-02  1.11931872e+00 
 4.46671088e-02  1.11931874e+00 
 4.47071088e-02  1.11931873e+00 
 4.47471088e-02  1.11931873e+00 
 4.47871088e-02  1.11931873e+00 
 4.47999992e-02  1.11931873e+00 
 4.47999993e-02  1.11931873e+00 
 4.47999994e-02  1.11931873e+00 
 4.47999998e-02  1.11931873e+00 
 4.48000000e-02  1.11931873e+00 
 4.48000001e-02  1.11931873e+00 
 4.48000002e-02  1.11931873e+00 
 4.48000004e-02  1.11931873e+00 
 4.48000010e-02  1.11931873e+00 
 4.48000020e-02  1.11931873e+00 
 4.48000040e-02  1.11931873e+00 
 4.48000081e-02  1.11931873e+00 
 4.48000163e-02  1.11931873e+00 
 4.48000327e-02  1.11931873e+00 
 4.48000655e-02  1.11931873e+00 
 4.48001310e-02  1.11931873e+00 
 4.48002621e-02  1.11931873e+00 
 4.48005242e-02  1.11931873e+00 
 4.48010485e-02  1.11931873e+00 
 4.48020971e-02  1.11931873e+00 
 4.48041942e-02  1.11931873e+00 
 4.48083885e-02  1.11931873e+00 
 4.48167772e-02  1.11931873e+00 
 4.48335544e-02  1.11931873e+00 
 4.48671088e-02  1.11931873e+00 
 4.49071088e-02  1.11931873e+00 
 4.49471088e-02  1.11931873e+00 
 4.49871088e-02  1.11931873e+00 
 4.50271088e-02  1.11931873e+00 
 4.50671088e-02  1.11931873e+00 
 4.51071088e-02  1.11931873e+00 
 4.51471088e-02  1.11931873e+00 
 4.51871088e-02  1.11931873e+00 
 4.51999992e-02  1.11931873e+00 
 4.51999993e-02  1.11931873e+00 
 4.51999994e-02  1.11931873e+00 
 4.51999998e-02  1.11931873e+00 
 4.52000000e-02  1.11931852e+00 
 4.52000001e-02  1.11931840e+00 
 4.52000002e-02  1.11931817e+00 
 4.52000004e-02  1.11931770e+00 
 4.52000010e-02  1.11931677e+00 
 4.52000020e-02  1.11931492e+00 
 4.52000040e-02  1.11931120e+00 
 4.52000081e-02  1.11930377e+00 
 4.52000163e-02  1.11928892e+00 
 4.52000327e-02  1.11925924e+00 
 4.52000655e-02  1.11919997e+00 
 4.52001310e-02  1.11908180e+00 
 4.52002621e-02  1.11884690e+00 
 4.52005242e-02  1.11838283e+00 
 4.52010485e-02  1.11747713e+00 
 4.52020971e-02  1.11575194e+00 
 4.52041942e-02  1.11261987e+00 
 4.52083885e-02  1.10744461e+00 
 4.52167772e-02  1.10031874e+00 
 4.52335544e-02  1.09341996e+00 
 4.52671088e-02  1.09021595e+00 
 4.53071088e-02  1.09029841e+00 
 4.53471088e-02  1.09028925e+00 
 4.53871088e-02  1.09029027e+00 
 4.54271088e-02  1.09029015e+00 
 4.54671088e-02  1.09029017e+00 
 4.55071088e-02  1.09029016e+00 
 4.55471088e-02  1.09029017e+00 
 4.55871088e-02  1.09029017e+00 
 4.55999992e-02  1.09029017e+00 
 4.55999993e-02  1.09029017e+00 
 4.55999994e-02  1.09029017e+00 
 4.55999998e-02  1.09029017e+00 
 4.56000000e-02  1.09029017e+00 
 4.56000001e-02  1.09029017e+00 
 4.56000002e-02  1.09029017e+00 
 4.56000004e-02  1.09029017e+00 
 4.56000010e-02  1.09029017e+00 
 4.56000020e-02  1.09029017e+00 
 4.56000040e-02  1.09029017e+00 
 4.56000081e-02  1.09029017e+00 
 4.56000163e-02  1.09029017e+00 
 4.56000327e-02  1.09029017e+00 
 4.56000655e-02  1.09029017e+00 
 4.56001310e-02  1.09029017e+00 
 4.56002621e-02  1.09029017e+00 
 4.56005242e-02  1.09029017e+00 
 4.56010485e-02  1.09029017e+00 
 4.56020971e-02  1.09029017e+00 
 4.56041942e-02  1.09029017e+00 
 4.56083885e-02  1.09029017e+00 
 4.56167772e-02  1.09029017e+00 
 4.56335544e-02  1.09029017e+00 
 4.56671088e-02  1.09029017e+00 
 4.57071088e-02  1.09029017e+00 
 4.57471088e-02  1.09029017e+00 
 4.57871088e-02  1.09029017e+00 
 4.58271088e-02  1.09029017e+00 
 4.58671088e-02  1.09029017e+00 
 4.59071088e-02  1.09029017e+00 
 4.59471088e-02  1.09029017e+00 
 4.59871088e-02  1.09029017e+00 
 4.59999992e-02  1.09029017e+00 
 4.59999993e-02  1.09029017e+00 
 4.59999994e-02  1.09029017e+00 
 4.59999998e-02  1.09029017e+00 
 4.60000000e-02  1.09028995e+00 
 4.60000001e-02  1.09028984e+00 
 4.60000002e-02  1.09028961e+00 
 4.60000004e-02  1.09028915e+00 
 4.60000010e-02  1.09028823e+00 
 4.60000020e-02  1.09028641e+00 
 4.60000040e-02  1.09028275e+00 
 4.60000081e-02  1.09027543e+00 
 4.60000163e-02  1.09026080e+00 
 4.60000327e-02  1.09023156e+00 
 4.60000655e-02  1.09017318e+00 
 4.60001310e-02  1.09005677e+00 
 4.60002621e-02  1.08982538e+00 
 4.60005242e-02  1.08936824e+00 
 4.60010485e-02  1.08847607e+00 
 4.60020971e-02  1.08677665e+00 
 4.60041942e-02  1.08369138e+00 
 4.60083885e-02  1.07859342e+00 
 4.60167772e-02  1.07157400e+00 
 4.60335544e-02  1.06477828e+00 
 4.60671088e-02  1.06162213e+00 
 4.61071088e-02  1.06170336e+00 
 4.61471088e-02  1.06169433e+00 
 4.61871088e-02  1.06169534e+00 
 4.62271088e-02  1.06169523e+00 
 4.62671088e-02  1.06169524e+00 
 4.63071088e-02  1.06169524e+00 
 4.63471088e-02  1.06169524e+00 
 4.63871088e-02  1.06169524e+00 
 4.63999992e-02  1.06169524e+00 
 4.63999993e-02  1.06169524e+00 
 4.63999994e-02  1.06169524e+00 
 4.63999998e-02  1.06169524e+00 
 4.64000000e-02  1.06169524e+00 
 4.64000001e-02  1.06169524e+00 
 4.64000002e-02  1.06169524e+00 
 4.64000004e-02  1.06169524e+00 
 4.64000010e-02  1.06169524e+00 
 4.64000020e-02  1.06169524e+00 
 4.64000040e-02  1.06169524e+00 
 4.64000081e-02  1.06169524e+00 
 4.64000163e-02  1.06169524e+00 
 4.64000327e-02  1.06169524e+00 
 4.64000655e-02  1.06169524e+00 
 4.64001310e-02  1.06169524e+00 
 4.64002621e-02  1.06169524e+00 
 4.64005242e-02  1.06169524e+00 
 4.64010485e-02  1.06169524e+00 
 4.64020971e-02  1.06169524e+00 
 4.64041942e-02  1.06169524e+00 
 4.64083885e-02  1.06169524e+00 
 4.64167772e-02  1.06169524e+00 
 4.64335544e-02  1.06169524e+00 
 4.64671088e-02  1.06169524e+00 
 4.65071088e-02  1.06169524e+00 
 4.65471088e-02  1.06169524e+00 
 4.65871088e-02  1.06169524e+00 
 4.66271088e-02  1.06169524e+00 
 4.66671088e-02  1.06169524e+00 
 4.67071088e-02  1.06169524e+00 
 4.67471088e-02  1.06169524e+00 
 4.67871088e-02  1.06169524e+00 
 4.67999992e-02  1.06169524e+00 
 4.67999993e-02  1.06169524e+00 
 4.67999994e-02  1.06169524e+00 
 4.67999998e-02  1.06169524e+00 
 4.68000000e-02  1.06169502e+00 
 4.68000001e-02  1.06169491e+00 
 4.68000002e-02  1.06169469e+00 
 4.68000004e-02  1.06169423e+00 
 4.68000010e-02  1.06169333e+00 
 4.68000020e-02  1.06169153e+00 
 4.68000040e-02  1.06168791e+00 
 4.68000081e-02  1.06168069e+00 
 4.68000163e-02  1.06166625e+00 
 4.68000327e-02  1.06163740e+00 
 4.68000655e-02  1.06157978e+00 
 4.68001310e-02  1.06146490e+00 
 4.68002621e-02  1.06123653e+00 
 4.68005242e-02  1.06078537e+00 
 4.68010485e-02  1.05990487e+00 
 4.68020971e-02  1.05822768e+00 
 4.68041942e-02  1.05518277e+00 
 4.68083885e-02  1.05015150e+00 
 4.68167772e-02  1.04322390e+00 
 4.68335544e-02  1.03651707e+00 
 4.68671088e-02  1.03340221e+00 
 4.69071088e-02  1.03348238e+00 
 4.69471088e-02  1.03347347e+00 
 4.69871088e-02  1.03347446e+00 
 4.70271088e-02  1.03347435e+00 
 4.70671088e-02  1.03347436e+00 
 4.71071088e-02  1.03347436e+00 
 4.71471088e-02  1.03347436e+00 
 4.71871088e-02  1.03347436e+00 
 4.71999992e-02  1.03347436e+00 
 4.71999993e-02  1.03347436e+00 
 4.71999994e-02  1.03347436e+00 
 4.71999998e-02  1.03347436e+00 
 4.72000000e-02  1.03347436e+00 
 4.72000001e-02  1.03347436e+00 
 4.72000002e-02  1.03347436e+00 
 4.72000004e-02  1.03347436e+00 
 4.72000010e-02  1.03347436e+00 
 4.72000020e-02  1.03347436e+00 
 4.72000040e-02  1.03347436e+00 
 4.72000081e-02  1.03347436e+00 
 4.72000163e-02  1.03347436e+00 
 4.72000327e-02  1.03347436e+00 
 4.72000655e-02  1.03347436e+00 
 4.72001310e-02  1.03347436e+00 
 4.72002621e-02  1.03347436e+00 
 4.72005242e-02  1.03347436e+00 
 4.72010485e-02  1.03347436e+00 
 4.72020971e-02  1.03347436e+00 
 4.72041942e-02  1.03347436e+00 
 4.72083885e-02  1.03347436e+00 
 4.72167772e-02  1.03347436e+00 
 4.72335544e-02  1.03347436e+00 
 4.72671088e-02  1.03347436e+00 
 4.73071088e-02  1.03347436e+00 
 4.73471088e-02  1.03347436e+00 
 4.73871088e-02  1.03347436e+00 
 4.74271088e-02  1.03347436e+00 
 4.74671088e-02  1.03347436e+00 
 4.75071088e-02  1.03347436e+00 
 4.75471088e-02  1.03347436e+00 
 4.75871088e-02  1.03347436e+00 
 4.75999992e-02  1.03347436e+00 
 4.75999993e-02  1.03347436e+00 
 4.75999994e-02  1.03347436e+00 
 4.75999998e-02  1.03347436e+00 
 4.76000000e-02  1.03347415e+00 
 4.76000001e-02  1.03347404e+00 
 4.76000002e-02  1.03347382e+00 
 4.76000004e-02  1.03347337e+00 
 4.76000010e-02  1.03347248e+00 
 4.76000020e-02  1.03347069e+00 
 4.76000040e-02  1.03346712e+00 
 4.76000081e-02  1.03345999e+00 
 4.76000163e-02  1.03344572e+00 
 4.76000327e-02  1.03341721e+00 
 4.76000655e-02  1.03336028e+00 
 4.76001310e-02  1.03324676e+00 
 4.76002621e-02  1.03302112e+00 
 4.76005242e-02  1.03257532e+00 
 4.76010485e-02  1.03170530e+00 
 4.76020971e-02  1.03004806e+00 
 4.76041942e-02  1.02703937e+00 
 4.76083885e-02  1.02206797e+00 
 4.76167772e-02  1.01522280e+00 
 4.76335544e-02  1.00859577e+00 
 4.76671088e-02  1.00551796e+00 
 4.77071088e-02  1.00559718e+00 
 4.77471088e-02  1.00558838e+00 
 4.77871088e-02  1.00558935e+00 
 4.78271088e-02  1.00558924e+00 
 4.78671088e-02  1.00558926e+00 
 4.79071088e-02  1.00558926e+00 
 4.79471088e-02  1.00558926e+00 
 4.79871088e-02  1.00558926e+00 
 4.79999992e-02  1.00558926e+00 
 4.79999993e-02  1.00558926e+00 
 4.79999994e-02  1.00558926e+00 
 4.79999998e-02  1.00558926e+00 
 4.80000000e-02  1.00558926e+00 
 4.80000001e-02  1.00558926e+00 
 4.80000002e-02  1.00558926e+00 
 4.80000004e-02  1.00558926e+00 
 4.80000010e-02  1.00558926e+00 
 4.80000020e-02  1.00558926e+00 
 4.80000040e-02  1.00558926e+00 
 4.80000081e-02  1.00558926e+00 
 4.80000163e-02  1.00558926e+00 
 4.80000327e-02  1.00558926e+00 
 4.80000655e-02  1.00558926e+00 
 4.80001310e-02  1.00558926e+00 
 4.80002621e-02  1.00558926e+00 
 4.80005242e-02  1.00558926e+00 
 4.80010485e-02  1.00558926e+00 
 4.80020971e-02  1.00558926e+00 
 4.80041942e-02  1.00558926e+00 
 4.80083885e-02  1.00558926e+00 
 4.80167772e-02  1.00558926e+00 
 4.80335544e-02  1.00558926e+00 
 4.80671088e-02  1.00558926e+00 
 4.81071088e-02  1.00558926e+00 
 4.81471088e-02  1.00558926e+00 
 4.81871088e-02  1.00558926e+00 
 4.82271088e-02  1.00558926e+00 
 4.82671088e-02  1.00558926e+00 
 4.83071088e-02  1.00558926e+00 
 4.83471088e-02  1.00558926e+00 
 4.83871088e-02  1.00558926e+00 
 4.83999992e-02  1.00558926e+00 
 4.83999993e-02  1.00558926e+00 
 4.83999994e-02  1.00558926e+00 
 4.83999998e-02  1.00558926e+00 
 4.84000000e-02  1.00558905e+00 
 4.84000001e-02  1.00558894e+00 
 4.84000002e-02  1.00558872e+00 
 4.84000004e-02  1.00558828e+00 
 4.84000010e-02  1.00558739e+00 
 4.84000020e-02  1.00558563e+00 
 4.84000040e-02  1.00558210e+00 
 4.84000081e-02  1.00557505e+00 
 4.84000163e-02  1.00556094e+00 
 4.84000327e-02  1.00553275e+00 
 4.84000655e-02  1.00547645e+00 
 4.84001310e-02  1.00536421e+00 
 4.84002621e-02  1.00514110e+00 
 4.84005242e-02  1.00470031e+00 
 4.84010485e-02  1.00384005e+00 
 4.84020971e-02  1.00220141e+00 
 4.84041942e-02  9.99226491e-01 
 4.84083885e-02  9.94310879e-01 
 4.84167772e-02  9.87542533e-01 
 4.84335544e-02  9.80989881e-01 
 4.84671088e-02  9.77946621e-01 
 4.85071088e-02  9.78024944e-01 
 4.85471088e-02  9.78016241e-01 
 4.85871088e-02  9.78017208e-01 
 4.86271088e-02  9.78017101e-01 
 4.86671088e-02  9.78017113e-01 
 4.87071088e-02  9.78017112e-01 
 4.87471088e-02  9.78017112e-01 
 4.87871088e-02  9.78017112e-01 
 4.87999992e-02  9.78017112e-01 
 4.87999993e-02  9.78017112e-01 
 4.87999994e-02  9.78017112e-01 
 4.87999998e-02  9.78017112e-01 
 4.88000000e-02  9.78017112e-01 
 4.88000001e-02  9.78017112e-01 
 4.88000002e-02  9.78017112e-01 
 4.88000004e-02  9.78017112e-01 
 4.88000010e-02  9.78017112e-01 
 4.88000020e-02  9.78017112e-01 
 4.88000040e-02  9.78017112e-01 
 4.88000081e-02  9.78017112e-01 
 4.88000163e-02  9.78017112e-01 
 4.88000327e-02  9.78017112e-01 
 4.88000655e-02  9.78017112e-01 
 4.88001310e-02  9.78017112e-01 
 4.88002621e-02  9.78017112e-01 
 4.88005242e-02  9.78017112e-01 
 4.88010485e-02  9.78017112e-01 
 4.88020971e-02  9.78017112e-01 
 4.88041942e-02  9.78017112e-01 
 4.88083885e-02  9.78017112e-01 
 4.88167772e-02  9.78017112e-01 
 4.88335544e-02  9.78017112e-01 
 4.88671088e-02  9.78017112e-01 
 4.89071088e-02  9.78017112e-01 
 4.89471088e-02  9.78017112e-01 
 4.89871088e-02  9.78017112e-01 
 4.90271088e-02  9.78017112e-01 
 4.90671088e-02  9.78017112e-01 
 4.91071088e-02  9.78017112e-01 
 4.91471088e-02  9.78017112e-01 
 4.91871088e-02  9.78017112e-01 
 4.91999992e-02  9.78017112e-01 
 4.91999993e-02  9.78017112e-01 
 4.91999994e-02  9.78017112e-01 
 4.91999998e-02  9.78017112e-01 
 4.92000000e-02  9.78016907e-01 
 4.92000001e-02  9.78016798e-01 
 4.92000002e-02  9.78016580e-01 
 4.92000004e-02  9.78016144e-01 
 4.92000010e-02  9.78015271e-01 
 4.92000020e-02  9.78013526e-01 
 4.92000040e-02  9.78010036e-01 
 4.92000081e-02  9.78003057e-01 
 4.92000163e-02  9.77989106e-01 
 4.92000327e-02  9.77961223e-01 
 4.92000655e-02  9.77905545e-01 
 4.92001310e-02  9.77794528e-01 
 4.92002621e-02  9.77573854e-01 
 4.92005242e-02  9.77137886e-01 
 4.92010485e-02  9.76287033e-01 
 4.92020971e-02  9.74666314e-01 
 4.92041942e-02  9.71723924e-01 
 4.92083885e-02  9.66862064e-01 
 4.92167772e-02  9.60167731e-01 
 4.92335544e-02  9.53686732e-01 
 4.92671088e-02  9.50676750e-01 
 4.93071088e-02  9.50754216e-01 
 4.93471088e-02  9.50745609e-01 
 4.93871088e-02  9.50746565e-01 
 4.94271088e-02  9.50746459e-01 
 4.94671088e-02  9.50746471e-01 
 4.95071088e-02  9.50746469e-01 
 4.95471088e-02  9.50746470e-01 
 4.95871088e-02  9.50746470e-01 
 4.95999992e-02  9.50746470e-01 
 4.95999993e-02  9.50746470e-01 
 4.95999994e-02  9.50746470e-01 
 4.95999998e-02  9.50746470e-01 
 4.96000000e-02  9.50746470e-01 
 4.96000001e-02  9.50746470e-01 
 4.96000002e-02  9.50746470e-01 
 4.96000004e-02  9.50746470e-01 
 4.96000010e-02  9.50746470e-01 
 4.96000020e-02  9.50746470e-01 
 4.96000040e-02  9.50746470e-01 
 4.96000081e-02  9.50746470e-01 
 4.96000163e-02  9.50746470e-01 
 4.96000327e-02  9.50746470e-01 
 4.96000655e-02  9.50746470e-01 
 4.96001310e-02  9.50746470e-01 
 4.96002621e-02  9.50746470e-01 
 4.96005242e-02  9.50746470e-01 
 4.96010485e-02  9.50746470e-01 
 4.96020971e-02  9.50746470e-01 
 4.96041942e-02  9.50746470e-01 
 4.96083885e-02  9.50746470e-01 
 4.96167772e-02  9.50746470e-01 
 4.96335544e-02  9.50746470e-01 
 4.96671088e-02  9.50746470e-01 
 4.97071088e-02  9.50746470e-01 
 4.97471088e-02  9.50746470e-01 
 4.97871088e-02  9.50746470e-01 
 4.98271088e-02  9.50746470e-01 
 4.98671088e-02  9.50746470e-01 
 4.99071088e-02  9.50746470e-01 
 4.99471088e-02  9.50746470e-01 
 4.99871088e-02  9.50746470e-01 
 4.99999992e-02  9.50746470e-01 
 4.99999993e-02  9.50746470e-01 
 4.99999994e-02  9.50746470e-01 
 4.99999998e-02  9.50746470e-01 
 5.00000000e-02  9.50746267e-01 
 5.00000001e-02  9.50746159e-01 
 5.00000002e-02  9.50745944e-01 
 5.00000004e-02  9.50745512e-01 
 5.00000010e-02  9.50744649e-01 
 5.00000020e-02  9.50742923e-01 
 5.00000040e-02  9.50739471e-01 
 5.00000081e-02  9.50732569e-01 
 5.00000163e-02  9.50718770e-01 
 5.00000327e-02  9.50691193e-01 
 5.00000655e-02  9.50636123e-01 
 5.00001310e-02  9.50526322e-01 
 5.00002621e-02  9.50308063e-01 
 5.00005242e-02  9.49876865e-01 
 5.00010485e-02  9.49035323e-01 
 5.00020971e-02  9.47432339e-01 
 5.00041942e-02  9.44522149e-01 
 5.00083885e-02  9.39713491e-01 
 5.00167772e-02  9.33092414e-01 
 5.00335544e-02  9.26682336e-01 
 5.00671088e-02  9.23705292e-01 
 5.01071088e-02  9.23781911e-01 
 5.01471088e-02  9.23773397e-01 
 5.01871088e-02  9.23774343e-01 
 5.02271088e-02  9.23774238e-01 
 5.02671088e-02  9.23774250e-01 
 5.03071088e-02  9.23774249e-01 
 5.03471088e-02  9.23774249e-01 
 5.03871088e-02  9.23774249e-01 
 5.03999992e-02  9.23774249e-01 
 5.03999993e-02  9.23774249e-01 
 5.03999994e-02  9.23774249e-01 
 5.03999998e-02  9.23774249e-01 
 5.04000000e-02  9.23774249e-01 
 5.04000001e-02  9.23774249e-01 
 5.04000002e-02  9.23774249e-01 
 5.04000004e-02  9.23774249e-01 
 5.04000010e-02  9.23774249e-01 
 5.04000020e-02  9.23774249e-01 
 5.04000040e-02  9.23774249e-01 
 5.04000081e-02  9.23774249e-01 
 5.04000163e-02  9.23774249e-01 
 5.04000327e-02  9.23774249e-01 
 5.04000655e-02  9.23774249e-01 
 5.04001310e-02  9.23774249e-01 
 5.04002621e-02  9.23774249e-01 
 5.04005242e-02  9.23774249e-01 
 5.04010485e-02  9.23774249e-01 
 5.04020971e-02  9.23774249e-01 
 5.04041942e-02  9.23774249e-01 
 5.04083885e-02  9.23774249e-01 
 5.04167772e-02  9.23774249e-01 
 5.04335544e-02  9.23774249e-01 
 5.04671088e-02  9.23774249e-01 
 5.05071088e-02  9.23774249e-01 
 5.05471088e-02  9.23774249e-01 
 5.05871088e-02  9.23774249e-01 
 5.06271088e-02  9.23774249e-01 
 5.06671088e-02  9.23774249e-01 
 5.07071088e-02  9.23774249e-01 
 5.07471088e-02  9.23774249e-01 
 5.07871088e-02  9.23774249e-01 
 5.07999992e-02  9.23774249e-01 
 5.07999993e-02  9.23774249e-01 
 5.07999994e-02  9.23774249e-01 
 5.07999998e-02  9.23774249e-01 
 5.08000000e-02  9.23774049e-01 
 5.08000001e-02  9.23773942e-01 
 5.08000002e-02  9.23773729e-01 
 5.08000004e-02  9.23773302e-01 
 5.08000010e-02  9.23772449e-01 
 5.08000020e-02  9.23770742e-01 
 5.08000040e-02  9.23767329e-01 
 5.08000081e-02  9.23760504e-01 
 5.08000163e-02  9.23746859e-01 
 5.08000327e-02  9.23719590e-01 
 5.08000655e-02  9.23665136e-01 
 5.08001310e-02  9.23556562e-01 
 5.08002621e-02  9.23340743e-01 
 5.08005242e-02  9.22914366e-01 
 5.08010485e-02  9.22082231e-01 
 5.08020971e-02  9.20497168e-01 
 5.08041942e-02  9.17619511e-01 
 5.08083885e-02  9.12864610e-01 
 5.08167772e-02  9.06317551e-01 
 5.08335544e-02  8.99979133e-01 
 5.08671088e-02  8.97035370e-01 
 5.09071088e-02  8.97111132e-01 
 5.09471088e-02  8.97102714e-01 
 5.09871088e-02  8.97103649e-01 
 5.10271088e-02  8.97103545e-01 
 5.10671088e-02  8.97103557e-01 
 5.11071088e-02  8.97103556e-01 
 5.11471088e-02  8.97103556e-01 
 5.11871088e-02  8.97103556e-01 
 5.11999992e-02  8.97103556e-01 
 5.11999993e-02  8.97103556e-01 
 5.11999994e-02  8.97103556e-01 
 5.11999998e-02  8.97103556e-01 
 5.12000000e-02  8.97103556e-01 
 5.12000001e-02  8.97103556e-01 
 5.12000002e-02  8.97103556e-01 
 5.12000004e-02  8.97103556e-01 
 5.12000010e-02  8.97103556e-01 
 5.12000020e-02  8.97103556e-01 
 5.12000040e-02  8.97103556e-01 
 5.12000081e-02  8.97103556e-01 
 5.12000163e-02  8.97103556e-01 
 5.12000327e-02  8.97103556e-01 
 5.12000655e-02  8.97103556e-01 
 5.12001310e-02  8.97103556e-01 
 5.12002621e-02  8.97103556e-01 
 5.12005242e-02  8.97103556e-01 
 5.12010485e-02  8.97103556e-01 
 5.12020971e-02  8.97103556e-01 
 5.12041942e-02  8.97103556e-01 
 5.12083885e-02  8.97103556e-01 
 5.12167772e-02  8.97103556e-01 
 5.12335544e-02  8.97103556e-01 
 5.12671088e-02  8.97103556e-01 
 5.13071088e-02  8.97103556e-01 
 5.13471088e-02  8.97103556e-01 
 5.13871088e-02  8.97103556e-01 
 5.14271088e-02  8.97103556e-01 
 5.14671088e-02  8.97103556e-01 
 5.15071088e-02  8.97103556e-01 
 5.15471088e-02  8.97103556e-01 
 5.15871088e-02  8.97103556e-01 
 5.15999992e-02  8.97103556e-01 
 5.15999993e-02  8.97103556e-01 
 5.15999994e-02  8.97103556e-01 
 5.15999998e-02  8.97103556e-01 
 5.16000000e-02  8.97103358e-01 
 5.16000001e-02  8.97103253e-01 
 5.16000002e-02  8.97103042e-01 
 5.16000004e-02  8.97102620e-01 
 5.16000010e-02  8.97101777e-01 
 5.16000020e-02  8.97100090e-01 
 5.16000040e-02  8.97096716e-01 
 5.16000081e-02  8.97089970e-01 
 5.16000163e-02  8.97076483e-01 
 5.16000327e-02  8.97049531e-01 
 5.16000655e-02  8.96995708e-01 
 5.16001310e-02  8.96888393e-01 
 5.16002621e-02  8.96675076e-01 
 5.16005242e-02  8.96253641e-01 
 5.16010485e-02  8.95431153e-01 
 5.16020971e-02  8.93864464e-01 
 5.16041942e-02  8.91020165e-01 
 5.16083885e-02  8.86320386e-01 
 5.16167772e-02  8.79849222e-01 
 5.16335544e-02  8.73584281e-01 
 5.16671088e-02  8.70674643e-01 
 5.17071088e-02  8.70749527e-01 
 5.17471088e-02  8.70741207e-01 
 5.17871088e-02  8.70742131e-01 
 5.18271088e-02  8.70742029e-01 
 5.18671088e-02  8.70742040e-01 
 5.19071088e-02  8.70742039e-01 
 5.19471088e-02  8.70742039e-01 
 5.19871088e-02  8.70742039e-01 
 5.19999992e-02  8.70742039e-01 
 5.19999993e-02  8.70742039e-01 
 5.19999994e-02  8.70742039e-01 
 5.19999998e-02  8.70742039e-01 
 5.20000000e-02  8.70742039e-01 
 5.20000001e-02  8.70742039e-01 
 5.20000002e-02  8.70742039e-01 
 5.20000004e-02  8.70742039e-01 
 5.20000010e-02  8.70742039e-01 
 5.20000020e-02  8.70742039e-01 
 5.20000040e-02  8.70742039e-01 
 5.20000081e-02  8.70742039e-01 
 5.20000163e-02  8.70742039e-01 
 5.20000327e-02  8.70742039e-01 
 5.20000655e-02  8.70742039e-01 
 5.20001310e-02  8.70742039e-01 
 5.20002621e-02  8.70742039e-01 
 5.20005242e-02  8.70742039e-01 
 5.20010485e-02  8.70742039e-01 
 5.20020971e-02  8.70742039e-01 
 5.20041942e-02  8.70742039e-01 
 5.20083885e-02  8.70742039e-01 
 5.20167772e-02  8.70742039e-01 
 5.20335544e-02  8.70742039e-01 
 5.20671088e-02  8.70742039e-01 
 5.21071088e-02  8.70742039e-01 
 5.21471088e-02  8.70742039e-01 
 5.21871088e-02  8.70742039e-01 
 5.22271088e-02  8.70742039e-01 
 5.22671088e-02  8.70742039e-01 
 5.23071088e-02  8.70742039e-01 
 5.23471088e-02  8.70742039e-01 
 5.23871088e-02  8.70742039e-01 
 5.23999992e-02  8.70742039e-01 
 5.23999993e-02  8.70742039e-01 
 5.23999994e-02  8.70742039e-01 
 5.23999998e-02  8.70742039e-01 
 5.24000000e-02  8.70741843e-01 
 5.24000001e-02  8.70741739e-01 
 5.24000002e-02  8.70741531e-01 
 5.24000004e-02  8.70741114e-01 
 5.24000010e-02  8.70740281e-01 
 5.24000020e-02  8.70738615e-01 
 5.24000040e-02  8.70735282e-01 
 5.24000081e-02  8.70728618e-01 
 5.24000163e-02  8.70715295e-01 
 5.24000327e-02  8.70688670e-01 
 5.24000655e-02  8.70635501e-01 
 5.24001310e-02  8.70529488e-01 
 5.24002621e-02  8.70318762e-01 
 5.24005242e-02  8.69902445e-01 
 5.24010485e-02  8.69089944e-01 
 5.24020971e-02  8.67542280e-01 
 5.24041942e-02  8.64732520e-01 
 5.24083885e-02  8.60089810e-01 
 5.24167772e-02  8.53697226e-01 
 5.24335544e-02  8.47508361e-01 
 5.24671088e-02  8.44634054e-01 
 5.25071088e-02  8.44708029e-01 
 5.25471088e-02  8.44699810e-01 
 5.25871088e-02  8.44700723e-01 
 5.26271088e-02  8.44700621e-01 
 5.26671088e-02  8.44700633e-01 
 5.27071088e-02  8.44700631e-01 
 5.27471088e-02  8.44700631e-01 
 5.27871088e-02  8.44700631e-01 
 5.27999992e-02  8.44700631e-01 
 5.27999993e-02  8.44700631e-01 
 5.27999994e-02  8.44700631e-01 
 5.27999998e-02  8.44700631e-01 
 5.28000000e-02  8.44700631e-01 
 5.28000001e-02  8.44700631e-01 
 5.28000002e-02  8.44700631e-01 
 5.28000004e-02  8.44700631e-01 
 5.28000010e-02  8.44700631e-01 
 5.28000020e-02  8.44700631e-01 
 5.28000040e-02  8.44700631e-01 
 5.28000081e-02  8.44700631e-01 
 5.28000163e-02  8.44700631e-01 
 5.28000327e-02  8.44700631e-01 
 5.28000655e-02  8.44700631e-01 
 5.28001310e-02  8.44700631e-01 
 5.28002621e-02  8.44700631e-01 
 5.28005242e-02  8.44700631e-01 
 5.28010485e-02  8.44700631e-01 
 5.28020971e-02  8.44700631e-01 
 5.28041942e-02  8.44700631e-01 
 5.28083885e-02  8.44700631e-01 
 5.28167772e-02  8.44700631e-01 
 5.28335544e-02  8.44700631e-01 
 5.28671088e-02  8.44700631e-01 
 5.29071088e-02  8.44700631e-01 
 5.29471088e-02  8.44700631e-01 
 5.29871088e-02  8.44700631e-01 
 5.30271088e-02  8.44700631e-01 
 5.30671088e-02  8.44700631e-01 
 5.31071088e-02  8.44700631e-01 
 5.31471088e-02  8.44700631e-01 
 5.31871088e-02  8.44700631e-01 
 5.31999992e-02  8.44700631e-01 
 5.31999993e-02  8.44700631e-01 
 5.31999994e-02  8.44700631e-01 
 5.31999998e-02  8.44700631e-01 
 5.32000000e-02  8.44700439e-01 
 5.32000001e-02  8.44700336e-01 
 5.32000002e-02  8.44700130e-01 
 5.32000004e-02  8.44699719e-01 
 5.32000010e-02  8.44698896e-01 
 5.32000020e-02  8.44697251e-01 
 5.32000040e-02  8.44693961e-01 
 5.32000081e-02  8.44687382e-01 
 5.32000163e-02  8.44674230e-01 
 5.32000327e-02  8.44647945e-01 
 5.32000655e-02  8.44595457e-01 
 5.32001310e-02  8.44490802e-01 
 5.32002621e-02  8.44282773e-01 
 5.32005242e-02  8.43871785e-01 
 5.32010485e-02  8.43069685e-01 
 5.32020971e-02  8.41541833e-01 
 5.32041942e-02  8.38768041e-01 
 5.32083885e-02  8.34184763e-01 
 5.32167772e-02  8.27874012e-01 
 5.32335544e-02  8.21764372e-01 
 5.32671088e-02  8.18926860e-01 
 5.33071088e-02  8.18999888e-01 
 5.33471088e-02  8.18991773e-01 
 5.33871088e-02  8.18992675e-01 
 5.34271088e-02  8.18992575e-01 
 5.34671088e-02  8.18992586e-01 
 5.35071088e-02  8.18992585e-01 
 5.35471088e-02  8.18992585e-01 
 5.35871088e-02  8.18992585e-01 
 5.35999992e-02  8.18992585e-01 
 5.35999993e-02  8.18992585e-01 
 5.35999994e-02  8.18992585e-01 
 5.35999998e-02  8.18992585e-01 
 5.36000000e-02  8.18992585e-01 
 5.36000001e-02  8.18992585e-01 
 5.36000002e-02  8.18992585e-01 
 5.36000004e-02  8.18992585e-01 
 5.36000010e-02  8.18992585e-01 
 5.36000020e-02  8.18992585e-01 
 5.36000040e-02  8.18992585e-01 
 5.36000081e-02  8.18992585e-01 
 5.36000163e-02  8.18992585e-01 
 5.36000327e-02  8.18992585e-01 
 5.36000655e-02  8.18992585e-01 
 5.36001310e-02  8.18992585e-01 
 5.36002621e-02  8.18992585e-01 
 5.36005242e-02  8.18992585e-01 
 5.36010485e-02  8.18992585e-01 
 5.36020971e-02  8.18992585e-01 
 5.36041942e-02  8.18992585e-01 
 5.36083885e-02  8.18992585e-01 
 5.36167772e-02  8.18992585e-01 
 5.36335544e-02  8.18992585e-01 
 5.36671088e-02  8.18992585e-01 
 5.37071088e-02  8.18992585e-01 
 5.37471088e-02  8.18992585e-01 
 5.37871088e-02  8.18992585e-01 
 5.38271088e-02  8.18992585e-01 
 5.38671088e-02  8.18992585e-01 
 5.39071088e-02  8.18992585e-01 
 5.39471088e-02  8.18992585e-01 
 5.39871088e-02  8.18992585e-01 
 5.39999992e-02  8.18992585e-01 
 5.39999993e-02  8.18992585e-01 
 5.39999994e-02  8.18992585e-01 
 5.39999998e-02  8.18992585e-01 
 5.40000000e-02  8.18992395e-01 
 5.40000001e-02  8.18992293e-01 
 5.40000002e-02  8.18992090e-01 
 5.40000004e-02  8.18991685e-01 
 5.40000010e-02  8.18990873e-01 
 5.40000020e-02  8.18989250e-01 
 5.40000040e-02  8.18986005e-01 
 5.40000081e-02  8.18979515e-01 
 5.40000163e-02  8.18966541e-01 
 5.40000327e-02  8.18940612e-01 
 5.40000655e-02  8.18888835e-01 
 5.40001310e-02  8.18785597e-01 
 5.40002621e-02  8.18580385e-01 
 5.40005242e-02  8.18174964e-01 
 5.40010485e-02  8.17383727e-01 
 5.40020971e-02  8.15876567e-01 
 5.40041942e-02  8.13140341e-01 
 5.40083885e-02  8.08619136e-01 
 5.40167772e-02  8.02393853e-01 
 5.40335544e-02  7.96366957e-01 
 5.40671088e-02  7.93567875e-01 
 5.41071088e-02  7.93639914e-01 
 5.41471088e-02  7.93631909e-01 
 5.41871088e-02  7.93632799e-01 
 5.42271088e-02  7.93632700e-01 
 5.42671088e-02  7.93632711e-01 
 5.43071088e-02  7.93632710e-01 
 5.43471088e-02  7.93632710e-01 
 5.43871088e-02  7.93632710e-01 
 5.43999992e-02  7.93632710e-01 
 5.43999993e-02  7.93632710e-01 
 5.43999994e-02  7.93632710e-01 
 5.43999998e-02  7.93632710e-01 
 5.44000000e-02  7.93632710e-01 
 5.44000001e-02  7.93632710e-01 
 5.44000002e-02  7.93632710e-01 
 5.44000004e-02  7.93632710e-01 
 5.44000010e-02  7.93632710e-01 
 5.44000020e-02  7.93632710e-01 
 5.44000040e-02  7.93632710e-01 
 5.44000081e-02  7.93632710e-01 
 5.44000163e-02  7.93632710e-01 
 5.44000327e-02  7.93632710e-01 
 5.44000655e-02  7.93632710e-01 
 5.44001310e-02  7.93632710e-01 
 5.44002621e-02  7.93632710e-01 
 5.44005242e-02  7.93632710e-01 
 5.44010485e-02  7.93632710e-01 
 5.44020971e-02  7.93632710e-01 
 5.44041942e-02  7.93632710e-01 
 5.44083885e-02  7.93632710e-01 
 5.44167772e-02  7.93632710e-01 
 5.44335544e-02  7.93632710e-01 
 5.44671088e-02  7.93632710e-01 
 5.45071088e-02  7.93632710e-01 
 5.45471088e-02  7.93632710e-01 
 5.45871088e-02  7.93632710e-01 
 5.46271088e-02  7.93632710e-01 
 5.46671088e-02  7.93632710e-01 
 5.47071088e-02  7.93632710e-01 
 5.47471088e-02  7.93632710e-01 
 5.47871088e-02  7.93632710e-01 
 5.47999992e-02  7.93632710e-01 
 5.47999993e-02  7.93632710e-01 
 5.47999994e-02  7.93632710e-01 
 5.47999998e-02  7.93632710e-01 
 5.48000000e-02  7.93632522e-01 
 5.48000001e-02  7.93632422e-01 
 5.48000002e-02  7.93632222e-01 
 5.48000004e-02  7.93631822e-01 
 5.48000010e-02  7.93631023e-01 
 5.48000020e-02  7.93629423e-01 
 5.48000040e-02  7.93626224e-01 
 5.48000081e-02  7.93619828e-01 
 5.48000163e-02  7.93607040e-01 
 5.48000327e-02  7.93581483e-01 
 5.48000655e-02  7.93530449e-01 
 5.48001310e-02  7.93428693e-01 
 5.48002621e-02  7.93226426e-01 
 5.48005242e-02  7.92826822e-01 
 5.48010485e-02  7.92046941e-01 
 5.48020971e-02  7.90561410e-01 
 5.48041942e-02  7.87864452e-01 
 5.48083885e-02  7.83408132e-01 
 5.48167772e-02  7.77272189e-01 
 5.48335544e-02  7.71331786e-01 
 5.48671088e-02  7.68572873e-01 
 5.49071088e-02  7.68643878e-01 
 5.49471088e-02  7.68635988e-01 
 5.49871088e-02  7.68636865e-01 
 5.50271088e-02  7.68636768e-01 
 5.50671088e-02  7.68636778e-01 
 5.51071088e-02  7.68636777e-01 
 5.51471088e-02  7.68636777e-01 
 5.51871088e-02  7.68636777e-01 
 5.51999992e-02  7.68636777e-01 
 5.51999993e-02  7.68636777e-01 
 5.51999994e-02  7.68636777e-01 
 5.51999998e-02  7.68636777e-01 
 5.52000000e-02  7.68636777e-01 
 5.52000001e-02  7.68636777e-01 
 5.52000002e-02  7.68636777e-01 
 5.52000004e-02  7.68636777e-01 
 5.52000010e-02  7.68636777e-01 
 5.52000020e-02  7.68636777e-01 
 5.52000040e-02  7.68636777e-01 
 5.52000081e-02  7.68636777e-01 
 5.52000163e-02  7.68636777e-01 
 5.52000327e-02  7.68636777e-01 
 5.52000655e-02  7.68636777e-01 
 5.52001310e-02  7.68636777e-01 
 5.52002621e-02  7.68636777e-01 
 5.52005242e-02  7.68636777e-01 
 5.52010485e-02  7.68636777e-01 
 5.52020971e-02  7.68636777e-01 
 5.52041942e-02  7.68636777e-01 
 5.52083885e-02  7.68636777e-01 
 5.52167772e-02  7.68636777e-01 
 5.52335544e-02  7.68636777e-01 
 5.52671088e-02  7.68636777e-01 
 5.53071088e-02  7.68636777e-01 
 5.53471088e-02  7.68636777e-01 
 5.53871088e-02  7.68636777e-01 
 5.54271088e-02  7.68636777e-01 
 5.54671088e-02  7.68636777e-01 
 5.55071088e-02  7.68636777e-01 
 5.55471088e-02  7.68636777e-01 
 5.55871088e-02  7.68636777e-01 
 5.55999992e-02  7.68636777e-01 
 5.55999993e-02  7.68636777e-01 
 5.55999994e-02  7.68636777e-01 
 5.55999998e-02  7.68636777e-01 
 5.56000000e-02  7.68636593e-01 
 5.56000001e-02  7.68636494e-01 
 5.56000002e-02  7.68636297e-01 
 5.56000004e-02  7.68635904e-01 
 5.56000010e-02  7.68635116e-01 
 5.56000020e-02  7.68633541e-01 
 5.56000040e-02  7.68630390e-01 
 5.56000081e-02  7.68624091e-01 
 5.56000163e-02  7.68611498e-01 
 5.56000327e-02  7.68586330e-01 
 5.56000655e-02  7.68536072e-01 
 5.56001310e-02  7.68435863e-01 
 5.56002621e-02  7.68236673e-01 
 5.56005242e-02  7.67843148e-01 
 5.56010485e-02  7.67075128e-01 
 5.56020971e-02  7.65612193e-01 
 5.56041942e-02  7.62956257e-01 
 5.56083885e-02  7.58567718e-01 
 5.56167772e-02  7.52525105e-01 
 5.56335544e-02  7.46675057e-01 
 5.56671088e-02  7.43958108e-01 
 5.57071088e-02  7.44028033e-01 
 5.57471088e-02  7.44020264e-01 
 5.57871088e-02  7.44021127e-01 
 5.58271088e-02  7.44021031e-01 
 5.58671088e-02  7.44021042e-01 
 5.59071088e-02  7.44021041e-01 
 5.59471088e-02  7.44021041e-01 
 5.59871088e-02  7.44021041e-01 
 5.59999992e-02  7.44021041e-01 
 5.59999993e-02  7.44021041e-01 
 5.59999994e-02  7.44021041e-01 
 5.59999998e-02  7.44021041e-01 
 5.60000000e-02  7.44021041e-01 
 5.60000001e-02  7.44021041e-01 
 5.60000002e-02  7.44021041e-01 
 5.60000004e-02  7.44021041e-01 
 5.60000010e-02  7.44021041e-01 
 5.60000020e-02  7.44021041e-01 
 5.60000040e-02  7.44021041e-01 
 5.60000081e-02  7.44021041e-01 
 5.60000163e-02  7.44021041e-01 
 5.60000327e-02  7.44021041e-01 
 5.60000655e-02  7.44021041e-01 
 5.60001310e-02  7.44021041e-01 
 5.60002621e-02  7.44021041e-01 
 5.60005242e-02  7.44021041e-01 
 5.60010485e-02  7.44021041e-01 
 5.60020971e-02  7.44021041e-01 
 5.60041942e-02  7.44021041e-01 
 5.60083885e-02  7.44021041e-01 
 5.60167772e-02  7.44021041e-01 
 5.60335544e-02  7.44021041e-01 
 5.60655144e-02  7.44021041e-01 
 5.61055144e-02  7.44021041e-01 
 5.61455144e-02  7.44021041e-01 
 5.61855144e-02  7.44021041e-01 
 5.62255144e-02  7.44021041e-01 
 5.62655144e-02  7.44021041e-01 
 5.63055144e-02  7.44021041e-01 
 5.63455144e-02  7.44021041e-01 
 5.63855144e-02  7.44021041e-01 
 5.63999992e-02  7.44021041e-01 
 5.63999993e-02  7.44021041e-01 
 5.63999994e-02  7.44021041e-01 
 5.63999998e-02  7.44021041e-01 
 5.64000000e-02  7.44020859e-01 
 5.64000001e-02  7.44020762e-01 
 5.64000002e-02  7.44020568e-01 
 5.64000004e-02  7.44020181e-01 
 5.64000010e-02  7.44019406e-01 
 5.64000020e-02  7.44017856e-01 
 5.64000040e-02  7.44014757e-01 
 5.64000081e-02  7.44008559e-01 
 5.64000163e-02  7.43996168e-01 
 5.64000327e-02  7.43971406e-01 
 5.64000655e-02  7.43921957e-01 
 5.64001310e-02  7.43823363e-01 
 5.64002621e-02  7.43627382e-01 
 5.64005242e-02  7.43240196e-01 
 5.64010485e-02  7.42484549e-01 
 5.64020971e-02  7.41045180e-01 
 5.64041942e-02  7.38432030e-01 
 5.64083885e-02  7.34114187e-01 
 5.64167772e-02  7.28168916e-01 
 5.64335544e-02  7.22413109e-01 
 5.64655144e-02  7.19803479e-01 
 5.65055144e-02  7.19801665e-01 
 5.65455144e-02  7.19801867e-01 
 5.65855144e-02  7.19801845e-01 
 5.66255144e-02  7.19801847e-01 
 5.66655144e-02  7.19801847e-01 
 5.67055144e-02  7.19801847e-01 
 5.67455144e-02  7.19801847e-01 
 5.67855144e-02  7.19801847e-01 
 5.67999992e-02  7.19801847e-01 
 5.67999993e-02  7.19801847e-01 
 5.67999994e-02  7.19801847e-01 
 5.67999998e-02  7.19801847e-01 
 5.68000000e-02  7.19801847e-01 
 5.68000001e-02  7.19801847e-01 
 5.68000002e-02  7.19801847e-01 
 5.68000004e-02  7.19801847e-01 
 5.68000010e-02  7.19801847e-01 
 5.68000020e-02  7.19801847e-01 
 5.68000040e-02  7.19801847e-01 
 5.68000081e-02  7.19801847e-01 
 5.68000163e-02  7.19801847e-01 
 5.68000327e-02  7.19801847e-01 
 5.68000655e-02  7.19801847e-01 
 5.68001310e-02  7.19801847e-01 
 5.68002621e-02  7.19801847e-01 
 5.68005242e-02  7.19801847e-01 
 5.68010485e-02  7.19801847e-01 
 5.68020971e-02  7.19801847e-01 
 5.68041942e-02  7.19801847e-01 
 5.68083885e-02  7.19801847e-01 
 5.68167772e-02  7.19801847e-01 
 5.68335544e-02  7.19801847e-01 
 5.68617540e-02  7.19801847e-01 
 5.69017540e-02  7.19801847e-01 
 5.69417540e-02  7.19801847e-01 
 5.69817540e-02  7.19801847e-01 
 5.70217540e-02  7.19801847e-01 
 5.70617540e-02  7.19801847e-01 
 5.71017540e-02  7.19801847e-01 
 5.71417540e-02  7.19801847e-01 
 5.71817540e-02  7.19801847e-01 
 5.71999992e-02  7.19801847e-01 
 5.71999993e-02  7.19801847e-01 
 5.71999994e-02  7.19801847e-01 
 5.71999998e-02  7.19801847e-01 
 5.72000000e-02  7.19801668e-01 
 5.72000001e-02  7.19801573e-01 
 5.72000002e-02  7.19801383e-01 
 5.72000004e-02  7.19801002e-01 
 5.72000010e-02  7.19800240e-01 
 5.72000020e-02  7.19798716e-01 
 5.72000040e-02  7.19795670e-01 
 5.72000081e-02  7.19789578e-01 
 5.72000163e-02  7.19777398e-01 
 5.72000327e-02  7.19753058e-01 
 5.72000655e-02  7.19704452e-01 
 5.72001310e-02  7.19607538e-01 
 5.72002621e-02  7.19414895e-01 
 5.72005242e-02  7.19034307e-01 
 5.72010485e-02  7.18291535e-01 
 5.72020971e-02  7.16876692e-01 
 5.72041942e-02  7.14308066e-01 
 5.72083885e-02  7.10063795e-01 
 5.72167772e-02  7.04219825e-01 
 5.72335544e-02  6.98562091e-01 
 5.72617540e-02  6.96157360e-01 
 5.73017540e-02  6.95977317e-01 
 5.73417540e-02  6.95997322e-01 
 5.73817540e-02  6.95995099e-01 
 5.74217540e-02  6.95995346e-01 
 5.74617540e-02  6.95995319e-01 
 5.75017540e-02  6.95995322e-01 
 5.75417540e-02  6.95995322e-01 
 5.75817540e-02  6.95995322e-01 
 5.75999992e-02  6.95995322e-01 
 5.75999993e-02  6.95995322e-01 
 5.75999994e-02  6.95995322e-01 
 5.75999998e-02  6.95995322e-01 
 5.76000000e-02  6.95995322e-01 
 5.76000001e-02  6.95995322e-01 
 5.76000002e-02  6.95995322e-01 
 5.76000004e-02  6.95995322e-01 
 5.76000010e-02  6.95995322e-01 
 5.76000020e-02  6.95995322e-01 
 5.76000040e-02  6.95995322e-01 
 5.76000081e-02  6.95995322e-01 
 5.76000163e-02  6.95995322e-01 
 5.76000327e-02  6.95995322e-01 
 5.76000655e-02  6.95995322e-01 
 5.76001310e-02  6.95995322e-01 
 5.76002621e-02  6.95995322e-01 
 5.76005242e-02  6.95995322e-01 
 5.76010485e-02  6.95995322e-01 
 5.76020971e-02  6.95995322e-01 
 5.76041942e-02  6.95995322e-01 
 5.76083885e-02  6.95995322e-01 
 5.76167772e-02  6.95995322e-01 
 5.76335544e-02  6.95995322e-01 
 5.76619772e-02  6.95995322e-01 
 5.77019772e-02  6.95995322e-01 
 5.77419772e-02  6.95995322e-01 
 5.77819772e-02  6.95995322e-01 
 5.78219772e-02  6.95995322e-01 
 5.78619772e-02  6.95995322e-01 
 5.79019772e-02  6.95995322e-01 
 5.79419772e-02  6.95995322e-01 
 5.79819772e-02  6.95995322e-01 
 5.79999992e-02  6.95995322e-01 
 5.79999993e-02  6.95995322e-01 
 5.79999994e-02  6.95995322e-01 
 5.79999998e-02  6.95995322e-01 
 5.80000000e-02  6.95995146e-01 
 5.80000001e-02  6.95995053e-01 
 5.80000002e-02  6.95994866e-01 
 5.80000004e-02  6.95994492e-01 
 5.80000010e-02  6.95993744e-01 
 5.80000020e-02  6.95992248e-01 
 5.80000040e-02  6.95989256e-01 
 5.80000081e-02  6.95983273e-01 
 5.80000163e-02  6.95971313e-01 
 5.80000327e-02  6.95947410e-01 
 5.80000655e-02  6.95899679e-01 
 5.80001310e-02  6.95804508e-01 
 5.80002621e-02  6.95615332e-01 
 5.80005242e-02  6.95241591e-01 
 5.80010485e-02  6.94512182e-01 
 5.80020971e-02  6.93122794e-01 
 5.80041942e-02  6.90600382e-01 
 5.80083885e-02  6.86432472e-01 
 5.80167772e-02  6.80693643e-01 
 5.80335544e-02  6.75137699e-01 
 5.80619772e-02  6.72766335e-01 
 5.81019772e-02  6.72600529e-01 
 5.81419772e-02  6.72618952e-01 
 5.81819772e-02  6.72616905e-01 
 5.82219772e-02  6.72617133e-01 
 5.82619772e-02  6.72617107e-01 
 5.83019772e-02  6.72617110e-01 
 5.83419772e-02  6.72617110e-01 
 5.83819772e-02  6.72617110e-01 
 5.83999992e-02  6.72617110e-01 
 5.83999993e-02  6.72617110e-01 
 5.83999994e-02  6.72617110e-01 
 5.83999998e-02  6.72617110e-01 
 5.84000000e-02  6.72617110e-01 
 5.84000001e-02  6.72617110e-01 
 5.84000002e-02  6.72617110e-01 
 5.84000004e-02  6.72617110e-01 
 5.84000010e-02  6.72617110e-01 
 5.84000020e-02  6.72617110e-01 
 5.84000040e-02  6.72617110e-01 
 5.84000081e-02  6.72617110e-01 
 5.84000163e-02  6.72617110e-01 
 5.84000327e-02  6.72617110e-01 
 5.84000655e-02  6.72617110e-01 
 5.84001310e-02  6.72617110e-01 
 5.84002621e-02  6.72617110e-01 
 5.84005242e-02  6.72617110e-01 
 5.84010485e-02  6.72617110e-01 
 5.84020971e-02  6.72617110e-01 
 5.84041942e-02  6.72617110e-01 
 5.84083885e-02  6.72617110e-01 
 5.84167772e-02  6.72617110e-01 
 5.84335544e-02  6.72617110e-01 
 5.84622143e-02  6.72617110e-01 
 5.85022143e-02  6.72617110e-01 
 5.85422143e-02  6.72617110e-01 
 5.85822143e-02  6.72617110e-01 
 5.86222143e-02  6.72617110e-01 
 5.86622143e-02  6.72617110e-01 
 5.87022143e-02  6.72617110e-01 
 5.87422143e-02  6.72617110e-01 
 5.87822143e-02  6.72617110e-01 
 5.87999992e-02  6.72617110e-01 
 5.87999993e-02  6.72617110e-01 
 5.87999994e-02  6.72617110e-01 
 5.87999998e-02  6.72617110e-01 
 5.88000000e-02  6.72616938e-01 
 5.88000001e-02  6.72616846e-01 
 5.88000002e-02  6.72616663e-01 
 5.88000004e-02  6.72616296e-01 
 5.88000010e-02  6.72615562e-01 
 5.88000020e-02  6.72614094e-01 
 5.88000040e-02  6.72611159e-01 
 5.88000081e-02  6.72605290e-01 
 5.88000163e-02  6.72593556e-01 
 5.88000327e-02  6.72570107e-01 
 5.88000655e-02  6.72523280e-01 
 5.88001310e-02  6.72429914e-01 
 5.88002621e-02  6.72244325e-01 
 5.88005242e-02  6.71877670e-01 
 5.88010485e-02  6.71162092e-01 
 5.88020971e-02  6.69799047e-01 
 5.88041942e-02  6.67324461e-01 
 5.88083885e-02  6.63235577e-01 
 5.88167772e-02  6.57605559e-01 
 5.88335544e-02  6.52154959e-01 
 5.88622143e-02  6.49818321e-01 
 5.89022143e-02  6.49667033e-01 
 5.89422143e-02  6.49683843e-01 
 5.89822143e-02  6.49681975e-01 
 5.90222143e-02  6.49682183e-01 
 5.90622143e-02  6.49682159e-01 
 5.91022143e-02  6.49682162e-01 
 5.91422143e-02  6.49682162e-01 
 5.91822143e-02  6.49682162e-01 
 5.91999992e-02  6.49682162e-01 
 5.91999993e-02  6.49682162e-01 
 5.91999994e-02  6.49682162e-01 
 5.91999998e-02  6.49682162e-01 
 5.92000000e-02  6.49682162e-01 
 5.92000001e-02  6.49682162e-01 
 5.92000002e-02  6.49682162e-01 
 5.92000004e-02  6.49682162e-01 
 5.92000010e-02  6.49682162e-01 
 5.92000020e-02  6.49682162e-01 
 5.92000040e-02  6.49682162e-01 
 5.92000081e-02  6.49682162e-01 
 5.92000163e-02  6.49682162e-01 
 5.92000327e-02  6.49682162e-01 
 5.92000655e-02  6.49682162e-01 
 5.92001310e-02  6.49682162e-01 
 5.92002621e-02  6.49682162e-01 
 5.92005242e-02  6.49682162e-01 
 5.92010485e-02  6.49682162e-01 
 5.92020971e-02  6.49682162e-01 
 5.92041942e-02  6.49682162e-01 
 5.92083885e-02  6.49682162e-01 
 5.92167772e-02  6.49682162e-01 
 5.92335544e-02  6.49682162e-01 
 5.92624660e-02  6.49682162e-01 
 5.93024660e-02  6.49682162e-01 
 5.93424660e-02  6.49682162e-01 
 5.93824660e-02  6.49682162e-01 
 5.94224660e-02  6.49682162e-01 
 5.94624660e-02  6.49682162e-01 
 5.95024660e-02  6.49682162e-01 
 5.95424660e-02  6.49682162e-01 
 5.95824660e-02  6.49682162e-01 
 5.95999992e-02  6.49682162e-01 
 5.95999993e-02  6.49682162e-01 
 5.95999994e-02  6.49682162e-01 
 5.95999998e-02  6.49682162e-01 
 5.96000000e-02  6.49681993e-01 
 5.96000001e-02  6.49681903e-01 
 5.96000002e-02  6.49681723e-01 
 5.96000004e-02  6.49681364e-01 
 5.96000010e-02  6.49680645e-01 
 5.96000020e-02  6.49679206e-01 
 5.96000040e-02  6.49676330e-01 
 5.96000081e-02  6.49670578e-01 
 5.96000163e-02  6.49659078e-01 
 5.96000327e-02  6.49636096e-01 
 5.96000655e-02  6.49590203e-01 
 5.96001310e-02  6.49498699e-01 
 5.96002621e-02  6.49316811e-01 
 5.96005242e-02  6.48957467e-01 
 5.96010485e-02  6.48256158e-01 
 5.96020971e-02  6.46920294e-01 
 5.96041942e-02  6.44495053e-01 
 5.96083885e-02  6.40487705e-01 
 5.96167772e-02  6.34969955e-01 
 5.96335544e-02  6.29628044e-01 
 5.96624660e-02  6.27327432e-01 
 5.97024660e-02  6.27190904e-01 
 5.97424660e-02  6.27206074e-01 
 5.97824660e-02  6.27204388e-01 
 5.98224660e-02  6.27204575e-01 
 5.98624660e-02  6.27204555e-01 
 5.99024660e-02  6.27204557e-01 
 5.99424660e-02  6.27204557e-01 
 5.99824660e-02  6.27204557e-01 
 5.99999992e-02  6.27204557e-01 
 5.99999993e-02  6.27204557e-01 
 5.99999994e-02  6.27204557e-01 
 5.99999998e-02  6.27204557e-01 
 6.00000000e-02  6.27204557e-01 
 6.00000001e-02  6.27204557e-01 
 6.00000002e-02  6.27204557e-01 
 6.00000004e-02  6.27204557e-01 
 6.00000010e-02  6.27204557e-01 
 6.00000020e-02  6.27204557e-01 
 6.00000040e-02  6.27204557e-01 
 6.00000081e-02  6.27204557e-01 
 6.00000163e-02  6.27204557e-01 
 6.00000327e-02  6.27204557e-01 
 6.00000655e-02  6.27204557e-01 
 6.00001310e-02  6.27204557e-01 
 6.00002621e-02  6.27204557e-01 
 6.00005242e-02  6.27204557e-01 
 6.00010485e-02  6.27204557e-01 
 6.00020971e-02  6.27204557e-01 
 6.00041942e-02  6.27204557e-01 
 6.00083885e-02  6.27204557e-01 
 6.00167772e-02  6.27204557e-01 
 6.00335544e-02  6.27204557e-01 
 6.00627332e-02  6.27204557e-01 
 6.01027332e-02  6.27204557e-01 
 6.01427332e-02  6.27204557e-01 
 6.01827332e-02  6.27204557e-01 
 6.02227332e-02  6.27204557e-01 
 6.02627332e-02  6.27204557e-01 
 6.03027332e-02  6.27204557e-01 
 6.03427332e-02  6.27204557e-01 
 6.03827332e-02  6.27204557e-01 
 6.03999992e-02  6.27204557e-01 
 6.03999993e-02  6.27204557e-01 
 6.03999994e-02  6.27204557e-01 
 6.03999998e-02  6.27204557e-01 
 6.04000000e-02  6.27204392e-01 
 6.04000001e-02  6.27204304e-01 
 6.04000002e-02  6.27204127e-01 
 6.04000004e-02  6.27203775e-01 
 6.04000010e-02  6.27203071e-01 
 6.04000020e-02  6.27201663e-01 
 6.04000040e-02  6.27198846e-01 
 6.04000081e-02  6.27193215e-01 
 6.04000163e-02  6.27181956e-01 
 6.04000327e-02  6.27159455e-01 
 6.04000655e-02  6.27114523e-01 
 6.04001310e-02  6.27024934e-01 
 6.04002621e-02  6.26846851e-01 
 6.04005242e-02  6.26495028e-01 
 6.04010485e-02  6.25808396e-01 
 6.04020971e-02  6.24500489e-01 
 6.04041942e-02  6.22126003e-01 
 6.04083885e-02  6.18202520e-01 
 6.04167772e-02  6.12800244e-01 
 6.04335544e-02  6.07570128e-01 
 6.04627332e-02  6.05306776e-01 
 6.05027332e-02  6.05185201e-01 
 6.05427332e-02  6.05198710e-01 
 6.05827332e-02  6.05197209e-01 
 6.06227332e-02  6.05197376e-01 
 6.06627332e-02  6.05197357e-01 
 6.07027332e-02  6.05197359e-01 
 6.07427332e-02  6.05197359e-01 
 6.07827332e-02  6.05197359e-01 
 6.07999992e-02  6.05197359e-01 
 6.07999993e-02  6.05197359e-01 
 6.07999994e-02  6.05197359e-01 
 6.07999998e-02  6.05197359e-01 
 6.08000000e-02  6.05197359e-01 
 6.08000001e-02  6.05197359e-01 
 6.08000002e-02  6.05197359e-01 
 6.08000004e-02  6.05197359e-01 
 6.08000010e-02  6.05197359e-01 
 6.08000020e-02  6.05197359e-01 
 6.08000040e-02  6.05197359e-01 
 6.08000081e-02  6.05197359e-01 
 6.08000163e-02  6.05197359e-01 
 6.08000327e-02  6.05197359e-01 
 6.08000655e-02  6.05197359e-01 
 6.08001310e-02  6.05197359e-01 
 6.08002621e-02  6.05197359e-01 
 6.08005242e-02  6.05197359e-01 
 6.08010485e-02  6.05197359e-01 
 6.08020971e-02  6.05197359e-01 
 6.08041942e-02  6.05197359e-01 
 6.08083885e-02  6.05197359e-01 
 6.08167772e-02  6.05197359e-01 
 6.08335544e-02  6.05197359e-01 
 6.08651154e-02  6.05197359e-01 
 6.09051154e-02  6.05197359e-01 
 6.09451154e-02  6.05197359e-01 
 6.09851154e-02  6.05197359e-01 
 6.10251154e-02  6.05197359e-01 
 6.10651154e-02  6.05197359e-01 
 6.11051154e-02  6.05197359e-01 
 6.11451154e-02  6.05197359e-01 
 6.11851154e-02  6.05197359e-01 
 6.11999992e-02  6.05197359e-01 
 6.11999993e-02  6.05197359e-01 
 6.11999994e-02  6.05197359e-01 
 6.11999998e-02  6.05197359e-01 
 6.12000000e-02  6.05197197e-01 
 6.12000001e-02  6.05197111e-01 
 6.12000002e-02  6.05196939e-01 
 6.12000004e-02  6.05196595e-01 
 6.12000010e-02  6.05195906e-01 
 6.12000020e-02  6.05194529e-01 
 6.12000040e-02  6.05191774e-01 
 6.12000081e-02  6.05186266e-01 
 6.12000163e-02  6.05175253e-01 
 6.12000327e-02  6.05153246e-01 
 6.12000655e-02  6.05109298e-01 
 6.12001310e-02  6.05021673e-01 
 6.12002621e-02  6.04847494e-01 
 6.12005242e-02  6.04503382e-01 
 6.12010485e-02  6.03831799e-01 
 6.12020971e-02  6.02552557e-01 
 6.12041942e-02  6.00230114e-01 
 6.12083885e-02  5.96392623e-01 
 6.12167772e-02  5.91108751e-01 
 6.12335544e-02  5.85993266e-01 
 6.12651154e-02  5.83688529e-01 
 6.13051154e-02  5.83670721e-01 
 6.13451154e-02  5.83672699e-01 
 6.13851154e-02  5.83672479e-01 
 6.14251154e-02  5.83672504e-01 
 6.14651154e-02  5.83672501e-01 
 6.15051154e-02  5.83672502e-01 
 6.15451154e-02  5.83672501e-01 
 6.15851154e-02  5.83672501e-01 
 6.15999992e-02  5.83672501e-01 
 6.15999993e-02  5.83672501e-01 
 6.15999994e-02  5.83672501e-01 
 6.15999998e-02  5.83672501e-01 
 6.16000000e-02  5.83672501e-01 
 6.16000001e-02  5.83672501e-01 
 6.16000002e-02  5.83672501e-01 
 6.16000004e-02  5.83672501e-01 
 6.16000010e-02  5.83672501e-01 
 6.16000020e-02  5.83672501e-01 
 6.16000040e-02  5.83672501e-01 
 6.16000081e-02  5.83672501e-01 
 6.16000163e-02  5.83672501e-01 
 6.16000327e-02  5.83672501e-01 
 6.16000655e-02  5.83672501e-01 
 6.16001310e-02  5.83672501e-01 
 6.16002621e-02  5.83672501e-01 
 6.16005242e-02  5.83672501e-01 
 6.16010485e-02  5.83672501e-01 
 6.16020971e-02  5.83672501e-01 
 6.16041942e-02  5.83672501e-01 
 6.16083885e-02  5.83672501e-01 
 6.16167772e-02  5.83672501e-01 
 6.16335544e-02  5.83672501e-01 
 6.16671088e-02  5.83672501e-01 
 6.17071088e-02  5.83672501e-01 
 6.17471088e-02  5.83672501e-01 
 6.17871088e-02  5.83672501e-01 
 6.18271088e-02  5.83672501e-01 
 6.18671088e-02  5.83672501e-01 
 6.19071088e-02  5.83672501e-01 
 6.19471088e-02  5.83672501e-01 
 6.19871088e-02  5.83672501e-01 
 6.19999992e-02  5.83672501e-01 
 6.19999993e-02  5.83672501e-01 
 6.19999994e-02  5.83672501e-01 
 6.19999998e-02  5.83672501e-01 
 6.20000000e-02  5.83672344e-01 
 6.20000001e-02  5.83672260e-01 
 6.20000002e-02  5.83672091e-01 
 6.20000004e-02  5.83671755e-01 
 6.20000010e-02  5.83671082e-01 
 6.20000020e-02  5.83669736e-01 
 6.20000040e-02  5.83667044e-01 
 6.20000081e-02  5.83661662e-01 
 6.20000163e-02  5.83650902e-01 
 6.20000327e-02  5.83629399e-01 
 6.20000655e-02  5.83586458e-01 
 6.20001310e-02  5.83500840e-01 
 6.20002621e-02  5.83330650e-01 
 6.20005242e-02  5.82994420e-01 
 6.20010485e-02  5.82338221e-01 
 6.20020971e-02  5.81088282e-01 
 6.20041942e-02  5.78819037e-01 
 6.20083885e-02  5.75069447e-01 
 6.20167772e-02  5.69906609e-01 
 6.20335544e-02  5.64908299e-01 
 6.20671088e-02  5.62586925e-01 
 6.21071088e-02  5.62646669e-01 
 6.21471088e-02  5.62640030e-01 
 6.21871088e-02  5.62640768e-01 
 6.22271088e-02  5.62640686e-01 
 6.22671088e-02  5.62640695e-01 
 6.23071088e-02  5.62640694e-01 
 6.23471088e-02  5.62640694e-01 
 6.23871088e-02  5.62640694e-01 
 6.23999992e-02  5.62640694e-01 
 6.23999993e-02  5.62640694e-01 
 6.23999994e-02  5.62640694e-01 
 6.23999998e-02  5.62640694e-01 
 6.24000000e-02  5.62640694e-01 
 6.24000001e-02  5.62640694e-01 
 6.24000002e-02  5.62640694e-01 
 6.24000004e-02  5.62640694e-01 
 6.24000010e-02  5.62640694e-01 
 6.24000020e-02  5.62640694e-01 
 6.24000040e-02  5.62640694e-01 
 6.24000081e-02  5.62640694e-01 
 6.24000163e-02  5.62640694e-01 
 6.24000327e-02  5.62640694e-01 
 6.24000655e-02  5.62640694e-01 
 6.24001310e-02  5.62640694e-01 
 6.24002621e-02  5.62640694e-01 
 6.24005242e-02  5.62640694e-01 
 6.24010485e-02  5.62640694e-01 
 6.24020971e-02  5.62640694e-01 
 6.24041942e-02  5.62640694e-01 
 6.24083885e-02  5.62640694e-01 
 6.24167772e-02  5.62640694e-01 
 6.24335544e-02  5.62640694e-01 
 6.24671088e-02  5.62640694e-01 
 6.25071088e-02  5.62640694e-01 
 6.25471088e-02  5.62640694e-01 
 6.25871088e-02  5.62640694e-01 
 6.26271088e-02  5.62640694e-01 
 6.26671088e-02  5.62640694e-01 
 6.27071088e-02  5.62640694e-01 
 6.27471088e-02  5.62640694e-01 
 6.27871088e-02  5.62640694e-01 
 6.27999992e-02  5.62640694e-01 
 6.27999993e-02  5.62640694e-01 
 6.27999994e-02  5.62640694e-01 
 6.27999998e-02  5.62640694e-01 
 6.28000000e-02  5.62640540e-01 
 6.28000001e-02  5.62640458e-01 
 6.28000002e-02  5.62640294e-01 
 6.28000004e-02  5.62639965e-01 
 6.28000010e-02  5.62639308e-01 
 6.28000020e-02  5.62637995e-01 
 6.28000040e-02  5.62635367e-01 
 6.28000081e-02  5.62630114e-01 
 6.28000163e-02  5.62619611e-01 
 6.28000327e-02  5.62598621e-01 
 6.28000655e-02  5.62556706e-01 
 6.28001310e-02  5.62473133e-01 
 6.28002621e-02  5.62307010e-01 
 6.28005242e-02  5.61978813e-01 
 6.28010485e-02  5.61338290e-01 
 6.28020971e-02  5.60118213e-01 
 6.28041942e-02  5.57903183e-01 
 6.28083885e-02  5.54243174e-01 
 6.28167772e-02  5.49203679e-01 
 6.28335544e-02  5.44324783e-01 
 6.28671088e-02  5.42058868e-01 
 6.29071088e-02  5.42117185e-01 
 6.29471088e-02  5.42110705e-01 
 6.29871088e-02  5.42111425e-01 
 6.30271088e-02  5.42111345e-01 
 6.30671088e-02  5.42111354e-01 
 6.31071088e-02  5.42111353e-01 
 6.31471088e-02  5.42111353e-01 
 6.31871088e-02  5.42111353e-01 
 6.31999992e-02  5.42111353e-01 
 6.31999993e-02  5.42111353e-01 
 6.31999994e-02  5.42111353e-01 
 6.31999998e-02  5.42111353e-01 
 6.32000000e-02  5.42111353e-01 
 6.32000001e-02  5.42111353e-01 
 6.32000002e-02  5.42111353e-01 
 6.32000004e-02  5.42111353e-01 
 6.32000010e-02  5.42111353e-01 
 6.32000020e-02  5.42111353e-01 
 6.32000040e-02  5.42111353e-01 
 6.32000081e-02  5.42111353e-01 
 6.32000163e-02  5.42111353e-01 
 6.32000327e-02  5.42111353e-01 
 6.32000655e-02  5.42111353e-01 
 6.32001310e-02  5.42111353e-01 
 6.32002621e-02  5.42111353e-01 
 6.32005242e-02  5.42111353e-01 
 6.32010485e-02  5.42111353e-01 
 6.32020971e-02  5.42111353e-01 
 6.32041942e-02  5.42111353e-01 
 6.32083885e-02  5.42111353e-01 
 6.32167772e-02  5.42111353e-01 
 6.32335544e-02  5.42111353e-01 
 6.32671088e-02  5.42111353e-01 
 6.33071088e-02  5.42111353e-01 
 6.33471088e-02  5.42111353e-01 
 6.33871088e-02  5.42111353e-01 
 6.34271088e-02  5.42111353e-01 
 6.34671088e-02  5.42111353e-01 
 6.35071088e-02  5.42111353e-01 
 6.35471088e-02  5.42111353e-01 
 6.35871088e-02  5.42111353e-01 
 6.35999992e-02  5.42111353e-01 
 6.35999993e-02  5.42111353e-01 
 6.35999994e-02  5.42111353e-01 
 6.35999998e-02  5.42111353e-01 
 6.36000000e-02  5.42111203e-01 
 6.36000001e-02  5.42111123e-01 
 6.36000002e-02  5.42110963e-01 
 6.36000004e-02  5.42110642e-01 
 6.36000010e-02  5.42110002e-01 
 6.36000020e-02  5.42108721e-01 
 6.36000040e-02  5.42106159e-01 
 6.36000081e-02  5.42101036e-01 
 6.36000163e-02  5.42090794e-01 
 6.36000327e-02  5.42070327e-01 
 6.36000655e-02  5.42029454e-01 
 6.36001310e-02  5.41947959e-01 
 6.36002621e-02  5.41785967e-01 
 6.36005242e-02  5.41465932e-01 
 6.36010485e-02  5.40841338e-01 
 6.36020971e-02  5.39651603e-01 
 6.36041942e-02  5.37491657e-01 
 6.36083885e-02  5.33922669e-01 
 6.36167772e-02  5.29008500e-01 
 6.36335544e-02  5.24250936e-01 
 6.36671088e-02  5.22041371e-01 
 6.37071088e-02  5.22098237e-01 
 6.37471088e-02  5.22091919e-01 
 6.37871088e-02  5.22092621e-01 
 6.38271088e-02  5.22092543e-01 
 6.38671088e-02  5.22092552e-01 
 6.39071088e-02  5.22092551e-01 
 6.39471088e-02  5.22092551e-01 
 6.39871088e-02  5.22092551e-01 
 6.39999992e-02  5.22092551e-01 
 6.39999993e-02  5.22092551e-01 
 6.39999994e-02  5.22092551e-01 
 6.39999998e-02  5.22092551e-01 
 6.40000000e-02  5.22092551e-01 
 6.40000001e-02  5.22092551e-01 
 6.40000002e-02  5.22092551e-01 
 6.40000004e-02  5.22092551e-01 
 6.40000010e-02  5.22092551e-01 
 6.40000020e-02  5.22092551e-01 
 6.40000040e-02  5.22092551e-01 
 6.40000081e-02  5.22092551e-01 
 6.40000163e-02  5.22092551e-01 
 6.40000327e-02  5.22092551e-01 
 6.40000655e-02  5.22092551e-01 
 6.40001310e-02  5.22092551e-01 
 6.40002621e-02  5.22092551e-01 
 6.40005242e-02  5.22092551e-01 
 6.40010485e-02  5.22092551e-01 
 6.40020971e-02  5.22092551e-01 
 6.40041942e-02  5.22092551e-01 
 6.40083885e-02  5.22092551e-01 
 6.40167772e-02  5.22092551e-01 
 6.40335544e-02  5.22092551e-01 
 6.40671088e-02  5.22092551e-01 
 6.41071088e-02  5.22092551e-01 
 6.41471088e-02  5.22092551e-01 
 6.41871088e-02  5.22092551e-01 
 6.42271088e-02  5.22092551e-01 
 6.42671088e-02  5.22092551e-01 
 6.43071088e-02  5.22092551e-01 
 6.43471088e-02  5.22092551e-01 
 6.43871088e-02  5.22092551e-01 
 6.43999992e-02  5.22092551e-01 
 6.43999993e-02  5.22092551e-01 
 6.43999994e-02  5.22092551e-01 
 6.43999998e-02  5.22092551e-01 
 6.44000000e-02  5.22092405e-01 
 6.44000001e-02  5.22092327e-01 
 6.44000002e-02  5.22092171e-01 
 6.44000004e-02  5.22091859e-01 
 6.44000010e-02  5.22091235e-01 
 6.44000020e-02  5.22089987e-01 
 6.44000040e-02  5.22087491e-01 
 6.44000081e-02  5.22082500e-01 
 6.44000163e-02  5.22072523e-01 
 6.44000327e-02  5.22052584e-01 
 6.44000655e-02  5.22012768e-01 
 6.44001310e-02  5.21933379e-01 
 6.44002621e-02  5.21775572e-01 
 6.44005242e-02  5.21463806e-01 
 6.44010485e-02  5.20855350e-01 
 6.44020971e-02  5.19696355e-01 
 6.44041942e-02  5.17592217e-01 
 6.44083885e-02  5.14115441e-01 
 6.44167772e-02  5.09328243e-01 
 6.44335544e-02  5.04693602e-01 
 6.44671088e-02  5.02541127e-01 
 6.45071088e-02  5.02596525e-01 
 6.45471088e-02  5.02590369e-01 
 6.45871088e-02  5.02591053e-01 
 6.46271088e-02  5.02590977e-01 
 6.46671088e-02  5.02590986e-01 
 6.47071088e-02  5.02590985e-01 
 6.47471088e-02  5.02590985e-01 
 6.47871088e-02  5.02590985e-01 
 6.47999992e-02  5.02590985e-01 
 6.47999993e-02  5.02590985e-01 
 6.47999994e-02  5.02590985e-01 
 6.47999998e-02  5.02590985e-01 
 6.48000000e-02  5.02590985e-01 
 6.48000001e-02  5.02590985e-01 
 6.48000002e-02  5.02590985e-01 
 6.48000004e-02  5.02590985e-01 
 6.48000010e-02  5.02590985e-01 
 6.48000020e-02  5.02590985e-01 
 6.48000040e-02  5.02590985e-01 
 6.48000081e-02  5.02590985e-01 
 6.48000163e-02  5.02590985e-01 
 6.48000327e-02  5.02590985e-01 
 6.48000655e-02  5.02590985e-01 
 6.48001310e-02  5.02590985e-01 
 6.48002621e-02  5.02590985e-01 
 6.48005242e-02  5.02590985e-01 
 6.48010485e-02  5.02590985e-01 
 6.48020971e-02  5.02590985e-01 
 6.48041942e-02  5.02590985e-01 
 6.48083885e-02  5.02590985e-01 
 6.48167772e-02  5.02590985e-01 
 6.48335544e-02  5.02590985e-01 
 6.48671088e-02  5.02590985e-01 
 6.49071088e-02  5.02590985e-01 
 6.49471088e-02  5.02590985e-01 
 6.49871088e-02  5.02590985e-01 
 6.50271088e-02  5.02590985e-01 
 6.50671088e-02  5.02590985e-01 
 6.51071088e-02  5.02590985e-01 
 6.51471088e-02  5.02590985e-01 
 6.51871088e-02  5.02590985e-01 
 6.51999992e-02  5.02590985e-01 
 6.51999993e-02  5.02590985e-01 
 6.51999994e-02  5.02590985e-01 
 6.51999998e-02  5.02590985e-01 
 6.52000000e-02  5.02590843e-01 
 6.52000001e-02  5.02590767e-01 
 6.52000002e-02  5.02590615e-01 
 6.52000004e-02  5.02590311e-01 
 6.52000010e-02  5.02589704e-01 
 6.52000020e-02  5.02588489e-01 
 6.52000040e-02  5.02586061e-01 
 6.52000081e-02  5.02581204e-01 
 6.52000163e-02  5.02571494e-01 
 6.52000327e-02  5.02552089e-01 
 6.52000655e-02  5.02513340e-01 
 6.52001310e-02  5.02436078e-01 
 6.52002621e-02  5.02282500e-01 
 6.52005242e-02  5.01979087e-01 
 6.52010485e-02  5.01386935e-01 
 6.52020971e-02  5.00258995e-01 
 6.52041942e-02  4.98211237e-01 
 6.52083885e-02  4.94827622e-01 
 6.52167772e-02  4.90168696e-01 
 6.52335544e-02  4.85658240e-01 
 6.52671088e-02  4.83563441e-01 
 6.53071088e-02  4.83617354e-01 
 6.53471088e-02  4.83611363e-01 
 6.53871088e-02  4.83612029e-01 
 6.54271088e-02  4.83611955e-01 
 6.54671088e-02  4.83611963e-01 
 6.55071088e-02  4.83611962e-01 
 6.55471088e-02  4.83611962e-01 
 6.55871088e-02  4.83611962e-01 
 6.55999992e-02  4.83611962e-01 
 6.55999993e-02  4.83611962e-01 
 6.55999994e-02  4.83611962e-01 
 6.55999998e-02  4.83611962e-01 
 6.56000000e-02  4.83611962e-01 
 6.56000001e-02  4.83611962e-01 
 6.56000002e-02  4.83611962e-01 
 6.56000004e-02  4.83611962e-01 
 6.56000010e-02  4.83611962e-01 
 6.56000020e-02  4.83611962e-01 
 6.56000040e-02  4.83611962e-01 
 6.56000081e-02  4.83611962e-01 
 6.56000163e-02  4.83611962e-01 
 6.56000327e-02  4.83611962e-01 
 6.56000655e-02  4.83611962e-01 
 6.56001310e-02  4.83611962e-01 
 6.56002621e-02  4.83611962e-01 
 6.56005242e-02  4.83611962e-01 
 6.56010485e-02  4.83611962e-01 
 6.56020971e-02  4.83611962e-01 
 6.56041942e-02  4.83611962e-01 
 6.56083885e-02  4.83611962e-01 
 6.56167772e-02  4.83611962e-01 
 6.56335544e-02  4.83611962e-01 
 6.56671088e-02  4.83611962e-01 
 6.57071088e-02  4.83611962e-01 
 6.57471088e-02  4.83611962e-01 
 6.57871088e-02  4.83611962e-01 
 6.58271088e-02  4.83611962e-01 
 6.58671088e-02  4.83611962e-01 
 6.59071088e-02  4.83611962e-01 
 6.59471088e-02  4.83611962e-01 
 6.59871088e-02  4.83611962e-01 
 6.59999992e-02  4.83611962e-01 
 6.59999993e-02  4.83611962e-01 
 6.59999994e-02  4.83611962e-01 
 6.59999998e-02  4.83611962e-01 
 6.60000000e-02  4.83611824e-01 
 6.60000001e-02  4.83611750e-01 
 6.60000002e-02  4.83611602e-01 
 6.60000004e-02  4.83611307e-01 
 6.60000010e-02  4.83610717e-01 
 6.60000020e-02  4.83609536e-01 
 6.60000040e-02  4.83607174e-01 
 6.60000081e-02  4.83602452e-01 
 6.60000163e-02  4.83593012e-01 
 6.60000327e-02  4.83574146e-01 
 6.60000655e-02  4.83536471e-01 
 6.60001310e-02  4.83461352e-01 
 6.60002621e-02  4.83312034e-01 
 6.60005242e-02  4.83017038e-01 
 6.60010485e-02  4.82441312e-01 
 6.60020971e-02  4.81344659e-01 
 6.60041942e-02  4.79353704e-01 
 6.60083885e-02  4.76063947e-01 
 6.60167772e-02  4.71534255e-01 
 6.60335544e-02  4.67148915e-01 
 6.60671088e-02  4.65112224e-01 
 6.61071088e-02  4.65164641e-01 
 6.61471088e-02  4.65158817e-01 
 6.61871088e-02  4.65159464e-01 
 6.62271088e-02  4.65159392e-01 
 6.62671088e-02  4.65159400e-01 
 6.63071088e-02  4.65159399e-01 
 6.63471088e-02  4.65159399e-01 
 6.63871088e-02  4.65159399e-01 
 6.63999992e-02  4.65159399e-01 
 6.63999993e-02  4.65159399e-01 
 6.63999994e-02  4.65159399e-01 
 6.63999998e-02  4.65159399e-01 
 6.64000000e-02  4.65159399e-01 
 6.64000001e-02  4.65159399e-01 
 6.64000002e-02  4.65159399e-01 
 6.64000004e-02  4.65159399e-01 
 6.64000010e-02  4.65159399e-01 
 6.64000020e-02  4.65159399e-01 
 6.64000040e-02  4.65159399e-01 
 6.64000081e-02  4.65159399e-01 
 6.64000163e-02  4.65159399e-01 
 6.64000327e-02  4.65159399e-01 
 6.64000655e-02  4.65159399e-01 
 6.64001310e-02  4.65159399e-01 
 6.64002621e-02  4.65159399e-01 
 6.64005242e-02  4.65159399e-01 
 6.64010485e-02  4.65159399e-01 
 6.64020971e-02  4.65159399e-01 
 6.64041942e-02  4.65159399e-01 
 6.64083885e-02  4.65159399e-01 
 6.64167772e-02  4.65159399e-01 
 6.64335544e-02  4.65159399e-01 
 6.64671088e-02  4.65159399e-01 
 6.65071088e-02  4.65159399e-01 
 6.65471088e-02  4.65159399e-01 
 6.65871088e-02  4.65159399e-01 
 6.66271088e-02  4.65159399e-01 
 6.66671088e-02  4.65159399e-01 
 6.67071088e-02  4.65159399e-01 
 6.67471088e-02  4.65159399e-01 
 6.67871088e-02  4.65159399e-01 
 6.67999992e-02  4.65159399e-01 
 6.67999993e-02  4.65159399e-01 
 6.67999994e-02  4.65159399e-01 
 6.67999998e-02  4.65159399e-01 
 6.68000000e-02  4.65159265e-01 
 6.68000001e-02  4.65159193e-01 
 6.68000002e-02  4.65159050e-01 
 6.68000004e-02  4.65158763e-01 
 6.68000010e-02  4.65158189e-01 
 6.68000020e-02  4.65157042e-01 
 6.68000040e-02  4.65154749e-01 
 6.68000081e-02  4.65150162e-01 
 6.68000163e-02  4.65140992e-01 
 6.68000327e-02  4.65122667e-01 
 6.68000655e-02  4.65086072e-01 
 6.68001310e-02  4.65013107e-01 
 6.68002621e-02  4.64868070e-01 
 6.68005242e-02  4.64581530e-01 
 6.68010485e-02  4.64022309e-01 
 6.68020971e-02  4.62957096e-01 
 6.68041942e-02  4.61023217e-01 
 6.68083885e-02  4.57827771e-01 
 6.68167772e-02  4.53427937e-01 
 6.68335544e-02  4.49168316e-01 
 6.68671088e-02  4.47190013e-01 
 6.69071088e-02  4.47240927e-01 
 6.69471088e-02  4.47235270e-01 
 6.69871088e-02  4.47235899e-01 
 6.70271088e-02  4.47235829e-01 
 6.70671088e-02  4.47235837e-01 
 6.71071088e-02  4.47235836e-01 
 6.71471088e-02  4.47235836e-01 
 6.71871088e-02  4.47235836e-01 
 6.71999992e-02  4.47235836e-01 
 6.71999993e-02  4.47235836e-01 
 6.71999994e-02  4.47235836e-01 
 6.71999998e-02  4.47235836e-01 
 6.72000000e-02  4.47235836e-01 
 6.72000001e-02  4.47235836e-01 
 6.72000002e-02  4.47235836e-01 
 6.72000004e-02  4.47235836e-01 
 6.72000010e-02  4.47235836e-01 
 6.72000020e-02  4.47235836e-01 
 6.72000040e-02  4.47235836e-01 
 6.72000081e-02  4.47235836e-01 
 6.72000163e-02  4.47235836e-01 
 6.72000327e-02  4.47235836e-01 
 6.72000655e-02  4.47235836e-01 
 6.72001310e-02  4.47235836e-01 
 6.72002621e-02  4.47235836e-01 
 6.72005242e-02  4.47235836e-01 
 6.72010485e-02  4.47235836e-01 
 6.72020971e-02  4.47235836e-01 
 6.72041942e-02  4.47235836e-01 
 6.72083885e-02  4.47235836e-01 
 6.72167772e-02  4.47235836e-01 
 6.72335544e-02  4.47235836e-01 
 6.72671088e-02  4.47235836e-01 
 6.73071088e-02  4.47235836e-01 
 6.73471088e-02  4.47235836e-01 
 6.73871088e-02  4.47235836e-01 
 6.74271088e-02  4.47235836e-01 
 6.74671088e-02  4.47235836e-01 
 6.75071088e-02  4.47235836e-01 
 6.75471088e-02  4.47235836e-01 
 6.75871088e-02  4.47235836e-01 
 6.75999992e-02  4.47235836e-01 
 6.75999993e-02  4.47235836e-01 
 6.75999994e-02  4.47235836e-01 
 6.75999998e-02  4.47235836e-01 
 6.76000000e-02  4.47235705e-01 
 6.76000001e-02  4.47235636e-01 
 6.76000002e-02  4.47235497e-01 
 6.76000004e-02  4.47235218e-01 
 6.76000010e-02  4.47234662e-01 
 6.76000020e-02  4.47233549e-01 
 6.76000040e-02  4.47231323e-01 
 6.76000081e-02  4.47226872e-01 
 6.76000163e-02  4.47217973e-01 
 6.76000327e-02  4.47200190e-01 
 6.76000655e-02  4.47164678e-01 
 6.76001310e-02  4.47093871e-01 
 6.76002621e-02  4.46953124e-01 
 6.76005242e-02  4.46675061e-01 
 6.76010485e-02  4.46132381e-01 
 6.76020971e-02  4.45098677e-01 
 6.76041942e-02  4.43222004e-01 
 6.76083885e-02  4.40121082e-01 
 6.76167772e-02  4.35851397e-01 
 6.76335544e-02  4.31717778e-01 
 6.76671088e-02  4.29797994e-01 
 6.77071088e-02  4.29847402e-01 
 6.77471088e-02  4.29841912e-01 
 6.77871088e-02  4.29842522e-01 
 6.78271088e-02  4.29842454e-01 
 6.78671088e-02  4.29842462e-01 
 6.79071088e-02  4.29842461e-01 
 6.79471088e-02  4.29842461e-01 
 6.79871088e-02  4.29842461e-01 
 6.79999992e-02  4.29842461e-01 
 6.79999993e-02  4.29842461e-01 
 6.79999994e-02  4.29842461e-01 
 6.79999998e-02  4.29842461e-01 
 6.80000000e-02  4.29842461e-01 
 6.80000001e-02  4.29842461e-01 
 6.80000002e-02  4.29842461e-01 
 6.80000004e-02  4.29842461e-01 
 6.80000010e-02  4.29842461e-01 
 6.80000020e-02  4.29842461e-01 
 6.80000040e-02  4.29842461e-01 
 6.80000081e-02  4.29842461e-01 
 6.80000163e-02  4.29842461e-01 
 6.80000327e-02  4.29842461e-01 
 6.80000655e-02  4.29842461e-01 
 6.80001310e-02  4.29842461e-01 
 6.80002621e-02  4.29842461e-01 
 6.80005242e-02  4.29842461e-01 
 6.80010485e-02  4.29842461e-01 
 6.80020971e-02  4.29842461e-01 
 6.80041942e-02  4.29842461e-01 
 6.80083885e-02  4.29842461e-01 
 6.80167772e-02  4.29842461e-01 
 6.80335544e-02  4.29842461e-01 
 6.80667055e-02  4.29842461e-01 
 6.81067055e-02  4.29842461e-01 
 6.81467055e-02  4.29842461e-01 
 6.81867055e-02  4.29842461e-01 
 6.82267055e-02  4.29842461e-01 
 6.82667055e-02  4.29842461e-01 
 6.83067055e-02  4.29842461e-01 
 6.83467055e-02  4.29842461e-01 
 6.83867055e-02  4.29842461e-01 
 6.83999992e-02  4.29842461e-01 
 6.83999993e-02  4.29842461e-01 
 6.83999994e-02  4.29842461e-01 
 6.83999998e-02  4.29842461e-01 
 6.84000000e-02  4.29842335e-01 
 6.84000001e-02  4.29842267e-01 
 6.84000002e-02  4.29842132e-01 
 6.84000004e-02  4.29841863e-01 
 6.84000010e-02  4.29841323e-01 
 6.84000020e-02  4.29840244e-01 
 6.84000040e-02  4.29838086e-01 
 6.84000081e-02  4.29833770e-01 
 6.84000163e-02  4.29825143e-01 
 6.84000327e-02  4.29807902e-01 
 6.84000655e-02  4.29773472e-01 
 6.84001310e-02  4.29704823e-01 
 6.84002621e-02  4.29568365e-01 
 6.84005242e-02  4.29298776e-01 
 6.84010485e-02  4.28772635e-01 
 6.84020971e-02  4.27770433e-01 
 6.84041942e-02  4.25950952e-01 
 6.84083885e-02  4.22944530e-01 
 6.84167772e-02  4.18804965e-01 
 6.84335544e-02  4.14797318e-01 
 6.84667055e-02  4.12947029e-01 
 6.85067055e-02  4.12982722e-01 
 6.85467055e-02  4.12978756e-01 
 6.85867055e-02  4.12979196e-01 
 6.86267055e-02  4.12979147e-01 
 6.86667055e-02  4.12979153e-01 
 6.87067055e-02  4.12979152e-01 
 6.87467055e-02  4.12979152e-01 
 6.87867055e-02  4.12979152e-01 
 6.87999992e-02  4.12979152e-01 
 6.87999993e-02  4.12979152e-01 
 6.87999994e-02  4.12979152e-01 
 6.87999998e-02  4.12979152e-01 
 6.88000000e-02  4.12979152e-01 
 6.88000001e-02  4.12979152e-01 
 6.88000002e-02  4.12979152e-01 
 6.88000004e-02  4.12979152e-01 
 6.88000010e-02  4.12979152e-01 
 6.88000020e-02  4.12979152e-01 
 6.88000040e-02  4.12979152e-01 
 6.88000081e-02  4.12979152e-01 
 6.88000163e-02  4.12979152e-01 
 6.88000327e-02  4.12979152e-01 
 6.88000655e-02  4.12979152e-01 
 6.88001310e-02  4.12979152e-01 
 6.88002621e-02  4.12979152e-01 
 6.88005242e-02  4.12979152e-01 
 6.88010485e-02  4.12979152e-01 
 6.88020971e-02  4.12979152e-01 
 6.88041942e-02  4.12979152e-01 
 6.88083885e-02  4.12979152e-01 
 6.88167772e-02  4.12979152e-01 
 6.88335544e-02  4.12979152e-01 
 6.88671088e-02  4.12979152e-01 
 6.89071088e-02  4.12979152e-01 
 6.89471088e-02  4.12979152e-01 
 6.89871088e-02  4.12979152e-01 
 6.90271088e-02  4.12979152e-01 
 6.90671088e-02  4.12979152e-01 
 6.91071088e-02  4.12979152e-01 
 6.91471088e-02  4.12979152e-01 
 6.91871088e-02  4.12979152e-01 
 6.91999992e-02  4.12979152e-01 
 6.91999993e-02  4.12979152e-01 
 6.91999994e-02  4.12979152e-01 
 6.91999998e-02  4.12979152e-01 
 6.92000000e-02  4.12979030e-01 
 6.92000001e-02  4.12978964e-01 
 6.92000002e-02  4.12978834e-01 
 6.92000004e-02  4.12978572e-01 
 6.92000010e-02  4.12978050e-01 
 6.92000020e-02  4.12977004e-01 
 6.92000040e-02  4.12974914e-01 
 6.92000081e-02  4.12970734e-01 
 6.92000163e-02  4.12962377e-01 
 6.92000327e-02  4.12945676e-01 
 6.92000655e-02  4.12912325e-01 
 6.92001310e-02  4.12845829e-01 
 6.92002621e-02  4.12713649e-01 
 6.92005242e-02  4.12452512e-01 
 6.92010485e-02  4.11942865e-01 
 6.92020971e-02  4.10972084e-01 
 6.92041942e-02  4.09209644e-01 
 6.92083885e-02  4.06297476e-01 
 6.92167772e-02  4.02287688e-01 
 6.92335544e-02  3.98405684e-01 
 6.92671088e-02  3.96602758e-01 
 6.93071088e-02  3.96649159e-01 
 6.93471088e-02  3.96644003e-01 
 6.93871088e-02  3.96644576e-01 
 6.94271088e-02  3.96644513e-01 
 6.94671088e-02  3.96644520e-01 
 6.95071088e-02  3.96644519e-01 
 6.95471088e-02  3.96644519e-01 
 6.95871088e-02  3.96644519e-01 
 6.95999992e-02  3.96644519e-01 
 6.95999993e-02  3.96644519e-01 
 6.95999994e-02  3.96644519e-01 
 6.95999998e-02  3.96644519e-01 
 6.96000000e-02  3.96644519e-01 
 6.96000001e-02  3.96644519e-01 
 6.96000002e-02  3.96644519e-01 
 6.96000004e-02  3.96644519e-01 
 6.96000010e-02  3.96644519e-01 
 6.96000020e-02  3.96644519e-01 
 6.96000040e-02  3.96644519e-01 
 6.96000081e-02  3.96644519e-01 
 6.96000163e-02  3.96644519e-01 
 6.96000327e-02  3.96644519e-01 
 6.96000655e-02  3.96644519e-01 
 6.96001310e-02  3.96644519e-01 
 6.96002621e-02  3.96644519e-01 
 6.96005242e-02  3.96644519e-01 
 6.96010485e-02  3.96644519e-01 
 6.96020971e-02  3.96644519e-01 
 6.96041942e-02  3.96644519e-01 
 6.96083885e-02  3.96644519e-01 
 6.96167772e-02  3.96644519e-01 
 6.96335544e-02  3.96644519e-01 
 6.96671088e-02  3.96644519e-01 
 6.97071088e-02  3.96644519e-01 
 6.97471088e-02  3.96644519e-01 
 6.97871088e-02  3.96644519e-01 
 6.98271088e-02  3.96644519e-01 
 6.98671088e-02  3.96644519e-01 
 6.99071088e-02  3.96644519e-01 
 6.99471088e-02  3.96644519e-01 
 6.99871088e-02  3.96644519e-01 
 6.99999992e-02  3.96644519e-01 
 6.99999993e-02  3.96644519e-01 
 6.99999994e-02  3.96644519e-01 
 6.99999998e-02  3.96644519e-01 
 7.00000000e-02  3.96644400e-01 
 7.00000001e-02  3.96644337e-01 
 7.00000002e-02  3.96644211e-01 
 7.00000004e-02  3.96643958e-01 
 7.00000010e-02  3.96643452e-01 
 7.00000020e-02  3.96642440e-01 
 7.00000040e-02  3.96640417e-01 
 7.00000081e-02  3.96636372e-01 
 7.00000163e-02  3.96628284e-01 
 7.00000327e-02  3.96612121e-01 
 7.00000655e-02  3.96579844e-01 
 7.00001310e-02  3.96515489e-01 
 7.00002621e-02  3.96387567e-01 
 7.00005242e-02  3.96134839e-01 
 7.00010485e-02  3.95641607e-01 
 7.00020971e-02  3.94702090e-01 
 7.00041942e-02  3.92996412e-01 
 7.00083885e-02  3.90178033e-01 
 7.00167772e-02  3.86297386e-01 
 7.00335544e-02  3.82540406e-01 
 7.00671088e-02  3.80795545e-01 
 7.01071088e-02  3.80840451e-01 
 7.01471088e-02  3.80835462e-01 
 7.01871088e-02  3.80836016e-01 
 7.02271088e-02  3.80835955e-01 
 7.02671088e-02  3.80835962e-01 
 7.03071088e-02  3.80835961e-01 
 7.03471088e-02  3.80835961e-01 
 7.03871088e-02  3.80835961e-01 
 7.03999992e-02  3.80835961e-01 
 7.03999993e-02  3.80835961e-01 
 7.03999994e-02  3.80835961e-01 
 7.03999998e-02  3.80835961e-01 
 7.04000000e-02  3.80835961e-01 
 7.04000001e-02  3.80835961e-01 
 7.04000002e-02  3.80835961e-01 
 7.04000004e-02  3.80835961e-01 
 7.04000010e-02  3.80835961e-01 
 7.04000020e-02  3.80835961e-01 
 7.04000040e-02  3.80835961e-01 
 7.04000081e-02  3.80835961e-01 
 7.04000163e-02  3.80835961e-01 
 7.04000327e-02  3.80835961e-01 
 7.04000655e-02  3.80835961e-01 
 7.04001310e-02  3.80835961e-01 
 7.04002621e-02  3.80835961e-01 
 7.04005242e-02  3.80835961e-01 
 7.04010485e-02  3.80835961e-01 
 7.04020971e-02  3.80835961e-01 
 7.04041942e-02  3.80835961e-01 
 7.04083885e-02  3.80835961e-01 
 7.04167772e-02  3.80835961e-01 
 7.04335544e-02  3.80835961e-01 
 7.04671088e-02  3.80835961e-01 
 7.05071088e-02  3.80835961e-01 
 7.05471088e-02  3.80835961e-01 
 7.05871088e-02  3.80835961e-01 
 7.06271088e-02  3.80835961e-01 
 7.06671088e-02  3.80835961e-01 
 7.07071088e-02  3.80835961e-01 
 7.07471088e-02  3.80835961e-01 
 7.07871088e-02  3.80835961e-01 
 7.07999992e-02  3.80835961e-01 
 7.07999993e-02  3.80835961e-01 
 7.07999994e-02  3.80835961e-01 
 7.07999998e-02  3.80835961e-01 
 7.08000000e-02  3.80835846e-01 
 7.08000001e-02  3.80835785e-01 
 7.08000002e-02  3.80835663e-01 
 7.08000004e-02  3.80835418e-01 
 7.08000010e-02  3.80834929e-01 
 7.08000020e-02  3.80833951e-01 
 7.08000040e-02  3.80831995e-01 
 7.08000081e-02  3.80828083e-01 
 7.08000163e-02  3.80820262e-01 
 7.08000327e-02  3.80804633e-01 
 7.08000655e-02  3.80773423e-01 
 7.08001310e-02  3.80711194e-01 
 7.08002621e-02  3.80587498e-01 
 7.08005242e-02  3.80343121e-01 
 7.08010485e-02  3.79866186e-01 
 7.08020971e-02  3.78957711e-01 
 7.08041942e-02  3.77308390e-01 
 7.08083885e-02  3.74583133e-01 
 7.08167772e-02  3.70830704e-01 
 7.08335544e-02  3.67197858e-01 
 7.08671088e-02  3.65510648e-01 
 7.09071088e-02  3.65554071e-01 
 7.09471088e-02  3.65549246e-01 
 7.09871088e-02  3.65549782e-01 
 7.10271088e-02  3.65549723e-01 
 7.10671088e-02  3.65549729e-01 
 7.11071088e-02  3.65549729e-01 
 7.11471088e-02  3.65549729e-01 
 7.11871088e-02  3.65549729e-01 
 7.11999992e-02  3.65549729e-01 
 7.11999993e-02  3.65549729e-01 
 7.11999994e-02  3.65549729e-01 
 7.11999998e-02  3.65549729e-01 
 7.12000000e-02  3.65549729e-01 
 7.12000001e-02  3.65549729e-01 
 7.12000002e-02  3.65549729e-01 
 7.12000004e-02  3.65549729e-01 
 7.12000010e-02  3.65549729e-01 
 7.12000020e-02  3.65549729e-01 
 7.12000040e-02  3.65549729e-01 
 7.12000081e-02  3.65549729e-01 
 7.12000163e-02  3.65549729e-01 
 7.12000327e-02  3.65549729e-01 
 7.12000655e-02  3.65549729e-01 
 7.12001310e-02  3.65549729e-01 
 7.12002621e-02  3.65549729e-01 
 7.12005242e-02  3.65549729e-01 
 7.12010485e-02  3.65549729e-01 
 7.12020971e-02  3.65549729e-01 
 7.12041942e-02  3.65549729e-01 
 7.12083885e-02  3.65549729e-01 
 7.12167772e-02  3.65549729e-01 
 7.12335544e-02  3.65549729e-01 
 7.12671088e-02  3.65549729e-01 
 7.13071088e-02  3.65549729e-01 
 7.13471088e-02  3.65549729e-01 
 7.13871088e-02  3.65549729e-01 
 7.14271088e-02  3.65549729e-01 
 7.14671088e-02  3.65549729e-01 
 7.15071088e-02  3.65549729e-01 
 7.15471088e-02  3.65549729e-01 
 7.15871088e-02  3.65549729e-01 
 7.15999992e-02  3.65549729e-01 
 7.15999993e-02  3.65549729e-01 
 7.15999994e-02  3.65549729e-01 
 7.15999998e-02  3.65549729e-01 
 7.16000000e-02  3.65549618e-01 
 7.16000001e-02  3.65549559e-01 
 7.16000002e-02  3.65549441e-01 
 7.16000004e-02  3.65549204e-01 
 7.16000010e-02  3.65548732e-01 
 7.16000020e-02  3.65547787e-01 
 7.16000040e-02  3.65545897e-01 
 7.16000081e-02  3.65542117e-01 
 7.16000163e-02  3.65534562e-01 
 7.16000327e-02  3.65519462e-01 
 7.16000655e-02  3.65489308e-01 
 7.16001310e-02  3.65429186e-01 
 7.16002621e-02  3.65309678e-01 
 7.16005242e-02  3.65073574e-01 
 7.16010485e-02  3.64612784e-01 
 7.16020971e-02  3.63735065e-01 
 7.16041942e-02  3.62141579e-01 
 7.16083885e-02  3.59508582e-01 
 7.16167772e-02  3.55883187e-01 
 7.16335544e-02  3.52373326e-01 
 7.16671088e-02  3.50743235e-01 
 7.17071088e-02  3.50785188e-01 
 7.17471088e-02  3.50780526e-01 
 7.17871088e-02  3.50781044e-01 
 7.18271088e-02  3.50780987e-01 
 7.18671088e-02  3.50780993e-01 
 7.19071088e-02  3.50780992e-01 
 7.19471088e-02  3.50780992e-01 
 7.19871088e-02  3.50780992e-01 
 7.19999992e-02  3.50780992e-01 
 7.19999993e-02  3.50780992e-01 
 7.19999994e-02  3.50780992e-01 
 7.19999998e-02  3.50780992e-01 
 7.20000000e-02  3.50780992e-01 
 7.20000001e-02  3.50780992e-01 
 7.20000002e-02  3.50780992e-01 
 7.20000004e-02  3.50780992e-01 
 7.20000010e-02  3.50780992e-01 
 7.20000020e-02  3.50780992e-01 
 7.20000040e-02  3.50780992e-01 
 7.20000081e-02  3.50780992e-01 
 7.20000163e-02  3.50780992e-01 
 7.20000327e-02  3.50780992e-01 
 7.20000655e-02  3.50780992e-01 
 7.20001310e-02  3.50780992e-01 
 7.20002621e-02  3.50780992e-01 
 7.20005242e-02  3.50780992e-01 
 7.20010485e-02  3.50780992e-01 
 7.20020971e-02  3.50780992e-01 
 7.20041942e-02  3.50780992e-01 
 7.20083885e-02  3.50780992e-01 
 7.20167772e-02  3.50780992e-01 
 7.20335544e-02  3.50780992e-01 
 7.20671088e-02  3.50780992e-01 
 7.21071088e-02  3.50780992e-01 
 7.21471088e-02  3.50780992e-01 
 7.21871088e-02  3.50780992e-01 
 7.22271088e-02  3.50780992e-01 
 7.22671088e-02  3.50780992e-01 
 7.23071088e-02  3.50780992e-01 
 7.23471088e-02  3.50780992e-01 
 7.23871088e-02  3.50780992e-01 
 7.23999992e-02  3.50780992e-01 
 7.23999993e-02  3.50780992e-01 
 7.23999994e-02  3.50780992e-01 
 7.23999998e-02  3.50780992e-01 
 7.24000000e-02  3.50780885e-01 
 7.24000001e-02  3.50780828e-01 
 7.24000002e-02  3.50780714e-01 
 7.24000004e-02  3.50780486e-01 
 7.24000010e-02  3.50780030e-01 
 7.24000020e-02  3.50779118e-01 
 7.24000040e-02  3.50777293e-01 
 7.24000081e-02  3.50773645e-01 
 7.24000163e-02  3.50766351e-01 
 7.24000327e-02  3.50751774e-01 
 7.24000655e-02  3.50722665e-01 
 7.24001310e-02  3.50664626e-01 
 7.24002621e-02  3.50549258e-01 
 7.24005242e-02  3.50321334e-01 
 7.24010485e-02  3.49876508e-01 
 7.24020971e-02  3.49029197e-01 
 7.24041942e-02  3.47490917e-01 
 7.24083885e-02  3.44949139e-01 
 7.24167772e-02  3.41449344e-01 
 7.24335544e-02  3.38061081e-01 
 7.24671088e-02  3.36487464e-01 
 7.25071088e-02  3.36527963e-01 
 7.25471088e-02  3.36523463e-01 
 7.25871088e-02  3.36523963e-01 
 7.26271088e-02  3.36523908e-01 
 7.26671088e-02  3.36523914e-01 
 7.27071088e-02  3.36523913e-01 
 7.27471088e-02  3.36523913e-01 
 7.27871088e-02  3.36523913e-01 
 7.27999992e-02  3.36523913e-01 
 7.27999993e-02  3.36523913e-01 
 7.27999994e-02  3.36523913e-01 
 7.27999998e-02  3.36523913e-01 
 7.28000000e-02  3.36523913e-01 
 7.28000001e-02  3.36523913e-01 
 7.28000002e-02  3.36523913e-01 
 7.28000004e-02  3.36523913e-01 
 7.28000010e-02  3.36523913e-01 
 7.28000020e-02  3.36523913e-01 
 7.28000040e-02  3.36523913e-01 
 7.28000081e-02  3.36523913e-01 
 7.28000163e-02  3.36523913e-01 
 7.28000327e-02  3.36523913e-01 
 7.28000655e-02  3.36523913e-01 
 7.28001310e-02  3.36523913e-01 
 7.28002621e-02  3.36523913e-01 
 7.28005242e-02  3.36523913e-01 
 7.28010485e-02  3.36523913e-01 
 7.28020971e-02  3.36523913e-01 
 7.28041942e-02  3.36523913e-01 
 7.28083885e-02  3.36523913e-01 
 7.28167772e-02  3.36523913e-01 
 7.28335544e-02  3.36523913e-01 
 7.28671088e-02  3.36523913e-01 
 7.29071088e-02  3.36523913e-01 
 7.29471088e-02  3.36523913e-01 
 7.29871088e-02  3.36523913e-01 
 7.30271088e-02  3.36523913e-01 
 7.30671088e-02  3.36523913e-01 
 7.31071088e-02  3.36523913e-01 
 7.31471088e-02  3.36523913e-01 
 7.31871088e-02  3.36523913e-01 
 7.31999992e-02  3.36523913e-01 
 7.31999993e-02  3.36523913e-01 
 7.31999994e-02  3.36523913e-01 
 7.31999998e-02  3.36523913e-01 
 7.32000000e-02  3.36523810e-01 
 7.32000001e-02  3.36523755e-01 
 7.32000002e-02  3.36523645e-01 
 7.32000004e-02  3.36523425e-01 
 7.32000010e-02  3.36522985e-01 
 7.32000020e-02  3.36522105e-01 
 7.32000040e-02  3.36520345e-01 
 7.32000081e-02  3.36516826e-01 
 7.32000163e-02  3.36509790e-01 
 7.32000327e-02  3.36495729e-01 
 7.32000655e-02  3.36467651e-01 
 7.32001310e-02  3.36411668e-01 
 7.32002621e-02  3.36300385e-01 
 7.32005242e-02  3.36080532e-01 
 7.32010485e-02  3.35651459e-01 
 7.32020971e-02  3.34834154e-01 
 7.32041942e-02  3.33350349e-01 
 7.32083885e-02  3.30898583e-01 
 7.32167772e-02  3.27522726e-01 
 7.32335544e-02  3.24254452e-01 
 7.32671088e-02  3.22736561e-01 
 7.33071088e-02  3.22775626e-01 
 7.33471088e-02  3.22771285e-01 
 7.33871088e-02  3.22771768e-01 
 7.34271088e-02  3.22771714e-01 
 7.34671088e-02  3.22771720e-01 
 7.35071088e-02  3.22771719e-01 
 7.35471088e-02  3.22771719e-01 
 7.35871088e-02  3.22771719e-01 
 7.35999992e-02  3.22771719e-01 
 7.35999993e-02  3.22771719e-01 
 7.35999994e-02  3.22771719e-01 
 7.35999998e-02  3.22771719e-01 
 7.36000000e-02  3.22771719e-01 
 7.36000001e-02  3.22771719e-01 
 7.36000002e-02  3.22771719e-01 
 7.36000004e-02  3.22771719e-01 
 7.36000010e-02  3.22771719e-01 
 7.36000020e-02  3.22771719e-01 
 7.36000040e-02  3.22771719e-01 
 7.36000081e-02  3.22771719e-01 
 7.36000163e-02  3.22771719e-01 
 7.36000327e-02  3.22771719e-01 
 7.36000655e-02  3.22771719e-01 
 7.36001310e-02  3.22771719e-01 
 7.36002621e-02  3.22771719e-01 
 7.36005242e-02  3.22771719e-01 
 7.36010485e-02  3.22771719e-01 
 7.36020971e-02  3.22771719e-01 
 7.36041942e-02  3.22771719e-01 
 7.36083885e-02  3.22771719e-01 
 7.36167772e-02  3.22771719e-01 
 7.36335544e-02  3.22771719e-01 
 7.36671088e-02  3.22771719e-01 
 7.37071088e-02  3.22771719e-01 
 7.37471088e-02  3.22771719e-01 
 7.37871088e-02  3.22771719e-01 
 7.38271088e-02  3.22771719e-01 
 7.38671088e-02  3.22771719e-01 
 7.39071088e-02  3.22771719e-01 
 7.39471088e-02  3.22771719e-01 
 7.39871088e-02  3.22771719e-01 
 7.39999992e-02  3.22771719e-01 
 7.39999993e-02  3.22771719e-01 
 7.39999994e-02  3.22771719e-01 
 7.39999998e-02  3.22771719e-01 
 7.40000000e-02  3.22771620e-01 
 7.40000001e-02  3.22771567e-01 
 7.40000002e-02  3.22771461e-01 
 7.40000004e-02  3.22771249e-01 
 7.40000010e-02  3.22770825e-01 
 7.40000020e-02  3.22769976e-01 
 7.40000040e-02  3.22768280e-01 
 7.40000081e-02  3.22764888e-01 
 7.40000163e-02  3.22758107e-01 
 7.40000327e-02  3.22744555e-01 
 7.40000655e-02  3.22717492e-01 
 7.40001310e-02  3.22663532e-01 
 7.40002621e-02  3.22556273e-01 
 7.40005242e-02  3.22344370e-01 
 7.40010485e-02  3.21930812e-01 
 7.40020971e-02  3.21143059e-01 
 7.40041942e-02  3.19712906e-01 
 7.40083885e-02  3.17349792e-01 
 7.40167772e-02  3.14096002e-01 
 7.40335544e-02  3.10945903e-01 
 7.40671088e-02  3.09482896e-01 
 7.41071088e-02  3.09520549e-01 
 7.41471088e-02  3.09516365e-01 
 7.41871088e-02  3.09516830e-01 
 7.42271088e-02  3.09516779e-01 
 7.42671088e-02  3.09516784e-01 
 7.43071088e-02  3.09516784e-01 
 7.43471088e-02  3.09516784e-01 
 7.43871088e-02  3.09516784e-01 
 7.43999992e-02  3.09516784e-01 
 7.43999993e-02  3.09516784e-01 
 7.43999994e-02  3.09516784e-01 
 7.43999998e-02  3.09516784e-01 
 7.44000000e-02  3.09516784e-01 
 7.44000001e-02  3.09516784e-01 
 7.44000002e-02  3.09516784e-01 
 7.44000004e-02  3.09516784e-01 
 7.44000010e-02  3.09516784e-01 
 7.44000020e-02  3.09516784e-01 
 7.44000040e-02  3.09516784e-01 
 7.44000081e-02  3.09516784e-01 
 7.44000163e-02  3.09516784e-01 
 7.44000327e-02  3.09516784e-01 
 7.44000655e-02  3.09516784e-01 
 7.44001310e-02  3.09516784e-01 
 7.44002621e-02  3.09516784e-01 
 7.44005242e-02  3.09516784e-01 
 7.44010485e-02  3.09516784e-01 
 7.44020971e-02  3.09516784e-01 
 7.44041942e-02  3.09516784e-01 
 7.44083885e-02  3.09516784e-01 
 7.44167772e-02  3.09516784e-01 
 7.44335544e-02  3.09516784e-01 
 7.44671088e-02  3.09516784e-01 
 7.45071088e-02  3.09516784e-01 
 7.45471088e-02  3.09516784e-01 
 7.45871088e-02  3.09516784e-01 
 7.46271088e-02  3.09516784e-01 
 7.46671088e-02  3.09516784e-01 
 7.47071088e-02  3.09516784e-01 
 7.47471088e-02  3.09516784e-01 
 7.47871088e-02  3.09516784e-01 
 7.47999992e-02  3.09516784e-01 
 7.47999993e-02  3.09516784e-01 
 7.47999994e-02  3.09516784e-01 
 7.47999998e-02  3.09516784e-01 
 7.48000000e-02  3.09516688e-01 
 7.48000001e-02  3.09516637e-01 
 7.48000002e-02  3.09516535e-01 
 7.48000004e-02  3.09516330e-01 
 7.48000010e-02  3.09515922e-01 
 7.48000020e-02  3.09515105e-01 
 7.48000040e-02  3.09513471e-01 
 7.48000081e-02  3.09510204e-01 
 7.48000163e-02  3.09503673e-01 
 7.48000327e-02  3.09490621e-01 
 7.48000655e-02  3.09464556e-01 
 7.48001310e-02  3.09412587e-01 
 7.48002621e-02  3.09309284e-01 
 7.48005242e-02  3.09105196e-01 
 7.48010485e-02  3.08706890e-01 
 7.48020971e-02  3.07948190e-01 
 7.48041942e-02  3.06570783e-01 
 7.48083885e-02  3.04294822e-01 
 7.48167772e-02  3.01161034e-01 
 7.48335544e-02  2.98127114e-01 
 7.48671088e-02  2.96718065e-01 
 7.49071088e-02  2.96754329e-01 
 7.49471088e-02  2.96750299e-01 
 7.49871088e-02  2.96750747e-01 
 7.50271088e-02  2.96750697e-01 
 7.50671088e-02  2.96750703e-01 
 7.51071088e-02  2.96750702e-01 
 7.51471088e-02  2.96750702e-01 
 7.51871088e-02  2.96750702e-01 
 7.51999992e-02  2.96750702e-01 
 7.51999993e-02  2.96750702e-01 
 7.51999994e-02  2.96750702e-01 
 7.51999998e-02  2.96750702e-01 
 7.52000000e-02  2.96750702e-01 
 7.52000001e-02  2.96750702e-01 
 7.52000002e-02  2.96750702e-01 
 7.52000004e-02  2.96750702e-01 
 7.52000010e-02  2.96750702e-01 
 7.52000020e-02  2.96750702e-01 
 7.52000040e-02  2.96750702e-01 
 7.52000081e-02  2.96750702e-01 
 7.52000163e-02  2.96750702e-01 
 7.52000327e-02  2.96750702e-01 
 7.52000655e-02  2.96750702e-01 
 7.52001310e-02  2.96750702e-01 
 7.52002621e-02  2.96750702e-01 
 7.52005242e-02  2.96750702e-01 
 7.52010485e-02  2.96750702e-01 
 7.52020971e-02  2.96750702e-01 
 7.52041942e-02  2.96750702e-01 
 7.52083885e-02  2.96750702e-01 
 7.52167772e-02  2.96750702e-01 
 7.52335544e-02  2.96750702e-01 
 7.52671088e-02  2.96750702e-01 
 7.53071088e-02  2.96750702e-01 
 7.53471088e-02  2.96750702e-01 
 7.53871088e-02  2.96750702e-01 
 7.54271088e-02  2.96750702e-01 
 7.54671088e-02  2.96750702e-01 
 7.55071088e-02  2.96750702e-01 
 7.55471088e-02  2.96750702e-01 
 7.55871088e-02  2.96750702e-01 
 7.55999992e-02  2.96750702e-01 
 7.55999993e-02  2.96750702e-01 
 7.55999994e-02  2.96750702e-01 
 7.55999998e-02  2.96750702e-01 
 7.56000000e-02  2.96750610e-01 
 7.56000001e-02  2.96750561e-01 
 7.56000002e-02  2.96750463e-01 
 7.56000004e-02  2.96750266e-01 
 7.56000010e-02  2.96749873e-01 
 7.56000020e-02  2.96749087e-01 
 7.56000040e-02  2.96747514e-01 
 7.56000081e-02  2.96744370e-01 
 7.56000163e-02  2.96738085e-01 
 7.56000327e-02  2.96725523e-01 
 7.56000655e-02  2.96700438e-01 
 7.56001310e-02  2.96650421e-01 
 7.56002621e-02  2.96551000e-01 
 7.56005242e-02  2.96354582e-01 
 7.56010485e-02  2.95971244e-01 
 7.56020971e-02  2.95241057e-01 
 7.56041942e-02  2.93915413e-01 
 7.56083885e-02  2.91724984e-01 
 7.56167772e-02  2.88708964e-01 
 7.56335544e-02  2.85789059e-01 
 7.56671088e-02  2.84432962e-01 
 7.57071088e-02  2.84467864e-01 
 7.57471088e-02  2.84463986e-01 
 7.57871088e-02  2.84464417e-01 
 7.58271088e-02  2.84464369e-01 
 7.58671088e-02  2.84464374e-01 
 7.59071088e-02  2.84464373e-01 
 7.59471088e-02  2.84464373e-01 
 7.59871088e-02  2.84464373e-01 
 7.59999992e-02  2.84464373e-01 
 7.59999993e-02  2.84464373e-01 
 7.59999994e-02  2.84464373e-01 
 7.59999998e-02  2.84464373e-01 
 7.60000000e-02  2.84464373e-01 
 7.60000001e-02  2.84464373e-01 
 7.60000002e-02  2.84464373e-01 
 7.60000004e-02  2.84464373e-01 
 7.60000010e-02  2.84464373e-01 
 7.60000020e-02  2.84464373e-01 
 7.60000040e-02  2.84464373e-01 
 7.60000081e-02  2.84464373e-01 
 7.60000163e-02  2.84464373e-01 
 7.60000327e-02  2.84464373e-01 
 7.60000655e-02  2.84464373e-01 
 7.60001310e-02  2.84464373e-01 
 7.60002621e-02  2.84464373e-01 
 7.60005242e-02  2.84464373e-01 
 7.60010485e-02  2.84464373e-01 
 7.60020971e-02  2.84464373e-01 
 7.60041942e-02  2.84464373e-01 
 7.60083885e-02  2.84464373e-01 
 7.60167772e-02  2.84464373e-01 
 7.60335544e-02  2.84464373e-01 
 7.60671088e-02  2.84464373e-01 
 7.61071088e-02  2.84464373e-01 
 7.61471088e-02  2.84464373e-01 
 7.61871088e-02  2.84464373e-01 
 7.62271088e-02  2.84464373e-01 
 7.62671088e-02  2.84464373e-01 
 7.63071088e-02  2.84464373e-01 
 7.63471088e-02  2.84464373e-01 
 7.63871088e-02  2.84464373e-01 
 7.63999992e-02  2.84464373e-01 
 7.63999993e-02  2.84464373e-01 
 7.63999994e-02  2.84464373e-01 
 7.63999998e-02  2.84464373e-01 
 7.64000000e-02  2.84464285e-01 
 7.64000001e-02  2.84464238e-01 
 7.64000002e-02  2.84464143e-01 
 7.64000004e-02  2.84463954e-01 
 7.64000010e-02  2.84463576e-01 
 7.64000020e-02  2.84462820e-01 
 7.64000040e-02  2.84461308e-01 
 7.64000081e-02  2.84458284e-01 
 7.64000163e-02  2.84452238e-01 
 7.64000327e-02  2.84440157e-01 
 7.64000655e-02  2.84416032e-01 
 7.64001310e-02  2.84367929e-01 
 7.64002621e-02  2.84272311e-01 
 7.64005242e-02  2.84083407e-01 
 7.64010485e-02  2.83714735e-01 
 7.64020971e-02  2.83012482e-01 
 7.64041942e-02  2.81737552e-01 
 7.64083885e-02  2.79630921e-01 
 7.64167772e-02  2.76730284e-01 
 7.64335544e-02  2.73922084e-01 
 7.64671088e-02  2.72617867e-01 
 7.65071088e-02  2.72651433e-01 
 7.65471088e-02  2.72647703e-01 
 7.65871088e-02  2.72648117e-01 
 7.66271088e-02  2.72648071e-01 
 7.66671088e-02  2.72648076e-01 
 7.67071088e-02  2.72648076e-01 
 7.67471088e-02  2.72648076e-01 
 7.67871088e-02  2.72648076e-01 
 7.67999992e-02  2.72648076e-01 
 7.67999993e-02  2.72648076e-01 
 7.67999994e-02  2.72648076e-01 
 7.67999998e-02  2.72648076e-01 
 7.68000000e-02  2.72648076e-01 
 7.68000001e-02  2.72648076e-01 
 7.68000002e-02  2.72648076e-01 
 7.68000004e-02  2.72648076e-01 
 7.68000010e-02  2.72648076e-01 
 7.68000020e-02  2.72648076e-01 
 7.68000040e-02  2.72648076e-01 
 7.68000081e-02  2.72648076e-01 
 7.68000163e-02  2.72648076e-01 
 7.68000327e-02  2.72648076e-01 
 7.68000655e-02  2.72648076e-01 
 7.68001310e-02  2.72648076e-01 
 7.68002621e-02  2.72648076e-01 
 7.68005242e-02  2.72648076e-01 
 7.68010485e-02  2.72648076e-01 
 7.68020971e-02  2.72648076e-01 
 7.68041942e-02  2.72648076e-01 
 7.68083885e-02  2.72648076e-01 
 7.68167772e-02  2.72648076e-01 
 7.68335544e-02  2.72648076e-01 
 7.68671088e-02  2.72648076e-01 
 7.69071088e-02  2.72648076e-01 
 7.69471088e-02  2.72648076e-01 
 7.69871088e-02  2.72648076e-01 
 7.70271088e-02  2.72648076e-01 
 7.70671088e-02  2.72648076e-01 
 7.71071088e-02  2.72648076e-01 
 7.71471088e-02  2.72648076e-01 
 7.71871088e-02  2.72648076e-01 
 7.71999992e-02  2.72648076e-01 
 7.71999993e-02  2.72648076e-01 
 7.71999994e-02  2.72648076e-01 
 7.71999998e-02  2.72648076e-01 
 7.72000000e-02  2.72647991e-01 
 7.72000001e-02  2.72647945e-01 
 7.72000002e-02  2.72647854e-01 
 7.72000004e-02  2.72647673e-01 
 7.72000010e-02  2.72647309e-01 
 7.72000020e-02  2.72646583e-01 
 7.72000040e-02  2.72645129e-01 
 7.72000081e-02  2.72642223e-01 
 7.72000163e-02  2.72636413e-01 
 7.72000327e-02  2.72624802e-01 
 7.72000655e-02  2.72601615e-01 
 7.72001310e-02  2.72555384e-01 
 7.72002621e-02  2.72463487e-01 
 7.72005242e-02  2.72281933e-01 
 7.72010485e-02  2.71927605e-01 
 7.72020971e-02  2.71252677e-01 
 7.72041942e-02  2.70027354e-01 
 7.72083885e-02  2.68002691e-01 
 7.72167772e-02  2.65214916e-01 
 7.72335544e-02  2.62515983e-01 
 7.72671088e-02  2.61262512e-01 
 7.73071088e-02  2.61294772e-01 
 7.73471088e-02  2.61291187e-01 
 7.73871088e-02  2.61291585e-01 
 7.74271088e-02  2.61291541e-01 
 7.74671088e-02  2.61291546e-01 
 7.75071088e-02  2.61291546e-01 
 7.75471088e-02  2.61291546e-01 
 7.75871088e-02  2.61291546e-01 
 7.75999992e-02  2.61291546e-01 
 7.75999993e-02  2.61291546e-01 
 7.75999994e-02  2.61291546e-01 
 7.75999998e-02  2.61291546e-01 
 7.76000000e-02  2.61291546e-01 
 7.76000001e-02  2.61291546e-01 
 7.76000002e-02  2.61291546e-01 
 7.76000004e-02  2.61291546e-01 
 7.76000010e-02  2.61291546e-01 
 7.76000020e-02  2.61291546e-01 
 7.76000040e-02  2.61291546e-01 
 7.76000081e-02  2.61291546e-01 
 7.76000163e-02  2.61291546e-01 
 7.76000327e-02  2.61291546e-01 
 7.76000655e-02  2.61291546e-01 
 7.76001310e-02  2.61291546e-01 
 7.76002621e-02  2.61291546e-01 
 7.76005242e-02  2.61291546e-01 
 7.76010485e-02  2.61291546e-01 
 7.76020971e-02  2.61291546e-01 
 7.76041942e-02  2.61291546e-01 
 7.76083885e-02  2.61291546e-01 
 7.76167772e-02  2.61291546e-01 
 7.76335544e-02  2.61291546e-01 
 7.76671088e-02  2.61291546e-01 
 7.77071088e-02  2.61291546e-01 
 7.77471088e-02  2.61291546e-01 
 7.77871088e-02  2.61291546e-01 
 7.78271088e-02  2.61291546e-01 
 7.78671088e-02  2.61291546e-01 
 7.79071088e-02  2.61291546e-01 
 7.79471088e-02  2.61291546e-01 
 7.79871088e-02  2.61291546e-01 
 7.79999992e-02  2.61291546e-01 
 7.79999993e-02  2.61291546e-01 
 7.79999994e-02  2.61291546e-01 
 7.79999998e-02  2.61291546e-01 
 7.80000000e-02  2.61291464e-01 
 7.80000001e-02  2.61291420e-01 
 7.80000002e-02  2.61291333e-01 
 7.80000004e-02  2.61291158e-01 
 7.80000010e-02  2.61290809e-01 
 7.80000020e-02  2.61290111e-01 
 7.80000040e-02  2.61288716e-01 
 7.80000081e-02  2.61285924e-01 
 7.80000163e-02  2.61280344e-01 
 7.80000327e-02  2.61269192e-01 
 7.80000655e-02  2.61246922e-01 
 7.80001310e-02  2.61202519e-01 
 7.80002621e-02  2.61114255e-01 
 7.80005242e-02  2.60939880e-01 
 7.80010485e-02  2.60599562e-01 
 7.80020971e-02  2.59951320e-01 
 7.80041942e-02  2.58774447e-01 
 7.80083885e-02  2.56829838e-01 
 7.80167772e-02  2.54152292e-01 
 7.80335544e-02  2.51560074e-01 
 7.80671088e-02  2.50356165e-01 
 7.81071088e-02  2.50387149e-01 
 7.81471088e-02  2.50383707e-01 
 7.81871088e-02  2.50384089e-01 
 7.82271088e-02  2.50384047e-01 
 7.82671088e-02  2.50384051e-01 
 7.83071088e-02  2.50384051e-01 
 7.83471088e-02  2.50384051e-01 
 7.83871088e-02  2.50384051e-01 
 7.83999992e-02  2.50384051e-01 
 7.83999993e-02  2.50384051e-01 
 7.83999994e-02  2.50384051e-01 
 7.83999998e-02  2.50384051e-01 
 7.84000000e-02  2.50384051e-01 
 7.84000001e-02  2.50384051e-01 
 7.84000002e-02  2.50384051e-01 
 7.84000004e-02  2.50384051e-01 
 7.84000010e-02  2.50384051e-01 
 7.84000020e-02  2.50384051e-01 
 7.84000040e-02  2.50384051e-01 
 7.84000081e-02  2.50384051e-01 
 7.84000163e-02  2.50384051e-01 
 7.84000327e-02  2.50384051e-01 
 7.84000655e-02  2.50384051e-01 
 7.84001310e-02  2.50384051e-01 
 7.84002621e-02  2.50384051e-01 
 7.84005242e-02  2.50384051e-01 
 7.84010485e-02  2.50384051e-01 
 7.84020971e-02  2.50384051e-01 
 7.84041942e-02  2.50384051e-01 
 7.84083885e-02  2.50384051e-01 
 7.84167772e-02  2.50384051e-01 
 7.84335544e-02  2.50384051e-01 
 7.84671088e-02  2.50384051e-01 
 7.85071088e-02  2.50384051e-01 
 7.85471088e-02  2.50384051e-01 
 7.85871088e-02  2.50384051e-01 
 7.86271088e-02  2.50384051e-01 
 7.86671088e-02  2.50384051e-01 
 7.87071088e-02  2.50384051e-01 
 7.87471088e-02  2.50384051e-01 
 7.87871088e-02  2.50384051e-01 
 7.87999992e-02  2.50384051e-01 
 7.87999993e-02  2.50384051e-01 
 7.87999994e-02  2.50384051e-01 
 7.87999998e-02  2.50384051e-01 
 7.88000000e-02  2.50383972e-01 
 7.88000001e-02  2.50383930e-01 
 7.88000002e-02  2.50383847e-01 
 7.88000004e-02  2.50383679e-01 
 7.88000010e-02  2.50383344e-01 
 7.88000020e-02  2.50382674e-01 
 7.88000040e-02  2.50381334e-01 
 7.88000081e-02  2.50378655e-01 
 7.88000163e-02  2.50373299e-01 
 7.88000327e-02  2.50362594e-01 
 7.88000655e-02  2.50341219e-01 
 7.88001310e-02  2.50298598e-01 
 7.88002621e-02  2.50213878e-01 
 7.88005242e-02  2.50046504e-01 
 7.88010485e-02  2.49719849e-01 
 7.88020971e-02  2.49097632e-01 
 7.88041942e-02  2.47968007e-01 
 7.88083885e-02  2.46101470e-01 
 7.88167772e-02  2.43531420e-01 
 7.88335544e-02  2.41043272e-01 
 7.88671088e-02  2.39887697e-01 
 7.89071088e-02  2.39917438e-01 
 7.89471088e-02  2.39914133e-01 
 7.89871088e-02  2.39914501e-01 
 7.90271088e-02  2.39914460e-01 
 7.90671088e-02  2.39914464e-01 
 7.91071088e-02  2.39914464e-01 
 7.91471088e-02  2.39914464e-01 
 7.91871088e-02  2.39914464e-01 
 7.91999992e-02  2.39914464e-01 
 7.91999993e-02  2.39914464e-01 
 7.91999994e-02  2.39914464e-01 
 7.91999998e-02  2.39914464e-01 
 7.92000000e-02  2.39914464e-01 
 7.92000001e-02  2.39914464e-01 
 7.92000002e-02  2.39914464e-01 
 7.92000004e-02  2.39914464e-01 
 7.92000010e-02  2.39914464e-01 
 7.92000020e-02  2.39914464e-01 
 7.92000040e-02  2.39914464e-01 
 7.92000081e-02  2.39914464e-01 
 7.92000163e-02  2.39914464e-01 
 7.92000327e-02  2.39914464e-01 
 7.92000655e-02  2.39914464e-01 
 7.92001310e-02  2.39914464e-01 
 7.92002621e-02  2.39914464e-01 
 7.92005242e-02  2.39914464e-01 
 7.92010485e-02  2.39914464e-01 
 7.92020971e-02  2.39914464e-01 
 7.92041942e-02  2.39914464e-01 
 7.92083885e-02  2.39914464e-01 
 7.92167772e-02  2.39914464e-01 
 7.92335544e-02  2.39914464e-01 
 7.92671088e-02  2.39914464e-01 
 7.93071088e-02  2.39914464e-01 
 7.93471088e-02  2.39914464e-01 
 7.93871088e-02  2.39914464e-01 
 7.94271088e-02  2.39914464e-01 
 7.94671088e-02  2.39914464e-01 
 7.95071088e-02  2.39914464e-01 
 7.95471088e-02  2.39914464e-01 
 7.95871088e-02  2.39914464e-01 
 7.95999992e-02  2.39914464e-01 
 7.95999993e-02  2.39914464e-01 
 7.95999994e-02  2.39914464e-01 
 7.95999998e-02  2.39914464e-01 
 7.96000000e-02  2.39914389e-01 
 7.96000001e-02  2.39914348e-01 
 7.96000002e-02  2.39914268e-01 
 7.96000004e-02  2.39914107e-01 
 7.96000010e-02  2.39913786e-01 
 7.96000020e-02  2.39913143e-01 
 7.96000040e-02  2.39911858e-01 
 7.96000081e-02  2.39909288e-01 
 7.96000163e-02  2.39904150e-01 
 7.96000327e-02  2.39893882e-01 
 7.96000655e-02  2.39873376e-01 
 7.96001310e-02  2.39832492e-01 
 7.96002621e-02  2.39751223e-01 
 7.96005242e-02  2.39590666e-01 
 7.96010485e-02  2.39277317e-01 
 7.96020971e-02  2.38680444e-01 
 7.96041942e-02  2.37596832e-01 
 7.96083885e-02  2.35806324e-01 
 7.96167772e-02  2.33340959e-01 
 7.96335544e-02  2.30954160e-01 
 7.96671088e-02  2.29845655e-01 
 7.97071088e-02  2.29874184e-01 
 7.97471088e-02  2.29871014e-01 
 7.97871088e-02  2.29871366e-01 
 7.98271088e-02  2.29871327e-01 
 7.98671088e-02  2.29871331e-01 
 7.99071088e-02  2.29871331e-01 
 7.99471088e-02  2.29871331e-01 
 7.99871088e-02  2.29871331e-01 
 7.99999992e-02  2.29871331e-01 
 7.99999993e-02  2.29871331e-01 
 7.99999994e-02  2.29871331e-01 
 7.99999998e-02  2.29871331e-01 
 8.00000000e-02  2.29871331e-01 
 8.00000001e-02  2.29871331e-01 
 8.00000002e-02  2.29871331e-01 
 8.00000004e-02  2.29871331e-01 
 8.00000010e-02  2.29871331e-01 
 8.00000020e-02  2.29871331e-01 
 8.00000040e-02  2.29871331e-01 
 8.00000081e-02  2.29871331e-01 
 8.00000163e-02  2.29871331e-01 
 8.00000327e-02  2.29871331e-01 
 8.00000655e-02  2.29871331e-01 
 8.00001310e-02  2.29871331e-01 
 8.00002621e-02  2.29871331e-01 
 8.00005242e-02  2.29871331e-01 
 8.00010485e-02  2.29871331e-01 
 8.00020971e-02  2.29871331e-01 
 8.00041942e-02  2.29871331e-01 
 8.00083885e-02  2.29871331e-01 
 8.00167772e-02  2.29871331e-01 
 8.00335544e-02  2.29871331e-01 
 8.00671088e-02  2.29871331e-01 
 8.01071088e-02  2.29871331e-01 
 8.01471088e-02  2.29871331e-01 
 8.01871088e-02  2.29871331e-01 
 8.02271088e-02  2.29871331e-01 
 8.02671088e-02  2.29871331e-01 
 8.03071088e-02  2.29871331e-01 
 8.03471088e-02  2.29871331e-01 
 8.03871088e-02  2.29871331e-01 
 8.03999992e-02  2.29871331e-01 
 8.03999993e-02  2.29871331e-01 
 8.03999994e-02  2.29871331e-01 
 8.03999998e-02  2.29871331e-01 
 8.04000000e-02  2.29871259e-01 
 8.04000001e-02  2.29871220e-01 
 8.04000002e-02  2.29871143e-01 
 8.04000004e-02  2.29870989e-01 
 8.04000010e-02  2.29870681e-01 
 8.04000020e-02  2.29870065e-01 
 8.04000040e-02  2.29868833e-01 
 8.04000081e-02  2.29866369e-01 
 8.04000163e-02  2.29861443e-01 
 8.04000327e-02  2.29851599e-01 
 8.04000655e-02  2.29831940e-01 
 8.04001310e-02  2.29792744e-01 
 8.04002621e-02  2.29714831e-01 
 8.04005242e-02  2.29560904e-01 
 8.04010485e-02  2.29260495e-01 
 8.04020971e-02  2.28688271e-01 
 8.04041942e-02  2.27649407e-01 
 8.04083885e-02  2.25932840e-01 
 8.04167772e-02  2.23569284e-01 
 8.04335544e-02  2.21281050e-01 
 8.04671088e-02  2.20218322e-01 
 8.05071088e-02  2.20245673e-01 
 8.05471088e-02  2.20242634e-01 
 8.05871088e-02  2.20242971e-01 
 8.06271088e-02  2.20242934e-01 
 8.06671088e-02  2.20242938e-01 
 8.07071088e-02  2.20242937e-01 
 8.07471088e-02  2.20242937e-01 
 8.07871088e-02  2.20242937e-01 
 8.07999992e-02  2.20242937e-01 
 8.07999993e-02  2.20242937e-01 
 8.07999994e-02  2.20242937e-01 
 8.07999998e-02  2.20242937e-01 
 8.08000000e-02  2.20242937e-01 
 8.08000001e-02  2.20242937e-01 
 8.08000002e-02  2.20242937e-01 
 8.08000004e-02  2.20242937e-01 
 8.08000010e-02  2.20242937e-01 
 8.08000020e-02  2.20242937e-01 
 8.08000040e-02  2.20242937e-01 
 8.08000081e-02  2.20242937e-01 
 8.08000163e-02  2.20242937e-01 
 8.08000327e-02  2.20242937e-01 
 8.08000655e-02  2.20242937e-01 
 8.08001310e-02  2.20242937e-01 
 8.08002621e-02  2.20242937e-01 
 8.08005242e-02  2.20242937e-01 
 8.08010485e-02  2.20242937e-01 
 8.08020971e-02  2.20242937e-01 
 8.08041942e-02  2.20242937e-01 
 8.08083885e-02  2.20242937e-01 
 8.08167772e-02  2.20242937e-01 
 8.08335544e-02  2.20242937e-01 
 8.08671088e-02  2.20242937e-01 
 8.09071088e-02  2.20242937e-01 
 8.09471088e-02  2.20242937e-01 
 8.09871088e-02  2.20242937e-01 
 8.10271088e-02  2.20242937e-01 
 8.10671088e-02  2.20242937e-01 
 8.11071088e-02  2.20242937e-01 
 8.11471088e-02  2.20242937e-01 
 8.11871088e-02  2.20242937e-01 
 8.11999992e-02  2.20242937e-01 
 8.11999993e-02  2.20242937e-01 
 8.11999994e-02  2.20242937e-01 
 8.11999998e-02  2.20242937e-01 
 8.12000000e-02  2.20242868e-01 
 8.12000001e-02  2.20242831e-01 
 8.12000002e-02  2.20242758e-01 
 8.12000004e-02  2.20242610e-01 
 8.12000010e-02  2.20242315e-01 
 8.12000020e-02  2.20241724e-01 
 8.12000040e-02  2.20240544e-01 
 8.12000081e-02  2.20238183e-01 
 8.12000163e-02  2.20233463e-01 
 8.12000327e-02  2.20224031e-01 
 8.12000655e-02  2.20205195e-01 
 8.12001310e-02  2.20167638e-01 
 8.12002621e-02  2.20092985e-01 
 8.12005242e-02  2.19945498e-01 
 8.12010485e-02  2.19657657e-01 
 8.12020971e-02  2.19109374e-01 
 8.12041942e-02  2.18113973e-01 
 8.12083885e-02  2.16469222e-01 
 8.12167772e-02  2.14204552e-01 
 8.12335544e-02  2.12012052e-01 
 8.12671088e-02  2.10993785e-01 
 8.13071088e-02  2.11019991e-01 
 8.13471088e-02  2.11017079e-01 
 8.13871088e-02  2.11017403e-01 
 8.14271088e-02  2.11017367e-01 
 8.14671088e-02  2.11017371e-01 
 8.15071088e-02  2.11017370e-01 
 8.15471088e-02  2.11017371e-01 
 8.15871088e-02  2.11017371e-01 
 8.15999992e-02  2.11017371e-01 
 8.15999993e-02  2.11017371e-01 
 8.15999994e-02  2.11017371e-01 
 8.15999998e-02  2.11017371e-01 
 8.16000000e-02  2.11017371e-01 
 8.16000001e-02  2.11017371e-01 
 8.16000002e-02  2.11017371e-01 
 8.16000004e-02  2.11017371e-01 
 8.16000010e-02  2.11017371e-01 
 8.16000020e-02  2.11017371e-01 
 8.16000040e-02  2.11017371e-01 
 8.16000081e-02  2.11017371e-01 
 8.16000163e-02  2.11017371e-01 
 8.16000327e-02  2.11017371e-01 
 8.16000655e-02  2.11017371e-01 
 8.16001310e-02  2.11017371e-01 
 8.16002621e-02  2.11017371e-01 
 8.16005242e-02  2.11017371e-01 
 8.16010485e-02  2.11017371e-01 
 8.16020971e-02  2.11017371e-01 
 8.16041942e-02  2.11017371e-01 
 8.16083885e-02  2.11017371e-01 
 8.16167772e-02  2.11017371e-01 
 8.16335544e-02  2.11017371e-01 
 8.16671088e-02  2.11017371e-01 
 8.17071088e-02  2.11017371e-01 
 8.17471088e-02  2.11017371e-01 
 8.17871088e-02  2.11017371e-01 
 8.18271088e-02  2.11017371e-01 
 8.18671088e-02  2.11017371e-01 
 8.19071088e-02  2.11017371e-01 
 8.19471088e-02  2.11017371e-01 
 8.19871088e-02  2.11017371e-01 
 8.19999992e-02  2.11017371e-01 
 8.19999993e-02  2.11017371e-01 
 8.19999994e-02  2.11017371e-01 
 8.19999998e-02  2.11017371e-01 
 8.20000000e-02  2.11017304e-01 
 8.20000001e-02  2.11017269e-01 
 8.20000002e-02  2.11017198e-01 
 8.20000004e-02  2.11017057e-01 
 8.20000010e-02  2.11016774e-01 
 8.20000020e-02  2.11016209e-01 
 8.20000040e-02  2.11015078e-01 
 8.20000081e-02  2.11012817e-01 
 8.20000163e-02  2.11008297e-01 
 8.20000327e-02  2.10999265e-01 
 8.20000655e-02  2.10981226e-01 
 8.20001310e-02  2.10945261e-01 
 8.20002621e-02  2.10873770e-01 
 8.20005242e-02  2.10732530e-01 
 8.20010485e-02  2.10456882e-01 
 8.20020971e-02  2.09931822e-01 
 8.20041942e-02  2.08978584e-01 
 8.20083885e-02  2.07403501e-01 
 8.20167772e-02  2.05234757e-01 
 8.20335544e-02  2.03135126e-01 
 8.20671088e-02  2.02159990e-01 
 8.21071088e-02  2.02185087e-01 
 8.21471088e-02  2.02182298e-01 
 8.21871088e-02  2.02182608e-01 
 8.22271088e-02  2.02182574e-01 
 8.22671088e-02  2.02182578e-01 
 8.23071088e-02  2.02182577e-01 
 8.23471088e-02  2.02182577e-01 
 8.23871088e-02  2.02182577e-01 
 8.23999992e-02  2.02182577e-01 
 8.23999993e-02  2.02182577e-01 
 8.23999994e-02  2.02182577e-01 
 8.23999998e-02  2.02182577e-01 
 8.24000000e-02  2.02182577e-01 
 8.24000001e-02  2.02182577e-01 
 8.24000002e-02  2.02182577e-01 
 8.24000004e-02  2.02182577e-01 
 8.24000010e-02  2.02182577e-01 
 8.24000020e-02  2.02182577e-01 
 8.24000040e-02  2.02182577e-01 
 8.24000081e-02  2.02182577e-01 
 8.24000163e-02  2.02182577e-01 
 8.24000327e-02  2.02182577e-01 
 8.24000655e-02  2.02182577e-01 
 8.24001310e-02  2.02182577e-01 
 8.24002621e-02  2.02182577e-01 
 8.24005242e-02  2.02182577e-01 
 8.24010485e-02  2.02182577e-01 
 8.24020971e-02  2.02182577e-01 
 8.24041942e-02  2.02182577e-01 
 8.24083885e-02  2.02182577e-01 
 8.24167772e-02  2.02182577e-01 
 8.24335544e-02  2.02182577e-01 
 8.24671088e-02  2.02182577e-01 
 8.25071088e-02  2.02182577e-01 
 8.25471088e-02  2.02182577e-01 
 8.25871088e-02  2.02182577e-01 
 8.26271088e-02  2.02182577e-01 
 8.26671088e-02  2.02182577e-01 
 8.27071088e-02  2.02182577e-01 
 8.27471088e-02  2.02182577e-01 
 8.27871088e-02  2.02182577e-01 
 8.27999992e-02  2.02182577e-01 
 8.27999993e-02  2.02182577e-01 
 8.27999994e-02  2.02182577e-01 
 8.27999998e-02  2.02182577e-01 
 8.28000000e-02  2.02182514e-01 
 8.28000001e-02  2.02182480e-01 
 8.28000002e-02  2.02182412e-01 
 8.28000004e-02  2.02182277e-01 
 8.28000010e-02  2.02182006e-01 
 8.28000020e-02  2.02181465e-01 
 8.28000040e-02  2.02180383e-01 
 8.28000081e-02  2.02178219e-01 
 8.28000163e-02  2.02173893e-01 
 8.28000327e-02  2.02165247e-01 
 8.28000655e-02  2.02147982e-01 
 8.28001310e-02  2.02113558e-01 
 8.28002621e-02  2.02045131e-01 
 8.28005242e-02  2.01909944e-01 
 8.28010485e-02  2.01646109e-01 
 8.28020971e-02  2.01143552e-01 
 8.28041942e-02  2.00231168e-01 
 8.28083885e-02  1.98723588e-01 
 8.28167772e-02  1.96647790e-01 
 8.28335544e-02  1.94638144e-01 
 8.28671088e-02  1.93704800e-01 
 8.29071088e-02  1.93728821e-01 
 8.29471088e-02  1.93726152e-01 
 8.29871088e-02  1.93726448e-01 
 8.30271088e-02  1.93726415e-01 
 8.30671088e-02  1.93726419e-01 
 8.31071088e-02  1.93726418e-01 
 8.31471088e-02  1.93726419e-01 
 8.31871088e-02  1.93726419e-01 
 8.31999992e-02  1.93726419e-01 
 8.31999993e-02  1.93726419e-01 
 8.31999994e-02  1.93726419e-01 
 8.31999998e-02  1.93726419e-01 
 8.32000000e-02  1.93726419e-01 
 8.32000001e-02  1.93726419e-01 
 8.32000002e-02  1.93726419e-01 
 8.32000004e-02  1.93726419e-01 
 8.32000010e-02  1.93726419e-01 
 8.32000020e-02  1.93726419e-01 
 8.32000040e-02  1.93726419e-01 
 8.32000081e-02  1.93726419e-01 
 8.32000163e-02  1.93726419e-01 
 8.32000327e-02  1.93726419e-01 
 8.32000655e-02  1.93726419e-01 
 8.32001310e-02  1.93726419e-01 
 8.32002621e-02  1.93726419e-01 
 8.32005242e-02  1.93726419e-01 
 8.32010485e-02  1.93726419e-01 
 8.32020971e-02  1.93726419e-01 
 8.32041942e-02  1.93726419e-01 
 8.32083885e-02  1.93726419e-01 
 8.32167772e-02  1.93726419e-01 
 8.32335544e-02  1.93726419e-01 
 8.32671088e-02  1.93726419e-01 
 8.33071088e-02  1.93726419e-01 
 8.33471088e-02  1.93726419e-01 
 8.33871088e-02  1.93726419e-01 
 8.34271088e-02  1.93726419e-01 
 8.34671088e-02  1.93726419e-01 
 8.35071088e-02  1.93726419e-01 
 8.35471088e-02  1.93726419e-01 
 8.35871088e-02  1.93726419e-01 
 8.35999992e-02  1.93726419e-01 
 8.35999993e-02  1.93726419e-01 
 8.35999994e-02  1.93726419e-01 
 8.35999998e-02  1.93726419e-01 
 8.36000000e-02  1.93726358e-01 
 8.36000001e-02  1.93726326e-01 
 8.36000002e-02  1.93726261e-01 
 8.36000004e-02  1.93726131e-01 
 8.36000010e-02  1.93725872e-01 
 8.36000020e-02  1.93725355e-01 
 8.36000040e-02  1.93724320e-01 
 8.36000081e-02  1.93722249e-01 
 8.36000163e-02  1.93718111e-01 
 8.36000327e-02  1.93709840e-01 
 8.36000655e-02  1.93693323e-01 
 8.36001310e-02  1.93660390e-01 
 8.36002621e-02  1.93594929e-01 
 8.36005242e-02  1.93465601e-01 
 8.36010485e-02  1.93213199e-01 
 8.36020971e-02  1.92732421e-01 
 8.36041942e-02  1.91859576e-01 
 8.36083885e-02  1.90417330e-01 
 8.36167772e-02  1.88431490e-01 
 8.36335544e-02  1.86508935e-01 
 8.36671088e-02  1.85616038e-01 
 8.37071088e-02  1.85639018e-01 
 8.37471088e-02  1.85636465e-01 
 8.37871088e-02  1.85636749e-01 
 8.38271088e-02  1.85636717e-01 
 8.38671088e-02  1.85636721e-01 
 8.39071088e-02  1.85636720e-01 
 8.39471088e-02  1.85636720e-01 
 8.39871088e-02  1.85636720e-01 
 8.39999992e-02  1.85636720e-01 
 8.39999993e-02  1.85636720e-01 
 8.39999994e-02  1.85636720e-01 
 8.39999998e-02  1.85636720e-01 
 8.40000000e-02  1.85636720e-01 
 8.40000001e-02  1.85636720e-01 
 8.40000002e-02  1.85636720e-01 
 8.40000004e-02  1.85636720e-01 
 8.40000010e-02  1.85636720e-01 
 8.40000020e-02  1.85636720e-01 
 8.40000040e-02  1.85636720e-01 
 8.40000081e-02  1.85636720e-01 
 8.40000163e-02  1.85636720e-01 
 8.40000327e-02  1.85636720e-01 
 8.40000655e-02  1.85636720e-01 
 8.40001310e-02  1.85636720e-01 
 8.40002621e-02  1.85636720e-01 
 8.40005242e-02  1.85636720e-01 
 8.40010485e-02  1.85636720e-01 
 8.40020971e-02  1.85636720e-01 
 8.40041942e-02  1.85636720e-01 
 8.40083885e-02  1.85636720e-01 
 8.40167772e-02  1.85636720e-01 
 8.40335544e-02  1.85636720e-01 
 8.40671088e-02  1.85636720e-01 
 8.41071088e-02  1.85636720e-01 
 8.41471088e-02  1.85636720e-01 
 8.41871088e-02  1.85636720e-01 
 8.42271088e-02  1.85636720e-01 
 8.42671088e-02  1.85636720e-01 
 8.43071088e-02  1.85636720e-01 
 8.43471088e-02  1.85636720e-01 
 8.43871088e-02  1.85636720e-01 
 8.43999992e-02  1.85636720e-01 
 8.43999993e-02  1.85636720e-01 
 8.43999994e-02  1.85636720e-01 
 8.43999998e-02  1.85636720e-01 
 8.44000000e-02  1.85636662e-01 
 8.44000001e-02  1.85636631e-01 
 8.44000002e-02  1.85636570e-01 
 8.44000004e-02  1.85636446e-01 
 8.44000010e-02  1.85636198e-01 
 8.44000020e-02  1.85635703e-01 
 8.44000040e-02  1.85634713e-01 
 8.44000081e-02  1.85632734e-01 
 8.44000163e-02  1.85628776e-01 
 8.44000327e-02  1.85620868e-01 
 8.44000655e-02  1.85605074e-01 
 8.44001310e-02  1.85573584e-01 
 8.44002621e-02  1.85510989e-01 
 8.44005242e-02  1.85387325e-01 
 8.44010485e-02  1.85145978e-01 
 8.44020971e-02  1.84686256e-01 
 8.44041942e-02  1.83851639e-01 
 8.44083885e-02  1.82472557e-01 
 8.44167772e-02  1.80573689e-01 
 8.44335544e-02  1.78735334e-01 
 8.44671088e-02  1.77881543e-01 
 8.45071088e-02  1.77903517e-01 
 8.45471088e-02  1.77901075e-01 
 8.45871088e-02  1.77901346e-01 
 8.46271088e-02  1.77901316e-01 
 8.46671088e-02  1.77901320e-01 
 8.47071088e-02  1.77901319e-01 
 8.47471088e-02  1.77901319e-01 
 8.47871088e-02  1.77901319e-01 
 8.47999992e-02  1.77901319e-01 
 8.47999993e-02  1.77901319e-01 
 8.47999994e-02  1.77901319e-01 
 8.47999998e-02  1.77901319e-01 
 8.48000000e-02  1.77901319e-01 
 8.48000001e-02  1.77901319e-01 
 8.48000002e-02  1.77901319e-01 
 8.48000004e-02  1.77901319e-01 
 8.48000010e-02  1.77901319e-01 
 8.48000020e-02  1.77901319e-01 
 8.48000040e-02  1.77901319e-01 
 8.48000081e-02  1.77901319e-01 
 8.48000163e-02  1.77901319e-01 
 8.48000327e-02  1.77901319e-01 
 8.48000655e-02  1.77901319e-01 
 8.48001310e-02  1.77901319e-01 
 8.48002621e-02  1.77901319e-01 
 8.48005242e-02  1.77901319e-01 
 8.48010485e-02  1.77901319e-01 
 8.48020971e-02  1.77901319e-01 
 8.48041942e-02  1.77901319e-01 
 8.48083885e-02  1.77901319e-01 
 8.48167772e-02  1.77901319e-01 
 8.48335544e-02  1.77901319e-01 
 8.48671088e-02  1.77901319e-01 
 8.49071088e-02  1.77901319e-01 
 8.49471088e-02  1.77901319e-01 
 8.49871088e-02  1.77901319e-01 
 8.50271088e-02  1.77901319e-01 
 8.50671088e-02  1.77901319e-01 
 8.51071088e-02  1.77901319e-01 
 8.51471088e-02  1.77901319e-01 
 8.51871088e-02  1.77901319e-01 
 8.51999992e-02  1.77901319e-01 
 8.51999993e-02  1.77901319e-01 
 8.51999994e-02  1.77901319e-01 
 8.51999998e-02  1.77901319e-01 
 8.52000000e-02  1.77901264e-01 
 8.52000001e-02  1.77901234e-01 
 8.52000002e-02  1.77901175e-01 
 8.52000004e-02  1.77901057e-01 
 8.52000010e-02  1.77900820e-01 
 8.52000020e-02  1.77900347e-01 
 8.52000040e-02  1.77899401e-01 
 8.52000081e-02  1.77897509e-01 
 8.52000163e-02  1.77893727e-01 
 8.52000327e-02  1.77886168e-01 
 8.52000655e-02  1.77871073e-01 
 8.52001310e-02  1.77840976e-01 
 8.52002621e-02  1.77781150e-01 
 8.52005242e-02  1.77662957e-01 
 8.52010485e-02  1.77432286e-01 
 8.52020971e-02  1.76992900e-01 
 8.52041942e-02  1.76195203e-01 
 8.52083885e-02  1.74877127e-01 
 8.52167772e-02  1.73062258e-01 
 8.52335544e-02  1.71305225e-01 
 8.52671088e-02  1.70489203e-01 
 8.53071088e-02  1.70510205e-01 
 8.53471088e-02  1.70507871e-01 
 8.53871088e-02  1.70508130e-01 
 8.54271088e-02  1.70508102e-01 
 8.54671088e-02  1.70508105e-01 
 8.55071088e-02  1.70508104e-01 
 8.55471088e-02  1.70508104e-01 
 8.55871088e-02  1.70508104e-01 
 8.55999992e-02  1.70508104e-01 
 8.55999993e-02  1.70508104e-01 
 8.55999994e-02  1.70508104e-01 
 8.55999998e-02  1.70508104e-01 
 8.56000000e-02  1.70508104e-01 
 8.56000001e-02  1.70508104e-01 
 8.56000002e-02  1.70508104e-01 
 8.56000004e-02  1.70508104e-01 
 8.56000010e-02  1.70508104e-01 
 8.56000020e-02  1.70508104e-01 
 8.56000040e-02  1.70508104e-01 
 8.56000081e-02  1.70508104e-01 
 8.56000163e-02  1.70508104e-01 
 8.56000327e-02  1.70508104e-01 
 8.56000655e-02  1.70508104e-01 
 8.56001310e-02  1.70508104e-01 
 8.56002621e-02  1.70508104e-01 
 8.56005242e-02  1.70508104e-01 
 8.56010485e-02  1.70508104e-01 
 8.56020971e-02  1.70508104e-01 
 8.56041942e-02  1.70508104e-01 
 8.56083885e-02  1.70508104e-01 
 8.56167772e-02  1.70508104e-01 
 8.56335544e-02  1.70508104e-01 
 8.56671088e-02  1.70508104e-01 
 8.57071088e-02  1.70508104e-01 
 8.57471088e-02  1.70508104e-01 
 8.57871088e-02  1.70508104e-01 
 8.58271088e-02  1.70508104e-01 
 8.58671088e-02  1.70508104e-01 
 8.59071088e-02  1.70508104e-01 
 8.59471088e-02  1.70508104e-01 
 8.59871088e-02  1.70508104e-01 
 8.59999992e-02  1.70508104e-01 
 8.59999993e-02  1.70508104e-01 
 8.59999994e-02  1.70508104e-01 
 8.59999998e-02  1.70508104e-01 
 8.60000000e-02  1.70508051e-01 
 8.60000001e-02  1.70508023e-01 
 8.60000002e-02  1.70507967e-01 
 8.60000004e-02  1.70507854e-01 
 8.60000010e-02  1.70507628e-01 
 8.60000020e-02  1.70507176e-01 
 8.60000040e-02  1.70506272e-01 
 8.60000081e-02  1.70504464e-01 
 8.60000163e-02  1.70500851e-01 
 8.60000327e-02  1.70493629e-01 
 8.60000655e-02  1.70479209e-01 
 8.60001310e-02  1.70450456e-01 
 8.60002621e-02  1.70393302e-01 
 8.60005242e-02  1.70280387e-01 
 8.60010485e-02  1.70060017e-01 
 8.60020971e-02  1.69640254e-01 
 8.60041942e-02  1.68878180e-01 
 8.60083885e-02  1.67618967e-01 
 8.60167772e-02  1.65885146e-01 
 8.60335544e-02  1.64206579e-01 
 8.60671088e-02  1.63426999e-01 
 8.61071088e-02  1.63447063e-01 
 8.61471088e-02  1.63444833e-01 
 8.61871088e-02  1.63445081e-01 
 8.62271088e-02  1.63445053e-01 
 8.62671088e-02  1.63445057e-01 
 8.63071088e-02  1.63445056e-01 
 8.63471088e-02  1.63445056e-01 
 8.63871088e-02  1.63445056e-01 
 8.63999992e-02  1.63445056e-01 
 8.63999993e-02  1.63445056e-01 
 8.63999994e-02  1.63445056e-01 
 8.63999998e-02  1.63445056e-01 
 8.64000000e-02  1.63445056e-01 
 8.64000001e-02  1.63445056e-01 
 8.64000002e-02  1.63445056e-01 
 8.64000004e-02  1.63445056e-01 
 8.64000010e-02  1.63445056e-01 
 8.64000020e-02  1.63445056e-01 
 8.64000040e-02  1.63445056e-01 
 8.64000081e-02  1.63445056e-01 
 8.64000163e-02  1.63445056e-01 
 8.64000327e-02  1.63445056e-01 
 8.64000655e-02  1.63445056e-01 
 8.64001310e-02  1.63445056e-01 
 8.64002621e-02  1.63445056e-01 
 8.64005242e-02  1.63445056e-01 
 8.64010485e-02  1.63445056e-01 
 8.64020971e-02  1.63445056e-01 
 8.64041942e-02  1.63445056e-01 
 8.64083885e-02  1.63445056e-01 
 8.64167772e-02  1.63445056e-01 
 8.64335544e-02  1.63445056e-01 
 8.64671088e-02  1.63445056e-01 
 8.65071088e-02  1.63445056e-01 
 8.65471088e-02  1.63445056e-01 
 8.65871088e-02  1.63445056e-01 
 8.66271088e-02  1.63445056e-01 
 8.66671088e-02  1.63445056e-01 
 8.67071088e-02  1.63445056e-01 
 8.67471088e-02  1.63445056e-01 
 8.67871088e-02  1.63445056e-01 
 8.67999992e-02  1.63445056e-01 
 8.67999993e-02  1.63445056e-01 
 8.67999994e-02  1.63445056e-01 
 8.67999998e-02  1.63445056e-01 
 8.68000000e-02  1.63445006e-01 
 8.68000001e-02  1.63444979e-01 
 8.68000002e-02  1.63444925e-01 
 8.68000004e-02  1.63444817e-01 
 8.68000010e-02  1.63444601e-01 
 8.68000020e-02  1.63444169e-01 
 8.68000040e-02  1.63443306e-01 
 8.68000081e-02  1.63441580e-01 
 8.68000163e-02  1.63438130e-01 
 8.68000327e-02  1.63431234e-01 
 8.68000655e-02  1.63417463e-01 
 8.68001310e-02  1.63390005e-01 
 8.68002621e-02  1.63335427e-01 
 8.68005242e-02  1.63227600e-01 
 8.68010485e-02  1.63017160e-01 
 8.68020971e-02  1.62616312e-01 
 8.68041942e-02  1.61888579e-01 
 8.68083885e-02  1.60686108e-01 
 8.68167772e-02  1.59030416e-01 
 8.68335544e-02  1.57427488e-01 
 8.68671088e-02  1.56683037e-01 
 8.69071088e-02  1.56702196e-01 
 8.69471088e-02  1.56700067e-01 
 8.69871088e-02  1.56700304e-01 
 8.70271088e-02  1.56700278e-01 
 8.70671088e-02  1.56700281e-01 
 8.71071088e-02  1.56700280e-01 
 8.71471088e-02  1.56700280e-01 
 8.71871088e-02  1.56700280e-01 
 8.71999992e-02  1.56700280e-01 
 8.71999993e-02  1.56700280e-01 
 8.71999994e-02  1.56700280e-01 
 8.71999998e-02  1.56700280e-01 
 8.72000000e-02  1.56700280e-01 
 8.72000001e-02  1.56700280e-01 
 8.72000002e-02  1.56700280e-01 
 8.72000004e-02  1.56700280e-01 
 8.72000010e-02  1.56700280e-01 
 8.72000020e-02  1.56700280e-01 
 8.72000040e-02  1.56700280e-01 
 8.72000081e-02  1.56700280e-01 
 8.72000163e-02  1.56700280e-01 
 8.72000327e-02  1.56700280e-01 
 8.72000655e-02  1.56700280e-01 
 8.72001310e-02  1.56700280e-01 
 8.72002621e-02  1.56700280e-01 
 8.72005242e-02  1.56700280e-01 
 8.72010485e-02  1.56700280e-01 
 8.72020971e-02  1.56700280e-01 
 8.72041942e-02  1.56700280e-01 
 8.72083885e-02  1.56700280e-01 
 8.72167772e-02  1.56700280e-01 
 8.72335544e-02  1.56700280e-01 
 8.72671088e-02  1.56700280e-01 
 8.73071088e-02  1.56700280e-01 
 8.73471088e-02  1.56700280e-01 
 8.73871088e-02  1.56700280e-01 
 8.74271088e-02  1.56700280e-01 
 8.74671088e-02  1.56700280e-01 
 8.75071088e-02  1.56700280e-01 
 8.75471088e-02  1.56700280e-01 
 8.75871088e-02  1.56700280e-01 
 8.75999992e-02  1.56700280e-01 
 8.75999993e-02  1.56700280e-01 
 8.75999994e-02  1.56700280e-01 
 8.75999998e-02  1.56700280e-01 
 8.76000000e-02  1.56700232e-01 
 8.76000001e-02  1.56700206e-01 
 8.76000002e-02  1.56700155e-01 
 8.76000004e-02  1.56700052e-01 
 8.76000010e-02  1.56699846e-01 
 8.76000020e-02  1.56699434e-01 
 8.76000040e-02  1.56698610e-01 
 8.76000081e-02  1.56696962e-01 
 8.76000163e-02  1.56693668e-01 
 8.76000327e-02  1.56687086e-01 
 8.76000655e-02  1.56673941e-01 
 8.76001310e-02  1.56647731e-01 
 8.76002621e-02  1.56595633e-01 
 8.76005242e-02  1.56492707e-01 
 8.76010485e-02  1.56291831e-01 
 8.76020971e-02  1.55909201e-01 
 8.76041942e-02  1.55214541e-01 
 8.76083885e-02  1.54066720e-01 
 8.76167772e-02  1.52486275e-01 
 8.76335544e-02  1.50956196e-01 
 8.76671088e-02  1.50245579e-01 
 8.77071088e-02  1.50263867e-01 
 8.77471088e-02  1.50261835e-01 
 8.77871088e-02  1.50262061e-01 
 8.78271088e-02  1.50262036e-01 
 8.78671088e-02  1.50262039e-01 
 8.79071088e-02  1.50262039e-01 
 8.79471088e-02  1.50262039e-01 
 8.79871088e-02  1.50262039e-01 
 8.79999992e-02  1.50262039e-01 
 8.79999993e-02  1.50262039e-01 
 8.79999994e-02  1.50262039e-01 
 8.79999998e-02  1.50262039e-01 
 8.80000000e-02  1.50262039e-01 
 8.80000001e-02  1.50262039e-01 
 8.80000002e-02  1.50262039e-01 
 8.80000004e-02  1.50262039e-01 
 8.80000010e-02  1.50262039e-01 
 8.80000020e-02  1.50262039e-01 
 8.80000040e-02  1.50262039e-01 
 8.80000081e-02  1.50262039e-01 
 8.80000163e-02  1.50262039e-01 
 8.80000327e-02  1.50262039e-01 
 8.80000655e-02  1.50262039e-01 
 8.80001310e-02  1.50262039e-01 
 8.80002621e-02  1.50262039e-01 
 8.80005242e-02  1.50262039e-01 
 8.80010485e-02  1.50262039e-01 
 8.80020971e-02  1.50262039e-01 
 8.80041942e-02  1.50262039e-01 
 8.80083885e-02  1.50262039e-01 
 8.80167772e-02  1.50262039e-01 
 8.80335544e-02  1.50262039e-01 
 8.80671088e-02  1.50262039e-01 
 8.81071088e-02  1.50262039e-01 
 8.81471088e-02  1.50262039e-01 
 8.81871088e-02  1.50262039e-01 
 8.82271088e-02  1.50262039e-01 
 8.82671088e-02  1.50262039e-01 
 8.83071088e-02  1.50262039e-01 
 8.83471088e-02  1.50262039e-01 
 8.83871088e-02  1.50262039e-01 
 8.83999992e-02  1.50262039e-01 
 8.83999993e-02  1.50262039e-01 
 8.83999994e-02  1.50262039e-01 
 8.83999998e-02  1.50262039e-01 
 8.84000000e-02  1.50261992e-01 
 8.84000001e-02  1.50261968e-01 
 8.84000002e-02  1.50261919e-01 
 8.84000004e-02  1.50261820e-01 
 8.84000010e-02  1.50261624e-01 
 8.84000020e-02  1.50261231e-01 
 8.84000040e-02  1.50260445e-01 
 8.84000081e-02  1.50258873e-01 
 8.84000163e-02  1.50255730e-01 
 8.84000327e-02  1.50249449e-01 
 8.84000655e-02  1.50236906e-01 
 8.84001310e-02  1.50211897e-01 
 8.84002621e-02  1.50162186e-01 
 8.84005242e-02  1.50063975e-01 
 8.84010485e-02  1.49872303e-01 
 8.84020971e-02  1.49507204e-01 
 8.84041942e-02  1.48844371e-01 
 8.84083885e-02  1.47749139e-01 
 8.84167772e-02  1.46241105e-01 
 8.84335544e-02  1.44781129e-01 
 8.84671088e-02  1.44103070e-01 
 8.85071088e-02  1.44120521e-01 
 8.85471088e-02  1.44118582e-01 
 8.85871088e-02  1.44118797e-01 
 8.86271088e-02  1.44118773e-01 
 8.86671088e-02  1.44118776e-01 
 8.87071088e-02  1.44118776e-01 
 8.87471088e-02  1.44118776e-01 
 8.87871088e-02  1.44118776e-01 
 8.87999992e-02  1.44118776e-01 
 8.87999993e-02  1.44118776e-01 
 8.87999994e-02  1.44118776e-01 
 8.87999998e-02  1.44118776e-01 
 8.88000000e-02  1.44118776e-01 
 8.88000001e-02  1.44118776e-01 
 8.88000002e-02  1.44118776e-01 
 8.88000004e-02  1.44118776e-01 
 8.88000010e-02  1.44118776e-01 
 8.88000020e-02  1.44118776e-01 
 8.88000040e-02  1.44118776e-01 
 8.88000081e-02  1.44118776e-01 
 8.88000163e-02  1.44118776e-01 
 8.88000327e-02  1.44118776e-01 
 8.88000655e-02  1.44118776e-01 
 8.88001310e-02  1.44118776e-01 
 8.88002621e-02  1.44118776e-01 
 8.88005242e-02  1.44118776e-01 
 8.88010485e-02  1.44118776e-01 
 8.88020971e-02  1.44118776e-01 
 8.88041942e-02  1.44118776e-01 
 8.88083885e-02  1.44118776e-01 
 8.88167772e-02  1.44118776e-01 
 8.88335544e-02  1.44118776e-01 
 8.88671088e-02  1.44118776e-01 
 8.89071088e-02  1.44118776e-01 
 8.89471088e-02  1.44118776e-01 
 8.89871088e-02  1.44118776e-01 
 8.90271088e-02  1.44118776e-01 
 8.90671088e-02  1.44118776e-01 
 8.91071088e-02  1.44118776e-01 
 8.91471088e-02  1.44118776e-01 
 8.91871088e-02  1.44118776e-01 
 8.91999992e-02  1.44118776e-01 
 8.91999993e-02  1.44118776e-01 
 8.91999994e-02  1.44118776e-01 
 8.91999998e-02  1.44118776e-01 
 8.92000000e-02  1.44118732e-01 
 8.92000001e-02  1.44118708e-01 
 8.92000002e-02  1.44118661e-01 
 8.92000004e-02  1.44118568e-01 
 8.92000010e-02  1.44118380e-01 
 8.92000020e-02  1.44118005e-01 
 8.92000040e-02  1.44117255e-01 
 8.92000081e-02  1.44115756e-01 
 8.92000163e-02  1.44112758e-01 
 8.92000327e-02  1.44106767e-01 
 8.92000655e-02  1.44094803e-01 
 8.92001310e-02  1.44070949e-01 
 8.92002621e-02  1.44023533e-01 
 8.92005242e-02  1.43929857e-01 
 8.92010485e-02  1.43747034e-01 
 8.92020971e-02  1.43398791e-01 
 8.92041942e-02  1.42766561e-01 
 8.92083885e-02  1.41721895e-01 
 8.92167772e-02  1.40283486e-01 
 8.92335544e-02  1.38890916e-01 
 8.92671088e-02  1.38244162e-01 
 8.93071088e-02  1.38260808e-01 
 8.93471088e-02  1.38258958e-01 
 8.93871088e-02  1.38259164e-01 
 8.94271088e-02  1.38259141e-01 
 8.94671088e-02  1.38259143e-01 
 8.95071088e-02  1.38259143e-01 
 8.95471088e-02  1.38259143e-01 
 8.95871088e-02  1.38259143e-01 
 8.95999992e-02  1.38259143e-01 
 8.95999993e-02  1.38259143e-01 
 8.95999994e-02  1.38259143e-01 
 8.95999998e-02  1.38259143e-01 
 8.96000000e-02  1.38259143e-01 
 8.96000001e-02  1.38259143e-01 
 8.96000002e-02  1.38259143e-01 
 8.96000004e-02  1.38259143e-01 
 8.96000010e-02  1.38259143e-01 
 8.96000020e-02  1.38259143e-01 
 8.96000040e-02  1.38259143e-01 
 8.96000081e-02  1.38259143e-01 
 8.96000163e-02  1.38259143e-01 
 8.96000327e-02  1.38259143e-01 
 8.96000655e-02  1.38259143e-01 
 8.96001310e-02  1.38259143e-01 
 8.96002621e-02  1.38259143e-01 
 8.96005242e-02  1.38259143e-01 
 8.96010485e-02  1.38259143e-01 
 8.96020971e-02  1.38259143e-01 
 8.96041942e-02  1.38259143e-01 
 8.96083885e-02  1.38259143e-01 
 8.96167772e-02  1.38259143e-01 
 8.96335544e-02  1.38259143e-01 
 8.96671088e-02  1.38259143e-01 
 8.97071088e-02  1.38259143e-01 
 8.97471088e-02  1.38259143e-01 
 8.97871088e-02  1.38259143e-01 
 8.98271088e-02  1.38259143e-01 
 8.98671088e-02  1.38259143e-01 
 8.99071088e-02  1.38259143e-01 
 8.99471088e-02  1.38259143e-01 
 8.99871088e-02  1.38259143e-01 
 8.99999992e-02  1.38259143e-01 
 8.99999993e-02  1.38259143e-01 
 8.99999994e-02  1.38259143e-01 
 8.99999998e-02  1.38259143e-01 
 9.00000000e-02  1.38259101e-01 
 9.00000001e-02  1.38259079e-01 
 9.00000002e-02  1.38259034e-01 
 9.00000004e-02  1.38258945e-01 
 9.00000010e-02  1.38258766e-01 
 9.00000020e-02  1.38258408e-01 
 9.00000040e-02  1.38257693e-01 
 9.00000081e-02  1.38256264e-01 
 9.00000163e-02  1.38253405e-01 
 9.00000327e-02  1.38247693e-01 
 9.00000655e-02  1.38236286e-01 
 9.00001310e-02  1.38213541e-01 
 9.00002621e-02  1.38168330e-01 
 9.00005242e-02  1.38079010e-01 
 9.00010485e-02  1.37904690e-01 
 9.00020971e-02  1.37572642e-01 
 9.00041942e-02  1.36969815e-01 
 9.00083885e-02  1.35973732e-01 
 9.00167772e-02  1.34602218e-01 
 9.00335544e-02  1.33274411e-01 
 9.00671088e-02  1.32657736e-01 
 9.01071088e-02  1.32673607e-01 
 9.01471088e-02  1.32671843e-01 
 9.01871088e-02  1.32672039e-01 
 9.02271088e-02  1.32672017e-01 
 9.02671088e-02  1.32672020e-01 
 9.03071088e-02  1.32672020e-01 
 9.03471088e-02  1.32672020e-01 
 9.03871088e-02  1.32672020e-01 
 9.03999992e-02  1.32672020e-01 
 9.03999993e-02  1.32672020e-01 
 9.03999994e-02  1.32672020e-01 
 9.03999998e-02  1.32672020e-01 
 9.04000000e-02  1.32672020e-01 
 9.04000001e-02  1.32672020e-01 
 9.04000002e-02  1.32672020e-01 
 9.04000004e-02  1.32672020e-01 
 9.04000010e-02  1.32672020e-01 
 9.04000020e-02  1.32672020e-01 
 9.04000040e-02  1.32672020e-01 
 9.04000081e-02  1.32672020e-01 
 9.04000163e-02  1.32672020e-01 
 9.04000327e-02  1.32672020e-01 
 9.04000655e-02  1.32672020e-01 
 9.04001310e-02  1.32672020e-01 
 9.04002621e-02  1.32672020e-01 
 9.04005242e-02  1.32672020e-01 
 9.04010485e-02  1.32672020e-01 
 9.04020971e-02  1.32672020e-01 
 9.04041942e-02  1.32672020e-01 
 9.04083885e-02  1.32672020e-01 
 9.04167772e-02  1.32672020e-01 
 9.04335544e-02  1.32672020e-01 
 9.04671088e-02  1.32672020e-01 
 9.05071088e-02  1.32672020e-01 
 9.05471088e-02  1.32672020e-01 
 9.05871088e-02  1.32672020e-01 
 9.06271088e-02  1.32672020e-01 
 9.06671088e-02  1.32672020e-01 
 9.07071088e-02  1.32672020e-01 
 9.07471088e-02  1.32672020e-01 
 9.07871088e-02  1.32672020e-01 
 9.07999992e-02  1.32672020e-01 
 9.07999993e-02  1.32672020e-01 
 9.07999994e-02  1.32672020e-01 
 9.07999998e-02  1.32672020e-01 
 9.08000000e-02  1.32671980e-01 
 9.08000001e-02  1.32671958e-01 
 9.08000002e-02  1.32671916e-01 
 9.08000004e-02  1.32671830e-01 
 9.08000010e-02  1.32671660e-01 
 9.08000020e-02  1.32671319e-01 
 9.08000040e-02  1.32670638e-01 
 9.08000081e-02  1.32669275e-01 
 9.08000163e-02  1.32666550e-01 
 9.08000327e-02  1.32661105e-01 
 9.08000655e-02  1.32650232e-01 
 9.08001310e-02  1.32628553e-01 
 9.08002621e-02  1.32585459e-01 
 9.08005242e-02  1.32500322e-01 
 9.08010485e-02  1.32334165e-01 
 9.08020971e-02  1.32017666e-01 
 9.08041942e-02  1.31443067e-01 
 9.08083885e-02  1.30493629e-01 
 9.08167772e-02  1.29186340e-01 
 9.08335544e-02  1.27920711e-01 
 9.08671088e-02  1.27332913e-01 
 9.09071088e-02  1.27348041e-01 
 9.09471088e-02  1.27346360e-01 
 9.09871088e-02  1.27346547e-01 
 9.10271088e-02  1.27346526e-01 
 9.10671088e-02  1.27346529e-01 
 9.11071088e-02  1.27346528e-01 
 9.11471088e-02  1.27346528e-01 
 9.11871088e-02  1.27346528e-01 
 9.11999992e-02  1.27346528e-01 
 9.11999993e-02  1.27346528e-01 
 9.11999994e-02  1.27346528e-01 
 9.11999998e-02  1.27346528e-01 
 9.12000000e-02  1.27346528e-01 
 9.12000001e-02  1.27346528e-01 
 9.12000002e-02  1.27346528e-01 
 9.12000004e-02  1.27346528e-01 
 9.12000010e-02  1.27346528e-01 
 9.12000020e-02  1.27346528e-01 
 9.12000040e-02  1.27346528e-01 
 9.12000081e-02  1.27346528e-01 
 9.12000163e-02  1.27346528e-01 
 9.12000327e-02  1.27346528e-01 
 9.12000655e-02  1.27346528e-01 
 9.12001310e-02  1.27346528e-01 
 9.12002621e-02  1.27346528e-01 
 9.12005242e-02  1.27346528e-01 
 9.12010485e-02  1.27346528e-01 
 9.12020971e-02  1.27346528e-01 
 9.12041942e-02  1.27346528e-01 
 9.12083885e-02  1.27346528e-01 
 9.12167772e-02  1.27346528e-01 
 9.12335544e-02  1.27346528e-01 
 9.12671088e-02  1.27346528e-01 
 9.13071088e-02  1.27346528e-01 
 9.13471088e-02  1.27346528e-01 
 9.13871088e-02  1.27346528e-01 
 9.14271088e-02  1.27346528e-01 
 9.14671088e-02  1.27346528e-01 
 9.15071088e-02  1.27346528e-01 
 9.15471088e-02  1.27346528e-01 
 9.15871088e-02  1.27346528e-01 
 9.15999992e-02  1.27346528e-01 
 9.15999993e-02  1.27346528e-01 
 9.15999994e-02  1.27346528e-01 
 9.15999998e-02  1.27346528e-01 
 9.16000000e-02  1.27346490e-01 
 9.16000001e-02  1.27346470e-01 
 9.16000002e-02  1.27346429e-01 
 9.16000004e-02  1.27346348e-01 
 9.16000010e-02  1.27346186e-01 
 9.16000020e-02  1.27345861e-01 
 9.16000040e-02  1.27345212e-01 
 9.16000081e-02  1.27343913e-01 
 9.16000163e-02  1.27341317e-01 
 9.16000327e-02  1.27336129e-01 
 9.16000655e-02  1.27325768e-01 
 9.16001310e-02  1.27305110e-01 
 9.16002621e-02  1.27264048e-01 
 9.16005242e-02  1.27182923e-01 
 9.16010485e-02  1.27024598e-01 
 9.16020971e-02  1.26723017e-01 
 9.16041942e-02  1.26175502e-01 
 9.16083885e-02  1.25270815e-01 
 9.16167772e-02  1.24025145e-01 
 9.16335544e-02  1.22819171e-01 
 9.16671088e-02  1.22259079e-01 
 9.17071088e-02  1.22273494e-01 
 9.17471088e-02  1.22271892e-01 
 9.17871088e-02  1.22272070e-01 
 9.18271088e-02  1.22272050e-01 
 9.18671088e-02  1.22272052e-01 
 9.19071088e-02  1.22272052e-01 
 9.19471088e-02  1.22272052e-01 
 9.19871088e-02  1.22272052e-01 
 9.19999992e-02  1.22272052e-01 
 9.19999993e-02  1.22272052e-01 
 9.19999994e-02  1.22272052e-01 
 9.19999998e-02  1.22272052e-01 
 9.20000000e-02  1.22272052e-01 
 9.20000001e-02  1.22272052e-01 
 9.20000002e-02  1.22272052e-01 
 9.20000004e-02  1.22272052e-01 
 9.20000010e-02  1.22272052e-01 
 9.20000020e-02  1.22272052e-01 
 9.20000040e-02  1.22272052e-01 
 9.20000081e-02  1.22272052e-01 
 9.20000163e-02  1.22272052e-01 
 9.20000327e-02  1.22272052e-01 
 9.20000655e-02  1.22272052e-01 
 9.20001310e-02  1.22272052e-01 
 9.20002621e-02  1.22272052e-01 
 9.20005242e-02  1.22272052e-01 
 9.20010485e-02  1.22272052e-01 
 9.20020971e-02  1.22272052e-01 
 9.20041942e-02  1.22272052e-01 
 9.20083885e-02  1.22272052e-01 
 9.20167772e-02  1.22272052e-01 
 9.20335544e-02  1.22272052e-01 
 9.20671088e-02  1.22272052e-01 
 9.21071088e-02  1.22272052e-01 
 9.21471088e-02  1.22272052e-01 
 9.21871088e-02  1.22272052e-01 
 9.22271088e-02  1.22272052e-01 
 9.22671088e-02  1.22272052e-01 
 9.23071088e-02  1.22272052e-01 
 9.23471088e-02  1.22272052e-01 
 9.23871088e-02  1.22272052e-01 
 9.23999992e-02  1.22272052e-01 
 9.23999993e-02  1.22272052e-01 
 9.23999994e-02  1.22272052e-01 
 9.23999998e-02  1.22272052e-01 
 9.24000000e-02  1.22272016e-01 
 9.24000001e-02  1.22271996e-01 
 9.24000002e-02  1.22271958e-01 
 9.24000004e-02  1.22271880e-01 
 9.24000010e-02  1.22271726e-01 
 9.24000020e-02  1.22271416e-01 
 9.24000040e-02  1.22270798e-01 
 9.24000081e-02  1.22269561e-01 
 9.24000163e-02  1.22267088e-01 
 9.24000327e-02  1.22262146e-01 
 9.24000655e-02  1.22252276e-01 
 9.24001310e-02  1.22232598e-01 
 9.24002621e-02  1.22193483e-01 
 9.24005242e-02  1.22116207e-01 
 9.24010485e-02  1.21965390e-01 
 9.24020971e-02  1.21678113e-01 
 9.24041942e-02  1.21156565e-01 
 9.24083885e-02  1.20294785e-01 
 9.24167772e-02  1.19108193e-01 
 9.24335544e-02  1.17959416e-01 
 9.24671088e-02  1.17425887e-01 
 9.25071088e-02  1.17439618e-01 
 9.25471088e-02  1.17438092e-01 
 9.25871088e-02  1.17438262e-01 
 9.26271088e-02  1.17438243e-01 
 9.26671088e-02  1.17438245e-01 
 9.27071088e-02  1.17438245e-01 
 9.27471088e-02  1.17438245e-01 
 9.27871088e-02  1.17438245e-01 
 9.27999992e-02  1.17438245e-01 
 9.27999993e-02  1.17438245e-01 
 9.27999994e-02  1.17438245e-01 
 9.27999998e-02  1.17438245e-01 
 9.28000000e-02  1.17438245e-01 
 9.28000001e-02  1.17438245e-01 
 9.28000002e-02  1.17438245e-01 
 9.28000004e-02  1.17438245e-01 
 9.28000010e-02  1.17438245e-01 
 9.28000020e-02  1.17438245e-01 
 9.28000040e-02  1.17438245e-01 
 9.28000081e-02  1.17438245e-01 
 9.28000163e-02  1.17438245e-01 
 9.28000327e-02  1.17438245e-01 
 9.28000655e-02  1.17438245e-01 
 9.28001310e-02  1.17438245e-01 
 9.28002621e-02  1.17438245e-01 
 9.28005242e-02  1.17438245e-01 
 9.28010485e-02  1.17438245e-01 
 9.28020971e-02  1.17438245e-01 
 9.28041942e-02  1.17438245e-01 
 9.28083885e-02  1.17438245e-01 
 9.28167772e-02  1.17438245e-01 
 9.28335544e-02  1.17438245e-01 
 9.28671088e-02  1.17438245e-01 
 9.29071088e-02  1.17438245e-01 
 9.29471088e-02  1.17438245e-01 
 9.29871088e-02  1.17438245e-01 
 9.30271088e-02  1.17438245e-01 
 9.30671088e-02  1.17438245e-01 
 9.31071088e-02  1.17438245e-01 
 9.31471088e-02  1.17438245e-01 
 9.31871088e-02  1.17438245e-01 
 9.31999992e-02  1.17438245e-01 
 9.31999993e-02  1.17438245e-01 
 9.31999994e-02  1.17438245e-01 
 9.31999998e-02  1.17438245e-01 
 9.32000000e-02  1.17438210e-01 
 9.32000001e-02  1.17438192e-01 
 9.32000002e-02  1.17438155e-01 
 9.32000004e-02  1.17438081e-01 
 9.32000010e-02  1.17437934e-01 
 9.32000020e-02  1.17437639e-01 
 9.32000040e-02  1.17437050e-01 
 9.32000081e-02  1.17435872e-01 
 9.32000163e-02  1.17433517e-01 
 9.32000327e-02  1.17428811e-01 
 9.32000655e-02  1.17419413e-01 
 9.32001310e-02  1.17400673e-01 
 9.32002621e-02  1.17363424e-01 
 9.32005242e-02  1.17289834e-01 
 9.32010485e-02  1.17146213e-01 
 9.32020971e-02  1.16872640e-01 
 9.32041942e-02  1.16375973e-01 
 9.32083885e-02  1.15555306e-01 
 9.32167772e-02  1.14425322e-01 
 9.32335544e-02  1.13331349e-01 
 9.32671088e-02  1.12823273e-01 
 9.33071088e-02  1.12836349e-01 
 9.33471088e-02  1.12834896e-01 
 9.33871088e-02  1.12835058e-01 
 9.34271088e-02  1.12835040e-01 
 9.34671088e-02  1.12835042e-01 
 9.35071088e-02  1.12835041e-01 
 9.35471088e-02  1.12835041e-01 
 9.35871088e-02  1.12835041e-01 
 9.35999992e-02  1.12835041e-01 
 9.35999993e-02  1.12835041e-01 
 9.35999994e-02  1.12835041e-01 
 9.35999998e-02  1.12835041e-01 
 9.36000000e-02  1.12835041e-01 
 9.36000001e-02  1.12835041e-01 
 9.36000002e-02  1.12835041e-01 
 9.36000004e-02  1.12835041e-01 
 9.36000010e-02  1.12835041e-01 
 9.36000020e-02  1.12835041e-01 
 9.36000040e-02  1.12835041e-01 
 9.36000081e-02  1.12835041e-01 
 9.36000163e-02  1.12835041e-01 
 9.36000327e-02  1.12835041e-01 
 9.36000655e-02  1.12835041e-01 
 9.36001310e-02  1.12835041e-01 
 9.36002621e-02  1.12835041e-01 
 9.36005242e-02  1.12835041e-01 
 9.36010485e-02  1.12835041e-01 
 9.36020971e-02  1.12835041e-01 
 9.36041942e-02  1.12835041e-01 
 9.36083885e-02  1.12835041e-01 
 9.36167772e-02  1.12835041e-01 
 9.36335544e-02  1.12835041e-01 
 9.36671088e-02  1.12835041e-01 
 9.37071088e-02  1.12835041e-01 
 9.37471088e-02  1.12835041e-01 
 9.37871088e-02  1.12835041e-01 
 9.38271088e-02  1.12835041e-01 
 9.38671088e-02  1.12835041e-01 
 9.39071088e-02  1.12835041e-01 
 9.39471088e-02  1.12835041e-01 
 9.39871088e-02  1.12835041e-01 
 9.39999992e-02  1.12835041e-01 
 9.39999993e-02  1.12835041e-01 
 9.39999994e-02  1.12835041e-01 
 9.39999998e-02  1.12835041e-01 
 9.40000000e-02  1.12835009e-01 
 9.40000001e-02  1.12834991e-01 
 9.40000002e-02  1.12834956e-01 
 9.40000004e-02  1.12834886e-01 
 9.40000010e-02  1.12834746e-01 
 9.40000020e-02  1.12834465e-01 
 9.40000040e-02  1.12833904e-01 
 9.40000081e-02  1.12832783e-01 
 9.40000163e-02  1.12830541e-01 
 9.40000327e-02  1.12826060e-01 
 9.40000655e-02  1.12817113e-01 
 9.40001310e-02  1.12799272e-01 
 9.40002621e-02  1.12763810e-01 
 9.40005242e-02  1.12693750e-01 
 9.40010485e-02  1.12557019e-01 
 9.40020971e-02  1.12296570e-01 
 9.40041942e-02  1.11823730e-01 
 9.40083885e-02  1.11042432e-01 
 9.40167772e-02  1.09966657e-01 
 9.40335544e-02  1.08925164e-01 
 9.40671088e-02  1.08441462e-01 
 9.41071088e-02  1.08453910e-01 
 9.41471088e-02  1.08452527e-01 
 9.41871088e-02  1.08452681e-01 
 9.42271088e-02  1.08452664e-01 
 9.42671088e-02  1.08452666e-01 
 9.43071088e-02  1.08452665e-01 
 9.43471088e-02  1.08452666e-01 
 9.43871088e-02  1.08452665e-01 
 9.43999992e-02  1.08452665e-01 
 9.43999993e-02  1.08452665e-01 
 9.43999994e-02  1.08452665e-01 
 9.43999998e-02  1.08452665e-01 
 9.44000000e-02  1.08452665e-01 
 9.44000001e-02  1.08452665e-01 
 9.44000002e-02  1.08452665e-01 
 9.44000004e-02  1.08452665e-01 
 9.44000010e-02  1.08452665e-01 
 9.44000020e-02  1.08452665e-01 
 9.44000040e-02  1.08452665e-01 
 9.44000081e-02  1.08452665e-01 
 9.44000163e-02  1.08452665e-01 
 9.44000327e-02  1.08452665e-01 
 9.44000655e-02  1.08452665e-01 
 9.44001310e-02  1.08452665e-01 
 9.44002621e-02  1.08452665e-01 
 9.44005242e-02  1.08452665e-01 
 9.44010485e-02  1.08452665e-01 
 9.44020971e-02  1.08452665e-01 
 9.44041942e-02  1.08452665e-01 
 9.44083885e-02  1.08452665e-01 
 9.44167772e-02  1.08452665e-01 
 9.44335544e-02  1.08452665e-01 
 9.44671088e-02  1.08452665e-01 
 9.45071088e-02  1.08452665e-01 
 9.45471088e-02  1.08452665e-01 
 9.45871088e-02  1.08452665e-01 
 9.46271088e-02  1.08452665e-01 
 9.46671088e-02  1.08452665e-01 
 9.47071088e-02  1.08452665e-01 
 9.47471088e-02  1.08452665e-01 
 9.47871088e-02  1.08452665e-01 
 9.47999992e-02  1.08452665e-01 
 9.47999993e-02  1.08452665e-01 
 9.47999994e-02  1.08452665e-01 
 9.47999998e-02  1.08452665e-01 
 9.48000000e-02  1.08452634e-01 
 9.48000001e-02  1.08452618e-01 
 9.48000002e-02  1.08452584e-01 
 9.48000004e-02  1.08452517e-01 
 9.48000010e-02  1.08452384e-01 
 9.48000020e-02  1.08452117e-01 
 9.48000040e-02  1.08451583e-01 
 9.48000081e-02  1.08450516e-01 
 9.48000163e-02  1.08448382e-01 
 9.48000327e-02  1.08444117e-01 
 9.48000655e-02  1.08435601e-01 
 9.48001310e-02  1.08418621e-01 
 9.48002621e-02  1.08384870e-01 
 9.48005242e-02  1.08318188e-01 
 9.48010485e-02  1.08188051e-01 
 9.48020971e-02  1.07940163e-01 
 9.48041942e-02  1.07490126e-01 
 9.48083885e-02  1.06746507e-01 
 9.48167772e-02  1.05722612e-01 
 9.48335544e-02  1.04731346e-01 
 9.48671088e-02  1.04270971e-01 
 9.49071088e-02  1.04282819e-01 
 9.49471088e-02  1.04281503e-01 
 9.49871088e-02  1.04281649e-01 
 9.50271088e-02  1.04281633e-01 
 9.50671088e-02  1.04281635e-01 
 9.51071088e-02  1.04281635e-01 
 9.51471088e-02  1.04281635e-01 
 9.51871088e-02  1.04281635e-01 
 9.51999992e-02  1.04281635e-01 
 9.51999993e-02  1.04281635e-01 
 9.51999994e-02  1.04281635e-01 
 9.51999998e-02  1.04281635e-01 
 9.52000000e-02  1.04281635e-01 
 9.52000001e-02  1.04281635e-01 
 9.52000002e-02  1.04281635e-01 
 9.52000004e-02  1.04281635e-01 
 9.52000010e-02  1.04281635e-01 
 9.52000020e-02  1.04281635e-01 
 9.52000040e-02  1.04281635e-01 
 9.52000081e-02  1.04281635e-01 
 9.52000163e-02  1.04281635e-01 
 9.52000327e-02  1.04281635e-01 
 9.52000655e-02  1.04281635e-01 
 9.52001310e-02  1.04281635e-01 
 9.52002621e-02  1.04281635e-01 
 9.52005242e-02  1.04281635e-01 
 9.52010485e-02  1.04281635e-01 
 9.52020971e-02  1.04281635e-01 
 9.52041942e-02  1.04281635e-01 
 9.52083885e-02  1.04281635e-01 
 9.52167772e-02  1.04281635e-01 
 9.52335544e-02  1.04281635e-01 
 9.52671088e-02  1.04281635e-01 
 9.53071088e-02  1.04281635e-01 
 9.53471088e-02  1.04281635e-01 
 9.53871088e-02  1.04281635e-01 
 9.54271088e-02  1.04281635e-01 
 9.54671088e-02  1.04281635e-01 
 9.55071088e-02  1.04281635e-01 
 9.55471088e-02  1.04281635e-01 
 9.55871088e-02  1.04281635e-01 
 9.55999992e-02  1.04281635e-01 
 9.55999993e-02  1.04281635e-01 
 9.55999994e-02  1.04281635e-01 
 9.55999998e-02  1.04281635e-01 
 9.56000000e-02  1.04281605e-01 
 9.56000001e-02  1.04281589e-01 
 9.56000002e-02  1.04281557e-01 
 9.56000004e-02  1.04281494e-01 
 9.56000010e-02  1.04281367e-01 
 9.56000020e-02  1.04281113e-01 
 9.56000040e-02  1.04280605e-01 
 9.56000081e-02  1.04279589e-01 
 9.56000163e-02  1.04277559e-01 
 9.56000327e-02  1.04273501e-01 
 9.56000655e-02  1.04265397e-01 
 9.56001310e-02  1.04249241e-01 
 9.56002621e-02  1.04217125e-01 
 9.56005242e-02  1.04153675e-01 
 9.56010485e-02  1.04029845e-01 
 9.56020971e-02  1.03793972e-01 
 9.56041942e-02  1.03365747e-01 
 9.56083885e-02  1.02658169e-01 
 9.56167772e-02  1.01683900e-01 
 9.56335544e-02  1.00740679e-01 
 9.56671088e-02  1.00302617e-01 
 9.57071088e-02  1.00313891e-01 
 9.57471088e-02  1.00312638e-01 
 9.57871088e-02  1.00312778e-01 
 9.58271088e-02  1.00312762e-01 
 9.58671088e-02  1.00312764e-01 
 9.59071088e-02  1.00312764e-01 
 9.59471088e-02  1.00312764e-01 
 9.59871088e-02  1.00312764e-01 
 9.59999992e-02  1.00312764e-01 
 9.59999993e-02  1.00312764e-01 
 9.59999994e-02  1.00312764e-01 
 9.59999998e-02  1.00312764e-01 
 9.60000000e-02  1.00312764e-01 
 9.60000001e-02  1.00312764e-01 
 9.60000002e-02  1.00312764e-01 
 9.60000004e-02  1.00312764e-01 
 9.60000010e-02  1.00312764e-01 
 9.60000020e-02  1.00312764e-01 
 9.60000040e-02  1.00312764e-01 
 9.60000081e-02  1.00312764e-01 
 9.60000163e-02  1.00312764e-01 
 9.60000327e-02  1.00312764e-01 
 9.60000655e-02  1.00312764e-01 
 9.60001310e-02  1.00312764e-01 
 9.60002621e-02  1.00312764e-01 
 9.60005242e-02  1.00312764e-01 
 9.60010485e-02  1.00312764e-01 
 9.60020971e-02  1.00312764e-01 
 9.60041942e-02  1.00312764e-01 
 9.60083885e-02  1.00312764e-01 
 9.60167772e-02  1.00312764e-01 
 9.60335544e-02  1.00312764e-01 
 9.60671088e-02  1.00312764e-01 
 9.61071088e-02  1.00312764e-01 
 9.61471088e-02  1.00312764e-01 
 9.61871088e-02  1.00312764e-01 
 9.62271088e-02  1.00312764e-01 
 9.62671088e-02  1.00312764e-01 
 9.63071088e-02  1.00312764e-01 
 9.63471088e-02  1.00312764e-01 
 9.63871088e-02  1.00312764e-01 
 9.63999992e-02  1.00312764e-01 
 9.63999993e-02  1.00312764e-01 
 9.63999994e-02  1.00312764e-01 
 9.63999998e-02  1.00312764e-01 
 9.64000000e-02  1.00312735e-01 
 9.64000001e-02  1.00312720e-01 
 9.64000002e-02  1.00312690e-01 
 9.64000004e-02  1.00312630e-01 
 9.64000010e-02  1.00312509e-01 
 9.64000020e-02  1.00312267e-01 
 9.64000040e-02  1.00311784e-01 
 9.64000081e-02  1.00310818e-01 
 9.64000163e-02  1.00308886e-01 
 9.64000327e-02  1.00305026e-01 
 9.64000655e-02  1.00297317e-01 
 9.64001310e-02  1.00281947e-01 
 9.64002621e-02  1.00251395e-01 
 9.64005242e-02  1.00191036e-01 
 9.64010485e-02  1.00073236e-01 
 9.64020971e-02  9.98488487e-02 
 9.64041942e-02  9.94414775e-02 
 9.64083885e-02  9.87683573e-02 
 9.64167772e-02  9.78415327e-02 
 9.64335544e-02  9.69442442e-02 
 9.64671088e-02  9.65275148e-02 
 9.65071088e-02  9.65382399e-02 
 9.65471088e-02  9.65370482e-02 
 9.65871088e-02  9.65371806e-02 
 9.66271088e-02  9.65371659e-02 
 9.66671088e-02  9.65371676e-02 
 9.67071088e-02  9.65371674e-02 
 9.67471088e-02  9.65371674e-02 
 9.67871088e-02  9.65371674e-02 
 9.67999992e-02  9.65371674e-02 
 9.67999993e-02  9.65371674e-02 
 9.67999994e-02  9.65371674e-02 
 9.67999998e-02  9.65371674e-02 
 9.68000000e-02  9.65371674e-02 
 9.68000001e-02  9.65371674e-02 
 9.68000002e-02  9.65371674e-02 
 9.68000004e-02  9.65371674e-02 
 9.68000010e-02  9.65371674e-02 
 9.68000020e-02  9.65371674e-02 
 9.68000040e-02  9.65371674e-02 
 9.68000081e-02  9.65371674e-02 
 9.68000163e-02  9.65371674e-02 
 9.68000327e-02  9.65371674e-02 
 9.68000655e-02  9.65371674e-02 
 9.68001310e-02  9.65371674e-02 
 9.68002621e-02  9.65371674e-02 
 9.68005242e-02  9.65371674e-02 
 9.68010485e-02  9.65371674e-02 
 9.68020971e-02  9.65371674e-02 
 9.68041942e-02  9.65371674e-02 
 9.68083885e-02  9.65371674e-02 
 9.68167772e-02  9.65371674e-02 
 9.68335544e-02  9.65371674e-02 
 9.68671088e-02  9.65371674e-02 
 9.69071088e-02  9.65371674e-02 
 9.69471088e-02  9.65371674e-02 
 9.69871088e-02  9.65371674e-02 
 9.70271088e-02  9.65371674e-02 
 9.70671088e-02  9.65371674e-02 
 9.71071088e-02  9.65371674e-02 
 9.71471088e-02  9.65371674e-02 
 9.71871088e-02  9.65371674e-02 
 9.71999992e-02  9.65371674e-02 
 9.71999993e-02  9.65371674e-02 
 9.71999994e-02  9.65371674e-02 
 9.71999998e-02  9.65371674e-02 
 9.72000000e-02  9.65371405e-02 
 9.72000001e-02  9.65371261e-02 
 9.72000002e-02  9.65370974e-02 
 9.72000004e-02  9.65370399e-02 
 9.72000010e-02  9.65369250e-02 
 9.72000020e-02  9.65366952e-02 
 9.72000040e-02  9.65362357e-02 
 9.72000081e-02  9.65353168e-02 
 9.72000163e-02  9.65334796e-02 
 9.72000327e-02  9.65298082e-02 
 9.72000655e-02  9.65224766e-02 
 9.72001310e-02  9.65078584e-02 
 9.72002621e-02  9.64788008e-02 
 9.72005242e-02  9.64213939e-02 
 9.72010485e-02  9.63093564e-02 
 9.72020971e-02  9.60959455e-02 
 9.72041942e-02  9.57085015e-02 
 9.72083885e-02  9.50683080e-02 
 9.72167772e-02  9.41868206e-02 
 9.72335544e-02  9.33334244e-02 
 9.72671088e-02  9.29370800e-02 
 9.73071088e-02  9.29472805e-02 
 9.73471088e-02  9.29461471e-02 
 9.73871088e-02  9.29462730e-02 
 9.74271088e-02  9.29462590e-02 
 9.74671088e-02  9.29462606e-02 
 9.75071088e-02  9.29462604e-02 
 9.75471088e-02  9.29462604e-02 
 9.75871088e-02  9.29462604e-02 
 9.75999992e-02  9.29462604e-02 
 9.75999993e-02  9.29462604e-02 
 9.75999994e-02  9.29462604e-02 
 9.75999998e-02  9.29462604e-02 
 9.76000000e-02  9.29462604e-02 
 9.76000001e-02  9.29462604e-02 
 9.76000002e-02  9.29462604e-02 
 9.76000004e-02  9.29462604e-02 
 9.76000010e-02  9.29462604e-02 
 9.76000020e-02  9.29462604e-02 
 9.76000040e-02  9.29462604e-02 
 9.76000081e-02  9.29462604e-02 
 9.76000163e-02  9.29462604e-02 
 9.76000327e-02  9.29462604e-02 
 9.76000655e-02  9.29462604e-02 
 9.76001310e-02  9.29462604e-02 
 9.76002621e-02  9.29462604e-02 
 9.76005242e-02  9.29462604e-02 
 9.76010485e-02  9.29462604e-02 
 9.76020971e-02  9.29462604e-02 
 9.76041942e-02  9.29462604e-02 
 9.76083885e-02  9.29462604e-02 
 9.76167772e-02  9.29462604e-02 
 9.76335544e-02  9.29462604e-02 
 9.76671088e-02  9.29462604e-02 
 9.77071088e-02  9.29462604e-02 
 9.77471088e-02  9.29462604e-02 
 9.77871088e-02  9.29462604e-02 
 9.78271088e-02  9.29462604e-02 
 9.78671088e-02  9.29462604e-02 
 9.79071088e-02  9.29462604e-02 
 9.79471088e-02  9.29462604e-02 
 9.79871088e-02  9.29462604e-02 
 9.79999992e-02  9.29462604e-02 
 9.79999993e-02  9.29462604e-02 
 9.79999994e-02  9.29462604e-02 
 9.79999998e-02  9.29462604e-02 
 9.80000000e-02  9.29462348e-02 
 9.80000001e-02  9.29462212e-02 
 9.80000002e-02  9.29461939e-02 
 9.80000004e-02  9.29461392e-02 
 9.80000010e-02  9.29460300e-02 
 9.80000020e-02  9.29458115e-02 
 9.80000040e-02  9.29453745e-02 
 9.80000081e-02  9.29445007e-02 
 9.80000163e-02  9.29427538e-02 
 9.80000327e-02  9.29392628e-02 
 9.80000655e-02  9.29322913e-02 
 9.80001310e-02  9.29183912e-02 
 9.80002621e-02  9.28907611e-02 
 9.80005242e-02  9.28361743e-02 
 9.80010485e-02  9.27296406e-02 
 9.80020971e-02  9.25267136e-02 
 9.80041942e-02  9.21583028e-02 
 9.80083885e-02  9.15495588e-02 
 9.80167772e-02  9.07113745e-02 
 9.80335544e-02  8.98999013e-02 
 9.80671088e-02  8.95230273e-02 
 9.81071088e-02  8.95327267e-02 
 9.81471088e-02  8.95316490e-02 
 9.81871088e-02  8.95317687e-02 
 9.82271088e-02  8.95317554e-02 
 9.82671088e-02  8.95317569e-02 
 9.83071088e-02  8.95317568e-02 
 9.83471088e-02  8.95317568e-02 
 9.83871088e-02  8.95317568e-02 
 9.83999992e-02  8.95317568e-02 
 9.83999993e-02  8.95317568e-02 
 9.83999994e-02  8.95317568e-02 
 9.83999998e-02  8.95317568e-02 
 9.84000000e-02  8.95317568e-02 
 9.84000001e-02  8.95317568e-02 
 9.84000002e-02  8.95317568e-02 
 9.84000004e-02  8.95317568e-02 
 9.84000010e-02  8.95317568e-02 
 9.84000020e-02  8.95317568e-02 
 9.84000040e-02  8.95317568e-02 
 9.84000081e-02  8.95317568e-02 
 9.84000163e-02  8.95317568e-02 
 9.84000327e-02  8.95317568e-02 
 9.84000655e-02  8.95317568e-02 
 9.84001310e-02  8.95317568e-02 
 9.84002621e-02  8.95317568e-02 
 9.84005242e-02  8.95317568e-02 
 9.84010485e-02  8.95317568e-02 
 9.84020971e-02  8.95317568e-02 
 9.84041942e-02  8.95317568e-02 
 9.84083885e-02  8.95317568e-02 
 9.84167772e-02  8.95317568e-02 
 9.84335544e-02  8.95317568e-02 
 9.84671088e-02  8.95317568e-02 
 9.85071088e-02  8.95317568e-02 
 9.85471088e-02  8.95317568e-02 
 9.85871088e-02  8.95317568e-02 
 9.86271088e-02  8.95317568e-02 
 9.86671088e-02  8.95317568e-02 
 9.87071088e-02  8.95317568e-02 
 9.87471088e-02  8.95317568e-02 
 9.87871088e-02  8.95317568e-02 
 9.87999992e-02  8.95317568e-02 
 9.87999993e-02  8.95317568e-02 
 9.87999994e-02  8.95317568e-02 
 9.87999998e-02  8.95317568e-02 
 9.88000000e-02  8.95317324e-02 
 9.88000001e-02  8.95317194e-02 
 9.88000002e-02  8.95316935e-02 
 9.88000004e-02  8.95316415e-02 
 9.88000010e-02  8.95315377e-02 
 9.88000020e-02  8.95313299e-02 
 9.88000040e-02  8.95309145e-02 
 9.88000081e-02  8.95300838e-02 
 9.88000163e-02  8.95284231e-02 
 9.88000327e-02  8.95251042e-02 
 9.88000655e-02  8.95184767e-02 
 9.88001310e-02  8.95052621e-02 
 9.88002621e-02  8.94789948e-02 
 9.88005242e-02  8.94271005e-02 
 9.88010485e-02  8.93258213e-02 
 9.88020971e-02  8.91329034e-02 
 9.88041942e-02  8.87826638e-02 
 9.88083885e-02  8.82039450e-02 
 9.88167772e-02  8.74071026e-02 
 9.88335544e-02  8.66356540e-02 
 9.88671088e-02  8.62773687e-02 
 9.89071088e-02  8.62865897e-02 
 9.89471088e-02  8.62855652e-02 
 9.89871088e-02  8.62856790e-02 
 9.90271088e-02  8.62856664e-02 
 9.90671088e-02  8.62856678e-02 
 9.91071088e-02  8.62856676e-02 
 9.91471088e-02  8.62856676e-02 
 9.91871088e-02  8.62856676e-02 
 9.91999992e-02  8.62856676e-02 
 9.91999993e-02  8.62856676e-02 
 9.91999994e-02  8.62856676e-02 
 9.91999998e-02  8.62856676e-02 
 9.92000000e-02  8.62856676e-02 
 9.92000001e-02  8.62856676e-02 
 9.92000002e-02  8.62856676e-02 
 9.92000004e-02  8.62856676e-02 
 9.92000010e-02  8.62856676e-02 
 9.92000020e-02  8.62856676e-02 
 9.92000040e-02  8.62856676e-02 
 9.92000081e-02  8.62856676e-02 
 9.92000163e-02  8.62856676e-02 
 9.92000327e-02  8.62856676e-02 
 9.92000655e-02  8.62856676e-02 
 9.92001310e-02  8.62856676e-02 
 9.92002621e-02  8.62856676e-02 
 9.92005242e-02  8.62856676e-02 
 9.92010485e-02  8.62856676e-02 
 9.92020971e-02  8.62856676e-02 
 9.92041942e-02  8.62856676e-02 
 9.92083885e-02  8.62856676e-02 
 9.92167772e-02  8.62856676e-02 
 9.92335544e-02  8.62856676e-02 
 9.92671088e-02  8.62856676e-02 
 9.93071088e-02  8.62856676e-02 
 9.93471088e-02  8.62856676e-02 
 9.93871088e-02  8.62856676e-02 
 9.94271088e-02  8.62856676e-02 
 9.94671088e-02  8.62856676e-02 
 9.95071088e-02  8.62856676e-02 
 9.95471088e-02  8.62856676e-02 
 9.95871088e-02  8.62856676e-02 
 9.95999992e-02  8.62856676e-02 
 9.95999993e-02  8.62856676e-02 
 9.95999994e-02  8.62856676e-02 
 9.95999998e-02  8.62856676e-02 
 9.96000000e-02  8.62856445e-02 
 9.96000001e-02  8.62856321e-02 
 9.96000002e-02  8.62856075e-02 
 9.96000004e-02  8.62855581e-02 
 9.96000010e-02  8.62854594e-02 
 9.96000020e-02  8.62852619e-02 
 9.96000040e-02  8.62848671e-02 
 9.96000081e-02  8.62840775e-02 
 9.96000163e-02  8.62824990e-02 
 9.96000327e-02  8.62793445e-02 
 9.96000655e-02  8.62730450e-02 
 9.96001310e-02  8.62604848e-02 
 9.96002621e-02  8.62355180e-02 
 9.96005242e-02  8.61861930e-02 
 9.96010485e-02  8.60899285e-02 
 9.96020971e-02  8.59065622e-02 
 9.96041942e-02  8.55736637e-02 
 9.96083885e-02  8.50235984e-02 
 9.96167772e-02  8.42662092e-02 
 9.96335544e-02  8.35329565e-02 
 9.96671088e-02  8.31924105e-02 
 9.97071088e-02  8.32011750e-02 
 9.97471088e-02  8.32002011e-02 
 9.97871088e-02  8.32003093e-02 
 9.98271088e-02  8.32002973e-02 
 9.98671088e-02  8.32002987e-02 
 9.99071088e-02  8.32002985e-02 
 9.99471088e-02  8.32002985e-02 
 9.99871088e-02  8.32002985e-02 
 9.99999992e-02  8.32002985e-02 
 9.99999993e-02  8.32002985e-02 
 9.99999994e-02  8.32002985e-02 
 9.99999998e-02  8.32002985e-02 
 1.00000000e-01  8.32002985e-02 
 1.00000000e-01  8.32002985e-02 
 1.00000000e-01  8.32002985e-02 
 1.00000000e-01  8.32002985e-02 
 1.00000001e-01  8.32002985e-02 
 1.00000002e-01  8.32002985e-02 
 1.00000004e-01  8.32002985e-02 
 1.00000008e-01  8.32002985e-02 
 1.00000016e-01  8.32002985e-02 
 1.00000033e-01  8.32002985e-02 
 1.00000065e-01  8.32002985e-02 
 1.00000131e-01  8.32002985e-02 
 1.00000262e-01  8.32002985e-02 
 1.00000524e-01  8.32002985e-02 
 1.00001049e-01  8.32002985e-02 
 1.00002097e-01  8.32002985e-02 
 1.00004194e-01  8.32002985e-02 
 1.00008389e-01  8.32002985e-02 
 1.00016777e-01  8.32002985e-02 
 1.00033554e-01  8.32002985e-02 
 1.00067109e-01  8.32002985e-02 
 1.00107109e-01  8.32002985e-02 
 1.00147109e-01  8.32002985e-02 
 1.00187109e-01  8.32002985e-02 
 1.00227109e-01  8.32002985e-02 
 1.00267109e-01  8.32002985e-02 
 1.00307109e-01  8.32002985e-02 
 1.00347109e-01  8.32002985e-02 
 1.00387109e-01  8.32002985e-02 
 1.00399999e-01  8.32002985e-02 
 1.00399999e-01  8.32002985e-02 
 1.00399999e-01  8.32002985e-02 
 1.00400000e-01  8.32002985e-02 
 1.00400000e-01  8.32002765e-02 
 1.00400000e-01  8.32002648e-02 
 1.00400000e-01  8.32002413e-02 
 1.00400000e-01  8.32001944e-02 
 1.00400001e-01  8.32001006e-02 
 1.00400002e-01  8.31999130e-02 
 1.00400004e-01  8.31995378e-02 
 1.00400008e-01  8.31987874e-02 
 1.00400016e-01  8.31972874e-02 
 1.00400033e-01  8.31942896e-02 
 1.00400065e-01  8.31883032e-02 
 1.00400131e-01  8.31763671e-02 
 1.00400262e-01  8.31526409e-02 
 1.00400524e-01  8.31057670e-02 
 1.00401049e-01  8.30142859e-02 
 1.00402097e-01  8.28400313e-02 
 1.00404194e-01  8.25236749e-02 
 1.00408389e-01  8.20009431e-02 
 1.00416777e-01  8.12811896e-02 
 1.00433554e-01  8.05843731e-02 
 1.00467109e-01  8.02607493e-02 
 1.00507109e-01  8.02690783e-02 
 1.00547109e-01  8.02681528e-02 
 1.00587109e-01  8.02682557e-02 
 1.00627109e-01  8.02682442e-02 
 1.00667109e-01  8.02682455e-02 
 1.00707109e-01  8.02682454e-02 
 1.00747109e-01  8.02682454e-02 
 1.00787109e-01  8.02682454e-02 
 1.00799999e-01  8.02682454e-02 
 1.00799999e-01  8.02682454e-02 
 1.00799999e-01  8.02682454e-02 
 1.00800000e-01  8.02682454e-02 
 1.00800000e-01  8.02682454e-02 
 1.00800000e-01  8.02682454e-02 
 1.00800000e-01  8.02682454e-02 
 1.00800000e-01  8.02682454e-02 
 1.00800001e-01  8.02682454e-02 
 1.00800002e-01  8.02682454e-02 
 1.00800004e-01  8.02682454e-02 
 1.00800008e-01  8.02682454e-02 
 1.00800016e-01  8.02682454e-02 
 1.00800033e-01  8.02682454e-02 
 1.00800065e-01  8.02682454e-02 
 1.00800131e-01  8.02682454e-02 
 1.00800262e-01  8.02682454e-02 
 1.00800524e-01  8.02682454e-02 
 1.00801049e-01  8.02682454e-02 
 1.00802097e-01  8.02682454e-02 
 1.00804194e-01  8.02682454e-02 
 1.00808389e-01  8.02682454e-02 
 1.00816777e-01  8.02682454e-02 
 1.00833554e-01  8.02682454e-02 
 1.00867109e-01  8.02682454e-02 
 1.00907109e-01  8.02682454e-02 
 1.00947109e-01  8.02682454e-02 
 1.00987109e-01  8.02682454e-02 
 1.01027109e-01  8.02682454e-02 
 1.01067109e-01  8.02682454e-02 
 1.01107109e-01  8.02682454e-02 
 1.01147109e-01  8.02682454e-02 
 1.01187109e-01  8.02682454e-02 
 1.01199999e-01  8.02682454e-02 
 1.01199999e-01  8.02682454e-02 
 1.01199999e-01  8.02682454e-02 
 1.01200000e-01  8.02682454e-02 
 1.01200000e-01  8.02682245e-02 
 1.01200000e-01  8.02682134e-02 
 1.01200000e-01  8.02681911e-02 
 1.01200000e-01  8.02681465e-02 
 1.01200001e-01  8.02680574e-02 
 1.01200002e-01  8.02678791e-02 
 1.01200004e-01  8.02675226e-02 
 1.01200008e-01  8.02668097e-02 
 1.01200016e-01  8.02653844e-02 
 1.01200033e-01  8.02625361e-02 
 1.01200065e-01  8.02568482e-02 
 1.01200131e-01  8.02455072e-02 
 1.01200262e-01  8.02229641e-02 
 1.01200524e-01  8.01784274e-02 
 1.01201049e-01  8.00915077e-02 
 1.01202097e-01  7.99259418e-02 
 1.01204194e-01  7.96253595e-02 
 1.01208389e-01  7.91286921e-02 
 1.01216777e-01  7.84448268e-02 
 1.01233554e-01  7.77827549e-02 
 1.01267109e-01  7.74752676e-02 
 1.01307109e-01  7.74831812e-02 
 1.01347109e-01  7.74823019e-02 
 1.01387109e-01  7.74823996e-02 
 1.01427109e-01  7.74823888e-02 
 1.01467109e-01  7.74823900e-02 
 1.01507109e-01  7.74823899e-02 
 1.01547109e-01  7.74823899e-02 
 1.01587109e-01  7.74823899e-02 
 1.01599999e-01  7.74823899e-02 
 1.01599999e-01  7.74823899e-02 
 1.01599999e-01  7.74823899e-02 
 1.01600000e-01  7.74823899e-02 
 1.01600000e-01  7.74823899e-02 
 1.01600000e-01  7.74823899e-02 
 1.01600000e-01  7.74823899e-02 
 1.01600000e-01  7.74823899e-02 
 1.01600001e-01  7.74823899e-02 
 1.01600002e-01  7.74823899e-02 
 1.01600004e-01  7.74823899e-02 
 1.01600008e-01  7.74823899e-02 
 1.01600016e-01  7.74823899e-02 
 1.01600033e-01  7.74823899e-02 
 1.01600065e-01  7.74823899e-02 
 1.01600131e-01  7.74823899e-02 
 1.01600262e-01  7.74823899e-02 
 1.01600524e-01  7.74823899e-02 
 1.01601049e-01  7.74823899e-02 
 1.01602097e-01  7.74823899e-02 
 1.01604194e-01  7.74823899e-02 
 1.01608389e-01  7.74823899e-02 
 1.01616777e-01  7.74823899e-02 
 1.01629028e-01  7.74823899e-02 
 1.01643014e-01  7.74823899e-02 
 1.01661749e-01  7.74823899e-02 
 1.01685654e-01  7.74823899e-02 
 1.01722198e-01  7.74823899e-02 
 1.01762198e-01  7.74823899e-02 
 1.01802198e-01  7.74823899e-02 
 1.01842198e-01  7.74823899e-02 
 1.01882198e-01  7.74823899e-02 
 1.01922198e-01  7.74823899e-02 
 1.01962198e-01  7.74823899e-02 
 1.01999999e-01  7.74823899e-02 
 1.01999999e-01  7.74823899e-02 
 1.01999999e-01  7.74823899e-02 
 1.02000000e-01  7.74823899e-02 
 1.02000000e-01  7.74831478e-02 
 1.02000000e-01  7.74835520e-02 
 1.02000000e-01  7.74843605e-02 
 1.02000000e-01  7.74859774e-02 
 1.02000001e-01  7.74892112e-02 
 1.02000002e-01  7.74956783e-02 
 1.02000004e-01  7.75086114e-02 
 1.02000008e-01  7.75344727e-02 
 1.02000016e-01  7.75861753e-02 
 1.02000033e-01  7.76895013e-02 
 1.02000065e-01  7.78958360e-02 
 1.02000131e-01  7.83072403e-02 
 1.02000262e-01  7.91250143e-02 
 1.02000524e-01  8.07406279e-02 
 1.02001049e-01  8.38937247e-02 
 1.02002097e-01  8.98997907e-02 
 1.02004194e-01  1.00803710e-01 
 1.02008389e-01  1.18820812e-01 
 1.02016777e-01  1.43628702e-01 
 1.02029028e-01  1.62960142e-01 
 1.02043014e-01  1.72438280e-01 
 1.02061749e-01  1.76946228e-01 
 1.02085654e-01  1.78310973e-01 
 1.02122198e-01  1.78557371e-01 
 1.02162198e-01  1.78540352e-01 
 1.02202198e-01  1.78542243e-01 
 1.02242198e-01  1.78542033e-01 
 1.02282198e-01  1.78542056e-01 
 1.02322198e-01  1.78542053e-01 
 1.02362198e-01  1.78542054e-01 
 1.02399999e-01  1.78542054e-01 
 1.02399999e-01  1.78542054e-01 
 1.02399999e-01  1.78542054e-01 
 1.02400000e-01  1.78542054e-01 
 1.02400000e-01  1.78542054e-01 
 1.02400000e-01  1.78542054e-01 
 1.02400000e-01  1.78542054e-01 
 1.02400000e-01  1.78542054e-01 
 1.02400001e-01  1.78542054e-01 
 1.02400002e-01  1.78542054e-01 
 1.02400004e-01  1.78542054e-01 
 1.02400008e-01  1.78542054e-01 
 1.02400016e-01  1.78542054e-01 
 1.02400033e-01  1.78542054e-01 
 1.02400065e-01  1.78542054e-01 
 1.02400131e-01  1.78542054e-01 
 1.02400262e-01  1.78542054e-01 
 1.02400524e-01  1.78542054e-01 
 1.02401049e-01  1.78542054e-01 
 1.02402097e-01  1.78542054e-01 
 1.02404194e-01  1.78542054e-01 
 1.02408389e-01  1.78542054e-01 
 1.02416777e-01  1.78542054e-01 
 1.02432028e-01  1.78542054e-01 
 1.02445986e-01  1.78542054e-01 
 1.02461229e-01  1.78542054e-01 
 1.02479069e-01  1.78542054e-01 
 1.02508303e-01  1.78542054e-01 
 1.02548303e-01  1.78542054e-01 
 1.02588303e-01  1.78542054e-01 
 1.02628303e-01  1.78542054e-01 
 1.02668303e-01  1.78542054e-01 
 1.02708303e-01  1.78542054e-01 
 1.02748303e-01  1.78542054e-01 
 1.02788303e-01  1.78542054e-01 
 1.02799999e-01  1.78542054e-01 
 1.02799999e-01  1.78542054e-01 
 1.02799999e-01  1.78542054e-01 
 1.02800000e-01  1.78542054e-01 
 1.02800000e-01  1.78543175e-01 
 1.02800000e-01  1.78543772e-01 
 1.02800000e-01  1.78544968e-01 
 1.02800000e-01  1.78547359e-01 
 1.02800001e-01  1.78552141e-01 
 1.02800002e-01  1.78561705e-01 
 1.02800004e-01  1.78580831e-01 
 1.02800008e-01  1.78619076e-01 
 1.02800016e-01  1.78695537e-01 
 1.02800033e-01  1.78848340e-01 
 1.02800065e-01  1.79153478e-01 
 1.02800131e-01  1.79761882e-01 
 1.02800262e-01  1.80971246e-01 
 1.02800524e-01  1.83360493e-01 
 1.02801049e-01  1.88023445e-01 
 1.02802097e-01  1.96905505e-01 
 1.02804194e-01  2.13030746e-01 
 1.02808389e-01  2.39675305e-01 
 1.02816777e-01  2.76362409e-01 
 1.02832028e-01  3.09691784e-01 
 1.02845986e-01  3.20809205e-01 
 1.02861229e-01  3.25445478e-01 
 1.02879069e-01  3.27269900e-01 
 1.02908303e-01  3.27961247e-01 
 1.02948303e-01  3.27997590e-01 
 1.02988303e-01  3.27993552e-01 
 1.03028303e-01  3.27994000e-01 
 1.03068303e-01  3.27993951e-01 
 1.03108303e-01  3.27993956e-01 
 1.03148303e-01  3.27993956e-01 
 1.03188303e-01  3.27993956e-01 
 1.03199999e-01  3.27993956e-01 
 1.03199999e-01  3.27993956e-01 
 1.03199999e-01  3.27993956e-01 
 1.03200000e-01  3.27993956e-01 
 1.03200000e-01  3.27993956e-01 
 1.03200000e-01  3.27993956e-01 
 1.03200000e-01  3.27993956e-01 
 1.03200000e-01  3.27993956e-01 
 1.03200001e-01  3.27993956e-01 
 1.03200002e-01  3.27993956e-01 
 1.03200004e-01  3.27993956e-01 
 1.03200008e-01  3.27993956e-01 
 1.03200016e-01  3.27993956e-01 
 1.03200033e-01  3.27993956e-01 
 1.03200065e-01  3.27993956e-01 
 1.03200131e-01  3.27993956e-01 
 1.03200262e-01  3.27993956e-01 
 1.03200524e-01  3.27993956e-01 
 1.03201049e-01  3.27993956e-01 
 1.03202097e-01  3.27993956e-01 
 1.03204194e-01  3.27993956e-01 
 1.03208389e-01  3.27993956e-01 
 1.03216777e-01  3.27993956e-01 
 1.03232998e-01  3.27993956e-01 
 1.03250287e-01  3.27993956e-01 
 1.03275307e-01  3.27993956e-01 
 1.03305907e-01  3.27993956e-01 
 1.03345907e-01  3.27993956e-01 
 1.03385907e-01  3.27993956e-01 
 1.03425907e-01  3.27993956e-01 
 1.03465907e-01  3.27993956e-01 
 1.03505907e-01  3.27993956e-01 
 1.03545907e-01  3.27993956e-01 
 1.03585907e-01  3.27993956e-01 
 1.03599999e-01  3.27993956e-01 
 1.03599999e-01  3.27993956e-01 
 1.03599999e-01  3.27993956e-01 
 1.03600000e-01  3.27993956e-01 
 1.03600000e-01  3.27995239e-01 
 1.03600000e-01  3.27995924e-01 
 1.03600000e-01  3.27997293e-01 
 1.03600000e-01  3.28000031e-01 
 1.03600001e-01  3.28005508e-01 
 1.03600002e-01  3.28016460e-01 
 1.03600004e-01  3.28038362e-01 
 1.03600008e-01  3.28082159e-01 
 1.03600016e-01  3.28169719e-01 
 1.03600033e-01  3.28344703e-01 
 1.03600065e-01  3.28694136e-01 
 1.03600131e-01  3.29390858e-01 
 1.03600262e-01  3.30775776e-01 
 1.03600524e-01  3.33511853e-01 
 1.03601049e-01  3.38851690e-01 
 1.03602097e-01  3.49023093e-01 
 1.03604194e-01  3.67489117e-01 
 1.03608389e-01  3.98001471e-01 
 1.03616777e-01  4.40014170e-01 
 1.03632998e-01  4.79792305e-01 
 1.03650287e-01  4.93366298e-01 
 1.03675307e-01  4.98433805e-01 
 1.03705907e-01  4.99124870e-01 
 1.03745907e-01  4.99142441e-01 
 1.03785907e-01  4.99140489e-01 
 1.03825907e-01  4.99140706e-01 
 1.03865907e-01  4.99140682e-01 
 1.03905907e-01  4.99140684e-01 
 1.03945907e-01  4.99140684e-01 
 1.03985907e-01  4.99140684e-01 
 1.03999999e-01  4.99140684e-01 
 1.03999999e-01  4.99140684e-01 
 1.03999999e-01  4.99140684e-01 
 1.04000000e-01  4.99140684e-01 
 1.04000000e-01  4.99140684e-01 
 1.04000000e-01  4.99140684e-01 
 1.04000000e-01  4.99140684e-01 
 1.04000000e-01  4.99140684e-01 
 1.04000001e-01  4.99140684e-01 
 1.04000002e-01  4.99140684e-01 
 1.04000004e-01  4.99140684e-01 
 1.04000008e-01  4.99140684e-01 
 1.04000016e-01  4.99140684e-01 
 1.04000033e-01  4.99140684e-01 
 1.04000065e-01  4.99140684e-01 
 1.04000131e-01  4.99140684e-01 
 1.04000262e-01  4.99140684e-01 
 1.04000524e-01  4.99140684e-01 
 1.04001049e-01  4.99140684e-01 
 1.04002097e-01  4.99140684e-01 
 1.04004194e-01  4.99140684e-01 
 1.04008389e-01  4.99140684e-01 
 1.04016777e-01  4.99140684e-01 
 1.04031033e-01  4.99140684e-01 
 1.04045343e-01  4.99140684e-01 
 1.04061107e-01  4.99140684e-01 
 1.04080130e-01  4.99140684e-01 
 1.04110593e-01  4.99140684e-01 
 1.04150593e-01  4.99140684e-01 
 1.04190593e-01  4.99140684e-01 
 1.04230593e-01  4.99140684e-01 
 1.04270593e-01  4.99140684e-01 
 1.04310593e-01  4.99140684e-01 
 1.04350593e-01  4.99140684e-01 
 1.04390593e-01  4.99140684e-01 
 1.04399999e-01  4.99140684e-01 
 1.04399999e-01  4.99140684e-01 
 1.04399999e-01  4.99140684e-01 
 1.04400000e-01  4.99140684e-01 
 1.04400000e-01  4.99142031e-01 
 1.04400000e-01  4.99142749e-01 
 1.04400000e-01  4.99144185e-01 
 1.04400000e-01  4.99147057e-01 
 1.04400001e-01  4.99152802e-01 
 1.04400002e-01  4.99164291e-01 
 1.04400004e-01  4.99187267e-01 
 1.04400008e-01  4.99233210e-01 
 1.04400016e-01  4.99325061e-01 
 1.04400033e-01  4.99508622e-01 
 1.04400065e-01  4.99875180e-01 
 1.04400131e-01  5.00606049e-01 
 1.04400262e-01  5.02058843e-01 
 1.04400524e-01  5.04929016e-01 
 1.04401049e-01  5.10530561e-01 
 1.04402097e-01  5.21200470e-01 
 1.04404194e-01  5.40571522e-01 
 1.04408389e-01  5.72579301e-01 
 1.04416777e-01  6.16651064e-01 
 1.04431033e-01  6.54882419e-01 
 1.04445343e-01  6.69586891e-01 
 1.04461107e-01  6.75585859e-01 
 1.04480130e-01  6.77889675e-01 
 1.04510593e-01  6.78656059e-01 
 1.04550593e-01  6.78677549e-01 
 1.04590593e-01  6.78675161e-01 
 1.04630593e-01  6.78675427e-01 
 1.04670593e-01  6.78675397e-01 
 1.04710593e-01  6.78675401e-01 
 1.04750593e-01  6.78675400e-01 
 1.04790593e-01  6.78675400e-01 
 1.04799999e-01  6.78675400e-01 
 1.04799999e-01  6.78675400e-01 
 1.04799999e-01  6.78675400e-01 
 1.04800000e-01  6.78675400e-01 
 1.04800000e-01  6.78675400e-01 
 1.04800000e-01  6.78675400e-01 
 1.04800000e-01  6.78675400e-01 
 1.04800000e-01  6.78675400e-01 
 1.04800001e-01  6.78675400e-01 
 1.04800002e-01  6.78675400e-01 
 1.04800004e-01  6.78675400e-01 
 1.04800008e-01  6.78675400e-01 
 1.04800016e-01  6.78675400e-01 
 1.04800033e-01  6.78675400e-01 
 1.04800065e-01  6.78675400e-01 
 1.04800131e-01  6.78675400e-01 
 1.04800262e-01  6.78675400e-01 
 1.04800524e-01  6.78675400e-01 
 1.04801049e-01  6.78675400e-01 
 1.04802097e-01  6.78675400e-01 
 1.04804194e-01  6.78675400e-01 
 1.04808389e-01  6.78675400e-01 
 1.04816777e-01  6.78675400e-01 
 1.04833554e-01  6.78675400e-01 
 1.04851314e-01  6.78675400e-01 
 1.04877290e-01  6.78675400e-01 
 1.04908951e-01  6.78675400e-01 
 1.04948951e-01  6.78675400e-01 
 1.04988951e-01  6.78675400e-01 
 1.05028951e-01  6.78675400e-01 
 1.05068951e-01  6.78675400e-01 
 1.05108951e-01  6.78675400e-01 
 1.05148951e-01  6.78675400e-01 
 1.05188951e-01  6.78675400e-01 
 1.05199999e-01  6.78675400e-01 
 1.05199999e-01  6.78675400e-01 
 1.05199999e-01  6.78675400e-01 
 1.05200000e-01  6.78675400e-01 
 1.05200000e-01  6.78676769e-01 
 1.05200000e-01  6.78677500e-01 
 1.05200000e-01  6.78678960e-01 
 1.05200000e-01  6.78681881e-01 
 1.05200001e-01  6.78687723e-01 
 1.05200002e-01  6.78699405e-01 
 1.05200004e-01  6.78722769e-01 
 1.05200008e-01  6.78769486e-01 
 1.05200016e-01  6.78862885e-01 
 1.05200033e-01  6.79049539e-01 
 1.05200065e-01  6.79422276e-01 
 1.05200131e-01  6.80165463e-01 
 1.05200262e-01  6.81642742e-01 
 1.05200524e-01  6.84561289e-01 
 1.05201049e-01  6.90257244e-01 
 1.05202097e-01  7.01106985e-01 
 1.05204194e-01  7.20804520e-01 
 1.05208389e-01  7.53351763e-01 
 1.05216777e-01  7.98166317e-01 
 1.05233554e-01  8.41552723e-01 
 1.05251314e-01  8.55602833e-01 
 1.05277290e-01  8.60650772e-01 
 1.05308951e-01  8.61232906e-01 
 1.05348951e-01  8.61236368e-01 
 1.05388951e-01  8.61235983e-01 
 1.05428951e-01  8.61236026e-01 
 1.05468951e-01  8.61236021e-01 
 1.05508951e-01  8.61236022e-01 
 1.05548951e-01  8.61236022e-01 
 1.05588951e-01  8.61236022e-01 
 1.05599999e-01  8.61236022e-01 
 1.05599999e-01  8.61236022e-01 
 1.05599999e-01  8.61236022e-01 
 1.05600000e-01  8.61236022e-01 
 1.05600000e-01  8.61236022e-01 
 1.05600000e-01  8.61236022e-01 
 1.05600000e-01  8.61236022e-01 
 1.05600000e-01  8.61236022e-01 
 1.05600001e-01  8.61236022e-01 
 1.05600002e-01  8.61236022e-01 
 1.05600004e-01  8.61236022e-01 
 1.05600008e-01  8.61236022e-01 
 1.05600016e-01  8.61236022e-01 
 1.05600033e-01  8.61236022e-01 
 1.05600065e-01  8.61236022e-01 
 1.05600131e-01  8.61236022e-01 
 1.05600262e-01  8.61236022e-01 
 1.05600524e-01  8.61236022e-01 
 1.05601049e-01  8.61236022e-01 
 1.05602097e-01  8.61236022e-01 
 1.05604194e-01  8.61236022e-01 
 1.05608389e-01  8.61236022e-01 
 1.05616777e-01  8.61236022e-01 
 1.05633554e-01  8.61236022e-01 
 1.05658798e-01  8.61236022e-01 
 1.05690082e-01  8.61236022e-01 
 1.05730082e-01  8.61236022e-01 
 1.05770082e-01  8.61236022e-01 
 1.05810082e-01  8.61236022e-01 
 1.05850082e-01  8.61236022e-01 
 1.05890082e-01  8.61236022e-01 
 1.05930082e-01  8.61236022e-01 
 1.05970082e-01  8.61236022e-01 
 1.05999999e-01  8.61236022e-01 
 1.05999999e-01  8.61236022e-01 
 1.05999999e-01  8.61236022e-01 
 1.06000000e-01  8.61236022e-01 
 1.06000000e-01  8.61237398e-01 
 1.06000000e-01  8.61238132e-01 
 1.06000000e-01  8.61239600e-01 
 1.06000000e-01  8.61242537e-01 
 1.06000001e-01  8.61248409e-01 
 1.06000002e-01  8.61260153e-01 
 1.06000004e-01  8.61283640e-01 
 1.06000008e-01  8.61330603e-01 
 1.06000016e-01  8.61424494e-01 
 1.06000033e-01  8.61612133e-01 
 1.06000065e-01  8.61986833e-01 
 1.06000131e-01  8.62733936e-01 
 1.06000262e-01  8.64219000e-01 
 1.06000524e-01  8.67152928e-01 
 1.06001049e-01  8.72878899e-01 
 1.06002097e-01  8.83785816e-01 
 1.06004194e-01  9.03587152e-01 
 1.06008389e-01  9.36305911e-01 
 1.06016777e-01  9.81356628e-01 
 1.06033554e-01  1.02497167e+00 
 1.06058798e-01  1.04242313e+00 
 1.06090082e-01  1.04473227e+00 
 1.06130082e-01  1.04476163e+00 
 1.06170082e-01  1.04475837e+00 
 1.06210082e-01  1.04475873e+00 
 1.06250082e-01  1.04475869e+00 
 1.06290082e-01  1.04475869e+00 
 1.06330082e-01  1.04475869e+00 
 1.06370082e-01  1.04475869e+00 
 1.06399999e-01  1.04475869e+00 
 1.06399999e-01  1.04475869e+00 
 1.06399999e-01  1.04475869e+00 
 1.06400000e-01  1.04475869e+00 
 1.06400000e-01  1.04475869e+00 
 1.06400000e-01  1.04475869e+00 
 1.06400000e-01  1.04475869e+00 
 1.06400000e-01  1.04475869e+00 
 1.06400001e-01  1.04475869e+00 
 1.06400002e-01  1.04475869e+00 
 1.06400004e-01  1.04475869e+00 
 1.06400008e-01  1.04475869e+00 
 1.06400016e-01  1.04475869e+00 
 1.06400033e-01  1.04475869e+00 
 1.06400065e-01  1.04475869e+00 
 1.06400131e-01  1.04475869e+00 
 1.06400262e-01  1.04475869e+00 
 1.06400524e-01  1.04475869e+00 
 1.06401049e-01  1.04475869e+00 
 1.06402097e-01  1.04475869e+00 
 1.06404194e-01  1.04475869e+00 
 1.06408389e-01  1.04475869e+00 
 1.06416777e-01  1.04475869e+00 
 1.06433554e-01  1.04475869e+00 
 1.06457660e-01  1.04475869e+00 
 1.06485344e-01  1.04475869e+00 
 1.06525344e-01  1.04475869e+00 
 1.06565344e-01  1.04475869e+00 
 1.06605344e-01  1.04475869e+00 
 1.06645344e-01  1.04475869e+00 
 1.06685344e-01  1.04475869e+00 
 1.06725344e-01  1.04475869e+00 
 1.06765344e-01  1.04475869e+00 
 1.06799999e-01  1.04475869e+00 
 1.06799999e-01  1.04475869e+00 
 1.06799999e-01  1.04475869e+00 
 1.06800000e-01  1.04475869e+00 
 1.06800000e-01  1.04476007e+00 
 1.06800000e-01  1.04476080e+00 
 1.06800000e-01  1.04476227e+00 
 1.06800000e-01  1.04476520e+00 
 1.06800001e-01  1.04477107e+00 
 1.06800002e-01  1.04478281e+00 
 1.06800004e-01  1.04480627e+00 
 1.06800008e-01  1.04485320e+00 
 1.06800016e-01  1.04494701e+00 
 1.06800033e-01  1.04513449e+00 
 1.06800065e-01  1.04550888e+00 
 1.06800131e-01  1.04625537e+00 
 1.06800262e-01  1.04773920e+00 
 1.06800524e-01  1.05067069e+00 
 1.06801049e-01  1.05639191e+00 
 1.06802097e-01  1.06728977e+00 
 1.06804194e-01  1.08707467e+00 
 1.06808389e-01  1.11976627e+00 
 1.06816777e-01  1.16477959e+00 
 1.06833554e-01  1.20835843e+00 
 1.06857660e-01  1.22534719e+00 
 1.06885344e-01  1.22792786e+00 
 1.06925344e-01  1.22815138e+00 
 1.06965344e-01  1.22812654e+00 
 1.07005344e-01  1.22812930e+00 
 1.07045344e-01  1.22812899e+00 
 1.07085344e-01  1.22812903e+00 
 1.07125344e-01  1.22812902e+00 
 1.07165344e-01  1.22812903e+00 
 1.07199999e-01  1.22812902e+00 
 1.07199999e-01  1.22812902e+00 
 1.07199999e-01  1.22812902e+00 
 1.07200000e-01  1.22812902e+00 
 1.07200000e-01  1.22812902e+00 
 1.07200000e-01  1.22812902e+00 
 1.07200000e-01  1.22812902e+00 
 1.07200000e-01  1.22812902e+00 
 1.07200001e-01  1.22812902e+00 
 1.07200002e-01  1.22812902e+00 
 1.07200004e-01  1.22812902e+00 
 1.07200008e-01  1.22812902e+00 
 1.07200016e-01  1.22812902e+00 
 1.07200033e-01  1.22812902e+00 
 1.07200065e-01  1.22812902e+00 
 1.07200131e-01  1.22812902e+00 
 1.07200262e-01  1.22812902e+00 
 1.07200524e-01  1.22812902e+00 
 1.07201049e-01  1.22812902e+00 
 1.07202097e-01  1.22812902e+00 
 1.07204194e-01  1.22812902e+00 
 1.07208389e-01  1.22812902e+00 
 1.07216777e-01  1.22812902e+00 
 1.07233554e-01  1.22812902e+00 
 1.07248654e-01  1.22812902e+00 
 1.07267296e-01  1.22812902e+00 
 1.07287972e-01  1.22812902e+00 
 1.07324301e-01  1.22812902e+00 
 1.07364301e-01  1.22812902e+00 
 1.07404301e-01  1.22812902e+00 
 1.07444301e-01  1.22812902e+00 
 1.07484301e-01  1.22812902e+00 
 1.07524301e-01  1.22812902e+00 
 1.07564301e-01  1.22812902e+00 
 1.07599999e-01  1.22812902e+00 
 1.07599999e-01  1.22812902e+00 
 1.07599999e-01  1.22812902e+00 
 1.07600000e-01  1.22812902e+00 
 1.07600000e-01  1.22813039e+00 
 1.07600000e-01  1.22813112e+00 
 1.07600000e-01  1.22813258e+00 
 1.07600000e-01  1.22813549e+00 
 1.07600001e-01  1.22814131e+00 
 1.07600002e-01  1.22815297e+00 
 1.07600004e-01  1.22817627e+00 
 1.07600008e-01  1.22822286e+00 
 1.07600016e-01  1.22831601e+00 
 1.07600033e-01  1.22850216e+00 
 1.07600065e-01  1.22887390e+00 
 1.07600131e-01  1.22961509e+00 
 1.07600262e-01  1.23108840e+00 
 1.07600524e-01  1.23399911e+00 
 1.07601049e-01  1.23967978e+00 
 1.07602097e-01  1.25050039e+00 
 1.07604194e-01  1.27014504e+00 
 1.07608389e-01  1.30260491e+00 
 1.07616777e-01  1.34729915e+00 
 1.07633554e-01  1.39056908e+00 
 1.07648654e-01  1.40315578e+00 
 1.07667296e-01  1.40834154e+00 
 1.07687972e-01  1.40980012e+00 
 1.07724301e-01  1.41022484e+00 
 1.07764301e-01  1.41019672e+00 
 1.07804301e-01  1.41019984e+00 
 1.07844301e-01  1.41019950e+00 
 1.07884301e-01  1.41019953e+00 
 1.07924301e-01  1.41019953e+00 
 1.07964301e-01  1.41019953e+00 
 1.07999999e-01  1.41019953e+00 
 1.07999999e-01  1.41019953e+00 
 1.07999999e-01  1.41019953e+00 
 1.08000000e-01  1.41019953e+00 
 1.08000000e-01  1.41019953e+00 
 1.08000000e-01  1.41019953e+00 
 1.08000000e-01  1.41019953e+00 
 1.08000000e-01  1.41019953e+00 
 1.08000001e-01  1.41019953e+00 
 1.08000002e-01  1.41019953e+00 
 1.08000004e-01  1.41019953e+00 
 1.08000008e-01  1.41019953e+00 
 1.08000016e-01  1.41019953e+00 
 1.08000033e-01  1.41019953e+00 
 1.08000065e-01  1.41019953e+00 
 1.08000131e-01  1.41019953e+00 
 1.08000262e-01  1.41019953e+00 
 1.08000524e-01  1.41019953e+00 
 1.08001049e-01  1.41019953e+00 
 1.08002097e-01  1.41019953e+00 
 1.08004194e-01  1.41019953e+00 
 1.08008389e-01  1.41019953e+00 
 1.08016777e-01  1.41019953e+00 
 1.08033554e-01  1.41019953e+00 
 1.08058814e-01  1.41019953e+00 
 1.08087469e-01  1.41019953e+00 
 1.08127469e-01  1.41019953e+00 
 1.08167469e-01  1.41019953e+00 
 1.08207469e-01  1.41019953e+00 
 1.08247469e-01  1.41019953e+00 
 1.08287469e-01  1.41019953e+00 
 1.08327469e-01  1.41019953e+00 
 1.08367469e-01  1.41019953e+00 
 1.08399999e-01  1.41019953e+00 
 1.08399999e-01  1.41019953e+00 
 1.08399999e-01  1.41019953e+00 
 1.08400000e-01  1.41019953e+00 
 1.08400000e-01  1.41020070e+00 
 1.08400000e-01  1.41020133e+00 
 1.08400000e-01  1.41020258e+00 
 1.08400000e-01  1.41020508e+00 
 1.08400001e-01  1.41021008e+00 
 1.08400002e-01  1.41022007e+00 
 1.08400004e-01  1.41024007e+00 
 1.08400008e-01  1.41028005e+00 
 1.08400016e-01  1.41035998e+00 
 1.08400033e-01  1.41051971e+00 
 1.08400065e-01  1.41083869e+00 
 1.08400131e-01  1.41147469e+00 
 1.08400262e-01  1.41273892e+00 
 1.08400524e-01  1.41523655e+00 
 1.08401049e-01  1.42011103e+00 
 1.08402097e-01  1.42939601e+00 
 1.08404194e-01  1.44625274e+00 
 1.08408389e-01  1.47410599e+00 
 1.08416777e-01  1.51245734e+00 
 1.08433554e-01  1.54958651e+00 
 1.08458814e-01  1.56444816e+00 
 1.08487469e-01  1.56632171e+00 
 1.08527469e-01  1.56644321e+00 
 1.08567469e-01  1.56642971e+00 
 1.08607469e-01  1.56643121e+00 
 1.08647469e-01  1.56643104e+00 
 1.08687469e-01  1.56643106e+00 
 1.08727469e-01  1.56643106e+00 
 1.08767469e-01  1.56643106e+00 
 1.08799999e-01  1.56643106e+00 
 1.08799999e-01  1.56643106e+00 
 1.08799999e-01  1.56643106e+00 
 1.08800000e-01  1.56643106e+00 
 1.08800000e-01  1.56643106e+00 
 1.08800000e-01  1.56643106e+00 
 1.08800000e-01  1.56643106e+00 
 1.08800000e-01  1.56643106e+00 
 1.08800001e-01  1.56643106e+00 
 1.08800002e-01  1.56643106e+00 
 1.08800004e-01  1.56643106e+00 
 1.08800008e-01  1.56643106e+00 
 1.08800016e-01  1.56643106e+00 
 1.08800033e-01  1.56643106e+00 
 1.08800065e-01  1.56643106e+00 
 1.08800131e-01  1.56643106e+00 
 1.08800262e-01  1.56643106e+00 
 1.08800524e-01  1.56643106e+00 
 1.08801049e-01  1.56643106e+00 
 1.08802097e-01  1.56643106e+00 
 1.08804194e-01  1.56643106e+00 
 1.08808389e-01  1.56643106e+00 
 1.08816777e-01  1.56643106e+00 
 1.08833554e-01  1.56643106e+00 
 1.08861944e-01  1.56643106e+00 
 1.08897818e-01  1.56643106e+00 
 1.08937818e-01  1.56643106e+00 
 1.08977818e-01  1.56643106e+00 
 1.09017818e-01  1.56643106e+00 
 1.09057818e-01  1.56643106e+00 
 1.09097818e-01  1.56643106e+00 
 1.09137818e-01  1.56643106e+00 
 1.09177818e-01  1.56643106e+00 
 1.09199999e-01  1.56643106e+00 
 1.09199999e-01  1.56643106e+00 
 1.09199999e-01  1.56643106e+00 
 1.09200000e-01  1.56643106e+00 
 1.09200000e-01  1.56643102e+00 
 1.09200000e-01  1.56643101e+00 
 1.09200000e-01  1.56643097e+00 
 1.09200000e-01  1.56643090e+00 
 1.09200001e-01  1.56643075e+00 
 1.09200002e-01  1.56643046e+00 
 1.09200004e-01  1.56642988e+00 
 1.09200008e-01  1.56642872e+00 
 1.09200016e-01  1.56642639e+00 
 1.09200033e-01  1.56642175e+00 
 1.09200065e-01  1.56641247e+00 
 1.09200131e-01  1.56639397e+00 
 1.09200262e-01  1.56635721e+00 
 1.09200524e-01  1.56628457e+00 
 1.09201049e-01  1.56614282e+00 
 1.09202097e-01  1.56587280e+00 
 1.09204194e-01  1.56538258e+00 
 1.09208389e-01  1.56457257e+00 
 1.09216777e-01  1.56345726e+00 
 1.09233554e-01  1.56237750e+00 
 1.09261944e-01  1.56191692e+00 
 1.09297818e-01  1.56188596e+00 
 1.09337818e-01  1.56188782e+00 
 1.09377818e-01  1.56188761e+00 
 1.09417818e-01  1.56188764e+00 
 1.09457818e-01  1.56188763e+00 
 1.09497818e-01  1.56188763e+00 
 1.09537818e-01  1.56188763e+00 
 1.09577818e-01  1.56188763e+00 
 1.09599999e-01  1.56188763e+00 
 1.09599999e-01  1.56188763e+00 
 1.09599999e-01  1.56188763e+00 
 1.09600000e-01  1.56188763e+00 
 1.09600000e-01  1.56188763e+00 
 1.09600000e-01  1.56188763e+00 
 1.09600000e-01  1.56188763e+00 
 1.09600000e-01  1.56188763e+00 
 1.09600001e-01  1.56188763e+00 
 1.09600002e-01  1.56188763e+00 
 1.09600004e-01  1.56188763e+00 
 1.09600008e-01  1.56188763e+00 
 1.09600016e-01  1.56188763e+00 
 1.09600033e-01  1.56188763e+00 
 1.09600065e-01  1.56188763e+00 
 1.09600131e-01  1.56188763e+00 
 1.09600262e-01  1.56188763e+00 
 1.09600524e-01  1.56188763e+00 
 1.09601049e-01  1.56188763e+00 
 1.09602097e-01  1.56188763e+00 
 1.09604194e-01  1.56188763e+00 
 1.09608389e-01  1.56188763e+00 
 1.09616777e-01  1.56188763e+00 
 1.09633554e-01  1.56188763e+00 
 1.09665754e-01  1.56188763e+00 
 1.09705754e-01  1.56188763e+00 
 1.09745754e-01  1.56188763e+00 
 1.09785754e-01  1.56188763e+00 
 1.09825754e-01  1.56188763e+00 
 1.09865754e-01  1.56188763e+00 
 1.09905754e-01  1.56188763e+00 
 1.09945754e-01  1.56188763e+00 
 1.09985754e-01  1.56188763e+00 
 1.09999999e-01  1.56188763e+00 
 1.09999999e-01  1.56188763e+00 
 1.09999999e-01  1.56188763e+00 
 1.10000000e-01  1.56188763e+00 
 1.10000000e-01  1.56188740e+00 
 1.10000000e-01  1.56188728e+00 
 1.10000000e-01  1.56188703e+00 
 1.10000000e-01  1.56188653e+00 
 1.10000001e-01  1.56188554e+00 
 1.10000002e-01  1.56188355e+00 
 1.10000004e-01  1.56187958e+00 
 1.10000008e-01  1.56187164e+00 
 1.10000016e-01  1.56185577e+00 
 1.10000033e-01  1.56182405e+00 
 1.10000065e-01  1.56176070e+00 
 1.10000131e-01  1.56163439e+00 
 1.10000262e-01  1.56138331e+00 
 1.10000524e-01  1.56088728e+00 
 1.10001049e-01  1.55991921e+00 
 1.10002097e-01  1.55807522e+00 
 1.10004194e-01  1.55472748e+00 
 1.10008389e-01  1.54919583e+00 
 1.10016777e-01  1.54157927e+00 
 1.10033554e-01  1.53420543e+00 
 1.10065754e-01  1.53084972e+00 
 1.10105754e-01  1.53086126e+00 
 1.10145754e-01  1.53085998e+00 
 1.10185754e-01  1.53086012e+00 
 1.10225754e-01  1.53086010e+00 
 1.10265754e-01  1.53086011e+00 
 1.10305754e-01  1.53086011e+00 
 1.10345754e-01  1.53086011e+00 
 1.10385754e-01  1.53086011e+00 
 1.10399999e-01  1.53086011e+00 
 1.10399999e-01  1.53086011e+00 
 1.10399999e-01  1.53086011e+00 
 1.10400000e-01  1.53086011e+00 
 1.10400000e-01  1.53086011e+00 
 1.10400000e-01  1.53086011e+00 
 1.10400000e-01  1.53086011e+00 
 1.10400000e-01  1.53086011e+00 
 1.10400001e-01  1.53086011e+00 
 1.10400002e-01  1.53086011e+00 
 1.10400004e-01  1.53086011e+00 
 1.10400008e-01  1.53086011e+00 
 1.10400016e-01  1.53086011e+00 
 1.10400033e-01  1.53086011e+00 
 1.10400065e-01  1.53086011e+00 
 1.10400131e-01  1.53086011e+00 
 1.10400262e-01  1.53086011e+00 
 1.10400524e-01  1.53086011e+00 
 1.10401049e-01  1.53086011e+00 
 1.10402097e-01  1.53086011e+00 
 1.10404194e-01  1.53086011e+00 
 1.10408389e-01  1.53086011e+00 
 1.10416777e-01  1.53086011e+00 
 1.10433554e-01  1.53086011e+00 
 1.10467109e-01  1.53086011e+00 
 1.10507109e-01  1.53086011e+00 
 1.10547109e-01  1.53086011e+00 
 1.10587109e-01  1.53086011e+00 
 1.10627109e-01  1.53086011e+00 
 1.10667109e-01  1.53086011e+00 
 1.10707109e-01  1.53086011e+00 
 1.10747109e-01  1.53086011e+00 
 1.10787109e-01  1.53086011e+00 
 1.10799999e-01  1.53086011e+00 
 1.10799999e-01  1.53086011e+00 
 1.10799999e-01  1.53086011e+00 
 1.10800000e-01  1.53086011e+00 
 1.10800000e-01  1.53085985e+00 
 1.10800000e-01  1.53085971e+00 
 1.10800000e-01  1.53085944e+00 
 1.10800000e-01  1.53085890e+00 
 1.10800001e-01  1.53085781e+00 
 1.10800002e-01  1.53085562e+00 
 1.10800004e-01  1.53085126e+00 
 1.10800008e-01  1.53084254e+00 
 1.10800016e-01  1.53082511e+00 
 1.10800033e-01  1.53079027e+00 
 1.10800065e-01  1.53072070e+00 
 1.10800131e-01  1.53058199e+00 
 1.10800262e-01  1.53030626e+00 
 1.10800524e-01  1.52976152e+00 
 1.10801049e-01  1.52869839e+00 
 1.10802097e-01  1.52667333e+00 
 1.10804194e-01  1.52299685e+00 
 1.10808389e-01  1.51692202e+00 
 1.10816777e-01  1.50855754e+00 
 1.10833554e-01  1.50045962e+00 
 1.10867109e-01  1.49669869e+00 
 1.10907109e-01  1.49679548e+00 
 1.10947109e-01  1.49678473e+00 
 1.10987109e-01  1.49678592e+00 
 1.11027109e-01  1.49678579e+00 
 1.11067109e-01  1.49678580e+00 
 1.11107109e-01  1.49678580e+00 
 1.11147109e-01  1.49678580e+00 
 1.11187109e-01  1.49678580e+00 
 1.11199999e-01  1.49678580e+00 
 1.11199999e-01  1.49678580e+00 
 1.11199999e-01  1.49678580e+00 
 1.11200000e-01  1.49678580e+00 
 1.11200000e-01  1.49678580e+00 
 1.11200000e-01  1.49678580e+00 
 1.11200000e-01  1.49678580e+00 
 1.11200000e-01  1.49678580e+00 
 1.11200001e-01  1.49678580e+00 
 1.11200002e-01  1.49678580e+00 
 1.11200004e-01  1.49678580e+00 
 1.11200008e-01  1.49678580e+00 
 1.11200016e-01  1.49678580e+00 
 1.11200033e-01  1.49678580e+00 
 1.11200065e-01  1.49678580e+00 
 1.11200131e-01  1.49678580e+00 
 1.11200262e-01  1.49678580e+00 
 1.11200524e-01  1.49678580e+00 
 1.11201049e-01  1.49678580e+00 
 1.11202097e-01  1.49678580e+00 
 1.11204194e-01  1.49678580e+00 
 1.11208389e-01  1.49678580e+00 
 1.11216777e-01  1.49678580e+00 
 1.11233554e-01  1.49678580e+00 
 1.11267109e-01  1.49678580e+00 
 1.11307109e-01  1.49678580e+00 
 1.11347109e-01  1.49678580e+00 
 1.11387109e-01  1.49678580e+00 
 1.11427109e-01  1.49678580e+00 
 1.11467109e-01  1.49678580e+00 
 1.11507109e-01  1.49678580e+00 
 1.11547109e-01  1.49678580e+00 
 1.11587109e-01  1.49678580e+00 
 1.11599999e-01  1.49678580e+00 
 1.11599999e-01  1.49678580e+00 
 1.11599999e-01  1.49678580e+00 
 1.11600000e-01  1.49678580e+00 
 1.11600000e-01  1.49678555e+00 
 1.11600000e-01  1.49678542e+00 
 1.11600000e-01  1.49678515e+00 
 1.11600000e-01  1.49678462e+00 
 1.11600001e-01  1.49678355e+00 
 1.11600002e-01  1.49678141e+00 
 1.11600004e-01  1.49677714e+00 
 1.11600008e-01  1.49676859e+00 
 1.11600016e-01  1.49675150e+00 
 1.11600033e-01  1.49671735e+00 
 1.11600065e-01  1.49664916e+00 
 1.11600131e-01  1.49651319e+00 
 1.11600262e-01  1.49624291e+00 
 1.11600524e-01  1.49570894e+00 
 1.11601049e-01  1.49466684e+00 
 1.11602097e-01  1.49268181e+00 
 1.11604194e-01  1.48907803e+00 
 1.11608389e-01  1.48312332e+00 
 1.11616777e-01  1.47492424e+00 
 1.11633554e-01  1.46698644e+00 
 1.11667109e-01  1.46329987e+00 
 1.11707109e-01  1.46339475e+00 
 1.11747109e-01  1.46338421e+00 
 1.11787109e-01  1.46338538e+00 
 1.11827109e-01  1.46338525e+00 
 1.11867109e-01  1.46338526e+00 
 1.11907109e-01  1.46338526e+00 
 1.11947109e-01  1.46338526e+00 
 1.11987109e-01  1.46338526e+00 
 1.11999999e-01  1.46338526e+00 
 1.11999999e-01  1.46338526e+00 
 1.11999999e-01  1.46338526e+00 
 1.12000000e-01  1.46338526e+00 
 1.12000000e-01  1.46338526e+00 
 1.12000000e-01  1.46338526e+00 
 1.12000000e-01  1.46338526e+00 
 1.12000000e-01  1.46338526e+00 
 1.12000001e-01  1.46338526e+00 
 1.12000002e-01  1.46338526e+00 
 1.12000004e-01  1.46338526e+00 
 1.12000008e-01  1.46338526e+00 
 1.12000016e-01  1.46338526e+00 
 1.12000033e-01  1.46338526e+00 
 1.12000065e-01  1.46338526e+00 
 1.12000131e-01  1.46338526e+00 
 1.12000262e-01  1.46338526e+00 
 1.12000524e-01  1.46338526e+00 
 1.12001049e-01  1.46338526e+00 
 1.12002097e-01  1.46338526e+00 
 1.12004194e-01  1.46338526e+00 
 1.12008389e-01  1.46338526e+00 
 1.12016777e-01  1.46338526e+00 
 1.12033554e-01  1.46338526e+00 
 1.12067109e-01  1.46338526e+00 
 1.12107109e-01  1.46338526e+00 
 1.12147109e-01  1.46338526e+00 
 1.12187109e-01  1.46338526e+00 
 1.12227109e-01  1.46338526e+00 
 1.12267109e-01  1.46338526e+00 
 1.12307109e-01  1.46338526e+00 
 1.12347109e-01  1.46338526e+00 
 1.12387109e-01  1.46338526e+00 
 1.12399999e-01  1.46338526e+00 
 1.12399999e-01  1.46338526e+00 
 1.12399999e-01  1.46338526e+00 
 1.12400000e-01  1.46338526e+00 
 1.12400000e-01  1.46338502e+00 
 1.12400000e-01  1.46338489e+00 
 1.12400000e-01  1.46338463e+00 
 1.12400000e-01  1.46338411e+00 
 1.12400001e-01  1.46338308e+00 
 1.12400002e-01  1.46338101e+00 
 1.12400004e-01  1.46337687e+00 
 1.12400008e-01  1.46336859e+00 
 1.12400016e-01  1.46335203e+00 
 1.12400033e-01  1.46331895e+00 
 1.12400065e-01  1.46325288e+00 
 1.12400131e-01  1.46312116e+00 
 1.12400262e-01  1.46285932e+00 
 1.12400524e-01  1.46234202e+00 
 1.12401049e-01  1.46133245e+00 
 1.12402097e-01  1.45940940e+00 
 1.12404194e-01  1.45591812e+00 
 1.12408389e-01  1.45014932e+00 
 1.12416777e-01  1.44220620e+00 
 1.12433554e-01  1.43451621e+00 
 1.12467109e-01  1.43094474e+00 
 1.12507109e-01  1.43103665e+00 
 1.12547109e-01  1.43102644e+00 
 1.12587109e-01  1.43102758e+00 
 1.12627109e-01  1.43102745e+00 
 1.12667109e-01  1.43102746e+00 
 1.12707109e-01  1.43102746e+00 
 1.12747109e-01  1.43102746e+00 
 1.12787109e-01  1.43102746e+00 
 1.12799999e-01  1.43102746e+00 
 1.12799999e-01  1.43102746e+00 
 1.12799999e-01  1.43102746e+00 
 1.12800000e-01  1.43102746e+00 
 1.12800000e-01  1.43102746e+00 
 1.12800000e-01  1.43102746e+00 
 1.12800000e-01  1.43102746e+00 
 1.12800000e-01  1.43102746e+00 
 1.12800001e-01  1.43102746e+00 
 1.12800002e-01  1.43102746e+00 
 1.12800004e-01  1.43102746e+00 
 1.12800008e-01  1.43102746e+00 
 1.12800016e-01  1.43102746e+00 
 1.12800033e-01  1.43102746e+00 
 1.12800065e-01  1.43102746e+00 
 1.12800131e-01  1.43102746e+00 
 1.12800262e-01  1.43102746e+00 
 1.12800524e-01  1.43102746e+00 
 1.12801049e-01  1.43102746e+00 
 1.12802097e-01  1.43102746e+00 
 1.12804194e-01  1.43102746e+00 
 1.12808389e-01  1.43102746e+00 
 1.12816777e-01  1.43102746e+00 
 1.12833554e-01  1.43102746e+00 
 1.12867109e-01  1.43102746e+00 
 1.12907109e-01  1.43102746e+00 
 1.12947109e-01  1.43102746e+00 
 1.12987109e-01  1.43102746e+00 
 1.13027109e-01  1.43102746e+00 
 1.13067109e-01  1.43102746e+00 
 1.13107109e-01  1.43102746e+00 
 1.13147109e-01  1.43102746e+00 
 1.13187109e-01  1.43102746e+00 
 1.13199999e-01  1.43102746e+00 
 1.13199999e-01  1.43102746e+00 
 1.13199999e-01  1.43102746e+00 
 1.13200000e-01  1.43102746e+00 
 1.13200000e-01  1.43102723e+00 
 1.13200000e-01  1.43102710e+00 
 1.13200000e-01  1.43102685e+00 
 1.13200000e-01  1.43102635e+00 
 1.13200001e-01  1.43102534e+00 
 1.13200002e-01  1.43102332e+00 
 1.13200004e-01  1.43101930e+00 
 1.13200008e-01  1.43101124e+00 
 1.13200016e-01  1.43099514e+00 
 1.13200033e-01  1.43096297e+00 
 1.13200065e-01  1.43089872e+00 
 1.13200131e-01  1.43077061e+00 
 1.13200262e-01  1.43051596e+00 
 1.13200524e-01  1.43001287e+00 
 1.13201049e-01  1.42903102e+00 
 1.13202097e-01  1.42716078e+00 
 1.13204194e-01  1.42376538e+00 
 1.13208389e-01  1.41815500e+00 
 1.13216777e-01  1.41043001e+00 
 1.13233554e-01  1.40295120e+00 
 1.13267109e-01  1.39947781e+00 
 1.13307109e-01  1.39956720e+00 
 1.13347109e-01  1.39955727e+00 
 1.13387109e-01  1.39955837e+00 
 1.13427109e-01  1.39955825e+00 
 1.13467109e-01  1.39955826e+00 
 1.13507109e-01  1.39955826e+00 
 1.13547109e-01  1.39955826e+00 
 1.13587109e-01  1.39955826e+00 
 1.13599999e-01  1.39955826e+00 
 1.13599999e-01  1.39955826e+00 
 1.13599999e-01  1.39955826e+00 
 1.13600000e-01  1.39955826e+00 
 1.13600000e-01  1.39955826e+00 
 1.13600000e-01  1.39955826e+00 
 1.13600000e-01  1.39955826e+00 
 1.13600000e-01  1.39955826e+00 
 1.13600001e-01  1.39955826e+00 
 1.13600002e-01  1.39955826e+00 
 1.13600004e-01  1.39955826e+00 
 1.13600008e-01  1.39955826e+00 
 1.13600016e-01  1.39955826e+00 
 1.13600033e-01  1.39955826e+00 
 1.13600065e-01  1.39955826e+00 
 1.13600131e-01  1.39955826e+00 
 1.13600262e-01  1.39955826e+00 
 1.13600524e-01  1.39955826e+00 
 1.13601049e-01  1.39955826e+00 
 1.13602097e-01  1.39955826e+00 
 1.13604194e-01  1.39955826e+00 
 1.13608389e-01  1.39955826e+00 
 1.13616777e-01  1.39955826e+00 
 1.13633554e-01  1.39955826e+00 
 1.13665777e-01  1.39955826e+00 
 1.13705777e-01  1.39955826e+00 
 1.13745777e-01  1.39955826e+00 
 1.13785777e-01  1.39955826e+00 
 1.13825777e-01  1.39955826e+00 
 1.13865777e-01  1.39955826e+00 
 1.13905777e-01  1.39955826e+00 
 1.13945777e-01  1.39955826e+00 
 1.13985777e-01  1.39955826e+00 
 1.13999999e-01  1.39955826e+00 
 1.13999999e-01  1.39955826e+00 
 1.13999999e-01  1.39955826e+00 
 1.14000000e-01  1.39955826e+00 
 1.14000000e-01  1.39955803e+00 
 1.14000000e-01  1.39955791e+00 
 1.14000000e-01  1.39955766e+00 
 1.14000000e-01  1.39955717e+00 
 1.14000001e-01  1.39955618e+00 
 1.14000002e-01  1.39955421e+00 
 1.14000004e-01  1.39955028e+00 
 1.14000008e-01  1.39954240e+00 
 1.14000016e-01  1.39952666e+00 
 1.14000033e-01  1.39949520e+00 
 1.14000065e-01  1.39943238e+00 
 1.14000131e-01  1.39930712e+00 
 1.14000262e-01  1.39905813e+00 
 1.14000524e-01  1.39856622e+00 
 1.14001049e-01  1.39760620e+00 
 1.14002097e-01  1.39577753e+00 
 1.14004194e-01  1.39245762e+00 
 1.14008389e-01  1.38697195e+00 
 1.14016777e-01  1.37941869e+00 
 1.14033554e-01  1.37210614e+00 
 1.14065777e-01  1.36877710e+00 
 1.14105777e-01  1.36878991e+00 
 1.14145777e-01  1.36878849e+00 
 1.14185777e-01  1.36878864e+00 
 1.14225777e-01  1.36878863e+00 
 1.14265777e-01  1.36878863e+00 
 1.14305777e-01  1.36878863e+00 
 1.14345777e-01  1.36878863e+00 
 1.14385777e-01  1.36878863e+00 
 1.14399999e-01  1.36878863e+00 
 1.14399999e-01  1.36878863e+00 
 1.14399999e-01  1.36878863e+00 
 1.14400000e-01  1.36878863e+00 
 1.14400000e-01  1.36878863e+00 
 1.14400000e-01  1.36878863e+00 
 1.14400000e-01  1.36878863e+00 
 1.14400000e-01  1.36878863e+00 
 1.14400001e-01  1.36878863e+00 
 1.14400002e-01  1.36878863e+00 
 1.14400004e-01  1.36878863e+00 
 1.14400008e-01  1.36878863e+00 
 1.14400016e-01  1.36878863e+00 
 1.14400033e-01  1.36878863e+00 
 1.14400065e-01  1.36878863e+00 
 1.14400131e-01  1.36878863e+00 
 1.14400262e-01  1.36878863e+00 
 1.14400524e-01  1.36878863e+00 
 1.14401049e-01  1.36878863e+00 
 1.14402097e-01  1.36878863e+00 
 1.14404194e-01  1.36878863e+00 
 1.14408389e-01  1.36878863e+00 
 1.14416777e-01  1.36878863e+00 
 1.14433554e-01  1.36878863e+00 
 1.14466627e-01  1.36878863e+00 
 1.14506627e-01  1.36878863e+00 
 1.14546627e-01  1.36878863e+00 
 1.14586627e-01  1.36878863e+00 
 1.14626627e-01  1.36878863e+00 
 1.14666627e-01  1.36878863e+00 
 1.14706627e-01  1.36878863e+00 
 1.14746627e-01  1.36878863e+00 
 1.14786627e-01  1.36878863e+00 
 1.14799999e-01  1.36878863e+00 
 1.14799999e-01  1.36878863e+00 
 1.14799999e-01  1.36878863e+00 
 1.14800000e-01  1.36878863e+00 
 1.14800000e-01  1.36878840e+00 
 1.14800000e-01  1.36878828e+00 
 1.14800000e-01  1.36878804e+00 
 1.14800000e-01  1.36878756e+00 
 1.14800001e-01  1.36878659e+00 
 1.14800002e-01  1.36878465e+00 
 1.14800004e-01  1.36878079e+00 
 1.14800008e-01  1.36877305e+00 
 1.14800016e-01  1.36875759e+00 
 1.14800033e-01  1.36872669e+00 
 1.14800065e-01  1.36866499e+00 
 1.14800131e-01  1.36854195e+00 
 1.14800262e-01  1.36829740e+00 
 1.14800524e-01  1.36781424e+00 
 1.14801049e-01  1.36687130e+00 
 1.14802097e-01  1.36507518e+00 
 1.14804194e-01  1.36181433e+00 
 1.14808389e-01  1.35642628e+00 
 1.14816777e-01  1.34900742e+00 
 1.14833554e-01  1.34182498e+00 
 1.14866627e-01  1.33851277e+00 
 1.14906627e-01  1.33857247e+00 
 1.14946627e-01  1.33856584e+00 
 1.14986627e-01  1.33856657e+00 
 1.15026627e-01  1.33856649e+00 
 1.15066627e-01  1.33856650e+00 
 1.15106627e-01  1.33856650e+00 
 1.15146627e-01  1.33856650e+00 
 1.15186627e-01  1.33856650e+00 
 1.15199999e-01  1.33856650e+00 
 1.15199999e-01  1.33856650e+00 
 1.15199999e-01  1.33856650e+00 
 1.15200000e-01  1.33856650e+00 
 1.15200000e-01  1.33856650e+00 
 1.15200000e-01  1.33856650e+00 
 1.15200000e-01  1.33856650e+00 
 1.15200000e-01  1.33856650e+00 
 1.15200001e-01  1.33856650e+00 
 1.15200002e-01  1.33856650e+00 
 1.15200004e-01  1.33856650e+00 
 1.15200008e-01  1.33856650e+00 
 1.15200016e-01  1.33856650e+00 
 1.15200033e-01  1.33856650e+00 
 1.15200065e-01  1.33856650e+00 
 1.15200131e-01  1.33856650e+00 
 1.15200262e-01  1.33856650e+00 
 1.15200524e-01  1.33856650e+00 
 1.15201049e-01  1.33856650e+00 
 1.15202097e-01  1.33856650e+00 
 1.15204194e-01  1.33856650e+00 
 1.15208389e-01  1.33856650e+00 
 1.15216777e-01  1.33856650e+00 
 1.15233554e-01  1.33856650e+00 
 1.15267109e-01  1.33856650e+00 
 1.15307109e-01  1.33856650e+00 
 1.15347109e-01  1.33856650e+00 
 1.15387109e-01  1.33856650e+00 
 1.15427109e-01  1.33856650e+00 
 1.15467109e-01  1.33856650e+00 
 1.15507109e-01  1.33856650e+00 
 1.15547109e-01  1.33856650e+00 
 1.15587109e-01  1.33856650e+00 
 1.15599999e-01  1.33856650e+00 
 1.15599999e-01  1.33856650e+00 
 1.15599999e-01  1.33856650e+00 
 1.15600000e-01  1.33856650e+00 
 1.15600000e-01  1.33856628e+00 
 1.15600000e-01  1.33856616e+00 
 1.15600000e-01  1.33856592e+00 
 1.15600000e-01  1.33856544e+00 
 1.15600001e-01  1.33856449e+00 
 1.15600002e-01  1.33856258e+00 
 1.15600004e-01  1.33855877e+00 
 1.15600008e-01  1.33855115e+00 
 1.15600016e-01  1.33853591e+00 
 1.15600033e-01  1.33850545e+00 
 1.15600065e-01  1.33844463e+00 
 1.15600131e-01  1.33832336e+00 
 1.15600262e-01  1.33808231e+00 
 1.15600524e-01  1.33760608e+00 
 1.15601049e-01  1.33667665e+00 
 1.15602097e-01  1.33490625e+00 
 1.15604194e-01  1.33169213e+00 
 1.15608389e-01  1.32638128e+00 
 1.15616777e-01  1.31906872e+00 
 1.15633554e-01  1.31198920e+00 
 1.15667109e-01  1.30870124e+00 
 1.15707109e-01  1.30878586e+00 
 1.15747109e-01  1.30877646e+00 
 1.15787109e-01  1.30877750e+00 
 1.15827109e-01  1.30877739e+00 
 1.15867109e-01  1.30877740e+00 
 1.15907109e-01  1.30877740e+00 
 1.15947109e-01  1.30877740e+00 
 1.15987109e-01  1.30877740e+00 
 1.15999999e-01  1.30877740e+00 
 1.15999999e-01  1.30877740e+00 
 1.15999999e-01  1.30877740e+00 
 1.16000000e-01  1.30877740e+00 
 1.16000000e-01  1.30877740e+00 
 1.16000000e-01  1.30877740e+00 
 1.16000000e-01  1.30877740e+00 
 1.16000000e-01  1.30877740e+00 
 1.16000001e-01  1.30877740e+00 
 1.16000002e-01  1.30877740e+00 
 1.16000004e-01  1.30877740e+00 
 1.16000008e-01  1.30877740e+00 
 1.16000016e-01  1.30877740e+00 
 1.16000033e-01  1.30877740e+00 
 1.16000065e-01  1.30877740e+00 
 1.16000131e-01  1.30877740e+00 
 1.16000262e-01  1.30877740e+00 
 1.16000524e-01  1.30877740e+00 
 1.16001049e-01  1.30877740e+00 
 1.16002097e-01  1.30877740e+00 
 1.16004194e-01  1.30877740e+00 
 1.16008389e-01  1.30877740e+00 
 1.16016777e-01  1.30877740e+00 
 1.16033554e-01  1.30877740e+00 
 1.16067109e-01  1.30877740e+00 
 1.16107109e-01  1.30877740e+00 
 1.16147109e-01  1.30877740e+00 
 1.16187109e-01  1.30877740e+00 
 1.16227109e-01  1.30877740e+00 
 1.16267109e-01  1.30877740e+00 
 1.16307109e-01  1.30877740e+00 
 1.16347109e-01  1.30877740e+00 
 1.16387109e-01  1.30877740e+00 
 1.16399999e-01  1.30877740e+00 
 1.16399999e-01  1.30877740e+00 
 1.16399999e-01  1.30877740e+00 
 1.16400000e-01  1.30877740e+00 
 1.16400000e-01  1.30877718e+00 
 1.16400000e-01  1.30877706e+00 
 1.16400000e-01  1.30877683e+00 
 1.16400000e-01  1.30877635e+00 
 1.16400001e-01  1.30877541e+00 
 1.16400002e-01  1.30877353e+00 
 1.16400004e-01  1.30876976e+00 
 1.16400008e-01  1.30876223e+00 
 1.16400016e-01  1.30874716e+00 
 1.16400033e-01  1.30871706e+00 
 1.16400065e-01  1.30865695e+00 
 1.16400131e-01  1.30853710e+00 
 1.16400262e-01  1.30829886e+00 
 1.16400524e-01  1.30782820e+00 
 1.16401049e-01  1.30690963e+00 
 1.16402097e-01  1.30515992e+00 
 1.16404194e-01  1.30198335e+00 
 1.16408389e-01  1.29673454e+00 
 1.16416777e-01  1.28950742e+00 
 1.16433554e-01  1.28251061e+00 
 1.16467109e-01  1.27926106e+00 
 1.16507109e-01  1.27934470e+00 
 1.16547109e-01  1.27933540e+00 
 1.16587109e-01  1.27933644e+00 
 1.16627109e-01  1.27933632e+00 
 1.16667109e-01  1.27933633e+00 
 1.16707109e-01  1.27933633e+00 
 1.16747109e-01  1.27933633e+00 
 1.16787109e-01  1.27933633e+00 
 1.16799999e-01  1.27933633e+00 
 1.16799999e-01  1.27933633e+00 
 1.16799999e-01  1.27933633e+00 
 1.16800000e-01  1.27933633e+00 
 1.16800000e-01  1.27933633e+00 
 1.16800000e-01  1.27933633e+00 
 1.16800000e-01  1.27933633e+00 
 1.16800000e-01  1.27933633e+00 
 1.16800001e-01  1.27933633e+00 
 1.16800002e-01  1.27933633e+00 
 1.16800004e-01  1.27933633e+00 
 1.16800008e-01  1.27933633e+00 
 1.16800016e-01  1.27933633e+00 
 1.16800033e-01  1.27933633e+00 
 1.16800065e-01  1.27933633e+00 
 1.16800131e-01  1.27933633e+00 
 1.16800262e-01  1.27933633e+00 
 1.16800524e-01  1.27933633e+00 
 1.16801049e-01  1.27933633e+00 
 1.16802097e-01  1.27933633e+00 
 1.16804194e-01  1.27933633e+00 
 1.16808389e-01  1.27933633e+00 
 1.16816777e-01  1.27933633e+00 
 1.16833554e-01  1.27933633e+00 
 1.16867109e-01  1.27933633e+00 
 1.16907109e-01  1.27933633e+00 
 1.16947109e-01  1.27933633e+00 
 1.16987109e-01  1.27933633e+00 
 1.17027109e-01  1.27933633e+00 
 1.17067109e-01  1.27933633e+00 
 1.17107109e-01  1.27933633e+00 
 1.17147109e-01  1.27933633e+00 
 1.17187109e-01  1.27933633e+00 
 1.17199999e-01  1.27933633e+00 
 1.17199999e-01  1.27933633e+00 
 1.17199999e-01  1.27933633e+00 
 1.17200000e-01  1.27933633e+00 
 1.17200000e-01  1.27933611e+00 
 1.17200000e-01  1.27933600e+00 
 1.17200000e-01  1.27933576e+00 
 1.17200000e-01  1.27933530e+00 
 1.17200001e-01  1.27933436e+00 
 1.17200002e-01  1.27933250e+00 
 1.17200004e-01  1.27932877e+00 
 1.17200008e-01  1.27932131e+00 
 1.17200016e-01  1.27930639e+00 
 1.17200033e-01  1.27927658e+00 
 1.17200065e-01  1.27921705e+00 
 1.17200131e-01  1.27909836e+00 
 1.17200262e-01  1.27886244e+00 
 1.17200524e-01  1.27839634e+00 
 1.17201049e-01  1.27748668e+00 
 1.17202097e-01  1.27575394e+00 
 1.17204194e-01  1.27260818e+00 
 1.17208389e-01  1.26741028e+00 
 1.17216777e-01  1.26025326e+00 
 1.17233554e-01  1.25332432e+00 
 1.17267109e-01  1.25010629e+00 
 1.17307109e-01  1.25018911e+00 
 1.17347109e-01  1.25017991e+00 
 1.17387109e-01  1.25018093e+00 
 1.17427109e-01  1.25018082e+00 
 1.17467109e-01  1.25018083e+00 
 1.17507109e-01  1.25018083e+00 
 1.17547109e-01  1.25018083e+00 
 1.17587109e-01  1.25018083e+00 
 1.17599999e-01  1.25018083e+00 
 1.17599999e-01  1.25018083e+00 
 1.17599999e-01  1.25018083e+00 
 1.17600000e-01  1.25018083e+00 
 1.17600000e-01  1.25018083e+00 
 1.17600000e-01  1.25018083e+00 
 1.17600000e-01  1.25018083e+00 
 1.17600000e-01  1.25018083e+00 
 1.17600001e-01  1.25018083e+00 
 1.17600002e-01  1.25018083e+00 
 1.17600004e-01  1.25018083e+00 
 1.17600008e-01  1.25018083e+00 
 1.17600016e-01  1.25018083e+00 
 1.17600033e-01  1.25018083e+00 
 1.17600065e-01  1.25018083e+00 
 1.17600131e-01  1.25018083e+00 
 1.17600262e-01  1.25018083e+00 
 1.17600524e-01  1.25018083e+00 
 1.17601049e-01  1.25018083e+00 
 1.17602097e-01  1.25018083e+00 
 1.17604194e-01  1.25018083e+00 
 1.17608389e-01  1.25018083e+00 
 1.17616777e-01  1.25018083e+00 
 1.17633554e-01  1.25018083e+00 
 1.17667109e-01  1.25018083e+00 
 1.17707109e-01  1.25018083e+00 
 1.17747109e-01  1.25018083e+00 
 1.17787109e-01  1.25018083e+00 
 1.17827109e-01  1.25018083e+00 
 1.17867109e-01  1.25018083e+00 
 1.17907109e-01  1.25018083e+00 
 1.17947109e-01  1.25018083e+00 
 1.17987109e-01  1.25018083e+00 
 1.17999999e-01  1.25018083e+00 
 1.17999999e-01  1.25018083e+00 
 1.17999999e-01  1.25018083e+00 
 1.18000000e-01  1.25018083e+00 
 1.18000000e-01  1.25018061e+00 
 1.18000000e-01  1.25018050e+00 
 1.18000000e-01  1.25018027e+00 
 1.18000000e-01  1.25017980e+00 
 1.18000001e-01  1.25017888e+00 
 1.18000002e-01  1.25017703e+00 
 1.18000004e-01  1.25017333e+00 
 1.18000008e-01  1.25016593e+00 
 1.18000016e-01  1.25015114e+00 
 1.18000033e-01  1.25012157e+00 
 1.18000065e-01  1.25006254e+00 
 1.18000131e-01  1.24994483e+00 
 1.18000262e-01  1.24971085e+00 
 1.18000524e-01  1.24924859e+00 
 1.18001049e-01  1.24834644e+00 
 1.18002097e-01  1.24662800e+00 
 1.18004194e-01  1.24350820e+00 
 1.18008389e-01  1.23835319e+00 
 1.18016777e-01  1.23125522e+00 
 1.18033554e-01  1.22438345e+00 
 1.18067109e-01  1.22119198e+00 
 1.18107109e-01  1.22127412e+00 
 1.18147109e-01  1.22126499e+00 
 1.18187109e-01  1.22126601e+00 
 1.18227109e-01  1.22126590e+00 
 1.18267109e-01  1.22126591e+00 
 1.18307109e-01  1.22126591e+00 
 1.18347109e-01  1.22126591e+00 
 1.18387109e-01  1.22126591e+00 
 1.18399999e-01  1.22126591e+00 
 1.18399999e-01  1.22126591e+00 
 1.18399999e-01  1.22126591e+00 
 1.18400000e-01  1.22126591e+00 
 1.18400000e-01  1.22126591e+00 
 1.18400000e-01  1.22126591e+00 
 1.18400000e-01  1.22126591e+00 
 1.18400000e-01  1.22126591e+00 
 1.18400001e-01  1.22126591e+00 
 1.18400002e-01  1.22126591e+00 
 1.18400004e-01  1.22126591e+00 
 1.18400008e-01  1.22126591e+00 
 1.18400016e-01  1.22126591e+00 
 1.18400033e-01  1.22126591e+00 
 1.18400065e-01  1.22126591e+00 
 1.18400131e-01  1.22126591e+00 
 1.18400262e-01  1.22126591e+00 
 1.18400524e-01  1.22126591e+00 
 1.18401049e-01  1.22126591e+00 
 1.18402097e-01  1.22126591e+00 
 1.18404194e-01  1.22126591e+00 
 1.18408389e-01  1.22126591e+00 
 1.18416777e-01  1.22126591e+00 
 1.18433554e-01  1.22126591e+00 
 1.18467109e-01  1.22126591e+00 
 1.18507109e-01  1.22126591e+00 
 1.18547109e-01  1.22126591e+00 
 1.18587109e-01  1.22126591e+00 
 1.18627109e-01  1.22126591e+00 
 1.18667109e-01  1.22126591e+00 
 1.18707109e-01  1.22126591e+00 
 1.18747109e-01  1.22126591e+00 
 1.18787109e-01  1.22126591e+00 
 1.18799999e-01  1.22126591e+00 
 1.18799999e-01  1.22126591e+00 
 1.18799999e-01  1.22126591e+00 
 1.18800000e-01  1.22126591e+00 
 1.18800000e-01  1.22126569e+00 
 1.18800000e-01  1.22126558e+00 
 1.18800000e-01  1.22126535e+00 
 1.18800000e-01  1.22126489e+00 
 1.18800001e-01  1.22126397e+00 
 1.18800002e-01  1.22126213e+00 
 1.18800004e-01  1.22125846e+00 
 1.18800008e-01  1.22125111e+00 
 1.18800016e-01  1.22123643e+00 
 1.18800033e-01  1.22120708e+00 
 1.18800065e-01  1.22114847e+00 
 1.18800131e-01  1.22103161e+00 
 1.18800262e-01  1.22079933e+00 
 1.18800524e-01  1.22034042e+00 
 1.18801049e-01  1.21944479e+00 
 1.18802097e-01  1.21773880e+00 
 1.18804194e-01  1.21464158e+00 
 1.18808389e-01  1.20952390e+00 
 1.18816777e-01  1.20247732e+00 
 1.18833554e-01  1.19565530e+00 
 1.18867109e-01  1.19248694e+00 
 1.18907109e-01  1.19256848e+00 
 1.18947109e-01  1.19255942e+00 
 1.18987109e-01  1.19256043e+00 
 1.19027109e-01  1.19256032e+00 
 1.19067109e-01  1.19256033e+00 
 1.19107109e-01  1.19256033e+00 
 1.19147109e-01  1.19256033e+00 
 1.19187109e-01  1.19256033e+00 
 1.19199999e-01  1.19256033e+00 
 1.19199999e-01  1.19256033e+00 
 1.19199999e-01  1.19256033e+00 
 1.19200000e-01  1.19256033e+00 
 1.19200000e-01  1.19256033e+00 
 1.19200000e-01  1.19256033e+00 
 1.19200000e-01  1.19256033e+00 
 1.19200000e-01  1.19256033e+00 
 1.19200001e-01  1.19256033e+00 
 1.19200002e-01  1.19256033e+00 
 1.19200004e-01  1.19256033e+00 
 1.19200008e-01  1.19256033e+00 
 1.19200016e-01  1.19256033e+00 
 1.19200033e-01  1.19256033e+00 
 1.19200065e-01  1.19256033e+00 
 1.19200131e-01  1.19256033e+00 
 1.19200262e-01  1.19256033e+00 
 1.19200524e-01  1.19256033e+00 
 1.19201049e-01  1.19256033e+00 
 1.19202097e-01  1.19256033e+00 
 1.19204194e-01  1.19256033e+00 
 1.19208389e-01  1.19256033e+00 
 1.19216777e-01  1.19256033e+00 
 1.19232280e-01  1.19256033e+00 
 1.19246233e-01  1.19256033e+00 
 1.19261485e-01  1.19256033e+00 
 1.19279277e-01  1.19256033e+00 
 1.19308712e-01  1.19256033e+00 
 1.19348712e-01  1.19256033e+00 
 1.19388712e-01  1.19256033e+00 
 1.19428712e-01  1.19256033e+00 
 1.19468712e-01  1.19256033e+00 
 1.19508712e-01  1.19256033e+00 
 1.19548712e-01  1.19256033e+00 
 1.19588712e-01  1.19256033e+00 
 1.19599999e-01  1.19256033e+00 
 1.19599999e-01  1.19256033e+00 
 1.19599999e-01  1.19256033e+00 
 1.19600000e-01  1.19256033e+00 
 1.19600000e-01  1.19256087e+00 
 1.19600000e-01  1.19256116e+00 
 1.19600000e-01  1.19256174e+00 
 1.19600000e-01  1.19256289e+00 
 1.19600001e-01  1.19256520e+00 
 1.19600002e-01  1.19256982e+00 
 1.19600004e-01  1.19257905e+00 
 1.19600008e-01  1.19259751e+00 
 1.19600016e-01  1.19263442e+00 
 1.19600033e-01  1.19270818e+00 
 1.19600065e-01  1.19285547e+00 
 1.19600131e-01  1.19314916e+00 
 1.19600262e-01  1.19373293e+00 
 1.19600524e-01  1.19488625e+00 
 1.19601049e-01  1.19713711e+00 
 1.19602097e-01  1.20142459e+00 
 1.19604194e-01  1.20920843e+00 
 1.19608389e-01  1.22207007e+00 
 1.19616777e-01  1.23977937e+00 
 1.19632280e-01  1.25604698e+00 
 1.19646233e-01  1.26130325e+00 
 1.19661485e-01  1.26349773e+00 
 1.19679277e-01  1.26435873e+00 
 1.19708712e-01  1.26468818e+00 
 1.19748712e-01  1.26470413e+00 
 1.19788712e-01  1.26470236e+00 
 1.19828712e-01  1.26470255e+00 
 1.19868712e-01  1.26470253e+00 
 1.19908712e-01  1.26470253e+00 
 1.19948712e-01  1.26470253e+00 
 1.19988712e-01  1.26470253e+00 
 1.19999999e-01  1.26470253e+00 
 1.19999999e-01  1.26470253e+00 
 1.19999999e-01  1.26470253e+00 
 1.20000000e-01  1.26470253e+00 
 1.20000000e-01  1.26470253e+00 
 1.20000000e-01  1.26470253e+00 
 1.20000000e-01  1.26470253e+00 
 1.20000000e-01  1.26470253e+00 
 1.20000001e-01  1.26470253e+00 
 1.20000002e-01  1.26470253e+00 
 1.20000004e-01  1.26470253e+00 
 1.20000008e-01  1.26470253e+00 
 1.20000016e-01  1.26470253e+00 
 1.20000033e-01  1.26470253e+00 
 1.20000065e-01  1.26470253e+00 
 1.20000131e-01  1.26470253e+00 
 1.20000262e-01  1.26470253e+00 
 1.20000524e-01  1.26470253e+00 
 1.20001049e-01  1.26470253e+00 
 1.20002097e-01  1.26470253e+00 
 1.20004194e-01  1.26470253e+00 
 1.20008389e-01  1.26470253e+00 
 1.20016777e-01  1.26470253e+00 
 1.20032763e-01  1.26470253e+00 
 1.20049958e-01  1.26470253e+00 
 1.20074652e-01  1.26470253e+00 
 1.20105001e-01  1.26470253e+00 
 1.20145001e-01  1.26470253e+00 
 1.20185001e-01  1.26470253e+00 
 1.20225001e-01  1.26470253e+00 
 1.20265001e-01  1.26470253e+00 
 1.20305001e-01  1.26470253e+00 
 1.20345001e-01  1.26470253e+00 
 1.20385001e-01  1.26470253e+00 
 1.20399999e-01  1.26470253e+00 
 1.20399999e-01  1.26470253e+00 
 1.20399999e-01  1.26470253e+00 
 1.20400000e-01  1.26470253e+00 
 1.20400000e-01  1.26470372e+00 
 1.20400000e-01  1.26470436e+00 
 1.20400000e-01  1.26470562e+00 
 1.20400000e-01  1.26470816e+00 
 1.20400001e-01  1.26471323e+00 
 1.20400002e-01  1.26472337e+00 
 1.20400004e-01  1.26474364e+00 
 1.20400008e-01  1.26478419e+00 
 1.20400016e-01  1.26486524e+00 
 1.20400033e-01  1.26502723e+00 
 1.20400065e-01  1.26535070e+00 
 1.20400131e-01  1.26599567e+00 
 1.20400262e-01  1.26727772e+00 
 1.20400524e-01  1.26981056e+00 
 1.20401049e-01  1.27475376e+00 
 1.20402097e-01  1.28416963e+00 
 1.20404194e-01  1.30126400e+00 
 1.20408389e-01  1.32950990e+00 
 1.20416777e-01  1.36840190e+00 
 1.20432763e-01  1.40487023e+00 
 1.20449958e-01  1.41763949e+00 
 1.20474652e-01  1.42242813e+00 
 1.20505001e-01  1.42311775e+00 
 1.20545001e-01  1.42313859e+00 
 1.20585001e-01  1.42313628e+00 
 1.20625001e-01  1.42313653e+00 
 1.20665001e-01  1.42313650e+00 
 1.20705001e-01  1.42313651e+00 
 1.20745001e-01  1.42313651e+00 
 1.20785001e-01  1.42313651e+00 
 1.20799999e-01  1.42313651e+00 
 1.20799999e-01  1.42313651e+00 
 1.20799999e-01  1.42313651e+00 
 1.20800000e-01  1.42313651e+00 
 1.20800000e-01  1.42313651e+00 
 1.20800000e-01  1.42313651e+00 
 1.20800000e-01  1.42313651e+00 
 1.20800000e-01  1.42313651e+00 
 1.20800001e-01  1.42313651e+00 
 1.20800002e-01  1.42313651e+00 
 1.20800004e-01  1.42313651e+00 
 1.20800008e-01  1.42313651e+00 
 1.20800016e-01  1.42313651e+00 
 1.20800033e-01  1.42313651e+00 
 1.20800065e-01  1.42313651e+00 
 1.20800131e-01  1.42313651e+00 
 1.20800262e-01  1.42313651e+00 
 1.20800524e-01  1.42313651e+00 
 1.20801049e-01  1.42313651e+00 
 1.20802097e-01  1.42313651e+00 
 1.20804194e-01  1.42313651e+00 
 1.20808389e-01  1.42313651e+00 
 1.20816777e-01  1.42313651e+00 
 1.20833554e-01  1.42313651e+00 
 1.20858111e-01  1.42313651e+00 
 1.20888916e-01  1.42313651e+00 
 1.20928916e-01  1.42313651e+00 
 1.20968916e-01  1.42313651e+00 
 1.21008916e-01  1.42313651e+00 
 1.21048916e-01  1.42313651e+00 
 1.21088916e-01  1.42313651e+00 
 1.21128916e-01  1.42313651e+00 
 1.21168916e-01  1.42313651e+00 
 1.21199999e-01  1.42313651e+00 
 1.21199999e-01  1.42313651e+00 
 1.21199999e-01  1.42313651e+00 
 1.21200000e-01  1.42313651e+00 
 1.21200000e-01  1.42313788e+00 
 1.21200000e-01  1.42313861e+00 
 1.21200000e-01  1.42314007e+00 
 1.21200000e-01  1.42314300e+00 
 1.21200001e-01  1.42314885e+00 
 1.21200002e-01  1.42316056e+00 
 1.21200004e-01  1.42318397e+00 
 1.21200008e-01  1.42323078e+00 
 1.21200016e-01  1.42332436e+00 
 1.21200033e-01  1.42351139e+00 
 1.21200065e-01  1.42388487e+00 
 1.21200131e-01  1.42462953e+00 
 1.21200262e-01  1.42610974e+00 
 1.21200524e-01  1.42903409e+00 
 1.21201049e-01  1.43474136e+00 
 1.21202097e-01  1.44561265e+00 
 1.21204194e-01  1.46534931e+00 
 1.21208389e-01  1.49796121e+00 
 1.21216777e-01  1.54286479e+00 
 1.21233554e-01  1.58633738e+00 
 1.21258111e-01  1.60346410e+00 
 1.21288916e-01  1.60601039e+00 
 1.21328916e-01  1.60606527e+00 
 1.21368916e-01  1.60605917e+00 
 1.21408916e-01  1.60605985e+00 
 1.21448916e-01  1.60605977e+00 
 1.21488916e-01  1.60605978e+00 
 1.21528916e-01  1.60605978e+00 
 1.21568916e-01  1.60605978e+00 
 1.21599999e-01  1.60605978e+00 
 1.21599999e-01  1.60605978e+00 
 1.21599999e-01  1.60605978e+00 
 1.21600000e-01  1.60605978e+00 
 1.21600000e-01  1.60605978e+00 
 1.21600000e-01  1.60605978e+00 
 1.21600000e-01  1.60605978e+00 
 1.21600000e-01  1.60605978e+00 
 1.21600001e-01  1.60605978e+00 
 1.21600002e-01  1.60605978e+00 
 1.21600004e-01  1.60605978e+00 
 1.21600008e-01  1.60605978e+00 
 1.21600016e-01  1.60605978e+00 
 1.21600033e-01  1.60605978e+00 
 1.21600065e-01  1.60605978e+00 
 1.21600131e-01  1.60605978e+00 
 1.21600262e-01  1.60605978e+00 
 1.21600524e-01  1.60605978e+00 
 1.21601049e-01  1.60605978e+00 
 1.21602097e-01  1.60605978e+00 
 1.21604194e-01  1.60605978e+00 
 1.21608389e-01  1.60605978e+00 
 1.21616777e-01  1.60605978e+00 
 1.21633554e-01  1.60605978e+00 
 1.21663717e-01  1.60605978e+00 
 1.21698403e-01  1.60605978e+00 
 1.21738403e-01  1.60605978e+00 
 1.21778403e-01  1.60605978e+00 
 1.21818403e-01  1.60605978e+00 
 1.21858403e-01  1.60605978e+00 
 1.21898403e-01  1.60605978e+00 
 1.21938403e-01  1.60605978e+00 
 1.21978403e-01  1.60605978e+00 
 1.21999999e-01  1.60605978e+00 
 1.21999999e-01  1.60605978e+00 
 1.21999999e-01  1.60605978e+00 
 1.22000000e-01  1.60605978e+00 
 1.22000000e-01  1.60606116e+00 
 1.22000000e-01  1.60606189e+00 
 1.22000000e-01  1.60606336e+00 
 1.22000000e-01  1.60606630e+00 
 1.22000001e-01  1.60607218e+00 
 1.22000002e-01  1.60608394e+00 
 1.22000004e-01  1.60610745e+00 
 1.22000008e-01  1.60615446e+00 
 1.22000016e-01  1.60624846e+00 
 1.22000033e-01  1.60643630e+00 
 1.22000065e-01  1.60681141e+00 
 1.22000131e-01  1.60755933e+00 
 1.22000262e-01  1.60904602e+00 
 1.22000524e-01  1.61198317e+00 
 1.22001049e-01  1.61771541e+00 
 1.22002097e-01  1.62863427e+00 
 1.22004194e-01  1.64845730e+00 
 1.22008389e-01  1.68121190e+00 
 1.22016777e-01  1.72631196e+00 
 1.22033554e-01  1.76997477e+00 
 1.22063717e-01  1.78919804e+00 
 1.22098403e-01  1.78980705e+00 
 1.22138403e-01  1.78978085e+00 
 1.22178403e-01  1.78978376e+00 
 1.22218403e-01  1.78978344e+00 
 1.22258403e-01  1.78978348e+00 
 1.22298403e-01  1.78978347e+00 
 1.22338403e-01  1.78978347e+00 
 1.22378403e-01  1.78978347e+00 
 1.22399999e-01  1.78978347e+00 
 1.22399999e-01  1.78978347e+00 
 1.22399999e-01  1.78978347e+00 
 1.22400000e-01  1.78978347e+00 
 1.22400000e-01  1.78978347e+00 
 1.22400000e-01  1.78978347e+00 
 1.22400000e-01  1.78978347e+00 
 1.22400000e-01  1.78978347e+00 
 1.22400001e-01  1.78978347e+00 
 1.22400002e-01  1.78978347e+00 
 1.22400004e-01  1.78978347e+00 
 1.22400008e-01  1.78978347e+00 
 1.22400016e-01  1.78978347e+00 
 1.22400033e-01  1.78978347e+00 
 1.22400065e-01  1.78978347e+00 
 1.22400131e-01  1.78978347e+00 
 1.22400262e-01  1.78978347e+00 
 1.22400524e-01  1.78978347e+00 
 1.22401049e-01  1.78978347e+00 
 1.22402097e-01  1.78978347e+00 
 1.22404194e-01  1.78978347e+00 
 1.22408389e-01  1.78978347e+00 
 1.22416777e-01  1.78978347e+00 
 1.22433554e-01  1.78978347e+00 
 1.22467109e-01  1.78978347e+00 
 1.22505651e-01  1.78978347e+00 
 1.22545651e-01  1.78978347e+00 
 1.22585651e-01  1.78978347e+00 
 1.22625651e-01  1.78978347e+00 
 1.22665651e-01  1.78978347e+00 
 1.22705651e-01  1.78978347e+00 
 1.22745651e-01  1.78978347e+00 
 1.22785651e-01  1.78978347e+00 
 1.22799999e-01  1.78978347e+00 
 1.22799999e-01  1.78978347e+00 
 1.22799999e-01  1.78978347e+00 
 1.22800000e-01  1.78978347e+00 
 1.22800000e-01  1.78978479e+00 
 1.22800000e-01  1.78978549e+00 
 1.22800000e-01  1.78978690e+00 
 1.22800000e-01  1.78978970e+00 
 1.22800001e-01  1.78979532e+00 
 1.22800002e-01  1.78980655e+00 
 1.22800004e-01  1.78982901e+00 
 1.22800008e-01  1.78987392e+00 
 1.22800016e-01  1.78996371e+00 
 1.22800033e-01  1.79014316e+00 
 1.22800065e-01  1.79050149e+00 
 1.22800131e-01  1.79121596e+00 
 1.22800262e-01  1.79263615e+00 
 1.22800524e-01  1.79544192e+00 
 1.22801049e-01  1.80091778e+00 
 1.22802097e-01  1.81134827e+00 
 1.22804194e-01  1.83028466e+00 
 1.22808389e-01  1.86157422e+00 
 1.22816777e-01  1.90465707e+00 
 1.22833554e-01  1.94636695e+00 
 1.22867109e-01  1.96573835e+00 
 1.22905651e-01  1.96524805e+00 
 1.22945651e-01  1.96529428e+00 
 1.22985651e-01  1.96528914e+00 
 1.23025651e-01  1.96528971e+00 
 1.23065651e-01  1.96528965e+00 
 1.23105651e-01  1.96528966e+00 
 1.23145651e-01  1.96528966e+00 
 1.23185651e-01  1.96528966e+00 
 1.23199999e-01  1.96528966e+00 
 1.23199999e-01  1.96528966e+00 
 1.23199999e-01  1.96528966e+00 
 1.23200000e-01  1.96528966e+00 
 1.23200000e-01  1.96528966e+00 
 1.23200000e-01  1.96528966e+00 
 1.23200000e-01  1.96528966e+00 
 1.23200000e-01  1.96528966e+00 
 1.23200001e-01  1.96528966e+00 
 1.23200002e-01  1.96528966e+00 
 1.23200004e-01  1.96528966e+00 
 1.23200008e-01  1.96528966e+00 
 1.23200016e-01  1.96528966e+00 
 1.23200033e-01  1.96528966e+00 
 1.23200065e-01  1.96528966e+00 
 1.23200131e-01  1.96528966e+00 
 1.23200262e-01  1.96528966e+00 
 1.23200524e-01  1.96528966e+00 
 1.23201049e-01  1.96528966e+00 
 1.23202097e-01  1.96528966e+00 
 1.23204194e-01  1.96528966e+00 
 1.23208389e-01  1.96528966e+00 
 1.23216777e-01  1.96528966e+00 
 1.23233554e-01  1.96528966e+00 
 1.23267109e-01  1.96528966e+00 
 1.23307109e-01  1.96528966e+00 
 1.23347109e-01  1.96528966e+00 
 1.23387109e-01  1.96528966e+00 
 1.23427109e-01  1.96528966e+00 
 1.23467109e-01  1.96528966e+00 
 1.23507109e-01  1.96528966e+00 
 1.23547109e-01  1.96528966e+00 
 1.23587109e-01  1.96528966e+00 
 1.23599999e-01  1.96528966e+00 
 1.23599999e-01  1.96528966e+00 
 1.23599999e-01  1.96528966e+00 
 1.23600000e-01  1.96528966e+00 
 1.23600000e-01  1.96529088e+00 
 1.23600000e-01  1.96529154e+00 
 1.23600000e-01  1.96529285e+00 
 1.23600000e-01  1.96529546e+00 
 1.23600001e-01  1.96530069e+00 
 1.23600002e-01  1.96531116e+00 
 1.23600004e-01  1.96533208e+00 
 1.23600008e-01  1.96537392e+00 
 1.23600016e-01  1.96545757e+00 
 1.23600033e-01  1.96562474e+00 
 1.23600065e-01  1.96595856e+00 
 1.23600131e-01  1.96662416e+00 
 1.23600262e-01  1.96794721e+00 
 1.23600524e-01  1.97056107e+00 
 1.23601049e-01  1.97566238e+00 
 1.23602097e-01  1.98537943e+00 
 1.23604194e-01  2.00302058e+00 
 1.23608389e-01  2.03216995e+00 
 1.23616777e-01  2.07230595e+00 
 1.23633554e-01  2.11116290e+00 
 1.23667109e-01  2.12920930e+00 
 1.23707109e-01  2.12874485e+00 
 1.23747109e-01  2.12879646e+00 
 1.23787109e-01  2.12879073e+00 
 1.23827109e-01  2.12879136e+00 
 1.23867109e-01  2.12879129e+00 
 1.23907109e-01  2.12879130e+00 
 1.23947109e-01  2.12879130e+00 
 1.23987109e-01  2.12879130e+00 
 1.23999999e-01  2.12879130e+00 
 1.23999999e-01  2.12879130e+00 
 1.23999999e-01  2.12879130e+00 
 1.24000000e-01  2.12879130e+00 
 1.24000000e-01  2.12879130e+00 
 1.24000000e-01  2.12879130e+00 
 1.24000000e-01  2.12879130e+00 
 1.24000000e-01  2.12879130e+00 
 1.24000001e-01  2.12879130e+00 
 1.24000002e-01  2.12879130e+00 
 1.24000004e-01  2.12879130e+00 
 1.24000008e-01  2.12879130e+00 
 1.24000016e-01  2.12879130e+00 
 1.24000033e-01  2.12879130e+00 
 1.24000065e-01  2.12879130e+00 
 1.24000131e-01  2.12879130e+00 
 1.24000262e-01  2.12879130e+00 
 1.24000524e-01  2.12879130e+00 
 1.24001049e-01  2.12879130e+00 
 1.24002097e-01  2.12879130e+00 
 1.24004194e-01  2.12879130e+00 
 1.24008389e-01  2.12879130e+00 
 1.24016777e-01  2.12879130e+00 
 1.24033554e-01  2.12879130e+00 
 1.24067109e-01  2.12879130e+00 
 1.24107109e-01  2.12879130e+00 
 1.24147109e-01  2.12879130e+00 
 1.24187109e-01  2.12879130e+00 
 1.24227109e-01  2.12879130e+00 
 1.24267109e-01  2.12879130e+00 
 1.24307109e-01  2.12879130e+00 
 1.24347109e-01  2.12879130e+00 
 1.24387109e-01  2.12879130e+00 
 1.24399999e-01  2.12879130e+00 
 1.24399999e-01  2.12879130e+00 
 1.24399999e-01  2.12879130e+00 
 1.24400000e-01  2.12879130e+00 
 1.24400000e-01  2.12879242e+00 
 1.24400000e-01  2.12879302e+00 
 1.24400000e-01  2.12879422e+00 
 1.24400000e-01  2.12879661e+00 
 1.24400001e-01  2.12880140e+00 
 1.24400002e-01  2.12881098e+00 
 1.24400004e-01  2.12883013e+00 
 1.24400008e-01  2.12886843e+00 
 1.24400016e-01  2.12894499e+00 
 1.24400033e-01  2.12909800e+00 
 1.24400065e-01  2.12940355e+00 
 1.24400131e-01  2.13001279e+00 
 1.24400262e-01  2.13122379e+00 
 1.24400524e-01  2.13361629e+00 
 1.24401049e-01  2.13828558e+00 
 1.24402097e-01  2.14717972e+00 
 1.24404194e-01  2.16332689e+00 
 1.24408389e-01  2.19000767e+00 
 1.24416777e-01  2.22674466e+00 
 1.24433554e-01  2.26231092e+00 
 1.24467109e-01  2.27882902e+00 
 1.24507109e-01  2.27840390e+00 
 1.24547109e-01  2.27845114e+00 
 1.24587109e-01  2.27844589e+00 
 1.24627109e-01  2.27844647e+00 
 1.24667109e-01  2.27844641e+00 
 1.24707109e-01  2.27844641e+00 
 1.24747109e-01  2.27844641e+00 
 1.24787109e-01  2.27844641e+00 
 1.24799999e-01  2.27844641e+00 
 1.24799999e-01  2.27844641e+00 
 1.24799999e-01  2.27844641e+00 
 1.24800000e-01  2.27844641e+00 
 1.24800000e-01  2.27844641e+00 
 1.24800000e-01  2.27844641e+00 
 1.24800000e-01  2.27844641e+00 
 1.24800000e-01  2.27844641e+00 
 1.24800001e-01  2.27844641e+00 
 1.24800002e-01  2.27844641e+00 
 1.24800004e-01  2.27844641e+00 
 1.24800008e-01  2.27844641e+00 
 1.24800016e-01  2.27844641e+00 
 1.24800033e-01  2.27844641e+00 
 1.24800065e-01  2.27844641e+00 
 1.24800131e-01  2.27844641e+00 
 1.24800262e-01  2.27844641e+00 
 1.24800524e-01  2.27844641e+00 
 1.24801049e-01  2.27844641e+00 
 1.24802097e-01  2.27844641e+00 
 1.24804194e-01  2.27844641e+00 
 1.24808389e-01  2.27844641e+00 
 1.24816777e-01  2.27844641e+00 
 1.24833554e-01  2.27844641e+00 
 1.24854127e-01  2.27844641e+00 
 1.24878661e-01  2.27844641e+00 
 1.24911149e-01  2.27844641e+00 
 1.24951149e-01  2.27844641e+00 
 1.24991149e-01  2.27844641e+00 
 1.25031149e-01  2.27844641e+00 
 1.25071149e-01  2.27844641e+00 
 1.25111149e-01  2.27844641e+00 
 1.25151149e-01  2.27844641e+00 
 1.25191149e-01  2.27844641e+00 
 1.25199999e-01  2.27844641e+00 
 1.25199999e-01  2.27844641e+00 
 1.25199999e-01  2.27844641e+00 
 1.25200000e-01  2.27844641e+00 
 1.25200000e-01  2.27844726e+00 
 1.25200000e-01  2.27844772e+00 
 1.25200000e-01  2.27844862e+00 
 1.25200000e-01  2.27845043e+00 
 1.25200001e-01  2.27845406e+00 
 1.25200002e-01  2.27846131e+00 
 1.25200004e-01  2.27847581e+00 
 1.25200008e-01  2.27850479e+00 
 1.25200016e-01  2.27856275e+00 
 1.25200033e-01  2.27867857e+00 
 1.25200065e-01  2.27890986e+00 
 1.25200131e-01  2.27937103e+00 
 1.25200262e-01  2.28028771e+00 
 1.25200524e-01  2.28209872e+00 
 1.25201049e-01  2.28563317e+00 
 1.25202097e-01  2.29236565e+00 
 1.25204194e-01  2.30458835e+00 
 1.25208389e-01  2.32478454e+00 
 1.25216777e-01  2.35259284e+00 
 1.25233554e-01  2.37951494e+00 
 1.25254127e-01  2.38907408e+00 
 1.25278661e-01  2.39137818e+00 
 1.25311149e-01  2.39173145e+00 
 1.25351149e-01  2.39172850e+00 
 1.25391149e-01  2.39172883e+00 
 1.25431149e-01  2.39172880e+00 
 1.25471149e-01  2.39172880e+00 
 1.25511149e-01  2.39172880e+00 
 1.25551149e-01  2.39172880e+00 
 1.25591149e-01  2.39172880e+00 
 1.25599999e-01  2.39172880e+00 
 1.25599999e-01  2.39172880e+00 
 1.25599999e-01  2.39172880e+00 
 1.25600000e-01  2.39172880e+00 
 1.25600000e-01  2.39172880e+00 
 1.25600000e-01  2.39172880e+00 
 1.25600000e-01  2.39172880e+00 
 1.25600000e-01  2.39172880e+00 
 1.25600001e-01  2.39172880e+00 
 1.25600002e-01  2.39172880e+00 
 1.25600004e-01  2.39172880e+00 
 1.25600008e-01  2.39172880e+00 
 1.25600016e-01  2.39172880e+00 
 1.25600033e-01  2.39172880e+00 
 1.25600065e-01  2.39172880e+00 
 1.25600131e-01  2.39172880e+00 
 1.25600262e-01  2.39172880e+00 
 1.25600524e-01  2.39172880e+00 
 1.25601049e-01  2.39172880e+00 
 1.25602097e-01  2.39172880e+00 
 1.25604194e-01  2.39172880e+00 
 1.25608389e-01  2.39172880e+00 
 1.25616777e-01  2.39172880e+00 
 1.25633554e-01  2.39172880e+00 
 1.25654488e-01  2.39172880e+00 
 1.25679359e-01  2.39172880e+00 
 1.25712624e-01  2.39172880e+00 
 1.25752624e-01  2.39172880e+00 
 1.25792624e-01  2.39172880e+00 
 1.25832624e-01  2.39172880e+00 
 1.25872624e-01  2.39172880e+00 
 1.25912624e-01  2.39172880e+00 
 1.25952624e-01  2.39172880e+00 
 1.25992624e-01  2.39172880e+00 
 1.25999999e-01  2.39172880e+00 
 1.25999999e-01  2.39172880e+00 
 1.25999999e-01  2.39172880e+00 
 1.26000000e-01  2.39172880e+00 
 1.26000000e-01  2.39172864e+00 
 1.26000000e-01  2.39172856e+00 
 1.26000000e-01  2.39172839e+00 
 1.26000000e-01  2.39172805e+00 
 1.26000001e-01  2.39172737e+00 
 1.26000002e-01  2.39172602e+00 
 1.26000004e-01  2.39172331e+00 
 1.26000008e-01  2.39171790e+00 
 1.26000016e-01  2.39170708e+00 
 1.26000033e-01  2.39168545e+00 
 1.26000065e-01  2.39164227e+00 
 1.26000131e-01  2.39155617e+00 
 1.26000262e-01  2.39138502e+00 
 1.26000524e-01  2.39104690e+00 
 1.26001049e-01  2.39038700e+00 
 1.26002097e-01  2.38913002e+00 
 1.26004194e-01  2.38684798e+00 
 1.26008389e-01  2.38307726e+00 
 1.26016777e-01  2.37788532e+00 
 1.26033554e-01  2.37285884e+00 
 1.26054488e-01  2.37105519e+00 
 1.26079359e-01  2.37063822e+00 
 1.26112624e-01  2.37057730e+00 
 1.26152624e-01  2.37057859e+00 
 1.26192624e-01  2.37057844e+00 
 1.26232624e-01  2.37057846e+00 
 1.26272624e-01  2.37057846e+00 
 1.26312624e-01  2.37057846e+00 
 1.26352624e-01  2.37057846e+00 
 1.26392624e-01  2.37057846e+00 
 1.26399999e-01  2.37057846e+00 
 1.26399999e-01  2.37057846e+00 
 1.26399999e-01  2.37057846e+00 
 1.26400000e-01  2.37057846e+00 
 1.26400000e-01  2.37057846e+00 
 1.26400000e-01  2.37057846e+00 
 1.26400000e-01  2.37057846e+00 
 1.26400000e-01  2.37057846e+00 
 1.26400001e-01  2.37057846e+00 
 1.26400002e-01  2.37057846e+00 
 1.26400004e-01  2.37057846e+00 
 1.26400008e-01  2.37057846e+00 
 1.26400016e-01  2.37057846e+00 
 1.26400033e-01  2.37057846e+00 
 1.26400065e-01  2.37057846e+00 
 1.26400131e-01  2.37057846e+00 
 1.26400262e-01  2.37057846e+00 
 1.26400524e-01  2.37057846e+00 
 1.26401049e-01  2.37057846e+00 
 1.26402097e-01  2.37057846e+00 
 1.26404194e-01  2.37057846e+00 
 1.26408389e-01  2.37057846e+00 
 1.26416777e-01  2.37057846e+00 
 1.26433554e-01  2.37057846e+00 
 1.26452566e-01  2.37057846e+00 
 1.26475587e-01  2.37057846e+00 
 1.26504723e-01  2.37057846e+00 
 1.26544723e-01  2.37057846e+00 
 1.26584723e-01  2.37057846e+00 
 1.26624723e-01  2.37057846e+00 
 1.26664723e-01  2.37057846e+00 
 1.26704723e-01  2.37057846e+00 
 1.26744723e-01  2.37057846e+00 
 1.26784723e-01  2.37057846e+00 
 1.26799999e-01  2.37057846e+00 
 1.26799999e-01  2.37057846e+00 
 1.26799999e-01  2.37057846e+00 
 1.26800000e-01  2.37057846e+00 
 1.26800000e-01  2.37057816e+00 
 1.26800000e-01  2.37057800e+00 
 1.26800000e-01  2.37057767e+00 
 1.26800000e-01  2.37057703e+00 
 1.26800001e-01  2.37057575e+00 
 1.26800002e-01  2.37057318e+00 
 1.26800004e-01  2.37056805e+00 
 1.26800008e-01  2.37055779e+00 
 1.26800016e-01  2.37053727e+00 
 1.26800033e-01  2.37049627e+00 
 1.26800065e-01  2.37041440e+00 
 1.26800131e-01  2.37025115e+00 
 1.26800262e-01  2.36992664e+00 
 1.26800524e-01  2.36928555e+00 
 1.26801049e-01  2.36803436e+00 
 1.26802097e-01  2.36565108e+00 
 1.26804194e-01  2.36132427e+00 
 1.26808389e-01  2.35417486e+00 
 1.26816777e-01  2.34433078e+00 
 1.26833554e-01  2.33480041e+00 
 1.26852566e-01  2.33157758e+00 
 1.26875587e-01  2.33065638e+00 
 1.26904723e-01  2.33048514e+00 
 1.26944723e-01  2.33047579e+00 
 1.26984723e-01  2.33047683e+00 
 1.27024723e-01  2.33047672e+00 
 1.27064723e-01  2.33047673e+00 
 1.27104723e-01  2.33047673e+00 
 1.27144723e-01  2.33047673e+00 
 1.27184723e-01  2.33047673e+00 
 1.27199999e-01  2.33047673e+00 
 1.27199999e-01  2.33047673e+00 
 1.27199999e-01  2.33047673e+00 
 1.27200000e-01  2.33047673e+00 
 1.27200000e-01  2.33047673e+00 
 1.27200000e-01  2.33047673e+00 
 1.27200000e-01  2.33047673e+00 
 1.27200000e-01  2.33047673e+00 
 1.27200001e-01  2.33047673e+00 
 1.27200002e-01  2.33047673e+00 
 1.27200004e-01  2.33047673e+00 
 1.27200008e-01  2.33047673e+00 
 1.27200016e-01  2.33047673e+00 
 1.27200033e-01  2.33047673e+00 
 1.27200065e-01  2.33047673e+00 
 1.27200131e-01  2.33047673e+00 
 1.27200262e-01  2.33047673e+00 
 1.27200524e-01  2.33047673e+00 
 1.27201049e-01  2.33047673e+00 
 1.27202097e-01  2.33047673e+00 
 1.27204194e-01  2.33047673e+00 
 1.27208389e-01  2.33047673e+00 
 1.27216777e-01  2.33047673e+00 
 1.27233554e-01  2.33047673e+00 
 1.27252529e-01  2.33047673e+00 
 1.27276809e-01  2.33047673e+00 
 1.27310705e-01  2.33047673e+00 
 1.27350705e-01  2.33047673e+00 
 1.27390705e-01  2.33047673e+00 
 1.27430705e-01  2.33047673e+00 
 1.27470705e-01  2.33047673e+00 
 1.27510705e-01  2.33047673e+00 
 1.27550705e-01  2.33047673e+00 
 1.27590705e-01  2.33047673e+00 
 1.27599999e-01  2.33047673e+00 
 1.27599999e-01  2.33047673e+00 
 1.27599999e-01  2.33047673e+00 
 1.27600000e-01  2.33047673e+00 
 1.27600000e-01  2.33047641e+00 
 1.27600000e-01  2.33047624e+00 
 1.27600000e-01  2.33047591e+00 
 1.27600000e-01  2.33047523e+00 
 1.27600001e-01  2.33047388e+00 
 1.27600002e-01  2.33047119e+00 
 1.27600004e-01  2.33046580e+00 
 1.27600008e-01  2.33045502e+00 
 1.27600016e-01  2.33043347e+00 
 1.27600033e-01  2.33039040e+00 
 1.27600065e-01  2.33030439e+00 
 1.27600131e-01  2.33013290e+00 
 1.27600262e-01  2.32979202e+00 
 1.27600524e-01  2.32911857e+00 
 1.27601049e-01  2.32780424e+00 
 1.27602097e-01  2.32530068e+00 
 1.27604194e-01  2.32075550e+00 
 1.27608389e-01  2.31324528e+00 
 1.27616777e-01  2.30290439e+00 
 1.27633554e-01  2.29289305e+00 
 1.27652529e-01  2.28951171e+00 
 1.27676809e-01  2.28851035e+00 
 1.27710705e-01  2.28834658e+00 
 1.27750705e-01  2.28835167e+00 
 1.27790705e-01  2.28835110e+00 
 1.27830705e-01  2.28835116e+00 
 1.27870705e-01  2.28835116e+00 
 1.27910705e-01  2.28835116e+00 
 1.27950705e-01  2.28835116e+00 
 1.27990705e-01  2.28835116e+00 
 1.27999999e-01  2.28835116e+00 
 1.27999999e-01  2.28835116e+00 
 1.27999999e-01  2.28835116e+00 
 1.28000000e-01  2.28835116e+00 
 1.28000000e-01  2.28835116e+00 
 1.28000000e-01  2.28835116e+00 
 1.28000000e-01  2.28835116e+00 
 1.28000000e-01  2.28835116e+00 
 1.28000001e-01  2.28835116e+00 
 1.28000002e-01  2.28835116e+00 
 1.28000004e-01  2.28835116e+00 
 1.28000008e-01  2.28835116e+00 
 1.28000016e-01  2.28835116e+00 
 1.28000033e-01  2.28835116e+00 
 1.28000065e-01  2.28835116e+00 
 1.28000131e-01  2.28835116e+00 
 1.28000262e-01  2.28835116e+00 
 1.28000524e-01  2.28835116e+00 
 1.28001049e-01  2.28835116e+00 
 1.28002097e-01  2.28835116e+00 
 1.28004194e-01  2.28835116e+00 
 1.28008389e-01  2.28835116e+00 
 1.28016777e-01  2.28835116e+00 
 1.28033554e-01  2.28835116e+00 
 1.28057972e-01  2.28835116e+00 
 1.28091567e-01  2.28835116e+00 
 1.28131567e-01  2.28835116e+00 
 1.28171567e-01  2.28835116e+00 
 1.28211567e-01  2.28835116e+00 
 1.28251567e-01  2.28835116e+00 
 1.28291567e-01  2.28835116e+00 
 1.28331567e-01  2.28835116e+00 
 1.28371567e-01  2.28835116e+00 
 1.28399999e-01  2.28835116e+00 
 1.28399999e-01  2.28835116e+00 
 1.28399999e-01  2.28835116e+00 
 1.28400000e-01  2.28835116e+00 
 1.28400000e-01  2.28835085e+00 
 1.28400000e-01  2.28835068e+00 
 1.28400000e-01  2.28835035e+00 
 1.28400000e-01  2.28834968e+00 
 1.28400001e-01  2.28834835e+00 
 1.28400002e-01  2.28834569e+00 
 1.28400004e-01  2.28834038e+00 
 1.28400008e-01  2.28832974e+00 
 1.28400016e-01  2.28830848e+00 
 1.28400033e-01  2.28826600e+00 
 1.28400065e-01  2.28818116e+00 
 1.28400131e-01  2.28801199e+00 
 1.28400262e-01  2.28767574e+00 
 1.28400524e-01  2.28701143e+00 
 1.28401049e-01  2.28571493e+00 
 1.28402097e-01  2.28324533e+00 
 1.28404194e-01  2.27876183e+00 
 1.28408389e-01  2.27135350e+00 
 1.28416777e-01  2.26115291e+00 
 1.28433554e-01  2.25127740e+00 
 1.28457972e-01  2.24739929e+00 
 1.28491567e-01  2.24678249e+00 
 1.28531567e-01  2.24679876e+00 
 1.28571567e-01  2.24679695e+00 
 1.28611567e-01  2.24679715e+00 
 1.28651567e-01  2.24679713e+00 
 1.28691567e-01  2.24679713e+00 
 1.28731567e-01  2.24679713e+00 
 1.28771567e-01  2.24679713e+00 
 1.28799999e-01  2.24679713e+00 
 1.28799999e-01  2.24679713e+00 
 1.28799999e-01  2.24679713e+00 
 1.28800000e-01  2.24679713e+00 
 1.28800000e-01  2.24679713e+00 
 1.28800000e-01  2.24679713e+00 
 1.28800000e-01  2.24679713e+00 
 1.28800000e-01  2.24679713e+00 
 1.28800001e-01  2.24679713e+00 
 1.28800002e-01  2.24679713e+00 
 1.28800004e-01  2.24679713e+00 
 1.28800008e-01  2.24679713e+00 
 1.28800016e-01  2.24679713e+00 
 1.28800033e-01  2.24679713e+00 
 1.28800065e-01  2.24679713e+00 
 1.28800131e-01  2.24679713e+00 
 1.28800262e-01  2.24679713e+00 
 1.28800524e-01  2.24679713e+00 
 1.28801049e-01  2.24679713e+00 
 1.28802097e-01  2.24679713e+00 
 1.28804194e-01  2.24679713e+00 
 1.28808389e-01  2.24679713e+00 
 1.28816777e-01  2.24679713e+00 
 1.28833554e-01  2.24679713e+00 
 1.28867109e-01  2.24679713e+00 
 1.28907109e-01  2.24679713e+00 
 1.28947109e-01  2.24679713e+00 
 1.28987109e-01  2.24679713e+00 
 1.29027109e-01  2.24679713e+00 
 1.29067109e-01  2.24679713e+00 
 1.29107109e-01  2.24679713e+00 
 1.29147109e-01  2.24679713e+00 
 1.29187109e-01  2.24679713e+00 
 1.29199999e-01  2.24679713e+00 
 1.29199999e-01  2.24679713e+00 
 1.29199999e-01  2.24679713e+00 
 1.29200000e-01  2.24679713e+00 
 1.29200000e-01  2.24679683e+00 
 1.29200000e-01  2.24679667e+00 
 1.29200000e-01  2.24679634e+00 
 1.29200000e-01  2.24679570e+00 
 1.29200001e-01  2.24679440e+00 
 1.29200002e-01  2.24679181e+00 
 1.29200004e-01  2.24678662e+00 
 1.29200008e-01  2.24677626e+00 
 1.29200016e-01  2.24675553e+00 
 1.29200033e-01  2.24671412e+00 
 1.29200065e-01  2.24663141e+00 
 1.29200131e-01  2.24646651e+00 
 1.29200262e-01  2.24613873e+00 
 1.29200524e-01  2.24549114e+00 
 1.29201049e-01  2.24422730e+00 
 1.29202097e-01  2.24181991e+00 
 1.29204194e-01  2.23744932e+00 
 1.29208389e-01  2.23022759e+00 
 1.29216777e-01  2.22028392e+00 
 1.29233554e-01  2.21065714e+00 
 1.29267109e-01  2.20618616e+00 
 1.29307109e-01  2.20630122e+00 
 1.29347109e-01  2.20628844e+00 
 1.29387109e-01  2.20628986e+00 
 1.29427109e-01  2.20628970e+00 
 1.29467109e-01  2.20628972e+00 
 1.29507109e-01  2.20628972e+00 
 1.29547109e-01  2.20628972e+00 
 1.29587109e-01  2.20628972e+00 
 1.29599999e-01  2.20628972e+00 
 1.29599999e-01  2.20628972e+00 
 1.29599999e-01  2.20628972e+00 
 1.29600000e-01  2.20628972e+00 
 1.29600000e-01  2.20628972e+00 
 1.29600000e-01  2.20628972e+00 
 1.29600000e-01  2.20628972e+00 
 1.29600000e-01  2.20628972e+00 
 1.29600001e-01  2.20628972e+00 
 1.29600002e-01  2.20628972e+00 
 1.29600004e-01  2.20628972e+00 
 1.29600008e-01  2.20628972e+00 
 1.29600016e-01  2.20628972e+00 
 1.29600033e-01  2.20628972e+00 
 1.29600065e-01  2.20628972e+00 
 1.29600131e-01  2.20628972e+00 
 1.29600262e-01  2.20628972e+00 
 1.29600524e-01  2.20628972e+00 
 1.29601049e-01  2.20628972e+00 
 1.29602097e-01  2.20628972e+00 
 1.29604194e-01  2.20628972e+00 
 1.29608389e-01  2.20628972e+00 
 1.29616777e-01  2.20628972e+00 
 1.29633554e-01  2.20628972e+00 
 1.29667109e-01  2.20628972e+00 
 1.29707109e-01  2.20628972e+00 
 1.29747109e-01  2.20628972e+00 
 1.29787109e-01  2.20628972e+00 
 1.29827109e-01  2.20628972e+00 
 1.29867109e-01  2.20628972e+00 
 1.29907109e-01  2.20628972e+00 
 1.29947109e-01  2.20628972e+00 
 1.29987109e-01  2.20628972e+00 
 1.29999999e-01  2.20628972e+00 
 1.29999999e-01  2.20628972e+00 
 1.29999999e-01  2.20628972e+00 
 1.30000000e-01  2.20628972e+00 
 1.30000000e-01  2.20628942e+00 
 1.30000000e-01  2.20628926e+00 
 1.30000000e-01  2.20628895e+00 
 1.30000000e-01  2.20628832e+00 
 1.30000001e-01  2.20628706e+00 
 1.30000002e-01  2.20628454e+00 
 1.30000004e-01  2.20627951e+00 
 1.30000008e-01  2.20626943e+00 
 1.30000016e-01  2.20624930e+00 
 1.30000033e-01  2.20620906e+00 
 1.30000065e-01  2.20612871e+00 
 1.30000131e-01  2.20596850e+00 
 1.30000262e-01  2.20565005e+00 
 1.30000524e-01  2.20502090e+00 
 1.30001049e-01  2.20379303e+00 
 1.30002097e-01  2.20145416e+00 
 1.30004194e-01  2.19720797e+00 
 1.30008389e-01  2.19019179e+00 
 1.30016777e-01  2.18053115e+00 
 1.30033554e-01  2.17117837e+00 
 1.30067109e-01  2.16683464e+00 
 1.30107109e-01  2.16694644e+00 
 1.30147109e-01  2.16693401e+00 
 1.30187109e-01  2.16693539e+00 
 1.30227109e-01  2.16693524e+00 
 1.30267109e-01  2.16693526e+00 
 1.30307109e-01  2.16693526e+00 
 1.30347109e-01  2.16693526e+00 
 1.30387109e-01  2.16693526e+00 
 1.30399999e-01  2.16693526e+00 
 1.30399999e-01  2.16693526e+00 
 1.30399999e-01  2.16693526e+00 
 1.30400000e-01  2.16693526e+00 
 1.30400000e-01  2.16693526e+00 
 1.30400000e-01  2.16693526e+00 
 1.30400000e-01  2.16693526e+00 
 1.30400000e-01  2.16693526e+00 
 1.30400001e-01  2.16693526e+00 
 1.30400002e-01  2.16693526e+00 
 1.30400004e-01  2.16693526e+00 
 1.30400008e-01  2.16693526e+00 
 1.30400016e-01  2.16693526e+00 
 1.30400033e-01  2.16693526e+00 
 1.30400065e-01  2.16693526e+00 
 1.30400131e-01  2.16693526e+00 
 1.30400262e-01  2.16693526e+00 
 1.30400524e-01  2.16693526e+00 
 1.30401049e-01  2.16693526e+00 
 1.30402097e-01  2.16693526e+00 
 1.30404194e-01  2.16693526e+00 
 1.30408389e-01  2.16693526e+00 
 1.30416777e-01  2.16693526e+00 
 1.30433554e-01  2.16693526e+00 
 1.30467109e-01  2.16693526e+00 
 1.30507109e-01  2.16693526e+00 
 1.30547109e-01  2.16693526e+00 
 1.30587109e-01  2.16693526e+00 
 1.30627109e-01  2.16693526e+00 
 1.30667109e-01  2.16693526e+00 
 1.30707109e-01  2.16693526e+00 
 1.30747109e-01  2.16693526e+00 
 1.30787109e-01  2.16693526e+00 
 1.30799999e-01  2.16693526e+00 
 1.30799999e-01  2.16693526e+00 
 1.30799999e-01  2.16693526e+00 
 1.30800000e-01  2.16693526e+00 
 1.30800000e-01  2.16693497e+00 
 1.30800000e-01  2.16693482e+00 
 1.30800000e-01  2.16693451e+00 
 1.30800000e-01  2.16693390e+00 
 1.30800001e-01  2.16693268e+00 
 1.30800002e-01  2.16693023e+00 
 1.30800004e-01  2.16692534e+00 
 1.30800008e-01  2.16691557e+00 
 1.30800016e-01  2.16689603e+00 
 1.30800033e-01  2.16685697e+00 
 1.30800065e-01  2.16677898e+00 
 1.30800131e-01  2.16662348e+00 
 1.30800262e-01  2.16631438e+00 
 1.30800524e-01  2.16570371e+00 
 1.30801049e-01  2.16451190e+00 
 1.30802097e-01  2.16224172e+00 
 1.30804194e-01  2.15812026e+00 
 1.30808389e-01  2.15131015e+00 
 1.30816777e-01  2.14193326e+00 
 1.30833554e-01  2.13285519e+00 
 1.30867109e-01  2.12863905e+00 
 1.30907109e-01  2.12874756e+00 
 1.30947109e-01  2.12873550e+00 
 1.30987109e-01  2.12873684e+00 
 1.31027109e-01  2.12873669e+00 
 1.31067109e-01  2.12873671e+00 
 1.31107109e-01  2.12873671e+00 
 1.31147109e-01  2.12873671e+00 
 1.31187109e-01  2.12873671e+00 
 1.31199999e-01  2.12873671e+00 
 1.31199999e-01  2.12873671e+00 
 1.31199999e-01  2.12873671e+00 
 1.31200000e-01  2.12873671e+00 
 1.31200000e-01  2.12873671e+00 
 1.31200000e-01  2.12873671e+00 
 1.31200000e-01  2.12873671e+00 
 1.31200000e-01  2.12873671e+00 
 1.31200001e-01  2.12873671e+00 
 1.31200002e-01  2.12873671e+00 
 1.31200004e-01  2.12873671e+00 
 1.31200008e-01  2.12873671e+00 
 1.31200016e-01  2.12873671e+00 
 1.31200033e-01  2.12873671e+00 
 1.31200065e-01  2.12873671e+00 
 1.31200131e-01  2.12873671e+00 
 1.31200262e-01  2.12873671e+00 
 1.31200524e-01  2.12873671e+00 
 1.31201049e-01  2.12873671e+00 
 1.31202097e-01  2.12873671e+00 
 1.31204194e-01  2.12873671e+00 
 1.31208389e-01  2.12873671e+00 
 1.31216777e-01  2.12873671e+00 
 1.31233554e-01  2.12873671e+00 
 1.31267109e-01  2.12873671e+00 
 1.31307109e-01  2.12873671e+00 
 1.31347109e-01  2.12873671e+00 
 1.31387109e-01  2.12873671e+00 
 1.31427109e-01  2.12873671e+00 
 1.31467109e-01  2.12873671e+00 
 1.31507109e-01  2.12873671e+00 
 1.31547109e-01  2.12873671e+00 
 1.31587109e-01  2.12873671e+00 
 1.31599999e-01  2.12873671e+00 
 1.31599999e-01  2.12873671e+00 
 1.31599999e-01  2.12873671e+00 
 1.31600000e-01  2.12873671e+00 
 1.31600000e-01  2.12873643e+00 
 1.31600000e-01  2.12873628e+00 
 1.31600000e-01  2.12873598e+00 
 1.31600000e-01  2.12873539e+00 
 1.31600001e-01  2.12873420e+00 
 1.31600002e-01  2.12873183e+00 
 1.31600004e-01  2.12872708e+00 
 1.31600008e-01  2.12871759e+00 
 1.31600016e-01  2.12869862e+00 
 1.31600033e-01  2.12866069e+00 
 1.31600065e-01  2.12858496e+00 
 1.31600131e-01  2.12843397e+00 
 1.31600262e-01  2.12813383e+00 
 1.31600524e-01  2.12754087e+00 
 1.31601049e-01  2.12638362e+00 
 1.31602097e-01  2.12417927e+00 
 1.31604194e-01  2.12017731e+00 
 1.31608389e-01  2.11356467e+00 
 1.31616777e-01  2.10445967e+00 
 1.31633554e-01  2.09564483e+00 
 1.31667109e-01  2.09155093e+00 
 1.31707109e-01  2.09165630e+00 
 1.31747109e-01  2.09164459e+00 
 1.31787109e-01  2.09164589e+00 
 1.31827109e-01  2.09164574e+00 
 1.31867109e-01  2.09164576e+00 
 1.31907109e-01  2.09164576e+00 
 1.31947109e-01  2.09164576e+00 
 1.31987109e-01  2.09164576e+00 
 1.31999999e-01  2.09164576e+00 
 1.31999999e-01  2.09164576e+00 
 1.31999999e-01  2.09164576e+00 
 1.32000000e-01  2.09164576e+00 
 1.32000000e-01  2.09164576e+00 
 1.32000000e-01  2.09164576e+00 
 1.32000000e-01  2.09164576e+00 
 1.32000000e-01  2.09164576e+00 
 1.32000001e-01  2.09164576e+00 
 1.32000002e-01  2.09164576e+00 
 1.32000004e-01  2.09164576e+00 
 1.32000008e-01  2.09164576e+00 
 1.32000016e-01  2.09164576e+00 
 1.32000033e-01  2.09164576e+00 
 1.32000065e-01  2.09164576e+00 
 1.32000131e-01  2.09164576e+00 
 1.32000262e-01  2.09164576e+00 
 1.32000524e-01  2.09164576e+00 
 1.32001049e-01  2.09164576e+00 
 1.32002097e-01  2.09164576e+00 
 1.32004194e-01  2.09164576e+00 
 1.32008389e-01  2.09164576e+00 
 1.32016777e-01  2.09164576e+00 
 1.32033554e-01  2.09164576e+00 
 1.32066136e-01  2.09164576e+00 
 1.32106136e-01  2.09164576e+00 
 1.32146136e-01  2.09164576e+00 
 1.32186136e-01  2.09164576e+00 
 1.32226136e-01  2.09164576e+00 
 1.32266136e-01  2.09164576e+00 
 1.32306136e-01  2.09164576e+00 
 1.32346136e-01  2.09164576e+00 
 1.32386136e-01  2.09164576e+00 
 1.32399999e-01  2.09164576e+00 
 1.32399999e-01  2.09164576e+00 
 1.32399999e-01  2.09164576e+00 
 1.32400000e-01  2.09164576e+00 
 1.32400000e-01  2.09164549e+00 
 1.32400000e-01  2.09164534e+00 
 1.32400000e-01  2.09164506e+00 
 1.32400000e-01  2.09164448e+00 
 1.32400001e-01  2.09164333e+00 
 1.32400002e-01  2.09164102e+00 
 1.32400004e-01  2.09163640e+00 
 1.32400008e-01  2.09162717e+00 
 1.32400016e-01  2.09160873e+00 
 1.32400033e-01  2.09157185e+00 
 1.32400065e-01  2.09149823e+00 
 1.32400131e-01  2.09135143e+00 
 1.32400262e-01  2.09105962e+00 
 1.32400524e-01  2.09048311e+00 
 1.32401049e-01  2.08935798e+00 
 1.32402097e-01  2.08721482e+00 
 1.32404194e-01  2.08332394e+00 
 1.32408389e-01  2.07689484e+00 
 1.32416777e-01  2.06804256e+00 
 1.32433554e-01  2.05947239e+00 
 1.32466136e-01  2.05554929e+00 
 1.32506136e-01  2.05558822e+00 
 1.32546136e-01  2.05558389e+00 
 1.32586136e-01  2.05558437e+00 
 1.32626136e-01  2.05558432e+00 
 1.32666136e-01  2.05558432e+00 
 1.32706136e-01  2.05558432e+00 
 1.32746136e-01  2.05558432e+00 
 1.32786136e-01  2.05558432e+00 
 1.32799999e-01  2.05558432e+00 
 1.32799999e-01  2.05558432e+00 
 1.32799999e-01  2.05558432e+00 
 1.32800000e-01  2.05558432e+00 
 1.32800000e-01  2.05558432e+00 
 1.32800000e-01  2.05558432e+00 
 1.32800000e-01  2.05558432e+00 
 1.32800000e-01  2.05558432e+00 
 1.32800001e-01  2.05558432e+00 
 1.32800002e-01  2.05558432e+00 
 1.32800004e-01  2.05558432e+00 
 1.32800008e-01  2.05558432e+00 
 1.32800016e-01  2.05558432e+00 
 1.32800033e-01  2.05558432e+00 
 1.32800065e-01  2.05558432e+00 
 1.32800131e-01  2.05558432e+00 
 1.32800262e-01  2.05558432e+00 
 1.32800524e-01  2.05558432e+00 
 1.32801049e-01  2.05558432e+00 
 1.32802097e-01  2.05558432e+00 
 1.32804194e-01  2.05558432e+00 
 1.32808389e-01  2.05558432e+00 
 1.32816777e-01  2.05558432e+00 
 1.32833554e-01  2.05558432e+00 
 1.32864909e-01  2.05558432e+00 
 1.32904909e-01  2.05558432e+00 
 1.32944909e-01  2.05558432e+00 
 1.32984909e-01  2.05558432e+00 
 1.33024909e-01  2.05558432e+00 
 1.33064909e-01  2.05558432e+00 
 1.33104909e-01  2.05558432e+00 
 1.33144909e-01  2.05558432e+00 
 1.33184909e-01  2.05558432e+00 
 1.33199999e-01  2.05558432e+00 
 1.33199999e-01  2.05558432e+00 
 1.33199999e-01  2.05558432e+00 
 1.33200000e-01  2.05558432e+00 
 1.33200000e-01  2.05558406e+00 
 1.33200000e-01  2.05558392e+00 
 1.33200000e-01  2.05558364e+00 
 1.33200000e-01  2.05558308e+00 
 1.33200001e-01  2.05558195e+00 
 1.33200002e-01  2.05557971e+00 
 1.33200004e-01  2.05557521e+00 
 1.33200008e-01  2.05556622e+00 
 1.33200016e-01  2.05554825e+00 
 1.33200033e-01  2.05551234e+00 
 1.33200065e-01  2.05544062e+00 
 1.33200131e-01  2.05529763e+00 
 1.33200262e-01  2.05501340e+00 
 1.33200524e-01  2.05445187e+00 
 1.33201049e-01  2.05335595e+00 
 1.33202097e-01  2.05126844e+00 
 1.33204194e-01  2.04747860e+00 
 1.33208389e-01  2.04121645e+00 
 1.33216777e-01  2.03259404e+00 
 1.33233554e-01  2.02424642e+00 
 1.33264909e-01  2.02049792e+00 
 1.33304909e-01  2.02045502e+00 
 1.33344909e-01  2.02045979e+00 
 1.33384909e-01  2.02045926e+00 
 1.33424909e-01  2.02045932e+00 
 1.33464909e-01  2.02045931e+00 
 1.33504909e-01  2.02045931e+00 
 1.33544909e-01  2.02045931e+00 
 1.33584909e-01  2.02045931e+00 
 1.33599999e-01  2.02045931e+00 
 1.33599999e-01  2.02045931e+00 
 1.33599999e-01  2.02045931e+00 
 1.33600000e-01  2.02045931e+00 
 1.33600000e-01  2.02045931e+00 
 1.33600000e-01  2.02045931e+00 
 1.33600000e-01  2.02045931e+00 
 1.33600000e-01  2.02045931e+00 
 1.33600001e-01  2.02045931e+00 
 1.33600002e-01  2.02045931e+00 
 1.33600004e-01  2.02045931e+00 
 1.33600008e-01  2.02045931e+00 
 1.33600016e-01  2.02045931e+00 
 1.33600033e-01  2.02045931e+00 
 1.33600065e-01  2.02045931e+00 
 1.33600131e-01  2.02045931e+00 
 1.33600262e-01  2.02045931e+00 
 1.33600524e-01  2.02045931e+00 
 1.33601049e-01  2.02045931e+00 
 1.33602097e-01  2.02045931e+00 
 1.33604194e-01  2.02045931e+00 
 1.33608389e-01  2.02045931e+00 
 1.33616777e-01  2.02045931e+00 
 1.33633554e-01  2.02045931e+00 
 1.33664399e-01  2.02045931e+00 
 1.33704399e-01  2.02045931e+00 
 1.33744399e-01  2.02045931e+00 
 1.33784399e-01  2.02045931e+00 
 1.33824399e-01  2.02045931e+00 
 1.33864399e-01  2.02045931e+00 
 1.33904399e-01  2.02045931e+00 
 1.33944399e-01  2.02045931e+00 
 1.33984399e-01  2.02045931e+00 
 1.33999999e-01  2.02045931e+00 
 1.33999999e-01  2.02045931e+00 
 1.33999999e-01  2.02045931e+00 
 1.34000000e-01  2.02045931e+00 
 1.34000000e-01  2.02045906e+00 
 1.34000000e-01  2.02045892e+00 
 1.34000000e-01  2.02045864e+00 
 1.34000000e-01  2.02045810e+00 
 1.34000001e-01  2.02045700e+00 
 1.34000002e-01  2.02045480e+00 
 1.34000004e-01  2.02045042e+00 
 1.34000008e-01  2.02044164e+00 
 1.34000016e-01  2.02042410e+00 
 1.34000033e-01  2.02038905e+00 
 1.34000065e-01  2.02031904e+00 
 1.34000131e-01  2.02017947e+00 
 1.34000262e-01  2.01990202e+00 
 1.34000524e-01  2.01935390e+00 
 1.34001049e-01  2.01828416e+00 
 1.34002097e-01  2.01624650e+00 
 1.34004194e-01  2.01254717e+00 
 1.34008389e-01  2.00643456e+00 
 1.34016777e-01  1.99801807e+00 
 1.34033554e-01  1.98986980e+00 
 1.34064399e-01  1.98624110e+00 
 1.34104399e-01  1.98616559e+00 
 1.34144399e-01  1.98617398e+00 
 1.34184399e-01  1.98617305e+00 
 1.34224399e-01  1.98617315e+00 
 1.34264399e-01  1.98617314e+00 
 1.34304399e-01  1.98617314e+00 
 1.34344399e-01  1.98617314e+00 
 1.34384399e-01  1.98617314e+00 
 1.34399999e-01  1.98617314e+00 
 1.34399999e-01  1.98617314e+00 
 1.34399999e-01  1.98617314e+00 
 1.34400000e-01  1.98617314e+00 
 1.34400000e-01  1.98617314e+00 
 1.34400000e-01  1.98617314e+00 
 1.34400000e-01  1.98617314e+00 
 1.34400000e-01  1.98617314e+00 
 1.34400001e-01  1.98617314e+00 
 1.34400002e-01  1.98617314e+00 
 1.34400004e-01  1.98617314e+00 
 1.34400008e-01  1.98617314e+00 
 1.34400016e-01  1.98617314e+00 
 1.34400033e-01  1.98617314e+00 
 1.34400065e-01  1.98617314e+00 
 1.34400131e-01  1.98617314e+00 
 1.34400262e-01  1.98617314e+00 
 1.34400524e-01  1.98617314e+00 
 1.34401049e-01  1.98617314e+00 
 1.34402097e-01  1.98617314e+00 
 1.34404194e-01  1.98617314e+00 
 1.34408389e-01  1.98617314e+00 
 1.34416777e-01  1.98617314e+00 
 1.34433554e-01  1.98617314e+00 
 1.34467109e-01  1.98617314e+00 
 1.34507109e-01  1.98617314e+00 
 1.34547109e-01  1.98617314e+00 
 1.34587109e-01  1.98617314e+00 
 1.34627109e-01  1.98617314e+00 
 1.34667109e-01  1.98617314e+00 
 1.34707109e-01  1.98617314e+00 
 1.34747109e-01  1.98617314e+00 
 1.34787109e-01  1.98617314e+00 
 1.34799999e-01  1.98617314e+00 
 1.34799999e-01  1.98617314e+00 
 1.34799999e-01  1.98617314e+00 
 1.34800000e-01  1.98617314e+00 
 1.34800000e-01  1.98617289e+00 
 1.34800000e-01  1.98617275e+00 
 1.34800000e-01  1.98617249e+00 
 1.34800000e-01  1.98617195e+00 
 1.34800001e-01  1.98617088e+00 
 1.34800002e-01  1.98616873e+00 
 1.34800004e-01  1.98616444e+00 
 1.34800008e-01  1.98615585e+00 
 1.34800016e-01  1.98613869e+00 
 1.34800033e-01  1.98610440e+00 
 1.34800065e-01  1.98603591e+00 
 1.34800131e-01  1.98589936e+00 
 1.34800262e-01  1.98562794e+00 
 1.34800524e-01  1.98509170e+00 
 1.34801049e-01  1.98404516e+00 
 1.34802097e-01  1.98205169e+00 
 1.34804194e-01  1.97843258e+00 
 1.34808389e-01  1.97245254e+00 
 1.34816777e-01  1.96421858e+00 
 1.34833554e-01  1.95624701e+00 
 1.34867109e-01  1.95254476e+00 
 1.34907109e-01  1.95264004e+00 
 1.34947109e-01  1.95262946e+00 
 1.34987109e-01  1.95263063e+00 
 1.35027109e-01  1.95263050e+00 
 1.35067109e-01  1.95263052e+00 
 1.35107109e-01  1.95263051e+00 
 1.35147109e-01  1.95263051e+00 
 1.35187109e-01  1.95263051e+00 
 1.35199999e-01  1.95263051e+00 
 1.35199999e-01  1.95263051e+00 
 1.35199999e-01  1.95263051e+00 
 1.35200000e-01  1.95263051e+00 
 1.35200000e-01  1.95263051e+00 
 1.35200000e-01  1.95263051e+00 
 1.35200000e-01  1.95263051e+00 
 1.35200000e-01  1.95263051e+00 
 1.35200001e-01  1.95263051e+00 
 1.35200002e-01  1.95263051e+00 
 1.35200004e-01  1.95263051e+00 
 1.35200008e-01  1.95263051e+00 
 1.35200016e-01  1.95263051e+00 
 1.35200033e-01  1.95263051e+00 
 1.35200065e-01  1.95263051e+00 
 1.35200131e-01  1.95263051e+00 
 1.35200262e-01  1.95263051e+00 
 1.35200524e-01  1.95263051e+00 
 1.35201049e-01  1.95263051e+00 
 1.35202097e-01  1.95263051e+00 
 1.35204194e-01  1.95263051e+00 
 1.35208389e-01  1.95263051e+00 
 1.35216777e-01  1.95263051e+00 
 1.35233554e-01  1.95263051e+00 
 1.35267109e-01  1.95263051e+00 
 1.35307109e-01  1.95263051e+00 
 1.35347109e-01  1.95263051e+00 
 1.35387109e-01  1.95263051e+00 
 1.35427109e-01  1.95263051e+00 
 1.35467109e-01  1.95263051e+00 
 1.35507109e-01  1.95263051e+00 
 1.35547109e-01  1.95263051e+00 
 1.35587109e-01  1.95263051e+00 
 1.35599999e-01  1.95263051e+00 
 1.35599999e-01  1.95263051e+00 
 1.35599999e-01  1.95263051e+00 
 1.35600000e-01  1.95263051e+00 
 1.35600000e-01  1.95263027e+00 
 1.35600000e-01  1.95263014e+00 
 1.35600000e-01  1.95262987e+00 
 1.35600000e-01  1.95262935e+00 
 1.35600001e-01  1.95262829e+00 
 1.35600002e-01  1.95262619e+00 
 1.35600004e-01  1.95262198e+00 
 1.35600008e-01  1.95261356e+00 
 1.35600016e-01  1.95259674e+00 
 1.35600033e-01  1.95256311e+00 
 1.35600065e-01  1.95249597e+00 
 1.35600131e-01  1.95236208e+00 
 1.35600262e-01  1.95209595e+00 
 1.35600524e-01  1.95157017e+00 
 1.35601049e-01  1.95054405e+00 
 1.35602097e-01  1.94858948e+00 
 1.35604194e-01  1.94504098e+00 
 1.35608389e-01  1.93917761e+00 
 1.35616777e-01  1.93110429e+00 
 1.35633554e-01  1.92328825e+00 
 1.35667109e-01  1.91965823e+00 
 1.35707109e-01  1.91975165e+00 
 1.35747109e-01  1.91974127e+00 
 1.35787109e-01  1.91974243e+00 
 1.35827109e-01  1.91974230e+00 
 1.35867109e-01  1.91974231e+00 
 1.35907109e-01  1.91974231e+00 
 1.35947109e-01  1.91974231e+00 
 1.35987109e-01  1.91974231e+00 
 1.35999999e-01  1.91974231e+00 
 1.35999999e-01  1.91974231e+00 
 1.35999999e-01  1.91974231e+00 
 1.36000000e-01  1.91974231e+00 
 1.36000000e-01  1.91974231e+00 
 1.36000000e-01  1.91974231e+00 
 1.36000000e-01  1.91974231e+00 
 1.36000000e-01  1.91974231e+00 
 1.36000001e-01  1.91974231e+00 
 1.36000002e-01  1.91974231e+00 
 1.36000004e-01  1.91974231e+00 
 1.36000008e-01  1.91974231e+00 
 1.36000016e-01  1.91974231e+00 
 1.36000033e-01  1.91974231e+00 
 1.36000065e-01  1.91974231e+00 
 1.36000131e-01  1.91974231e+00 
 1.36000262e-01  1.91974231e+00 
 1.36000524e-01  1.91974231e+00 
 1.36001049e-01  1.91974231e+00 
 1.36002097e-01  1.91974231e+00 
 1.36004194e-01  1.91974231e+00 
 1.36008389e-01  1.91974231e+00 
 1.36016777e-01  1.91974231e+00 
 1.36033554e-01  1.91974231e+00 
 1.36067109e-01  1.91974231e+00 
 1.36107109e-01  1.91974231e+00 
 1.36147109e-01  1.91974231e+00 
 1.36187109e-01  1.91974231e+00 
 1.36227109e-01  1.91974231e+00 
 1.36267109e-01  1.91974231e+00 
 1.36307109e-01  1.91974231e+00 
 1.36347109e-01  1.91974231e+00 
 1.36387109e-01  1.91974231e+00 
 1.36399999e-01  1.91974231e+00 
 1.36399999e-01  1.91974231e+00 
 1.36399999e-01  1.91974231e+00 
 1.36400000e-01  1.91974231e+00 
 1.36400000e-01  1.91974207e+00 
 1.36400000e-01  1.91974194e+00 
 1.36400000e-01  1.91974168e+00 
 1.36400000e-01  1.91974117e+00 
 1.36400001e-01  1.91974013e+00 
 1.36400002e-01  1.91973806e+00 
 1.36400004e-01  1.91973393e+00 
 1.36400008e-01  1.91972566e+00 
 1.36400016e-01  1.91970913e+00 
 1.36400033e-01  1.91967609e+00 
 1.36400065e-01  1.91961011e+00 
 1.36400131e-01  1.91947856e+00 
 1.36400262e-01  1.91921707e+00 
 1.36400524e-01  1.91870046e+00 
 1.36401049e-01  1.91769222e+00 
 1.36402097e-01  1.91577172e+00 
 1.36404194e-01  1.91228507e+00 
 1.36408389e-01  1.90652391e+00 
 1.36416777e-01  1.89859133e+00 
 1.36433554e-01  1.89091154e+00 
 1.36467109e-01  1.88734480e+00 
 1.36507109e-01  1.88743660e+00 
 1.36547109e-01  1.88742640e+00 
 1.36587109e-01  1.88742753e+00 
 1.36627109e-01  1.88742740e+00 
 1.36667109e-01  1.88742742e+00 
 1.36707109e-01  1.88742742e+00 
 1.36747109e-01  1.88742742e+00 
 1.36787109e-01  1.88742742e+00 
 1.36799999e-01  1.88742742e+00 
 1.36799999e-01  1.88742742e+00 
 1.36799999e-01  1.88742742e+00 
 1.36800000e-01  1.88742742e+00 
 1.36800000e-01  1.88742742e+00 
 1.36800000e-01  1.88742742e+00 
 1.36800000e-01  1.88742742e+00 
 1.36800000e-01  1.88742742e+00 
 1.36800001e-01  1.88742742e+00 
 1.36800002e-01  1.88742742e+00 
 1.36800004e-01  1.88742742e+00 
 1.36800008e-01  1.88742742e+00 
 1.36800016e-01  1.88742742e+00 
 1.36800033e-01  1.88742742e+00 
 1.36800065e-01  1.88742742e+00 
 1.36800131e-01  1.88742742e+00 
 1.36800262e-01  1.88742742e+00 
 1.36800524e-01  1.88742742e+00 
 1.36801049e-01  1.88742742e+00 
 1.36802097e-01  1.88742742e+00 
 1.36804194e-01  1.88742742e+00 
 1.36808389e-01  1.88742742e+00 
 1.36816777e-01  1.88742742e+00 
 1.36833554e-01  1.88742742e+00 
 1.36867109e-01  1.88742742e+00 
 1.36907109e-01  1.88742742e+00 
 1.36947109e-01  1.88742742e+00 
 1.36987109e-01  1.88742742e+00 
 1.37027109e-01  1.88742742e+00 
 1.37067109e-01  1.88742742e+00 
 1.37107109e-01  1.88742742e+00 
 1.37147109e-01  1.88742742e+00 
 1.37187109e-01  1.88742742e+00 
 1.37199999e-01  1.88742742e+00 
 1.37199999e-01  1.88742742e+00 
 1.37199999e-01  1.88742742e+00 
 1.37200000e-01  1.88742742e+00 
 1.37200000e-01  1.88742718e+00 
 1.37200000e-01  1.88742705e+00 
 1.37200000e-01  1.88742680e+00 
 1.37200000e-01  1.88742629e+00 
 1.37200001e-01  1.88742527e+00 
 1.37200002e-01  1.88742323e+00 
 1.37200004e-01  1.88741916e+00 
 1.37200008e-01  1.88741102e+00 
 1.37200016e-01  1.88739475e+00 
 1.37200033e-01  1.88736222e+00 
 1.37200065e-01  1.88729726e+00 
 1.37200131e-01  1.88716775e+00 
 1.37200262e-01  1.88691031e+00 
 1.37200524e-01  1.88640171e+00 
 1.37201049e-01  1.88540909e+00 
 1.37202097e-01  1.88351835e+00 
 1.37204194e-01  1.88008573e+00 
 1.37208389e-01  1.87441385e+00 
 1.37216777e-01  1.86660418e+00 
 1.37233554e-01  1.85904339e+00 
 1.37267109e-01  1.85553192e+00 
 1.37307109e-01  1.85562230e+00 
 1.37347109e-01  1.85561225e+00 
 1.37387109e-01  1.85561337e+00 
 1.37427109e-01  1.85561325e+00 
 1.37467109e-01  1.85561326e+00 
 1.37507109e-01  1.85561326e+00 
 1.37547109e-01  1.85561326e+00 
 1.37587109e-01  1.85561326e+00 
 1.37599999e-01  1.85561326e+00 
 1.37599999e-01  1.85561326e+00 
 1.37599999e-01  1.85561326e+00 
 1.37600000e-01  1.85561326e+00 
 1.37600000e-01  1.85561326e+00 
 1.37600000e-01  1.85561326e+00 
 1.37600000e-01  1.85561326e+00 
 1.37600000e-01  1.85561326e+00 
 1.37600001e-01  1.85561326e+00 
 1.37600002e-01  1.85561326e+00 
 1.37600004e-01  1.85561326e+00 
 1.37600008e-01  1.85561326e+00 
 1.37600016e-01  1.85561326e+00 
 1.37600033e-01  1.85561326e+00 
 1.37600065e-01  1.85561326e+00 
 1.37600131e-01  1.85561326e+00 
 1.37600262e-01  1.85561326e+00 
 1.37600524e-01  1.85561326e+00 
 1.37601049e-01  1.85561326e+00 
 1.37602097e-01  1.85561326e+00 
 1.37604194e-01  1.85561326e+00 
 1.37608389e-01  1.85561326e+00 
 1.37616777e-01  1.85561326e+00 
 1.37633554e-01  1.85561326e+00 
 1.37667109e-01  1.85561326e+00 
 1.37707109e-01  1.85561326e+00 
 1.37747109e-01  1.85561326e+00 
 1.37787109e-01  1.85561326e+00 
 1.37827109e-01  1.85561326e+00 
 1.37867109e-01  1.85561326e+00 
 1.37907109e-01  1.85561326e+00 
 1.37947109e-01  1.85561326e+00 
 1.37987109e-01  1.85561326e+00 
 1.37999999e-01  1.85561326e+00 
 1.37999999e-01  1.85561326e+00 
 1.37999999e-01  1.85561326e+00 
 1.38000000e-01  1.85561326e+00 
 1.38000000e-01  1.85561302e+00 
 1.38000000e-01  1.85561290e+00 
 1.38000000e-01  1.85561265e+00 
 1.38000000e-01  1.85561214e+00 
 1.38000001e-01  1.85561114e+00 
 1.38000002e-01  1.85560913e+00 
 1.38000004e-01  1.85560512e+00 
 1.38000008e-01  1.85559709e+00 
 1.38000016e-01  1.85558103e+00 
 1.38000033e-01  1.85554895e+00 
 1.38000065e-01  1.85548489e+00 
 1.38000131e-01  1.85535715e+00 
 1.38000262e-01  1.85510325e+00 
 1.38000524e-01  1.85460162e+00 
 1.38001049e-01  1.85362263e+00 
 1.38002097e-01  1.85175782e+00 
 1.38004194e-01  1.84837230e+00 
 1.38008389e-01  1.84277824e+00 
 1.38016777e-01  1.83507572e+00 
 1.38033554e-01  1.82761867e+00 
 1.38067109e-01  1.82415538e+00 
 1.38107109e-01  1.82424451e+00 
 1.38147109e-01  1.82423460e+00 
 1.38187109e-01  1.82423571e+00 
 1.38227109e-01  1.82423558e+00 
 1.38267109e-01  1.82423560e+00 
 1.38307109e-01  1.82423560e+00 
 1.38347109e-01  1.82423560e+00 
 1.38387109e-01  1.82423560e+00 
 1.38399999e-01  1.82423560e+00 
 1.38399999e-01  1.82423560e+00 
 1.38399999e-01  1.82423560e+00 
 1.38400000e-01  1.82423560e+00 
 1.38400000e-01  1.82423560e+00 
 1.38400000e-01  1.82423560e+00 
 1.38400000e-01  1.82423560e+00 
 1.38400000e-01  1.82423560e+00 
 1.38400001e-01  1.82423560e+00 
 1.38400002e-01  1.82423560e+00 
 1.38400004e-01  1.82423560e+00 
 1.38400008e-01  1.82423560e+00 
 1.38400016e-01  1.82423560e+00 
 1.38400033e-01  1.82423560e+00 
 1.38400065e-01  1.82423560e+00 
 1.38400131e-01  1.82423560e+00 
 1.38400262e-01  1.82423560e+00 
 1.38400524e-01  1.82423560e+00 
 1.38401049e-01  1.82423560e+00 
 1.38402097e-01  1.82423560e+00 
 1.38404194e-01  1.82423560e+00 
 1.38408389e-01  1.82423560e+00 
 1.38416777e-01  1.82423560e+00 
 1.38433554e-01  1.82423560e+00 
 1.38467109e-01  1.82423560e+00 
 1.38507109e-01  1.82423560e+00 
 1.38547109e-01  1.82423560e+00 
 1.38587109e-01  1.82423560e+00 
 1.38627109e-01  1.82423560e+00 
 1.38667109e-01  1.82423560e+00 
 1.38707109e-01  1.82423560e+00 
 1.38747109e-01  1.82423560e+00 
 1.38787109e-01  1.82423560e+00 
 1.38799999e-01  1.82423560e+00 
 1.38799999e-01  1.82423560e+00 
 1.38799999e-01  1.82423560e+00 
 1.38800000e-01  1.82423560e+00 
 1.38800000e-01  1.82423536e+00 
 1.38800000e-01  1.82423524e+00 
 1.38800000e-01  1.82423499e+00 
 1.38800000e-01  1.82423449e+00 
 1.38800001e-01  1.82423350e+00 
 1.38800002e-01  1.82423152e+00 
 1.38800004e-01  1.82422755e+00 
 1.38800008e-01  1.82421962e+00 
 1.38800016e-01  1.82420376e+00 
 1.38800033e-01  1.82417207e+00 
 1.38800065e-01  1.82410878e+00 
 1.38800131e-01  1.82398259e+00 
 1.38800262e-01  1.82373176e+00 
 1.38800524e-01  1.82323621e+00 
 1.38801049e-01  1.82226907e+00 
 1.38802097e-01  1.82042685e+00 
 1.38804194e-01  1.81708233e+00 
 1.38808389e-01  1.81155600e+00 
 1.38816777e-01  1.80394677e+00 
 1.38833554e-01  1.79658002e+00 
 1.38867109e-01  1.79315867e+00 
 1.38907109e-01  1.79324672e+00 
 1.38947109e-01  1.79323694e+00 
 1.38987109e-01  1.79323802e+00 
 1.39027109e-01  1.79323790e+00 
 1.39067109e-01  1.79323792e+00 
 1.39107109e-01  1.79323791e+00 
 1.39147109e-01  1.79323791e+00 
 1.39187109e-01  1.79323791e+00 
 1.39199999e-01  1.79323791e+00 
 1.39199999e-01  1.79323791e+00 
 1.39199999e-01  1.79323791e+00 
 1.39200000e-01  1.79323791e+00 
 1.39200000e-01  1.79323791e+00 
 1.39200000e-01  1.79323791e+00 
 1.39200000e-01  1.79323791e+00 
 1.39200000e-01  1.79323791e+00 
 1.39200001e-01  1.79323791e+00 
 1.39200002e-01  1.79323791e+00 
 1.39200004e-01  1.79323791e+00 
 1.39200008e-01  1.79323791e+00 
 1.39200016e-01  1.79323791e+00 
 1.39200033e-01  1.79323791e+00 
 1.39200065e-01  1.79323791e+00 
 1.39200131e-01  1.79323791e+00 
 1.39200262e-01  1.79323791e+00 
 1.39200524e-01  1.79323791e+00 
 1.39201049e-01  1.79323791e+00 
 1.39202097e-01  1.79323791e+00 
 1.39204194e-01  1.79323791e+00 
 1.39208389e-01  1.79323791e+00 
 1.39216777e-01  1.79323791e+00 
 1.39233554e-01  1.79323791e+00 
 1.39267109e-01  1.79323791e+00 
 1.39307109e-01  1.79323791e+00 
 1.39347109e-01  1.79323791e+00 
 1.39387109e-01  1.79323791e+00 
 1.39427109e-01  1.79323791e+00 
 1.39467109e-01  1.79323791e+00 
 1.39507109e-01  1.79323791e+00 
 1.39547109e-01  1.79323791e+00 
 1.39587109e-01  1.79323791e+00 
 1.39599999e-01  1.79323791e+00 
 1.39599999e-01  1.79323791e+00 
 1.39599999e-01  1.79323791e+00 
 1.39600000e-01  1.79323791e+00 
 1.39600000e-01  1.79323768e+00 
 1.39600000e-01  1.79323756e+00 
 1.39600000e-01  1.79323732e+00 
 1.39600000e-01  1.79323683e+00 
 1.39600001e-01  1.79323585e+00 
 1.39600002e-01  1.79323388e+00 
 1.39600004e-01  1.79322996e+00 
 1.39600008e-01  1.79322211e+00 
 1.39600016e-01  1.79320642e+00 
 1.39600033e-01  1.79317507e+00 
 1.39600065e-01  1.79311245e+00 
 1.39600131e-01  1.79298761e+00 
 1.39600262e-01  1.79273945e+00 
 1.39600524e-01  1.79224918e+00 
 1.39601049e-01  1.79129235e+00 
 1.39602097e-01  1.78946977e+00 
 1.39604194e-01  1.78616090e+00 
 1.39608389e-01  1.78069349e+00 
 1.39616777e-01  1.77316537e+00 
 1.39633554e-01  1.76587715e+00 
 1.39667109e-01  1.76249227e+00 
 1.39707109e-01  1.76257939e+00 
 1.39747109e-01  1.76256971e+00 
 1.39787109e-01  1.76257079e+00 
 1.39827109e-01  1.76257067e+00 
 1.39867109e-01  1.76257068e+00 
 1.39907109e-01  1.76257068e+00 
 1.39947109e-01  1.76257068e+00 
 1.39987109e-01  1.76257068e+00 
 1.39999999e-01  1.76257068e+00 
 1.39999999e-01  1.76257068e+00 
 1.39999999e-01  1.76257068e+00 
 1.40000000e-01  1.76257068e+00 
 1.40000000e-01  1.76257068e+00 
 1.40000000e-01  1.76257068e+00 
 1.40000000e-01  1.76257068e+00 
 1.40000000e-01  1.76257068e+00 
 1.40000001e-01  1.76257068e+00 
 1.40000002e-01  1.76257068e+00 
 1.40000004e-01  1.76257068e+00 
 1.40000008e-01  1.76257068e+00 
 1.40000016e-01  1.76257068e+00 
 1.40000033e-01  1.76257068e+00 
 1.40000065e-01  1.76257068e+00 
 1.40000131e-01  1.76257068e+00 
 1.40000262e-01  1.76257068e+00 
 1.40000524e-01  1.76257068e+00 
 1.40001049e-01  1.76257068e+00 
 1.40002097e-01  1.76257068e+00 
 1.40004194e-01  1.76257068e+00 
 1.40008389e-01  1.76257068e+00 
 1.40016777e-01  1.76257068e+00 
 1.40033554e-01  1.76257068e+00 
 1.40067109e-01  1.76257068e+00 
 1.40107109e-01  1.76257068e+00 
 1.40147109e-01  1.76257068e+00 
 1.40187109e-01  1.76257068e+00 
 1.40227109e-01  1.76257068e+00 
 1.40267109e-01  1.76257068e+00 
 1.40307109e-01  1.76257068e+00 
 1.40347109e-01  1.76257068e+00 
 1.40387109e-01  1.76257068e+00 
 1.40399999e-01  1.76257068e+00 
 1.40399999e-01  1.76257068e+00 
 1.40399999e-01  1.76257068e+00 
 1.40400000e-01  1.76257068e+00 
 1.40400000e-01  1.76257045e+00 
 1.40400000e-01  1.76257033e+00 
 1.40400000e-01  1.76257009e+00 
 1.40400000e-01  1.76256960e+00 
 1.40400001e-01  1.76256863e+00 
 1.40400002e-01  1.76256668e+00 
 1.40400004e-01  1.76256280e+00 
 1.40400008e-01  1.76255502e+00 
 1.40400016e-01  1.76253948e+00 
 1.40400033e-01  1.76250842e+00 
 1.40400065e-01  1.76244639e+00 
 1.40400131e-01  1.76232271e+00 
 1.40400262e-01  1.76207688e+00 
 1.40400524e-01  1.76159120e+00 
 1.40401049e-01  1.76064333e+00 
 1.40402097e-01  1.75883781e+00 
 1.40404194e-01  1.75555992e+00 
 1.40408389e-01  1.75014369e+00 
 1.40416777e-01  1.74268604e+00 
 1.40433554e-01  1.73546606e+00 
 1.40467109e-01  1.73211287e+00 
 1.40507109e-01  1.73219917e+00 
 1.40547109e-01  1.73218958e+00 
 1.40587109e-01  1.73219064e+00 
 1.40627109e-01  1.73219052e+00 
 1.40667109e-01  1.73219054e+00 
 1.40707109e-01  1.73219054e+00 
 1.40747109e-01  1.73219054e+00 
 1.40787109e-01  1.73219054e+00 
 1.40799999e-01  1.73219054e+00 
 1.40799999e-01  1.73219054e+00 
 1.40799999e-01  1.73219054e+00 
 1.40800000e-01  1.73219054e+00 
 1.40800000e-01  1.73219054e+00 
 1.40800000e-01  1.73219054e+00 
 1.40800000e-01  1.73219054e+00 
 1.40800000e-01  1.73219054e+00 
 1.40800001e-01  1.73219054e+00 
 1.40800002e-01  1.73219054e+00 
 1.40800004e-01  1.73219054e+00 
 1.40800008e-01  1.73219054e+00 
 1.40800016e-01  1.73219054e+00 
 1.40800033e-01  1.73219054e+00 
 1.40800065e-01  1.73219054e+00 
 1.40800131e-01  1.73219054e+00 
 1.40800262e-01  1.73219054e+00 
 1.40800524e-01  1.73219054e+00 
 1.40801049e-01  1.73219054e+00 
 1.40802097e-01  1.73219054e+00 
 1.40804194e-01  1.73219054e+00 
 1.40808389e-01  1.73219054e+00 
 1.40816777e-01  1.73219054e+00 
 1.40833554e-01  1.73219054e+00 
 1.40867109e-01  1.73219054e+00 
 1.40907109e-01  1.73219054e+00 
 1.40947109e-01  1.73219054e+00 
 1.40987109e-01  1.73219054e+00 
 1.41027109e-01  1.73219054e+00 
 1.41067109e-01  1.73219054e+00 
 1.41107109e-01  1.73219054e+00 
 1.41147109e-01  1.73219054e+00 
 1.41187109e-01  1.73219054e+00 
 1.41199999e-01  1.73219054e+00 
 1.41199999e-01  1.73219054e+00 
 1.41199999e-01  1.73219054e+00 
 1.41200000e-01  1.73219054e+00 
 1.41200000e-01  1.73219031e+00 
 1.41200000e-01  1.73219019e+00 
 1.41200000e-01  1.73218995e+00 
 1.41200000e-01  1.73218947e+00 
 1.41200001e-01  1.73218850e+00 
 1.41200002e-01  1.73218657e+00 
 1.41200004e-01  1.73218272e+00 
 1.41200008e-01  1.73217501e+00 
 1.41200016e-01  1.73215959e+00 
 1.41200033e-01  1.73212879e+00 
 1.41200065e-01  1.73206727e+00 
 1.41200131e-01  1.73194461e+00 
 1.41200262e-01  1.73170079e+00 
 1.41200524e-01  1.73121909e+00 
 1.41201049e-01  1.73027900e+00 
 1.41202097e-01  1.72848829e+00 
 1.41204194e-01  1.72523729e+00 
 1.41208389e-01  1.71986549e+00 
 1.41216777e-01  1.71246902e+00 
 1.41233554e-01  1.70530826e+00 
 1.41267109e-01  1.70198257e+00 
 1.41307109e-01  1.70206816e+00 
 1.41347109e-01  1.70205865e+00 
 1.41387109e-01  1.70205971e+00 
 1.41427109e-01  1.70205959e+00 
 1.41467109e-01  1.70205961e+00 
 1.41507109e-01  1.70205960e+00 
 1.41547109e-01  1.70205960e+00 
 1.41587109e-01  1.70205960e+00 
 1.41599999e-01  1.70205960e+00 
 1.41599999e-01  1.70205960e+00 
 1.41599999e-01  1.70205960e+00 
 1.41600000e-01  1.70205960e+00 
 1.41600000e-01  1.70205960e+00 
 1.41600000e-01  1.70205960e+00 
 1.41600000e-01  1.70205960e+00 
 1.41600000e-01  1.70205960e+00 
 1.41600001e-01  1.70205960e+00 
 1.41600002e-01  1.70205960e+00 
 1.41600004e-01  1.70205960e+00 
 1.41600008e-01  1.70205960e+00 
 1.41600016e-01  1.70205960e+00 
 1.41600033e-01  1.70205960e+00 
 1.41600065e-01  1.70205960e+00 
 1.41600131e-01  1.70205960e+00 
 1.41600262e-01  1.70205960e+00 
 1.41600524e-01  1.70205960e+00 
 1.41601049e-01  1.70205960e+00 
 1.41602097e-01  1.70205960e+00 
 1.41604194e-01  1.70205960e+00 
 1.41608389e-01  1.70205960e+00 
 1.41616777e-01  1.70205960e+00 
 1.41633554e-01  1.70205960e+00 
 1.41667109e-01  1.70205960e+00 
 1.41707109e-01  1.70205960e+00 
 1.41747109e-01  1.70205960e+00 
 1.41787109e-01  1.70205960e+00 
 1.41827109e-01  1.70205960e+00 
 1.41867109e-01  1.70205960e+00 
 1.41907109e-01  1.70205960e+00 
 1.41947109e-01  1.70205960e+00 
 1.41987109e-01  1.70205960e+00 
 1.41999999e-01  1.70205960e+00 
 1.41999999e-01  1.70205960e+00 
 1.41999999e-01  1.70205960e+00 
 1.42000000e-01  1.70205960e+00 
 1.42000000e-01  1.70205938e+00 
 1.42000000e-01  1.70205926e+00 
 1.42000000e-01  1.70205902e+00 
 1.42000000e-01  1.70205854e+00 
 1.42000001e-01  1.70205759e+00 
 1.42000002e-01  1.70205567e+00 
 1.42000004e-01  1.70205184e+00 
 1.42000008e-01  1.70204419e+00 
 1.42000016e-01  1.70202888e+00 
 1.42000033e-01  1.70199830e+00 
 1.42000065e-01  1.70193722e+00 
 1.42000131e-01  1.70181544e+00 
 1.42000262e-01  1.70157337e+00 
 1.42000524e-01  1.70109513e+00 
 1.42001049e-01  1.70016178e+00 
 1.42002097e-01  1.69838391e+00 
 1.42004194e-01  1.69515623e+00 
 1.42008389e-01  1.68982297e+00 
 1.42016777e-01  1.68247956e+00 
 1.42033554e-01  1.67537016e+00 
 1.42067109e-01  1.67206834e+00 
 1.42107109e-01  1.67215331e+00 
 1.42147109e-01  1.67214387e+00 
 1.42187109e-01  1.67214492e+00 
 1.42227109e-01  1.67214480e+00 
 1.42267109e-01  1.67214482e+00 
 1.42307109e-01  1.67214482e+00 
 1.42347109e-01  1.67214482e+00 
 1.42387109e-01  1.67214482e+00 
 1.42399999e-01  1.67214482e+00 
 1.42399999e-01  1.67214482e+00 
 1.42399999e-01  1.67214482e+00 
 1.42400000e-01  1.67214482e+00 
 1.42400000e-01  1.67214482e+00 
 1.42400000e-01  1.67214482e+00 
 1.42400000e-01  1.67214482e+00 
 1.42400000e-01  1.67214482e+00 
 1.42400001e-01  1.67214482e+00 
 1.42400002e-01  1.67214482e+00 
 1.42400004e-01  1.67214482e+00 
 1.42400008e-01  1.67214482e+00 
 1.42400016e-01  1.67214482e+00 
 1.42400033e-01  1.67214482e+00 
 1.42400065e-01  1.67214482e+00 
 1.42400131e-01  1.67214482e+00 
 1.42400262e-01  1.67214482e+00 
 1.42400524e-01  1.67214482e+00 
 1.42401049e-01  1.67214482e+00 
 1.42402097e-01  1.67214482e+00 
 1.42404194e-01  1.67214482e+00 
 1.42408389e-01  1.67214482e+00 
 1.42416777e-01  1.67214482e+00 
 1.42433554e-01  1.67214482e+00 
 1.42467109e-01  1.67214482e+00 
 1.42507109e-01  1.67214482e+00 
 1.42547109e-01  1.67214482e+00 
 1.42587109e-01  1.67214482e+00 
 1.42627109e-01  1.67214482e+00 
 1.42667109e-01  1.67214482e+00 
 1.42707109e-01  1.67214482e+00 
 1.42747109e-01  1.67214482e+00 
 1.42787109e-01  1.67214482e+00 
 1.42799999e-01  1.67214482e+00 
 1.42799999e-01  1.67214482e+00 
 1.42799999e-01  1.67214482e+00 
 1.42800000e-01  1.67214482e+00 
 1.42800000e-01  1.67214459e+00 
 1.42800000e-01  1.67214447e+00 
 1.42800000e-01  1.67214424e+00 
 1.42800000e-01  1.67214376e+00 
 1.42800001e-01  1.67214281e+00 
 1.42800002e-01  1.67214091e+00 
 1.42800004e-01  1.67213710e+00 
 1.42800008e-01  1.67212949e+00 
 1.42800016e-01  1.67211429e+00 
 1.42800033e-01  1.67208389e+00 
 1.42800065e-01  1.67202320e+00 
 1.42800131e-01  1.67190218e+00 
 1.42800262e-01  1.67166162e+00 
 1.42800524e-01  1.67118638e+00 
 1.42801049e-01  1.67025887e+00 
 1.42802097e-01  1.66849214e+00 
 1.42804194e-01  1.66528467e+00 
 1.42808389e-01  1.65998481e+00 
 1.42816777e-01  1.65268738e+00 
 1.42833554e-01  1.64562251e+00 
 1.42867109e-01  1.64234136e+00 
 1.42907109e-01  1.64242581e+00 
 1.42947109e-01  1.64241642e+00 
 1.42987109e-01  1.64241747e+00 
 1.43027109e-01  1.64241735e+00 
 1.43067109e-01  1.64241736e+00 
 1.43107109e-01  1.64241736e+00 
 1.43147109e-01  1.64241736e+00 
 1.43187109e-01  1.64241736e+00 
 1.43199999e-01  1.64241736e+00 
 1.43199999e-01  1.64241736e+00 
 1.43199999e-01  1.64241736e+00 
 1.43200000e-01  1.64241736e+00 
 1.43200000e-01  1.64241736e+00 
 1.43200000e-01  1.64241736e+00 
 1.43200000e-01  1.64241736e+00 
 1.43200000e-01  1.64241736e+00 
 1.43200001e-01  1.64241736e+00 
 1.43200002e-01  1.64241736e+00 
 1.43200004e-01  1.64241736e+00 
 1.43200008e-01  1.64241736e+00 
 1.43200016e-01  1.64241736e+00 
 1.43200033e-01  1.64241736e+00 
 1.43200065e-01  1.64241736e+00 
 1.43200131e-01  1.64241736e+00 
 1.43200262e-01  1.64241736e+00 
 1.43200524e-01  1.64241736e+00 
 1.43201049e-01  1.64241736e+00 
 1.43202097e-01  1.64241736e+00 
 1.43204194e-01  1.64241736e+00 
 1.43208389e-01  1.64241736e+00 
 1.43216777e-01  1.64241736e+00 
 1.43233554e-01  1.64241736e+00 
 1.43267109e-01  1.64241736e+00 
 1.43307109e-01  1.64241736e+00 
 1.43347109e-01  1.64241736e+00 
 1.43387109e-01  1.64241736e+00 
 1.43427109e-01  1.64241736e+00 
 1.43467109e-01  1.64241736e+00 
 1.43507109e-01  1.64241736e+00 
 1.43547109e-01  1.64241736e+00 
 1.43587109e-01  1.64241736e+00 
 1.43599999e-01  1.64241736e+00 
 1.43599999e-01  1.64241736e+00 
 1.43599999e-01  1.64241736e+00 
 1.43600000e-01  1.64241736e+00 
 1.43600000e-01  1.64241714e+00 
 1.43600000e-01  1.64241702e+00 
 1.43600000e-01  1.64241678e+00 
 1.43600000e-01  1.64241631e+00 
 1.43600001e-01  1.64241537e+00 
 1.43600002e-01  1.64241347e+00 
 1.43600004e-01  1.64240969e+00 
 1.43600008e-01  1.64240212e+00 
 1.43600016e-01  1.64238700e+00 
 1.43600033e-01  1.64235677e+00 
 1.43600065e-01  1.64229641e+00 
 1.43600131e-01  1.64217605e+00 
 1.43600262e-01  1.64193681e+00 
 1.43600524e-01  1.64146416e+00 
 1.43601049e-01  1.64054172e+00 
 1.43602097e-01  1.63878464e+00 
 1.43604194e-01  1.63559468e+00 
 1.43608389e-01  1.63032375e+00 
 1.43616777e-01  1.62306618e+00 
 1.43633554e-01  1.61603988e+00 
 1.43667109e-01  1.61277665e+00 
 1.43707109e-01  1.61286063e+00 
 1.43747109e-01  1.61285130e+00 
 1.43787109e-01  1.61285233e+00 
 1.43827109e-01  1.61285222e+00 
 1.43867109e-01  1.61285223e+00 
 1.43907109e-01  1.61285223e+00 
 1.43947109e-01  1.61285223e+00 
 1.43987109e-01  1.61285223e+00 
 1.43999999e-01  1.61285223e+00 
 1.43999999e-01  1.61285223e+00 
 1.43999999e-01  1.61285223e+00 
 1.44000000e-01  1.61285223e+00 
 1.44000000e-01  1.61285223e+00 
 1.44000000e-01  1.61285223e+00 
 1.44000000e-01  1.61285223e+00 
 1.44000000e-01  1.61285223e+00 
 1.44000001e-01  1.61285223e+00 
 1.44000002e-01  1.61285223e+00 
 1.44000004e-01  1.61285223e+00 
 1.44000008e-01  1.61285223e+00 
 1.44000016e-01  1.61285223e+00 
 1.44000033e-01  1.61285223e+00 
 1.44000065e-01  1.61285223e+00 
 1.44000131e-01  1.61285223e+00 
 1.44000262e-01  1.61285223e+00 
 1.44000524e-01  1.61285223e+00 
 1.44001049e-01  1.61285223e+00 
 1.44002097e-01  1.61285223e+00 
 1.44004194e-01  1.61285223e+00 
 1.44008389e-01  1.61285223e+00 
 1.44016777e-01  1.61285223e+00 
 1.44033554e-01  1.61285223e+00 
 1.44067109e-01  1.61285223e+00 
 1.44107109e-01  1.61285223e+00 
 1.44147109e-01  1.61285223e+00 
 1.44187109e-01  1.61285223e+00 
 1.44227109e-01  1.61285223e+00 
 1.44267109e-01  1.61285223e+00 
 1.44307109e-01  1.61285223e+00 
 1.44347109e-01  1.61285223e+00 
 1.44387109e-01  1.61285223e+00 
 1.44399999e-01  1.61285223e+00 
 1.44399999e-01  1.61285223e+00 
 1.44399999e-01  1.61285223e+00 
 1.44400000e-01  1.61285223e+00 
 1.44400000e-01  1.61285201e+00 
 1.44400000e-01  1.61285189e+00 
 1.44400000e-01  1.61285166e+00 
 1.44400000e-01  1.61285119e+00 
 1.44400001e-01  1.61285024e+00 
 1.44400002e-01  1.61284836e+00 
 1.44400004e-01  1.61284460e+00 
 1.44400008e-01  1.61283707e+00 
 1.44400016e-01  1.61282201e+00 
 1.44400033e-01  1.61279193e+00 
 1.44400065e-01  1.61273185e+00 
 1.44400131e-01  1.61261207e+00 
 1.44400262e-01  1.61237397e+00 
 1.44400524e-01  1.61190357e+00 
 1.44401049e-01  1.61098551e+00 
 1.44402097e-01  1.60923680e+00 
 1.44404194e-01  1.60606203e+00 
 1.44408389e-01  1.60081619e+00 
 1.44416777e-01  1.59359316e+00 
 1.44433554e-01  1.58660030e+00 
 1.44467109e-01  1.58335260e+00 
 1.44507109e-01  1.58343619e+00 
 1.44547109e-01  1.58342690e+00 
 1.44587109e-01  1.58342793e+00 
 1.44627109e-01  1.58342782e+00 
 1.44667109e-01  1.58342783e+00 
 1.44707109e-01  1.58342783e+00 
 1.44747109e-01  1.58342783e+00 
 1.44787109e-01  1.58342783e+00 
 1.44799999e-01  1.58342783e+00 
 1.44799999e-01  1.58342783e+00 
 1.44799999e-01  1.58342783e+00 
 1.44800000e-01  1.58342783e+00 
 1.44800000e-01  1.58342783e+00 
 1.44800000e-01  1.58342783e+00 
 1.44800000e-01  1.58342783e+00 
 1.44800000e-01  1.58342783e+00 
 1.44800001e-01  1.58342783e+00 
 1.44800002e-01  1.58342783e+00 
 1.44800004e-01  1.58342783e+00 
 1.44800008e-01  1.58342783e+00 
 1.44800016e-01  1.58342783e+00 
 1.44800033e-01  1.58342783e+00 
 1.44800065e-01  1.58342783e+00 
 1.44800131e-01  1.58342783e+00 
 1.44800262e-01  1.58342783e+00 
 1.44800524e-01  1.58342783e+00 
 1.44801049e-01  1.58342783e+00 
 1.44802097e-01  1.58342783e+00 
 1.44804194e-01  1.58342783e+00 
 1.44808389e-01  1.58342783e+00 
 1.44816777e-01  1.58342783e+00 
 1.44833554e-01  1.58342783e+00 
 1.44867109e-01  1.58342783e+00 
 1.44907109e-01  1.58342783e+00 
 1.44947109e-01  1.58342783e+00 
 1.44987109e-01  1.58342783e+00 
 1.45027109e-01  1.58342783e+00 
 1.45067109e-01  1.58342783e+00 
 1.45107109e-01  1.58342783e+00 
 1.45147109e-01  1.58342783e+00 
 1.45187109e-01  1.58342783e+00 
 1.45199999e-01  1.58342783e+00 
 1.45199999e-01  1.58342783e+00 
 1.45199999e-01  1.58342783e+00 
 1.45200000e-01  1.58342783e+00 
 1.45200000e-01  1.58342761e+00 
 1.45200000e-01  1.58342749e+00 
 1.45200000e-01  1.58342726e+00 
 1.45200000e-01  1.58342679e+00 
 1.45200001e-01  1.58342585e+00 
 1.45200002e-01  1.58342398e+00 
 1.45200004e-01  1.58342023e+00 
 1.45200008e-01  1.58341273e+00 
 1.45200016e-01  1.58339774e+00 
 1.45200033e-01  1.58336778e+00 
 1.45200065e-01  1.58330795e+00 
 1.45200131e-01  1.58318866e+00 
 1.45200262e-01  1.58295155e+00 
 1.45200524e-01  1.58248310e+00 
 1.45201049e-01  1.58156887e+00 
 1.45202097e-01  1.57982741e+00 
 1.45204194e-01  1.57666583e+00 
 1.45208389e-01  1.57144178e+00 
 1.45216777e-01  1.56424875e+00 
 1.45233554e-01  1.55728495e+00 
 1.45267109e-01  1.55405074e+00 
 1.45307109e-01  1.55413398e+00 
 1.45347109e-01  1.55412473e+00 
 1.45387109e-01  1.55412576e+00 
 1.45427109e-01  1.55412564e+00 
 1.45467109e-01  1.55412565e+00 
 1.45507109e-01  1.55412565e+00 
 1.45547109e-01  1.55412565e+00 
 1.45587109e-01  1.55412565e+00 
 1.45599999e-01  1.55412565e+00 
 1.45599999e-01  1.55412565e+00 
 1.45599999e-01  1.55412565e+00 
 1.45600000e-01  1.55412565e+00 
 1.45600000e-01  1.55412565e+00 
 1.45600000e-01  1.55412565e+00 
 1.45600000e-01  1.55412565e+00 
 1.45600000e-01  1.55412565e+00 
 1.45600001e-01  1.55412565e+00 
 1.45600002e-01  1.55412565e+00 
 1.45600004e-01  1.55412565e+00 
 1.45600008e-01  1.55412565e+00 
 1.45600016e-01  1.55412565e+00 
 1.45600033e-01  1.55412565e+00 
 1.45600065e-01  1.55412565e+00 
 1.45600131e-01  1.55412565e+00 
 1.45600262e-01  1.55412565e+00 
 1.45600524e-01  1.55412565e+00 
 1.45601049e-01  1.55412565e+00 
 1.45602097e-01  1.55412565e+00 
 1.45604194e-01  1.55412565e+00 
 1.45608389e-01  1.55412565e+00 
 1.45616777e-01  1.55412565e+00 
 1.45633554e-01  1.55412565e+00 
 1.45667109e-01  1.55412565e+00 
 1.45707109e-01  1.55412565e+00 
 1.45747109e-01  1.55412565e+00 
 1.45787109e-01  1.55412565e+00 
 1.45827109e-01  1.55412565e+00 
 1.45867109e-01  1.55412565e+00 
 1.45907109e-01  1.55412565e+00 
 1.45947109e-01  1.55412565e+00 
 1.45987109e-01  1.55412565e+00 
 1.45999999e-01  1.55412565e+00 
 1.45999999e-01  1.55412565e+00 
 1.45999999e-01  1.55412565e+00 
 1.46000000e-01  1.55412565e+00 
 1.46000000e-01  1.55412543e+00 
 1.46000000e-01  1.55412532e+00 
 1.46000000e-01  1.55412508e+00 
 1.46000000e-01  1.55412462e+00 
 1.46000001e-01  1.55412368e+00 
 1.46000002e-01  1.55412181e+00 
 1.46000004e-01  1.55411808e+00 
 1.46000008e-01  1.55411061e+00 
 1.46000016e-01  1.55409567e+00 
 1.46000033e-01  1.55406582e+00 
 1.46000065e-01  1.55400621e+00 
 1.46000131e-01  1.55388736e+00 
 1.46000262e-01  1.55365111e+00 
 1.46000524e-01  1.55318437e+00 
 1.46001049e-01  1.55227345e+00 
 1.46002097e-01  1.55053833e+00 
 1.46004194e-01  1.54738825e+00 
 1.46008389e-01  1.54218320e+00 
 1.46016777e-01  1.53501633e+00 
 1.46033554e-01  1.52807786e+00 
 1.46067109e-01  1.52485541e+00 
 1.46107109e-01  1.52493835e+00 
 1.46147109e-01  1.52492913e+00 
 1.46187109e-01  1.52493015e+00 
 1.46227109e-01  1.52493004e+00 
 1.46267109e-01  1.52493005e+00 
 1.46307109e-01  1.52493005e+00 
 1.46347109e-01  1.52493005e+00 
 1.46387109e-01  1.52493005e+00 
 1.46399999e-01  1.52493005e+00 
 1.46399999e-01  1.52493005e+00 
 1.46399999e-01  1.52493005e+00 
 1.46400000e-01  1.52493005e+00 
 1.46400000e-01  1.52493005e+00 
 1.46400000e-01  1.52493005e+00 
 1.46400000e-01  1.52493005e+00 
 1.46400000e-01  1.52493005e+00 
 1.46400001e-01  1.52493005e+00 
 1.46400002e-01  1.52493005e+00 
 1.46400004e-01  1.52493005e+00 
 1.46400008e-01  1.52493005e+00 
 1.46400016e-01  1.52493005e+00 
 1.46400033e-01  1.52493005e+00 
 1.46400065e-01  1.52493005e+00 
 1.46400131e-01  1.52493005e+00 
 1.46400262e-01  1.52493005e+00 
 1.46400524e-01  1.52493005e+00 
 1.46401049e-01  1.52493005e+00 
 1.46402097e-01  1.52493005e+00 
 1.46404194e-01  1.52493005e+00 
 1.46408389e-01  1.52493005e+00 
 1.46416777e-01  1.52493005e+00 
 1.46433554e-01  1.52493005e+00 
 1.46467109e-01  1.52493005e+00 
 1.46507109e-01  1.52493005e+00 
 1.46547109e-01  1.52493005e+00 
 1.46587109e-01  1.52493005e+00 
 1.46627109e-01  1.52493005e+00 
 1.46667109e-01  1.52493005e+00 
 1.46707109e-01  1.52493005e+00 
 1.46747109e-01  1.52493005e+00 
 1.46787109e-01  1.52493005e+00 
 1.46799999e-01  1.52493005e+00 
 1.46799999e-01  1.52493005e+00 
 1.46799999e-01  1.52493005e+00 
 1.46800000e-01  1.52493005e+00 
 1.46800000e-01  1.52492983e+00 
 1.46800000e-01  1.52492972e+00 
 1.46800000e-01  1.52492948e+00 
 1.46800000e-01  1.52492902e+00 
 1.46800001e-01  1.52492809e+00 
 1.46800002e-01  1.52492623e+00 
 1.46800004e-01  1.52492250e+00 
 1.46800008e-01  1.52491505e+00 
 1.46800016e-01  1.52490017e+00 
 1.46800033e-01  1.52487041e+00 
 1.46800065e-01  1.52481099e+00 
 1.46800131e-01  1.52469252e+00 
 1.46800262e-01  1.52445703e+00 
 1.46800524e-01  1.52399178e+00 
 1.46801049e-01  1.52308379e+00 
 1.46802097e-01  1.52135423e+00 
 1.46804194e-01  1.51821424e+00 
 1.46808389e-01  1.51302587e+00 
 1.46816777e-01  1.50588197e+00 
 1.46833554e-01  1.49896573e+00 
 1.46867109e-01  1.49575361e+00 
 1.46907109e-01  1.49583627e+00 
 1.46947109e-01  1.49582709e+00 
 1.46987109e-01  1.49582811e+00 
 1.47027109e-01  1.49582800e+00 
 1.47067109e-01  1.49582801e+00 
 1.47107109e-01  1.49582801e+00 
 1.47147109e-01  1.49582801e+00 
 1.47187109e-01  1.49582801e+00 
 1.47199999e-01  1.49582801e+00 
 1.47199999e-01  1.49582801e+00 
 1.47199999e-01  1.49582801e+00 
 1.47200000e-01  1.49582801e+00 
 1.47200000e-01  1.49582801e+00 
 1.47200000e-01  1.49582801e+00 
 1.47200000e-01  1.49582801e+00 
 1.47200000e-01  1.49582801e+00 
 1.47200001e-01  1.49582801e+00 
 1.47200002e-01  1.49582801e+00 
 1.47200004e-01  1.49582801e+00 
 1.47200008e-01  1.49582801e+00 
 1.47200016e-01  1.49582801e+00 
 1.47200033e-01  1.49582801e+00 
 1.47200065e-01  1.49582801e+00 
 1.47200131e-01  1.49582801e+00 
 1.47200262e-01  1.49582801e+00 
 1.47200524e-01  1.49582801e+00 
 1.47201049e-01  1.49582801e+00 
 1.47202097e-01  1.49582801e+00 
 1.47204194e-01  1.49582801e+00 
 1.47208389e-01  1.49582801e+00 
 1.47216777e-01  1.49582801e+00 
 1.47233554e-01  1.49582801e+00 
 1.47267109e-01  1.49582801e+00 
 1.47304706e-01  1.49582801e+00 
 1.47344706e-01  1.49582801e+00 
 1.47384706e-01  1.49582801e+00 
 1.47424706e-01  1.49582801e+00 
 1.47464706e-01  1.49582801e+00 
 1.47504706e-01  1.49582801e+00 
 1.47544706e-01  1.49582801e+00 
 1.47584706e-01  1.49582801e+00 
 1.47599999e-01  1.49582801e+00 
 1.47599999e-01  1.49582801e+00 
 1.47599999e-01  1.49582801e+00 
 1.47600000e-01  1.49582801e+00 
 1.47600000e-01  1.49582779e+00 
 1.47600000e-01  1.49582767e+00 
 1.47600000e-01  1.49582744e+00 
 1.47600000e-01  1.49582698e+00 
 1.47600001e-01  1.49582605e+00 
 1.47600002e-01  1.49582419e+00 
 1.47600004e-01  1.49582048e+00 
 1.47600008e-01  1.49581305e+00 
 1.47600016e-01  1.49579821e+00 
 1.47600033e-01  1.49576854e+00 
 1.47600065e-01  1.49570929e+00 
 1.47600131e-01  1.49559115e+00 
 1.47600262e-01  1.49535633e+00 
 1.47600524e-01  1.49489241e+00 
 1.47601049e-01  1.49398701e+00 
 1.47602097e-01  1.49226238e+00 
 1.47604194e-01  1.48913135e+00 
 1.47608389e-01  1.48395778e+00 
 1.47616777e-01  1.47683425e+00 
 1.47633554e-01  1.46993774e+00 
 1.47667109e-01  1.46673478e+00 
 1.47704706e-01  1.46681494e+00 
 1.47744706e-01  1.46680831e+00 
 1.47784706e-01  1.46680904e+00 
 1.47824706e-01  1.46680896e+00 
 1.47864706e-01  1.46680897e+00 
 1.47904706e-01  1.46680897e+00 
 1.47944706e-01  1.46680897e+00 
 1.47984706e-01  1.46680897e+00 
 1.47999999e-01  1.46680897e+00 
 1.47999999e-01  1.46680897e+00 
 1.47999999e-01  1.46680897e+00 
 1.48000000e-01  1.46680897e+00 
 1.48000000e-01  1.46680897e+00 
 1.48000000e-01  1.46680897e+00 
 1.48000000e-01  1.46680897e+00 
 1.48000000e-01  1.46680897e+00 
 1.48000001e-01  1.46680897e+00 
 1.48000002e-01  1.46680897e+00 
 1.48000004e-01  1.46680897e+00 
 1.48000008e-01  1.46680897e+00 
 1.48000016e-01  1.46680897e+00 
 1.48000033e-01  1.46680897e+00 
 1.48000065e-01  1.46680897e+00 
 1.48000131e-01  1.46680897e+00 
 1.48000262e-01  1.46680897e+00 
 1.48000524e-01  1.46680897e+00 
 1.48001049e-01  1.46680897e+00 
 1.48002097e-01  1.46680897e+00 
 1.48004194e-01  1.46680897e+00 
 1.48008389e-01  1.46680897e+00 
 1.48016777e-01  1.46680897e+00 
 1.48033554e-01  1.46680897e+00 
 1.48064591e-01  1.46680897e+00 
 1.48098396e-01  1.46680897e+00 
 1.48138396e-01  1.46680897e+00 
 1.48178396e-01  1.46680897e+00 
 1.48218396e-01  1.46680897e+00 
 1.48258396e-01  1.46680897e+00 
 1.48298396e-01  1.46680897e+00 
 1.48338396e-01  1.46680897e+00 
 1.48378396e-01  1.46680897e+00 
 1.48399999e-01  1.46680897e+00 
 1.48399999e-01  1.46680897e+00 
 1.48399999e-01  1.46680897e+00 
 1.48400000e-01  1.46680897e+00 
 1.48400000e-01  1.46680875e+00 
 1.48400000e-01  1.46680864e+00 
 1.48400000e-01  1.46680841e+00 
 1.48400000e-01  1.46680794e+00 
 1.48400001e-01  1.46680702e+00 
 1.48400002e-01  1.46680516e+00 
 1.48400004e-01  1.46680146e+00 
 1.48400008e-01  1.46679405e+00 
 1.48400016e-01  1.46677925e+00 
 1.48400033e-01  1.46674965e+00 
 1.48400065e-01  1.46669056e+00 
 1.48400131e-01  1.46657273e+00 
 1.48400262e-01  1.46633851e+00 
 1.48400524e-01  1.46587579e+00 
 1.48401049e-01  1.46497272e+00 
 1.48402097e-01  1.46325253e+00 
 1.48404194e-01  1.46012957e+00 
 1.48408389e-01  1.45496934e+00 
 1.48416777e-01  1.44786417e+00 
 1.48433554e-01  1.44098543e+00 
 1.48464591e-01  1.43791241e+00 
 1.48498396e-01  1.43786341e+00 
 1.48538396e-01  1.43786487e+00 
 1.48578396e-01  1.43786471e+00 
 1.48618396e-01  1.43786472e+00 
 1.48658396e-01  1.43786472e+00 
 1.48698396e-01  1.43786472e+00 
 1.48738396e-01  1.43786472e+00 
 1.48778396e-01  1.43786472e+00 
 1.48799999e-01  1.43786472e+00 
 1.48799999e-01  1.43786472e+00 
 1.48799999e-01  1.43786472e+00 
 1.48800000e-01  1.43786472e+00 
 1.48800000e-01  1.43786472e+00 
 1.48800000e-01  1.43786472e+00 
 1.48800000e-01  1.43786472e+00 
 1.48800000e-01  1.43786472e+00 
 1.48800001e-01  1.43786472e+00 
 1.48800002e-01  1.43786472e+00 
 1.48800004e-01  1.43786472e+00 
 1.48800008e-01  1.43786472e+00 
 1.48800016e-01  1.43786472e+00 
 1.48800033e-01  1.43786472e+00 
 1.48800065e-01  1.43786472e+00 
 1.48800131e-01  1.43786472e+00 
 1.48800262e-01  1.43786472e+00 
 1.48800524e-01  1.43786472e+00 
 1.48801049e-01  1.43786472e+00 
 1.48802097e-01  1.43786472e+00 
 1.48804194e-01  1.43786472e+00 
 1.48808389e-01  1.43786472e+00 
 1.48816777e-01  1.43786472e+00 
 1.48833554e-01  1.43786472e+00 
 1.48858987e-01  1.43786472e+00 
 1.48892193e-01  1.43786472e+00 
 1.48932193e-01  1.43786472e+00 
 1.48972193e-01  1.43786472e+00 
 1.49012193e-01  1.43786472e+00 
 1.49052193e-01  1.43786472e+00 
 1.49092193e-01  1.43786472e+00 
 1.49132193e-01  1.43786472e+00 
 1.49172193e-01  1.43786472e+00 
 1.49199999e-01  1.43786472e+00 
 1.49199999e-01  1.43786472e+00 
 1.49199999e-01  1.43786472e+00 
 1.49200000e-01  1.43786472e+00 
 1.49200000e-01  1.43786451e+00 
 1.49200000e-01  1.43786439e+00 
 1.49200000e-01  1.43786416e+00 
 1.49200000e-01  1.43786370e+00 
 1.49200001e-01  1.43786277e+00 
 1.49200002e-01  1.43786093e+00 
 1.49200004e-01  1.43785723e+00 
 1.49200008e-01  1.43784984e+00 
 1.49200016e-01  1.43783507e+00 
 1.49200033e-01  1.43780555e+00 
 1.49200065e-01  1.43774659e+00 
 1.49200131e-01  1.43762904e+00 
 1.49200262e-01  1.43739538e+00 
 1.49200524e-01  1.43693376e+00 
 1.49201049e-01  1.43603283e+00 
 1.49202097e-01  1.43431674e+00 
 1.49204194e-01  1.43120120e+00 
 1.49208389e-01  1.42605323e+00 
 1.49216777e-01  1.41896494e+00 
 1.49233554e-01  1.41210255e+00 
 1.49258987e-01  1.40934526e+00 
 1.49292193e-01  1.40898268e+00 
 1.49332193e-01  1.40898999e+00 
 1.49372193e-01  1.40898918e+00 
 1.49412193e-01  1.40898927e+00 
 1.49452193e-01  1.40898926e+00 
 1.49492193e-01  1.40898926e+00 
 1.49532193e-01  1.40898926e+00 
 1.49572193e-01  1.40898926e+00 
 1.49599999e-01  1.40898926e+00 
 1.49599999e-01  1.40898926e+00 
 1.49599999e-01  1.40898926e+00 
 1.49600000e-01  1.40898926e+00 
 1.49600000e-01  1.40898926e+00 
 1.49600000e-01  1.40898926e+00 
 1.49600000e-01  1.40898926e+00 
 1.49600000e-01  1.40898926e+00 
 1.49600001e-01  1.40898926e+00 
 1.49600002e-01  1.40898926e+00 
 1.49600004e-01  1.40898926e+00 
 1.49600008e-01  1.40898926e+00 
 1.49600016e-01  1.40898926e+00 
 1.49600033e-01  1.40898926e+00 
 1.49600065e-01  1.40898926e+00 
 1.49600131e-01  1.40898926e+00 
 1.49600262e-01  1.40898926e+00 
 1.49600524e-01  1.40898926e+00 
 1.49601049e-01  1.40898926e+00 
 1.49602097e-01  1.40898926e+00 
 1.49604194e-01  1.40898926e+00 
 1.49608389e-01  1.40898926e+00 
 1.49616777e-01  1.40898926e+00 
 1.49633554e-01  1.40898926e+00 
 1.49657741e-01  1.40898926e+00 
 1.49690941e-01  1.40898926e+00 
 1.49730941e-01  1.40898926e+00 
 1.49770941e-01  1.40898926e+00 
 1.49810941e-01  1.40898926e+00 
 1.49850941e-01  1.40898926e+00 
 1.49890941e-01  1.40898926e+00 
 1.49930941e-01  1.40898926e+00 
 1.49970941e-01  1.40898926e+00 
 1.49999999e-01  1.40898926e+00 
 1.49999999e-01  1.40898926e+00 
 1.49999999e-01  1.40898926e+00 
 1.50000000e-01  1.40898926e+00 
 1.50000000e-01  1.40898905e+00 
 1.50000000e-01  1.40898893e+00 
 1.50000000e-01  1.40898870e+00 
 1.50000000e-01  1.40898824e+00 
 1.50000001e-01  1.40898732e+00 
 1.50000002e-01  1.40898547e+00 
 1.50000004e-01  1.40898179e+00 
 1.50000008e-01  1.40897441e+00 
 1.50000016e-01  1.40895967e+00 
 1.50000033e-01  1.40893022e+00 
 1.50000065e-01  1.40887139e+00 
 1.50000131e-01  1.40875411e+00 
 1.50000262e-01  1.40852097e+00 
 1.50000524e-01  1.40806039e+00 
 1.50001049e-01  1.40716149e+00 
 1.50002097e-01  1.40544925e+00 
 1.50004194e-01  1.40234071e+00 
 1.50008389e-01  1.39720431e+00 
 1.50016777e-01  1.39013197e+00 
 1.50033554e-01  1.38328500e+00 
 1.50057741e-01  1.38061066e+00 
 1.50090941e-01  1.38017076e+00 
 1.50130941e-01  1.38017959e+00 
 1.50170941e-01  1.38017861e+00 
 1.50210941e-01  1.38017872e+00 
 1.50250941e-01  1.38017871e+00 
 1.50290941e-01  1.38017871e+00 
 1.50330941e-01  1.38017871e+00 
 1.50370941e-01  1.38017871e+00 
 1.50399999e-01  1.38017871e+00 
 1.50399999e-01  1.38017871e+00 
 1.50399999e-01  1.38017871e+00 
 1.50400000e-01  1.38017871e+00 
 1.50400000e-01  1.38017871e+00 
 1.50400000e-01  1.38017871e+00 
 1.50400000e-01  1.38017871e+00 
 1.50400000e-01  1.38017871e+00 
 1.50400001e-01  1.38017871e+00 
 1.50400002e-01  1.38017871e+00 
 1.50400004e-01  1.38017871e+00 
 1.50400008e-01  1.38017871e+00 
 1.50400016e-01  1.38017871e+00 
 1.50400033e-01  1.38017871e+00 
 1.50400065e-01  1.38017871e+00 
 1.50400131e-01  1.38017871e+00 
 1.50400262e-01  1.38017871e+00 
 1.50400524e-01  1.38017871e+00 
 1.50401049e-01  1.38017871e+00 
 1.50402097e-01  1.38017871e+00 
 1.50404194e-01  1.38017871e+00 
 1.50408389e-01  1.38017871e+00 
 1.50416777e-01  1.38017871e+00 
 1.50433554e-01  1.38017871e+00 
 1.50457833e-01  1.38017871e+00 
 1.50491190e-01  1.38017871e+00 
 1.50531190e-01  1.38017871e+00 
 1.50571190e-01  1.38017871e+00 
 1.50611190e-01  1.38017871e+00 
 1.50651190e-01  1.38017871e+00 
 1.50691190e-01  1.38017871e+00 
 1.50731190e-01  1.38017871e+00 
 1.50771190e-01  1.38017871e+00 
 1.50799999e-01  1.38017871e+00 
 1.50799999e-01  1.38017871e+00 
 1.50799999e-01  1.38017871e+00 
 1.50800000e-01  1.38017871e+00 
 1.50800000e-01  1.38017849e+00 
 1.50800000e-01  1.38017838e+00 
 1.50800000e-01  1.38017815e+00 
 1.50800000e-01  1.38017769e+00 
 1.50800001e-01  1.38017677e+00 
 1.50800002e-01  1.38017493e+00 
 1.50800004e-01  1.38017125e+00 
 1.50800008e-01  1.38016389e+00 
 1.50800016e-01  1.38014918e+00 
 1.50800033e-01  1.38011979e+00 
 1.50800065e-01  1.38006110e+00 
 1.50800131e-01  1.37994407e+00 
 1.50800262e-01  1.37971144e+00 
 1.50800524e-01  1.37925187e+00 
 1.50801049e-01  1.37835493e+00 
 1.50802097e-01  1.37664645e+00 
 1.50804194e-01  1.37354471e+00 
 1.50808389e-01  1.36841955e+00 
 1.50816777e-01  1.36136269e+00 
 1.50833554e-01  1.35453071e+00 
 1.50857833e-01  1.35185645e+00 
 1.50891190e-01  1.35142238e+00 
 1.50931190e-01  1.35143219e+00 
 1.50971190e-01  1.35143110e+00 
 1.51011190e-01  1.35143122e+00 
 1.51051190e-01  1.35143121e+00 
 1.51091190e-01  1.35143121e+00 
 1.51131190e-01  1.35143121e+00 
 1.51171190e-01  1.35143121e+00 
 1.51199999e-01  1.35143121e+00 
 1.51199999e-01  1.35143121e+00 
 1.51199999e-01  1.35143121e+00 
 1.51200000e-01  1.35143121e+00 
 1.51200000e-01  1.35143121e+00 
 1.51200000e-01  1.35143121e+00 
 1.51200000e-01  1.35143121e+00 
 1.51200000e-01  1.35143121e+00 
 1.51200001e-01  1.35143121e+00 
 1.51200002e-01  1.35143121e+00 
 1.51200004e-01  1.35143121e+00 
 1.51200008e-01  1.35143121e+00 
 1.51200016e-01  1.35143121e+00 
 1.51200033e-01  1.35143121e+00 
 1.51200065e-01  1.35143121e+00 
 1.51200131e-01  1.35143121e+00 
 1.51200262e-01  1.35143121e+00 
 1.51200524e-01  1.35143121e+00 
 1.51201049e-01  1.35143121e+00 
 1.51202097e-01  1.35143121e+00 
 1.51204194e-01  1.35143121e+00 
 1.51208389e-01  1.35143121e+00 
 1.51216777e-01  1.35143121e+00 
 1.51233554e-01  1.35143121e+00 
 1.51257925e-01  1.35143121e+00 
 1.51291439e-01  1.35143121e+00 
 1.51331439e-01  1.35143121e+00 
 1.51371439e-01  1.35143121e+00 
 1.51411439e-01  1.35143121e+00 
 1.51451439e-01  1.35143121e+00 
 1.51491439e-01  1.35143121e+00 
 1.51531439e-01  1.35143121e+00 
 1.51571439e-01  1.35143121e+00 
 1.51599999e-01  1.35143121e+00 
 1.51599999e-01  1.35143121e+00 
 1.51599999e-01  1.35143121e+00 
 1.51600000e-01  1.35143121e+00 
 1.51600000e-01  1.35143100e+00 
 1.51600000e-01  1.35143088e+00 
 1.51600000e-01  1.35143065e+00 
 1.51600000e-01  1.35143019e+00 
 1.51600001e-01  1.35142928e+00 
 1.51600002e-01  1.35142744e+00 
 1.51600004e-01  1.35142377e+00 
 1.51600008e-01  1.35141643e+00 
 1.51600016e-01  1.35140175e+00 
 1.51600033e-01  1.35137243e+00 
 1.51600065e-01  1.35131386e+00 
 1.51600131e-01  1.35119709e+00 
 1.51600262e-01  1.35096498e+00 
 1.51600524e-01  1.35050641e+00 
 1.51601049e-01  1.34961145e+00 
 1.51602097e-01  1.34790671e+00 
 1.51604194e-01  1.34481179e+00 
 1.51608389e-01  1.33969790e+00 
 1.51616777e-01  1.33265654e+00 
 1.51633554e-01  1.32583958e+00 
 1.51657925e-01  1.32316547e+00 
 1.51691439e-01  1.32273722e+00 
 1.51731439e-01  1.32274797e+00 
 1.51771439e-01  1.32274677e+00 
 1.51811439e-01  1.32274691e+00 
 1.51851439e-01  1.32274689e+00 
 1.51891439e-01  1.32274689e+00 
 1.51931439e-01  1.32274689e+00 
 1.51971439e-01  1.32274689e+00 
 1.51999999e-01  1.32274689e+00 
 1.51999999e-01  1.32274689e+00 
 1.51999999e-01  1.32274689e+00 
 1.52000000e-01  1.32274689e+00 
 1.52000000e-01  1.32274689e+00 
 1.52000000e-01  1.32274689e+00 
 1.52000000e-01  1.32274689e+00 
 1.52000000e-01  1.32274689e+00 
 1.52000001e-01  1.32274689e+00 
 1.52000002e-01  1.32274689e+00 
 1.52000004e-01  1.32274689e+00 
 1.52000008e-01  1.32274689e+00 
 1.52000016e-01  1.32274689e+00 
 1.52000033e-01  1.32274689e+00 
 1.52000065e-01  1.32274689e+00 
 1.52000131e-01  1.32274689e+00 
 1.52000262e-01  1.32274689e+00 
 1.52000524e-01  1.32274689e+00 
 1.52001049e-01  1.32274689e+00 
 1.52002097e-01  1.32274689e+00 
 1.52004194e-01  1.32274689e+00 
 1.52008389e-01  1.32274689e+00 
 1.52016777e-01  1.32274689e+00 
 1.52033554e-01  1.32274689e+00 
 1.52060532e-01  1.32274689e+00 
 1.52094530e-01  1.32274689e+00 
 1.52134530e-01  1.32274689e+00 
 1.52174530e-01  1.32274689e+00 
 1.52214530e-01  1.32274689e+00 
 1.52254530e-01  1.32274689e+00 
 1.52294530e-01  1.32274689e+00 
 1.52334530e-01  1.32274689e+00 
 1.52374530e-01  1.32274689e+00 
 1.52399999e-01  1.32274689e+00 
 1.52399999e-01  1.32274689e+00 
 1.52399999e-01  1.32274689e+00 
 1.52400000e-01  1.32274689e+00 
 1.52400000e-01  1.32274668e+00 
 1.52400000e-01  1.32274656e+00 
 1.52400000e-01  1.32274634e+00 
 1.52400000e-01  1.32274588e+00 
 1.52400001e-01  1.32274496e+00 
 1.52400002e-01  1.32274313e+00 
 1.52400004e-01  1.32273947e+00 
 1.52400008e-01  1.32273214e+00 
 1.52400016e-01  1.32271750e+00 
 1.52400033e-01  1.32268824e+00 
 1.52400065e-01  1.32262981e+00 
 1.52400131e-01  1.32251330e+00 
 1.52400262e-01  1.32228172e+00 
 1.52400524e-01  1.32182419e+00 
 1.52401049e-01  1.32093126e+00 
 1.52402097e-01  1.31923040e+00 
 1.52404194e-01  1.31614252e+00 
 1.52408389e-01  1.31104025e+00 
 1.52416777e-01  1.30401489e+00 
 1.52433554e-01  1.29721341e+00 
 1.52460532e-01  1.29439055e+00 
 1.52494530e-01  1.29411980e+00 
 1.52534530e-01  1.29412864e+00 
 1.52574530e-01  1.29412766e+00 
 1.52614530e-01  1.29412777e+00 
 1.52654530e-01  1.29412776e+00 
 1.52694530e-01  1.29412776e+00 
 1.52734530e-01  1.29412776e+00 
 1.52774530e-01  1.29412776e+00 
 1.52799999e-01  1.29412776e+00 
 1.52799999e-01  1.29412776e+00 
 1.52799999e-01  1.29412776e+00 
 1.52800000e-01  1.29412776e+00 
 1.52800000e-01  1.29412776e+00 
 1.52800000e-01  1.29412776e+00 
 1.52800000e-01  1.29412776e+00 
 1.52800000e-01  1.29412776e+00 
 1.52800001e-01  1.29412776e+00 
 1.52800002e-01  1.29412776e+00 
 1.52800004e-01  1.29412776e+00 
 1.52800008e-01  1.29412776e+00 
 1.52800016e-01  1.29412776e+00 
 1.52800033e-01  1.29412776e+00 
 1.52800065e-01  1.29412776e+00 
 1.52800131e-01  1.29412776e+00 
 1.52800262e-01  1.29412776e+00 
 1.52800524e-01  1.29412776e+00 
 1.52801049e-01  1.29412776e+00 
 1.52802097e-01  1.29412776e+00 
 1.52804194e-01  1.29412776e+00 
 1.52808389e-01  1.29412776e+00 
 1.52816777e-01  1.29412776e+00 
 1.52833554e-01  1.29412776e+00 
 1.52866110e-01  1.29412776e+00 
 1.52902434e-01  1.29412776e+00 
 1.52942434e-01  1.29412776e+00 
 1.52982434e-01  1.29412776e+00 
 1.53022434e-01  1.29412776e+00 
 1.53062434e-01  1.29412776e+00 
 1.53102434e-01  1.29412776e+00 
 1.53142434e-01  1.29412776e+00 
 1.53182434e-01  1.29412776e+00 
 1.53199999e-01  1.29412776e+00 
 1.53199999e-01  1.29412776e+00 
 1.53199999e-01  1.29412776e+00 
 1.53200000e-01  1.29412776e+00 
 1.53200000e-01  1.29412755e+00 
 1.53200000e-01  1.29412743e+00 
 1.53200000e-01  1.29412720e+00 
 1.53200000e-01  1.29412675e+00 
 1.53200001e-01  1.29412583e+00 
 1.53200002e-01  1.29412401e+00 
 1.53200004e-01  1.29412035e+00 
 1.53200008e-01  1.29411305e+00 
 1.53200016e-01  1.29409844e+00 
 1.53200033e-01  1.29406925e+00 
 1.53200065e-01  1.29401096e+00 
 1.53200131e-01  1.29389473e+00 
 1.53200262e-01  1.29366371e+00 
 1.53200524e-01  1.29320728e+00 
 1.53201049e-01  1.29231651e+00 
 1.53202097e-01  1.29061975e+00 
 1.53204194e-01  1.28753931e+00 
 1.53208389e-01  1.28244934e+00 
 1.53216777e-01  1.27544093e+00 
 1.53233554e-01  1.26865586e+00 
 1.53266110e-01  1.26555116e+00 
 1.53302434e-01  1.26557932e+00 
 1.53342434e-01  1.26557746e+00 
 1.53382434e-01  1.26557766e+00 
 1.53422434e-01  1.26557764e+00 
 1.53462434e-01  1.26557764e+00 
 1.53502434e-01  1.26557764e+00 
 1.53542434e-01  1.26557764e+00 
 1.53582434e-01  1.26557764e+00 
 1.53599999e-01  1.26557764e+00 
 1.53599999e-01  1.26557764e+00 
 1.53599999e-01  1.26557764e+00 
 1.53600000e-01  1.26557764e+00 
 1.53600000e-01  1.26557764e+00 
 1.53600000e-01  1.26557764e+00 
 1.53600000e-01  1.26557764e+00 
 1.53600000e-01  1.26557764e+00 
 1.53600001e-01  1.26557764e+00 
 1.53600002e-01  1.26557764e+00 
 1.53600004e-01  1.26557764e+00 
 1.53600008e-01  1.26557764e+00 
 1.53600016e-01  1.26557764e+00 
 1.53600033e-01  1.26557764e+00 
 1.53600065e-01  1.26557764e+00 
 1.53600131e-01  1.26557764e+00 
 1.53600262e-01  1.26557764e+00 
 1.53600524e-01  1.26557764e+00 
 1.53601049e-01  1.26557764e+00 
 1.53602097e-01  1.26557764e+00 
 1.53604194e-01  1.26557764e+00 
 1.53608389e-01  1.26557764e+00 
 1.53616777e-01  1.26557764e+00 
 1.53633554e-01  1.26557764e+00 
 1.53667109e-01  1.26557764e+00 
 1.53707109e-01  1.26557764e+00 
 1.53747109e-01  1.26557764e+00 
 1.53787109e-01  1.26557764e+00 
 1.53827109e-01  1.26557764e+00 
 1.53867109e-01  1.26557764e+00 
 1.53907109e-01  1.26557764e+00 
 1.53947109e-01  1.26557764e+00 
 1.53987109e-01  1.26557764e+00 
 1.53999999e-01  1.26557764e+00 
 1.53999999e-01  1.26557764e+00 
 1.53999999e-01  1.26557764e+00 
 1.54000000e-01  1.26557764e+00 
 1.54000000e-01  1.26557743e+00 
 1.54000000e-01  1.26557732e+00 
 1.54000000e-01  1.26557709e+00 
 1.54000000e-01  1.26557663e+00 
 1.54000001e-01  1.26557572e+00 
 1.54000002e-01  1.26557390e+00 
 1.54000004e-01  1.26557025e+00 
 1.54000008e-01  1.26556297e+00 
 1.54000016e-01  1.26554840e+00 
 1.54000033e-01  1.26551929e+00 
 1.54000065e-01  1.26546115e+00 
 1.54000131e-01  1.26534523e+00 
 1.54000262e-01  1.26511480e+00 
 1.54000524e-01  1.26465957e+00 
 1.54001049e-01  1.26377113e+00 
 1.54002097e-01  1.26207880e+00 
 1.54004194e-01  1.25900641e+00 
 1.54008389e-01  1.25392975e+00 
 1.54016777e-01  1.24693964e+00 
 1.54033554e-01  1.24017230e+00 
 1.54067109e-01  1.23702933e+00 
 1.54107109e-01  1.23711022e+00 
 1.54147109e-01  1.23710123e+00 
 1.54187109e-01  1.23710223e+00 
 1.54227109e-01  1.23710212e+00 
 1.54267109e-01  1.23710213e+00 
 1.54307109e-01  1.23710213e+00 
 1.54347109e-01  1.23710213e+00 
 1.54387109e-01  1.23710213e+00 
 1.54399999e-01  1.23710213e+00 
 1.54399999e-01  1.23710213e+00 
 1.54399999e-01  1.23710213e+00 
 1.54400000e-01  1.23710213e+00 
 1.54400000e-01  1.23710213e+00 
 1.54400000e-01  1.23710213e+00 
 1.54400000e-01  1.23710213e+00 
 1.54400000e-01  1.23710213e+00 
 1.54400001e-01  1.23710213e+00 
 1.54400002e-01  1.23710213e+00 
 1.54400004e-01  1.23710213e+00 
 1.54400008e-01  1.23710213e+00 
 1.54400016e-01  1.23710213e+00 
 1.54400033e-01  1.23710213e+00 
 1.54400065e-01  1.23710213e+00 
 1.54400131e-01  1.23710213e+00 
 1.54400262e-01  1.23710213e+00 
 1.54400524e-01  1.23710213e+00 
 1.54401049e-01  1.23710213e+00 
 1.54402097e-01  1.23710213e+00 
 1.54404194e-01  1.23710213e+00 
 1.54408389e-01  1.23710213e+00 
 1.54416777e-01  1.23710213e+00 
 1.54433554e-01  1.23710213e+00 
 1.54467109e-01  1.23710213e+00 
 1.54507109e-01  1.23710213e+00 
 1.54547109e-01  1.23710213e+00 
 1.54587109e-01  1.23710213e+00 
 1.54627109e-01  1.23710213e+00 
 1.54667109e-01  1.23710213e+00 
 1.54707109e-01  1.23710213e+00 
 1.54747109e-01  1.23710213e+00 
 1.54787109e-01  1.23710213e+00 
 1.54799999e-01  1.23710213e+00 
 1.54799999e-01  1.23710213e+00 
 1.54799999e-01  1.23710213e+00 
 1.54800000e-01  1.23710213e+00 
 1.54800000e-01  1.23710192e+00 
 1.54800000e-01  1.23710181e+00 
 1.54800000e-01  1.23710158e+00 
 1.54800000e-01  1.23710112e+00 
 1.54800001e-01  1.23710022e+00 
 1.54800002e-01  1.23709840e+00 
 1.54800004e-01  1.23709477e+00 
 1.54800008e-01  1.23708750e+00 
 1.54800016e-01  1.23707297e+00 
 1.54800033e-01  1.23704394e+00 
 1.54800065e-01  1.23698597e+00 
 1.54800131e-01  1.23687038e+00 
 1.54800262e-01  1.23664062e+00 
 1.54800524e-01  1.23618670e+00 
 1.54801049e-01  1.23530081e+00 
 1.54802097e-01  1.23361335e+00 
 1.54804194e-01  1.23054980e+00 
 1.54808389e-01  1.22548773e+00 
 1.54816777e-01  1.21851773e+00 
 1.54833554e-01  1.21176985e+00 
 1.54867109e-01  1.20863592e+00 
 1.54907109e-01  1.20871657e+00 
 1.54947109e-01  1.20870761e+00 
 1.54987109e-01  1.20870861e+00 
 1.55027109e-01  1.20870850e+00 
 1.55067109e-01  1.20870851e+00 
 1.55107109e-01  1.20870851e+00 
 1.55147109e-01  1.20870851e+00 
 1.55187109e-01  1.20870851e+00 
 1.55199999e-01  1.20870851e+00 
 1.55199999e-01  1.20870851e+00 
 1.55199999e-01  1.20870851e+00 
 1.55200000e-01  1.20870851e+00 
 1.55200000e-01  1.20870851e+00 
 1.55200000e-01  1.20870851e+00 
 1.55200000e-01  1.20870851e+00 
 1.55200000e-01  1.20870851e+00 
 1.55200001e-01  1.20870851e+00 
 1.55200002e-01  1.20870851e+00 
 1.55200004e-01  1.20870851e+00 
 1.55200008e-01  1.20870851e+00 
 1.55200016e-01  1.20870851e+00 
 1.55200033e-01  1.20870851e+00 
 1.55200065e-01  1.20870851e+00 
 1.55200131e-01  1.20870851e+00 
 1.55200262e-01  1.20870851e+00 
 1.55200524e-01  1.20870851e+00 
 1.55201049e-01  1.20870851e+00 
 1.55202097e-01  1.20870851e+00 
 1.55204194e-01  1.20870851e+00 
 1.55208389e-01  1.20870851e+00 
 1.55216777e-01  1.20870851e+00 
 1.55233554e-01  1.20870851e+00 
 1.55267109e-01  1.20870851e+00 
 1.55307109e-01  1.20870851e+00 
 1.55347109e-01  1.20870851e+00 
 1.55387109e-01  1.20870851e+00 
 1.55427109e-01  1.20870851e+00 
 1.55467109e-01  1.20870851e+00 
 1.55507109e-01  1.20870851e+00 
 1.55547109e-01  1.20870851e+00 
 1.55587109e-01  1.20870851e+00 
 1.55599999e-01  1.20870851e+00 
 1.55599999e-01  1.20870851e+00 
 1.55599999e-01  1.20870851e+00 
 1.55600000e-01  1.20870851e+00 
 1.55600000e-01  1.20870830e+00 
 1.55600000e-01  1.20870818e+00 
 1.55600000e-01  1.20870796e+00 
 1.55600000e-01  1.20870750e+00 
 1.55600001e-01  1.20870660e+00 
 1.55600002e-01  1.20870479e+00 
 1.55600004e-01  1.20870116e+00 
 1.55600008e-01  1.20869392e+00 
 1.55600016e-01  1.20867944e+00 
 1.55600033e-01  1.20865050e+00 
 1.55600065e-01  1.20859272e+00 
 1.55600131e-01  1.20847750e+00 
 1.55600262e-01  1.20824847e+00 
 1.55600524e-01  1.20779600e+00 
 1.55601049e-01  1.20691295e+00 
 1.55602097e-01  1.20523088e+00 
 1.55604194e-01  1.20217712e+00 
 1.55608389e-01  1.19713124e+00 
 1.55616777e-01  1.19018352e+00 
 1.55633554e-01  1.18345721e+00 
 1.55667109e-01  1.18033330e+00 
 1.55707109e-01  1.18041370e+00 
 1.55747109e-01  1.18040477e+00 
 1.55787109e-01  1.18040576e+00 
 1.55827109e-01  1.18040565e+00 
 1.55867109e-01  1.18040566e+00 
 1.55907109e-01  1.18040566e+00 
 1.55947109e-01  1.18040566e+00 
 1.55987109e-01  1.18040566e+00 
 1.55999999e-01  1.18040566e+00 
 1.55999999e-01  1.18040566e+00 
 1.55999999e-01  1.18040566e+00 
 1.56000000e-01  1.18040566e+00 
 1.56000000e-01  1.18040566e+00 
 1.56000000e-01  1.18040566e+00 
 1.56000000e-01  1.18040566e+00 
 1.56000000e-01  1.18040566e+00 
 1.56000001e-01  1.18040566e+00 
 1.56000002e-01  1.18040566e+00 
 1.56000004e-01  1.18040566e+00 
 1.56000008e-01  1.18040566e+00 
 1.56000016e-01  1.18040566e+00 
 1.56000033e-01  1.18040566e+00 
 1.56000065e-01  1.18040566e+00 
 1.56000131e-01  1.18040566e+00 
 1.56000262e-01  1.18040566e+00 
 1.56000524e-01  1.18040566e+00 
 1.56001049e-01  1.18040566e+00 
 1.56002097e-01  1.18040566e+00 
 1.56004194e-01  1.18040566e+00 
 1.56008389e-01  1.18040566e+00 
 1.56016777e-01  1.18040566e+00 
 1.56033554e-01  1.18040566e+00 
 1.56067109e-01  1.18040566e+00 
 1.56107109e-01  1.18040566e+00 
 1.56147109e-01  1.18040566e+00 
 1.56187109e-01  1.18040566e+00 
 1.56227109e-01  1.18040566e+00 
 1.56267109e-01  1.18040566e+00 
 1.56307109e-01  1.18040566e+00 
 1.56347109e-01  1.18040566e+00 
 1.56387109e-01  1.18040566e+00 
 1.56399999e-01  1.18040566e+00 
 1.56399999e-01  1.18040566e+00 
 1.56399999e-01  1.18040566e+00 
 1.56400000e-01  1.18040566e+00 
 1.56400000e-01  1.18040545e+00 
 1.56400000e-01  1.18040534e+00 
 1.56400000e-01  1.18040511e+00 
 1.56400000e-01  1.18040466e+00 
 1.56400001e-01  1.18040376e+00 
 1.56400002e-01  1.18040195e+00 
 1.56400004e-01  1.18039835e+00 
 1.56400008e-01  1.18039113e+00 
 1.56400016e-01  1.18037670e+00 
 1.56400033e-01  1.18034787e+00 
 1.56400065e-01  1.18029029e+00 
 1.56400131e-01  1.18017548e+00 
 1.56400262e-01  1.17994727e+00 
 1.56400524e-01  1.17949642e+00 
 1.56401049e-01  1.17861652e+00 
 1.56402097e-01  1.17694047e+00 
 1.56404194e-01  1.17389763e+00 
 1.56408389e-01  1.16886979e+00 
 1.56416777e-01  1.16194692e+00 
 1.56433554e-01  1.15524466e+00 
 1.56467109e-01  1.15213192e+00 
 1.56507109e-01  1.15221203e+00 
 1.56547109e-01  1.15220313e+00 
 1.56587109e-01  1.15220412e+00 
 1.56627109e-01  1.15220401e+00 
 1.56667109e-01  1.15220402e+00 
 1.56707109e-01  1.15220402e+00 
 1.56747109e-01  1.15220402e+00 
 1.56787109e-01  1.15220402e+00 
 1.56799999e-01  1.15220402e+00 
 1.56799999e-01  1.15220402e+00 
 1.56799999e-01  1.15220402e+00 
 1.56800000e-01  1.15220402e+00 
 1.56800000e-01  1.15220402e+00 
 1.56800000e-01  1.15220402e+00 
 1.56800000e-01  1.15220402e+00 
 1.56800000e-01  1.15220402e+00 
 1.56800001e-01  1.15220402e+00 
 1.56800002e-01  1.15220402e+00 
 1.56800004e-01  1.15220402e+00 
 1.56800008e-01  1.15220402e+00 
 1.56800016e-01  1.15220402e+00 
 1.56800033e-01  1.15220402e+00 
 1.56800065e-01  1.15220402e+00 
 1.56800131e-01  1.15220402e+00 
 1.56800262e-01  1.15220402e+00 
 1.56800524e-01  1.15220402e+00 
 1.56801049e-01  1.15220402e+00 
 1.56802097e-01  1.15220402e+00 
 1.56804194e-01  1.15220402e+00 
 1.56808389e-01  1.15220402e+00 
 1.56816777e-01  1.15220402e+00 
 1.56833554e-01  1.15220402e+00 
 1.56867109e-01  1.15220402e+00 
 1.56907109e-01  1.15220402e+00 
 1.56947109e-01  1.15220402e+00 
 1.56987109e-01  1.15220402e+00 
 1.57027109e-01  1.15220402e+00 
 1.57067109e-01  1.15220402e+00 
 1.57107109e-01  1.15220402e+00 
 1.57147109e-01  1.15220402e+00 
 1.57187109e-01  1.15220402e+00 
 1.57199999e-01  1.15220402e+00 
 1.57199999e-01  1.15220402e+00 
 1.57199999e-01  1.15220402e+00 
 1.57200000e-01  1.15220402e+00 
 1.57200000e-01  1.15220381e+00 
 1.57200000e-01  1.15220370e+00 
 1.57200000e-01  1.15220348e+00 
 1.57200000e-01  1.15220303e+00 
 1.57200001e-01  1.15220213e+00 
 1.57200002e-01  1.15220033e+00 
 1.57200004e-01  1.15219673e+00 
 1.57200008e-01  1.15218955e+00 
 1.57200016e-01  1.15217518e+00 
 1.57200033e-01  1.15214646e+00 
 1.57200065e-01  1.15208911e+00 
 1.57200131e-01  1.15197476e+00 
 1.57200262e-01  1.15174747e+00 
 1.57200524e-01  1.15129843e+00 
 1.57201049e-01  1.15042205e+00 
 1.57202097e-01  1.14875273e+00 
 1.57204194e-01  1.14572209e+00 
 1.57208389e-01  1.14071441e+00 
 1.57216777e-01  1.13381930e+00 
 1.57233554e-01  1.12714392e+00 
 1.57267109e-01  1.12404366e+00 
 1.57307109e-01  1.12412345e+00 
 1.57347109e-01  1.12411458e+00 
 1.57387109e-01  1.12411557e+00 
 1.57427109e-01  1.12411546e+00 
 1.57467109e-01  1.12411547e+00 
 1.57507109e-01  1.12411547e+00 
 1.57547109e-01  1.12411547e+00 
 1.57587109e-01  1.12411547e+00 
 1.57599999e-01  1.12411547e+00 
 1.57599999e-01  1.12411547e+00 
 1.57599999e-01  1.12411547e+00 
 1.57600000e-01  1.12411547e+00 
 1.57600000e-01  1.12411547e+00 
 1.57600000e-01  1.12411547e+00 
 1.57600000e-01  1.12411547e+00 
 1.57600000e-01  1.12411547e+00 
 1.57600001e-01  1.12411547e+00 
 1.57600002e-01  1.12411547e+00 
 1.57600004e-01  1.12411547e+00 
 1.57600008e-01  1.12411547e+00 
 1.57600016e-01  1.12411547e+00 
 1.57600033e-01  1.12411547e+00 
 1.57600065e-01  1.12411547e+00 
 1.57600131e-01  1.12411547e+00 
 1.57600262e-01  1.12411547e+00 
 1.57600524e-01  1.12411547e+00 
 1.57601049e-01  1.12411547e+00 
 1.57602097e-01  1.12411547e+00 
 1.57604194e-01  1.12411547e+00 
 1.57608389e-01  1.12411547e+00 
 1.57616777e-01  1.12411547e+00 
 1.57633554e-01  1.12411547e+00 
 1.57667109e-01  1.12411547e+00 
 1.57707109e-01  1.12411547e+00 
 1.57747109e-01  1.12411547e+00 
 1.57787109e-01  1.12411547e+00 
 1.57827109e-01  1.12411547e+00 
 1.57867109e-01  1.12411547e+00 
 1.57907109e-01  1.12411547e+00 
 1.57947109e-01  1.12411547e+00 
 1.57987109e-01  1.12411547e+00 
 1.57999999e-01  1.12411547e+00 
 1.57999999e-01  1.12411547e+00 
 1.57999999e-01  1.12411547e+00 
 1.58000000e-01  1.12411547e+00 
 1.58000000e-01  1.12411526e+00 
 1.58000000e-01  1.12411515e+00 
 1.58000000e-01  1.12411492e+00 
 1.58000000e-01  1.12411448e+00 
 1.58000001e-01  1.12411358e+00 
 1.58000002e-01  1.12411179e+00 
 1.58000004e-01  1.12410821e+00 
 1.58000008e-01  1.12410106e+00 
 1.58000016e-01  1.12408675e+00 
 1.58000033e-01  1.12405816e+00 
 1.58000065e-01  1.12400107e+00 
 1.58000131e-01  1.12388724e+00 
 1.58000262e-01  1.12366097e+00 
 1.58000524e-01  1.12321395e+00 
 1.58001049e-01  1.12234151e+00 
 1.58002097e-01  1.12067969e+00 
 1.58004194e-01  1.11766268e+00 
 1.58008389e-01  1.11267753e+00 
 1.58016777e-01  1.10581342e+00 
 1.58033554e-01  1.09916806e+00 
 1.58067109e-01  1.09608175e+00 
 1.58107109e-01  1.09616118e+00 
 1.58147109e-01  1.09615235e+00 
 1.58187109e-01  1.09615333e+00 
 1.58227109e-01  1.09615322e+00 
 1.58267109e-01  1.09615324e+00 
 1.58307109e-01  1.09615323e+00 
 1.58347109e-01  1.09615323e+00 
 1.58387109e-01  1.09615323e+00 
 1.58399999e-01  1.09615323e+00 
 1.58399999e-01  1.09615323e+00 
 1.58399999e-01  1.09615323e+00 
 1.58400000e-01  1.09615323e+00 
 1.58400000e-01  1.09615323e+00 
 1.58400000e-01  1.09615323e+00 
 1.58400000e-01  1.09615323e+00 
 1.58400000e-01  1.09615323e+00 
 1.58400001e-01  1.09615323e+00 
 1.58400002e-01  1.09615323e+00 
 1.58400004e-01  1.09615323e+00 
 1.58400008e-01  1.09615323e+00 
 1.58400016e-01  1.09615323e+00 
 1.58400033e-01  1.09615323e+00 
 1.58400065e-01  1.09615323e+00 
 1.58400131e-01  1.09615323e+00 
 1.58400262e-01  1.09615323e+00 
 1.58400524e-01  1.09615323e+00 
 1.58401049e-01  1.09615323e+00 
 1.58402097e-01  1.09615323e+00 
 1.58404194e-01  1.09615323e+00 
 1.58408389e-01  1.09615323e+00 
 1.58416777e-01  1.09615323e+00 
 1.58433554e-01  1.09615323e+00 
 1.58467109e-01  1.09615323e+00 
 1.58507109e-01  1.09615323e+00 
 1.58547109e-01  1.09615323e+00 
 1.58587109e-01  1.09615323e+00 
 1.58627109e-01  1.09615323e+00 
 1.58667109e-01  1.09615323e+00 
 1.58707109e-01  1.09615323e+00 
 1.58747109e-01  1.09615323e+00 
 1.58787109e-01  1.09615323e+00 
 1.58799999e-01  1.09615323e+00 
 1.58799999e-01  1.09615323e+00 
 1.58799999e-01  1.09615323e+00 
 1.58800000e-01  1.09615323e+00 
 1.58800000e-01  1.09615303e+00 
 1.58800000e-01  1.09615291e+00 
 1.58800000e-01  1.09615269e+00 
 1.58800000e-01  1.09615225e+00 
 1.58800001e-01  1.09615136e+00 
 1.58800002e-01  1.09614958e+00 
 1.58800004e-01  1.09614602e+00 
 1.58800008e-01  1.09613890e+00 
 1.58800016e-01  1.09612466e+00 
 1.58800033e-01  1.09609622e+00 
 1.58800065e-01  1.09603941e+00 
 1.58800131e-01  1.09592616e+00 
 1.58800262e-01  1.09570103e+00 
 1.58800524e-01  1.09525625e+00 
 1.58801049e-01  1.09438821e+00 
 1.58802097e-01  1.09273476e+00 
 1.58804194e-01  1.08973295e+00 
 1.58808389e-01  1.08477289e+00 
 1.58816777e-01  1.07794336e+00 
 1.58833554e-01  1.07133146e+00 
 1.58867109e-01  1.06826069e+00 
 1.58907109e-01  1.06833972e+00 
 1.58947109e-01  1.06833094e+00 
 1.58987109e-01  1.06833191e+00 
 1.59027109e-01  1.06833180e+00 
 1.59067109e-01  1.06833182e+00 
 1.59107109e-01  1.06833181e+00 
 1.59147109e-01  1.06833181e+00 
 1.59187109e-01  1.06833181e+00 
 1.59199999e-01  1.06833181e+00 
 1.59199999e-01  1.06833181e+00 
 1.59199999e-01  1.06833181e+00 
 1.59200000e-01  1.06833181e+00 
 1.59200000e-01  1.06833181e+00 
 1.59200000e-01  1.06833181e+00 
 1.59200000e-01  1.06833181e+00 
 1.59200000e-01  1.06833181e+00 
 1.59200001e-01  1.06833181e+00 
 1.59200002e-01  1.06833181e+00 
 1.59200004e-01  1.06833181e+00 
 1.59200008e-01  1.06833181e+00 
 1.59200016e-01  1.06833181e+00 
 1.59200033e-01  1.06833181e+00 
 1.59200065e-01  1.06833181e+00 
 1.59200131e-01  1.06833181e+00 
 1.59200262e-01  1.06833181e+00 
 1.59200524e-01  1.06833181e+00 
 1.59201049e-01  1.06833181e+00 
 1.59202097e-01  1.06833181e+00 
 1.59204194e-01  1.06833181e+00 
 1.59208389e-01  1.06833181e+00 
 1.59216777e-01  1.06833181e+00 
 1.59233554e-01  1.06833181e+00 
 1.59267109e-01  1.06833181e+00 
 1.59307109e-01  1.06833181e+00 
 1.59347109e-01  1.06833181e+00 
 1.59387109e-01  1.06833181e+00 
 1.59427109e-01  1.06833181e+00 
 1.59467109e-01  1.06833181e+00 
 1.59507109e-01  1.06833181e+00 
 1.59547109e-01  1.06833181e+00 
 1.59587109e-01  1.06833181e+00 
 1.59599999e-01  1.06833181e+00 
 1.59599999e-01  1.06833181e+00 
 1.59599999e-01  1.06833181e+00 
 1.59600000e-01  1.06833181e+00 
 1.59600000e-01  1.06833161e+00 
 1.59600000e-01  1.06833150e+00 
 1.59600000e-01  1.06833128e+00 
 1.59600000e-01  1.06833083e+00 
 1.59600001e-01  1.06832995e+00 
 1.59600002e-01  1.06832818e+00 
 1.59600004e-01  1.06832464e+00 
 1.59600008e-01  1.06831756e+00 
 1.59600016e-01  1.06830340e+00 
 1.59600033e-01  1.06827512e+00 
 1.59600065e-01  1.06821863e+00 
 1.59600131e-01  1.06810601e+00 
 1.59600262e-01  1.06788215e+00 
 1.59600524e-01  1.06743988e+00 
 1.59601049e-01  1.06657672e+00 
 1.59602097e-01  1.06493257e+00 
 1.59604194e-01  1.06194763e+00 
 1.59608389e-01  1.05701547e+00 
 1.59616777e-01  1.05022434e+00 
 1.59633554e-01  1.04364963e+00 
 1.59667109e-01  1.04059612e+00 
 1.59707109e-01  1.04067471e+00 
 1.59747109e-01  1.04066597e+00 
 1.59787109e-01  1.04066694e+00 
 1.59827109e-01  1.04066684e+00 
 1.59867109e-01  1.04066685e+00 
 1.59907109e-01  1.04066685e+00 
 1.59947109e-01  1.04066685e+00 
 1.59987109e-01  1.04066685e+00 
 1.59999999e-01  1.04066685e+00 
 1.59999999e-01  1.04066685e+00 
 1.59999999e-01  1.04066685e+00 
 1.60000000e-01  1.04066685e+00 
 1.60000000e-01  1.04066685e+00 
 1.60000000e-01  1.04066685e+00 
 1.60000000e-01  1.04066685e+00 
 1.60000000e-01  1.04066685e+00 
 1.60000001e-01  1.04066685e+00 
 1.60000002e-01  1.04066685e+00 
 1.60000004e-01  1.04066685e+00 
 1.60000008e-01  1.04066685e+00 
 1.60000016e-01  1.04066685e+00 
 1.60000033e-01  1.04066685e+00 
 1.60000065e-01  1.04066685e+00 
 1.60000131e-01  1.04066685e+00 
 1.60000262e-01  1.04066685e+00 
 1.60000524e-01  1.04066685e+00 
 1.60001049e-01  1.04066685e+00 
 1.60002097e-01  1.04066685e+00 
 1.60004194e-01  1.04066685e+00 
 1.60008389e-01  1.04066685e+00 
 1.60016777e-01  1.04066685e+00 
 1.60033554e-01  1.04066685e+00 
 1.60067109e-01  1.04066685e+00 
 1.60107109e-01  1.04066685e+00 
 1.60147109e-01  1.04066685e+00 
 1.60187109e-01  1.04066685e+00 
 1.60227109e-01  1.04066685e+00 
 1.60267109e-01  1.04066685e+00 
 1.60307109e-01  1.04066685e+00 
 1.60347109e-01  1.04066685e+00 
 1.60387109e-01  1.04066685e+00 
 1.60399999e-01  1.04066685e+00 
 1.60399999e-01  1.04066685e+00 
 1.60399999e-01  1.04066685e+00 
 1.60400000e-01  1.04066685e+00 
 1.60400000e-01  1.04066664e+00 
 1.60400000e-01  1.04066653e+00 
 1.60400000e-01  1.04066631e+00 
 1.60400000e-01  1.04066587e+00 
 1.60400001e-01  1.04066499e+00 
 1.60400002e-01  1.04066323e+00 
 1.60400004e-01  1.04065971e+00 
 1.60400008e-01  1.04065268e+00 
 1.60400016e-01  1.04063861e+00 
 1.60400033e-01  1.04061051e+00 
 1.60400065e-01  1.04055438e+00 
 1.60400131e-01  1.04044246e+00 
 1.60400262e-01  1.04022000e+00 
 1.60400524e-01  1.03978049e+00 
 1.60401049e-01  1.03892274e+00 
 1.60402097e-01  1.03728887e+00 
 1.60404194e-01  1.03432261e+00 
 1.60408389e-01  1.02942132e+00 
 1.60416777e-01  1.02267268e+00 
 1.60433554e-01  1.01613912e+00 
 1.60467109e-01  1.01310472e+00 
 1.60507109e-01  1.01318281e+00 
 1.60547109e-01  1.01317414e+00 
 1.60587109e-01  1.01317510e+00 
 1.60627109e-01  1.01317499e+00 
 1.60667109e-01  1.01317501e+00 
 1.60707109e-01  1.01317500e+00 
 1.60747109e-01  1.01317500e+00 
 1.60787109e-01  1.01317500e+00 
 1.60799999e-01  1.01317500e+00 
 1.60799999e-01  1.01317500e+00 
 1.60799999e-01  1.01317500e+00 
 1.60800000e-01  1.01317500e+00 
 1.60800000e-01  1.01317500e+00 
 1.60800000e-01  1.01317500e+00 
 1.60800000e-01  1.01317500e+00 
 1.60800000e-01  1.01317500e+00 
 1.60800001e-01  1.01317500e+00 
 1.60800002e-01  1.01317500e+00 
 1.60800004e-01  1.01317500e+00 
 1.60800008e-01  1.01317500e+00 
 1.60800016e-01  1.01317500e+00 
 1.60800033e-01  1.01317500e+00 
 1.60800065e-01  1.01317500e+00 
 1.60800131e-01  1.01317500e+00 
 1.60800262e-01  1.01317500e+00 
 1.60800524e-01  1.01317500e+00 
 1.60801049e-01  1.01317500e+00 
 1.60802097e-01  1.01317500e+00 
 1.60804194e-01  1.01317500e+00 
 1.60808389e-01  1.01317500e+00 
 1.60816777e-01  1.01317500e+00 
 1.60833554e-01  1.01317500e+00 
 1.60867109e-01  1.01317500e+00 
 1.60907109e-01  1.01317500e+00 
 1.60947109e-01  1.01317500e+00 
 1.60987109e-01  1.01317500e+00 
 1.61027109e-01  1.01317500e+00 
 1.61067109e-01  1.01317500e+00 
 1.61107109e-01  1.01317500e+00 
 1.61147109e-01  1.01317500e+00 
 1.61187109e-01  1.01317500e+00 
 1.61199999e-01  1.01317500e+00 
 1.61199999e-01  1.01317500e+00 
 1.61199999e-01  1.01317500e+00 
 1.61200000e-01  1.01317500e+00 
 1.61200000e-01  1.01317480e+00 
 1.61200000e-01  1.01317469e+00 
 1.61200000e-01  1.01317447e+00 
 1.61200000e-01  1.01317404e+00 
 1.61200001e-01  1.01317316e+00 
 1.61200002e-01  1.01317141e+00 
 1.61200004e-01  1.01316792e+00 
 1.61200008e-01  1.01316093e+00 
 1.61200016e-01  1.01314697e+00 
 1.61200033e-01  1.01311905e+00 
 1.61200065e-01  1.01306331e+00 
 1.61200131e-01  1.01295217e+00 
 1.61200262e-01  1.01273125e+00 
 1.61200524e-01  1.01229480e+00 
 1.61201049e-01  1.01144299e+00 
 1.61202097e-01  1.00982046e+00 
 1.61204194e-01  1.00687478e+00 
 1.61208389e-01  1.00200748e+00 
 1.61216777e-01  9.95305657e-01 
 1.61233554e-01  9.88817409e-01 
 1.61267109e-01  9.85804060e-01 
 1.61307109e-01  9.85881613e-01 
 1.61347109e-01  9.85872996e-01 
 1.61387109e-01  9.85873954e-01 
 1.61427109e-01  9.85873847e-01 
 1.61467109e-01  9.85873859e-01 
 1.61507109e-01  9.85873858e-01 
 1.61547109e-01  9.85873858e-01 
 1.61587109e-01  9.85873858e-01 
 1.61599999e-01  9.85873858e-01 
 1.61599999e-01  9.85873858e-01 
 1.61599999e-01  9.85873858e-01 
 1.61600000e-01  9.85873858e-01 
 1.61600000e-01  9.85873858e-01 
 1.61600000e-01  9.85873858e-01 
 1.61600000e-01  9.85873858e-01 
 1.61600000e-01  9.85873858e-01 
 1.61600001e-01  9.85873858e-01 
 1.61600002e-01  9.85873858e-01 
 1.61600004e-01  9.85873858e-01 
 1.61600008e-01  9.85873858e-01 
 1.61600016e-01  9.85873858e-01 
 1.61600033e-01  9.85873858e-01 
 1.61600065e-01  9.85873858e-01 
 1.61600131e-01  9.85873858e-01 
 1.61600262e-01  9.85873858e-01 
 1.61600524e-01  9.85873858e-01 
 1.61601049e-01  9.85873858e-01 
 1.61602097e-01  9.85873858e-01 
 1.61604194e-01  9.85873858e-01 
 1.61608389e-01  9.85873858e-01 
 1.61616777e-01  9.85873858e-01 
 1.61633554e-01  9.85873858e-01 
 1.61667109e-01  9.85873858e-01 
 1.61707109e-01  9.85873858e-01 
 1.61747109e-01  9.85873858e-01 
 1.61787109e-01  9.85873858e-01 
 1.61827109e-01  9.85873858e-01 
 1.61867109e-01  9.85873858e-01 
 1.61907109e-01  9.85873858e-01 
 1.61947109e-01  9.85873858e-01 
 1.61987109e-01  9.85873858e-01 
 1.61999999e-01  9.85873858e-01 
 1.61999999e-01  9.85873858e-01 
 1.61999999e-01  9.85873858e-01 
 1.62000000e-01  9.85873858e-01 
 1.62000000e-01  9.85873655e-01 
 1.62000000e-01  9.85873546e-01 
 1.62000000e-01  9.85873330e-01 
 1.62000000e-01  9.85872896e-01 
 1.62000001e-01  9.85872029e-01 
 1.62000002e-01  9.85870295e-01 
 1.62000004e-01  9.85866828e-01 
 1.62000008e-01  9.85859895e-01 
 1.62000016e-01  9.85846035e-01 
 1.62000033e-01  9.85818335e-01 
 1.62000065e-01  9.85763021e-01 
 1.62000131e-01  9.85652732e-01 
 1.62000262e-01  9.85433503e-01 
 1.62000524e-01  9.85000388e-01 
 1.62001049e-01  9.84155105e-01 
 1.62002097e-01  9.82544998e-01 
 1.62004194e-01  9.79621872e-01 
 1.62008389e-01  9.74791842e-01 
 1.62016777e-01  9.68141336e-01 
 1.62033554e-01  9.61702768e-01 
 1.62067109e-01  9.58712491e-01 
 1.62107109e-01  9.58789451e-01 
 1.62147109e-01  9.58780900e-01 
 1.62187109e-01  9.58781850e-01 
 1.62227109e-01  9.58781744e-01 
 1.62267109e-01  9.58781756e-01 
 1.62307109e-01  9.58781755e-01 
 1.62347109e-01  9.58781755e-01 
 1.62387109e-01  9.58781755e-01 
 1.62399999e-01  9.58781755e-01 
 1.62399999e-01  9.58781755e-01 
 1.62399999e-01  9.58781755e-01 
 1.62400000e-01  9.58781755e-01 
 1.62400000e-01  9.58781755e-01 
 1.62400000e-01  9.58781755e-01 
 1.62400000e-01  9.58781755e-01 
 1.62400000e-01  9.58781755e-01 
 1.62400001e-01  9.58781755e-01 
 1.62400002e-01  9.58781755e-01 
 1.62400004e-01  9.58781755e-01 
 1.62400008e-01  9.58781755e-01 
 1.62400016e-01  9.58781755e-01 
 1.62400033e-01  9.58781755e-01 
 1.62400065e-01  9.58781755e-01 
 1.62400131e-01  9.58781755e-01 
 1.62400262e-01  9.58781755e-01 
 1.62400524e-01  9.58781755e-01 
 1.62401049e-01  9.58781755e-01 
 1.62402097e-01  9.58781755e-01 
 1.62404194e-01  9.58781755e-01 
 1.62408389e-01  9.58781755e-01 
 1.62416777e-01  9.58781755e-01 
 1.62433554e-01  9.58781755e-01 
 1.62467109e-01  9.58781755e-01 
 1.62507109e-01  9.58781755e-01 
 1.62547109e-01  9.58781755e-01 
 1.62587109e-01  9.58781755e-01 
 1.62627109e-01  9.58781755e-01 
 1.62667109e-01  9.58781755e-01 
 1.62707109e-01  9.58781755e-01 
 1.62747109e-01  9.58781755e-01 
 1.62787109e-01  9.58781755e-01 
 1.62799999e-01  9.58781755e-01 
 1.62799999e-01  9.58781755e-01 
 1.62799999e-01  9.58781755e-01 
 1.62800000e-01  9.58781755e-01 
 1.62800000e-01  9.58781553e-01 
 1.62800000e-01  9.58781446e-01 
 1.62800000e-01  9.58781231e-01 
 1.62800000e-01  9.58780801e-01 
 1.62800001e-01  9.58779941e-01 
 1.62800002e-01  9.58778222e-01 
 1.62800004e-01  9.58774784e-01 
 1.62800008e-01  9.58767910e-01 
 1.62800016e-01  9.58754166e-01 
 1.62800033e-01  9.58726700e-01 
 1.62800065e-01  9.58671851e-01 
 1.62800131e-01  9.58562490e-01 
 1.62800262e-01  9.58345106e-01 
 1.62800524e-01  9.57915637e-01 
 1.62801049e-01  9.57077468e-01 
 1.62802097e-01  9.55480912e-01 
 1.62804194e-01  9.52582389e-01 
 1.62808389e-01  9.47793011e-01 
 1.62816777e-01  9.41198479e-01 
 1.62833554e-01  9.34814101e-01 
 1.62867109e-01  9.31848992e-01 
 1.62907109e-01  9.31925304e-01 
 1.62947109e-01  9.31916825e-01 
 1.62987109e-01  9.31917767e-01 
 1.63027109e-01  9.31917662e-01 
 1.63067109e-01  9.31917674e-01 
 1.63107109e-01  9.31917672e-01 
 1.63147109e-01  9.31917672e-01 
 1.63187109e-01  9.31917672e-01 
 1.63199999e-01  9.31917672e-01 
 1.63199999e-01  9.31917672e-01 
 1.63199999e-01  9.31917672e-01 
 1.63200000e-01  9.31917672e-01 
 1.63200000e-01  9.31917672e-01 
 1.63200000e-01  9.31917672e-01 
 1.63200000e-01  9.31917672e-01 
 1.63200000e-01  9.31917672e-01 
 1.63200001e-01  9.31917672e-01 
 1.63200002e-01  9.31917672e-01 
 1.63200004e-01  9.31917672e-01 
 1.63200008e-01  9.31917672e-01 
 1.63200016e-01  9.31917672e-01 
 1.63200033e-01  9.31917672e-01 
 1.63200065e-01  9.31917672e-01 
 1.63200131e-01  9.31917672e-01 
 1.63200262e-01  9.31917672e-01 
 1.63200524e-01  9.31917672e-01 
 1.63201049e-01  9.31917672e-01 
 1.63202097e-01  9.31917672e-01 
 1.63204194e-01  9.31917672e-01 
 1.63208389e-01  9.31917672e-01 
 1.63216777e-01  9.31917672e-01 
 1.63233554e-01  9.31917672e-01 
 1.63267109e-01  9.31917672e-01 
 1.63307109e-01  9.31917672e-01 
 1.63347109e-01  9.31917672e-01 
 1.63387109e-01  9.31917672e-01 
 1.63427109e-01  9.31917672e-01 
 1.63467109e-01  9.31917672e-01 
 1.63507109e-01  9.31917672e-01 
 1.63547109e-01  9.31917672e-01 
 1.63587109e-01  9.31917672e-01 
 1.63599999e-01  9.31917672e-01 
 1.63599999e-01  9.31917672e-01 
 1.63599999e-01  9.31917672e-01 
 1.63600000e-01  9.31917672e-01 
 1.63600000e-01  9.31917473e-01 
 1.63600000e-01  9.31917366e-01 
 1.63600000e-01  9.31917153e-01 
 1.63600000e-01  9.31916728e-01 
 1.63600001e-01  9.31915876e-01 
 1.63600002e-01  9.31914173e-01 
 1.63600004e-01  9.31910766e-01 
 1.63600008e-01  9.31903955e-01 
 1.63600016e-01  9.31890338e-01 
 1.63600033e-01  9.31863124e-01 
 1.63600065e-01  9.31808781e-01 
 1.63600131e-01  9.31700427e-01 
 1.63600262e-01  9.31485046e-01 
 1.63600524e-01  9.31059534e-01 
 1.63601049e-01  9.30229087e-01 
 1.63602097e-01  9.28647239e-01 
 1.63604194e-01  9.25775418e-01 
 1.63608389e-01  9.21030162e-01 
 1.63616777e-01  9.14496382e-01 
 1.63633554e-01  9.08170821e-01 
 1.63667109e-01  9.05233028e-01 
 1.63707109e-01  9.05308636e-01 
 1.63747109e-01  9.05300235e-01 
 1.63787109e-01  9.05301169e-01 
 1.63827109e-01  9.05301065e-01 
 1.63867109e-01  9.05301076e-01 
 1.63907109e-01  9.05301075e-01 
 1.63947109e-01  9.05301075e-01 
 1.63987109e-01  9.05301075e-01 
 1.63999999e-01  9.05301075e-01 
 1.63999999e-01  9.05301075e-01 
 1.63999999e-01  9.05301075e-01 
 1.64000000e-01  9.05301075e-01 
 1.64000000e-01  9.05301075e-01 
 1.64000000e-01  9.05301075e-01 
 1.64000000e-01  9.05301075e-01 
 1.64000000e-01  9.05301075e-01 
 1.64000001e-01  9.05301075e-01 
 1.64000002e-01  9.05301075e-01 
 1.64000004e-01  9.05301075e-01 
 1.64000008e-01  9.05301075e-01 
 1.64000016e-01  9.05301075e-01 
 1.64000033e-01  9.05301075e-01 
 1.64000065e-01  9.05301075e-01 
 1.64000131e-01  9.05301075e-01 
 1.64000262e-01  9.05301075e-01 
 1.64000524e-01  9.05301075e-01 
 1.64001049e-01  9.05301075e-01 
 1.64002097e-01  9.05301075e-01 
 1.64004194e-01  9.05301075e-01 
 1.64008389e-01  9.05301075e-01 
 1.64016777e-01  9.05301075e-01 
 1.64033554e-01  9.05301075e-01 
 1.64067109e-01  9.05301075e-01 
 1.64107109e-01  9.05301075e-01 
 1.64147109e-01  9.05301075e-01 
 1.64187109e-01  9.05301075e-01 
 1.64227109e-01  9.05301075e-01 
 1.64267109e-01  9.05301075e-01 
 1.64307109e-01  9.05301075e-01 
 1.64347109e-01  9.05301075e-01 
 1.64387109e-01  9.05301075e-01 
 1.64399999e-01  9.05301075e-01 
 1.64399999e-01  9.05301075e-01 
 1.64399999e-01  9.05301075e-01 
 1.64400000e-01  9.05301075e-01 
 1.64400000e-01  9.05300878e-01 
 1.64400000e-01  9.05300772e-01 
 1.64400000e-01  9.05300561e-01 
 1.64400000e-01  9.05300140e-01 
 1.64400001e-01  9.05299297e-01 
 1.64400002e-01  9.05297611e-01 
 1.64400004e-01  9.05294239e-01 
 1.64400008e-01  9.05287496e-01 
 1.64400016e-01  9.05274015e-01 
 1.64400033e-01  9.05247075e-01 
 1.64400065e-01  9.05193277e-01 
 1.64400131e-01  9.05086012e-01 
 1.64400262e-01  9.04872793e-01 
 1.64400524e-01  9.04451554e-01 
 1.64401049e-01  9.03629446e-01 
 1.64402097e-01  9.02063483e-01 
 1.64404194e-01  8.99220502e-01 
 1.64408389e-01  8.94522898e-01 
 1.64416777e-01  8.88054731e-01 
 1.64433554e-01  8.81792691e-01 
 1.64467109e-01  8.78884400e-01 
 1.64507109e-01  8.78959249e-01 
 1.64547109e-01  8.78950932e-01 
 1.64587109e-01  8.78951856e-01 
 1.64627109e-01  8.78951754e-01 
 1.64667109e-01  8.78951765e-01 
 1.64707109e-01  8.78951764e-01 
 1.64747109e-01  8.78951764e-01 
 1.64787109e-01  8.78951764e-01 
 1.64799999e-01  8.78951764e-01 
 1.64799999e-01  8.78951764e-01 
 1.64799999e-01  8.78951764e-01 
 1.64800000e-01  8.78951764e-01 
 1.64800000e-01  8.78951764e-01 
 1.64800000e-01  8.78951764e-01 
 1.64800000e-01  8.78951764e-01 
 1.64800000e-01  8.78951764e-01 
 1.64800001e-01  8.78951764e-01 
 1.64800002e-01  8.78951764e-01 
 1.64800004e-01  8.78951764e-01 
 1.64800008e-01  8.78951764e-01 
 1.64800016e-01  8.78951764e-01 
 1.64800033e-01  8.78951764e-01 
 1.64800065e-01  8.78951764e-01 
 1.64800131e-01  8.78951764e-01 
 1.64800262e-01  8.78951764e-01 
 1.64800524e-01  8.78951764e-01 
 1.64801049e-01  8.78951764e-01 
 1.64802097e-01  8.78951764e-01 
 1.64804194e-01  8.78951764e-01 
 1.64808389e-01  8.78951764e-01 
 1.64816777e-01  8.78951764e-01 
 1.64833554e-01  8.78951764e-01 
 1.64867109e-01  8.78951764e-01 
 1.64907109e-01  8.78951764e-01 
 1.64947109e-01  8.78951764e-01 
 1.64987109e-01  8.78951764e-01 
 1.65027109e-01  8.78951764e-01 
 1.65067109e-01  8.78951764e-01 
 1.65107109e-01  8.78951764e-01 
 1.65147109e-01  8.78951764e-01 
 1.65187109e-01  8.78951764e-01 
 1.65199999e-01  8.78951764e-01 
 1.65199999e-01  8.78951764e-01 
 1.65199999e-01  8.78951764e-01 
 1.65200000e-01  8.78951764e-01 
 1.65200000e-01  8.78951568e-01 
 1.65200000e-01  8.78951464e-01 
 1.65200000e-01  8.78951256e-01 
 1.65200000e-01  8.78950839e-01 
 1.65200001e-01  8.78950005e-01 
 1.65200002e-01  8.78948337e-01 
 1.65200004e-01  8.78945002e-01 
 1.65200008e-01  8.78938332e-01 
 1.65200016e-01  8.78924999e-01 
 1.65200033e-01  8.78898352e-01 
 1.65200065e-01  8.78845141e-01 
 1.65200131e-01  8.78739045e-01 
 1.65200262e-01  8.78528151e-01 
 1.65200524e-01  8.78111504e-01 
 1.65201049e-01  8.77298360e-01 
 1.65202097e-01  8.75749469e-01 
 1.65204194e-01  8.72937483e-01 
 1.65208389e-01  8.68291094e-01 
 1.65216777e-01  8.61893445e-01 
 1.65233554e-01  8.55699676e-01 
 1.65267109e-01  8.52823093e-01 
 1.65307109e-01  8.52897126e-01 
 1.65347109e-01  8.52888900e-01 
 1.65387109e-01  8.52889814e-01 
 1.65427109e-01  8.52889713e-01 
 1.65467109e-01  8.52889724e-01 
 1.65507109e-01  8.52889723e-01 
 1.65547109e-01  8.52889723e-01 
 1.65587109e-01  8.52889723e-01 
 1.65599999e-01  8.52889723e-01 
 1.65599999e-01  8.52889723e-01 
 1.65599999e-01  8.52889723e-01 
 1.65600000e-01  8.52889723e-01 
 1.65600000e-01  8.52889723e-01 
 1.65600000e-01  8.52889723e-01 
 1.65600000e-01  8.52889723e-01 
 1.65600000e-01  8.52889723e-01 
 1.65600001e-01  8.52889723e-01 
 1.65600002e-01  8.52889723e-01 
 1.65600004e-01  8.52889723e-01 
 1.65600008e-01  8.52889723e-01 
 1.65600016e-01  8.52889723e-01 
 1.65600033e-01  8.52889723e-01 
 1.65600065e-01  8.52889723e-01 
 1.65600131e-01  8.52889723e-01 
 1.65600262e-01  8.52889723e-01 
 1.65600524e-01  8.52889723e-01 
 1.65601049e-01  8.52889723e-01 
 1.65602097e-01  8.52889723e-01 
 1.65604194e-01  8.52889723e-01 
 1.65608389e-01  8.52889723e-01 
 1.65616777e-01  8.52889723e-01 
 1.65633554e-01  8.52889723e-01 
 1.65667109e-01  8.52889723e-01 
 1.65707109e-01  8.52889723e-01 
 1.65747109e-01  8.52889723e-01 
 1.65787109e-01  8.52889723e-01 
 1.65827109e-01  8.52889723e-01 
 1.65867109e-01  8.52889723e-01 
 1.65907109e-01  8.52889723e-01 
 1.65947109e-01  8.52889723e-01 
 1.65987109e-01  8.52889723e-01 
 1.65999999e-01  8.52889723e-01 
 1.65999999e-01  8.52889723e-01 
 1.65999999e-01  8.52889723e-01 
 1.66000000e-01  8.52889723e-01 
 1.66000000e-01  8.52889530e-01 
 1.66000000e-01  8.52889427e-01 
 1.66000000e-01  8.52889221e-01 
 1.66000000e-01  8.52888808e-01 
 1.66000001e-01  8.52887984e-01 
 1.66000002e-01  8.52886336e-01 
 1.66000004e-01  8.52883040e-01 
 1.66000008e-01  8.52876450e-01 
 1.66000016e-01  8.52863273e-01 
 1.66000033e-01  8.52836941e-01 
 1.66000065e-01  8.52784357e-01 
 1.66000131e-01  8.52679512e-01 
 1.66000262e-01  8.52471105e-01 
 1.66000524e-01  8.52059370e-01 
 1.66001049e-01  8.51255813e-01 
 1.66002097e-01  8.49725184e-01 
 1.66004194e-01  8.46946353e-01 
 1.66008389e-01  8.42354747e-01 
 1.66016777e-01  8.36032529e-01 
 1.66033554e-01  8.29911788e-01 
 1.66067109e-01  8.27069121e-01 
 1.66107109e-01  8.27142281e-01 
 1.66147109e-01  8.27134153e-01 
 1.66187109e-01  8.27135056e-01 
 1.66227109e-01  8.27134955e-01 
 1.66267109e-01  8.27134967e-01 
 1.66307109e-01  8.27134965e-01 
 1.66347109e-01  8.27134965e-01 
 1.66387109e-01  8.27134965e-01 
 1.66399999e-01  8.27134965e-01 
 1.66399999e-01  8.27134965e-01 
 1.66399999e-01  8.27134965e-01 
 1.66400000e-01  8.27134965e-01 
 1.66400000e-01  8.27134965e-01 
 1.66400000e-01  8.27134965e-01 
 1.66400000e-01  8.27134965e-01 
 1.66400000e-01  8.27134965e-01 
 1.66400001e-01  8.27134965e-01 
 1.66400002e-01  8.27134965e-01 
 1.66400004e-01  8.27134965e-01 
 1.66400008e-01  8.27134965e-01 
 1.66400016e-01  8.27134965e-01 
 1.66400033e-01  8.27134965e-01 
 1.66400065e-01  8.27134965e-01 
 1.66400131e-01  8.27134965e-01 
 1.66400262e-01  8.27134965e-01 
 1.66400524e-01  8.27134965e-01 
 1.66401049e-01  8.27134965e-01 
 1.66402097e-01  8.27134965e-01 
 1.66404194e-01  8.27134965e-01 
 1.66408389e-01  8.27134965e-01 
 1.66416777e-01  8.27134965e-01 
 1.66433554e-01  8.27134965e-01 
 1.66467109e-01  8.27134965e-01 
 1.66507109e-01  8.27134965e-01 
 1.66547109e-01  8.27134965e-01 
 1.66587109e-01  8.27134965e-01 
 1.66627109e-01  8.27134965e-01 
 1.66667109e-01  8.27134965e-01 
 1.66707109e-01  8.27134965e-01 
 1.66747109e-01  8.27134965e-01 
 1.66787109e-01  8.27134965e-01 
 1.66799999e-01  8.27134965e-01 
 1.66799999e-01  8.27134965e-01 
 1.66799999e-01  8.27134965e-01 
 1.66800000e-01  8.27134965e-01 
 1.66800000e-01  8.27134775e-01 
 1.66800000e-01  8.27134673e-01 
 1.66800000e-01  8.27134470e-01 
 1.66800000e-01  8.27134063e-01 
 1.66800001e-01  8.27133249e-01 
 1.66800002e-01  8.27131622e-01 
 1.66800004e-01  8.27128368e-01 
 1.66800008e-01  8.27121861e-01 
 1.66800016e-01  8.27108852e-01 
 1.66800033e-01  8.27082854e-01 
 1.66800065e-01  8.27030938e-01 
 1.66800131e-01  8.26927425e-01 
 1.66800262e-01  8.26721665e-01 
 1.66800524e-01  8.26315161e-01 
 1.66801049e-01  8.25521812e-01 
 1.66802097e-01  8.24010628e-01 
 1.66804194e-01  8.21267096e-01 
 1.66808389e-01  8.16733820e-01 
 1.66816777e-01  8.10491916e-01 
 1.66833554e-01  8.04448929e-01 
 1.66867109e-01  8.01642373e-01 
 1.66907109e-01  8.01714604e-01 
 1.66947109e-01  8.01706578e-01 
 1.66987109e-01  8.01707470e-01 
 1.67027109e-01  8.01707371e-01 
 1.67067109e-01  8.01707382e-01 
 1.67107109e-01  8.01707380e-01 
 1.67147109e-01  8.01707381e-01 
 1.67187109e-01  8.01707381e-01 
 1.67199999e-01  8.01707381e-01 
 1.67199999e-01  8.01707381e-01 
 1.67199999e-01  8.01707381e-01 
 1.67200000e-01  8.01707381e-01 
 1.67200000e-01  8.01707381e-01 
 1.67200000e-01  8.01707381e-01 
 1.67200000e-01  8.01707381e-01 
 1.67200000e-01  8.01707381e-01 
 1.67200001e-01  8.01707381e-01 
 1.67200002e-01  8.01707381e-01 
 1.67200004e-01  8.01707381e-01 
 1.67200008e-01  8.01707381e-01 
 1.67200016e-01  8.01707381e-01 
 1.67200033e-01  8.01707381e-01 
 1.67200065e-01  8.01707381e-01 
 1.67200131e-01  8.01707381e-01 
 1.67200262e-01  8.01707381e-01 
 1.67200524e-01  8.01707381e-01 
 1.67201049e-01  8.01707381e-01 
 1.67202097e-01  8.01707381e-01 
 1.67204194e-01  8.01707381e-01 
 1.67208389e-01  8.01707381e-01 
 1.67216777e-01  8.01707381e-01 
 1.67233554e-01  8.01707381e-01 
 1.67267109e-01  8.01707381e-01 
 1.67307109e-01  8.01707381e-01 
 1.67347109e-01  8.01707381e-01 
 1.67387109e-01  8.01707381e-01 
 1.67427109e-01  8.01707381e-01 
 1.67467109e-01  8.01707381e-01 
 1.67507109e-01  8.01707381e-01 
 1.67547109e-01  8.01707381e-01 
 1.67587109e-01  8.01707381e-01 
 1.67599999e-01  8.01707381e-01 
 1.67599999e-01  8.01707381e-01 
 1.67599999e-01  8.01707381e-01 
 1.67600000e-01  8.01707381e-01 
 1.67600000e-01  8.01707192e-01 
 1.67600000e-01  8.01707092e-01 
 1.67600000e-01  8.01706892e-01 
 1.67600000e-01  8.01706490e-01 
 1.67600001e-01  8.01705688e-01 
 1.67600002e-01  8.01704083e-01 
 1.67600004e-01  8.01700873e-01 
 1.67600008e-01  8.01694455e-01 
 1.67600016e-01  8.01681623e-01 
 1.67600033e-01  8.01655980e-01 
 1.67600065e-01  8.01604772e-01 
 1.67600131e-01  8.01502671e-01 
 1.67600262e-01  8.01299717e-01 
 1.67600524e-01  8.00898757e-01 
 1.67601049e-01  8.00116227e-01 
 1.67602097e-01  7.98625653e-01 
 1.67604194e-01  7.95919539e-01 
 1.67608389e-01  7.91448087e-01 
 1.67616777e-01  7.85291311e-01 
 1.67633554e-01  7.79330739e-01 
 1.67667109e-01  7.76562459e-01 
 1.67707109e-01  7.76633704e-01 
 1.67747109e-01  7.76625788e-01 
 1.67787109e-01  7.76626668e-01 
 1.67827109e-01  7.76626570e-01 
 1.67867109e-01  7.76626581e-01 
 1.67907109e-01  7.76626580e-01 
 1.67947109e-01  7.76626580e-01 
 1.67987109e-01  7.76626580e-01 
 1.67999999e-01  7.76626580e-01 
 1.67999999e-01  7.76626580e-01 
 1.67999999e-01  7.76626580e-01 
 1.68000000e-01  7.76626580e-01 
 1.68000000e-01  7.76626580e-01 
 1.68000000e-01  7.76626580e-01 
 1.68000000e-01  7.76626580e-01 
 1.68000000e-01  7.76626580e-01 
 1.68000001e-01  7.76626580e-01 
 1.68000002e-01  7.76626580e-01 
 1.68000004e-01  7.76626580e-01 
 1.68000008e-01  7.76626580e-01 
 1.68000016e-01  7.76626580e-01 
 1.68000033e-01  7.76626580e-01 
 1.68000065e-01  7.76626580e-01 
 1.68000131e-01  7.76626580e-01 
 1.68000262e-01  7.76626580e-01 
 1.68000524e-01  7.76626580e-01 
 1.68001049e-01  7.76626580e-01 
 1.68002097e-01  7.76626580e-01 
 1.68004194e-01  7.76626580e-01 
 1.68008389e-01  7.76626580e-01 
 1.68016777e-01  7.76626580e-01 
 1.68033554e-01  7.76626580e-01 
 1.68067109e-01  7.76626580e-01 
 1.68107109e-01  7.76626580e-01 
 1.68147109e-01  7.76626580e-01 
 1.68187109e-01  7.76626580e-01 
 1.68227109e-01  7.76626580e-01 
 1.68267109e-01  7.76626580e-01 
 1.68307109e-01  7.76626580e-01 
 1.68347109e-01  7.76626580e-01 
 1.68387109e-01  7.76626580e-01 
 1.68399999e-01  7.76626580e-01 
 1.68399999e-01  7.76626580e-01 
 1.68399999e-01  7.76626580e-01 
 1.68400000e-01  7.76626580e-01 
 1.68400000e-01  7.76626394e-01 
 1.68400000e-01  7.76626296e-01 
 1.68400000e-01  7.76626098e-01 
 1.68400000e-01  7.76625702e-01 
 1.68400001e-01  7.76624912e-01 
 1.68400002e-01  7.76623330e-01 
 1.68400004e-01  7.76620167e-01 
 1.68400008e-01  7.76613843e-01 
 1.68400016e-01  7.76601198e-01 
 1.68400033e-01  7.76575929e-01 
 1.68400065e-01  7.76525469e-01 
 1.68400131e-01  7.76424857e-01 
 1.68400262e-01  7.76224865e-01 
 1.68400524e-01  7.75829755e-01 
 1.68401049e-01  7.75058644e-01 
 1.68402097e-01  7.73589820e-01 
 1.68404194e-01  7.70923192e-01 
 1.68408389e-01  7.66516986e-01 
 1.68416777e-01  7.60450047e-01 
 1.68433554e-01  7.54576449e-01 
 1.68467109e-01  7.51848563e-01 
 1.68507109e-01  7.51918769e-01 
 1.68547109e-01  7.51910968e-01 
 1.68587109e-01  7.51911835e-01 
 1.68627109e-01  7.51911739e-01 
 1.68667109e-01  7.51911750e-01 
 1.68707109e-01  7.51911748e-01 
 1.68747109e-01  7.51911748e-01 
 1.68787109e-01  7.51911748e-01 
 1.68799999e-01  7.51911748e-01 
 1.68799999e-01  7.51911748e-01 
 1.68799999e-01  7.51911748e-01 
 1.68800000e-01  7.51911748e-01 
 1.68800000e-01  7.51911748e-01 
 1.68800000e-01  7.51911748e-01 
 1.68800000e-01  7.51911748e-01 
 1.68800000e-01  7.51911748e-01 
 1.68800001e-01  7.51911748e-01 
 1.68800002e-01  7.51911748e-01 
 1.68800004e-01  7.51911748e-01 
 1.68800008e-01  7.51911748e-01 
 1.68800016e-01  7.51911748e-01 
 1.68800033e-01  7.51911748e-01 
 1.68800065e-01  7.51911748e-01 
 1.68800131e-01  7.51911748e-01 
 1.68800262e-01  7.51911748e-01 
 1.68800524e-01  7.51911748e-01 
 1.68801049e-01  7.51911748e-01 
 1.68802097e-01  7.51911748e-01 
 1.68804194e-01  7.51911748e-01 
 1.68808389e-01  7.51911748e-01 
 1.68816777e-01  7.51911748e-01 
 1.68833554e-01  7.51911748e-01 
 1.68867036e-01  7.51911748e-01 
 1.68907036e-01  7.51911748e-01 
 1.68947036e-01  7.51911748e-01 
 1.68987036e-01  7.51911748e-01 
 1.69027036e-01  7.51911748e-01 
 1.69067036e-01  7.51911748e-01 
 1.69107036e-01  7.51911748e-01 
 1.69147036e-01  7.51911748e-01 
 1.69187036e-01  7.51911748e-01 
 1.69199999e-01  7.51911748e-01 
 1.69199999e-01  7.51911748e-01 
 1.69199999e-01  7.51911748e-01 
 1.69200000e-01  7.51911748e-01 
 1.69200000e-01  7.51911566e-01 
 1.69200000e-01  7.51911469e-01 
 1.69200000e-01  7.51911274e-01 
 1.69200000e-01  7.51910885e-01 
 1.69200001e-01  7.51910106e-01 
 1.69200002e-01  7.51908549e-01 
 1.69200004e-01  7.51905436e-01 
 1.69200008e-01  7.51899209e-01 
 1.69200016e-01  7.51886762e-01 
 1.69200033e-01  7.51861886e-01 
 1.69200065e-01  7.51812211e-01 
 1.69200131e-01  7.51713165e-01 
 1.69200262e-01  7.51516284e-01 
 1.69200524e-01  7.51127323e-01 
 1.69201049e-01  7.50368211e-01 
 1.69202097e-01  7.48922243e-01 
 1.69204194e-01  7.46297110e-01 
 1.69208389e-01  7.41959469e-01 
 1.69216777e-01  7.35986937e-01 
 1.69233554e-01  7.30204738e-01 
 1.69267036e-01  7.27522147e-01 
 1.69307036e-01  7.27588099e-01 
 1.69347036e-01  7.27580771e-01 
 1.69387036e-01  7.27581585e-01 
 1.69427036e-01  7.27581495e-01 
 1.69467036e-01  7.27581505e-01 
 1.69507036e-01  7.27581504e-01 
 1.69547036e-01  7.27581504e-01 
 1.69587036e-01  7.27581504e-01 
 1.69599999e-01  7.27581504e-01 
 1.69599999e-01  7.27581504e-01 
 1.69599999e-01  7.27581504e-01 
 1.69600000e-01  7.27581504e-01 
 1.69600000e-01  7.27581504e-01 
 1.69600000e-01  7.27581504e-01 
 1.69600000e-01  7.27581504e-01 
 1.69600000e-01  7.27581504e-01 
 1.69600001e-01  7.27581504e-01 
 1.69600002e-01  7.27581504e-01 
 1.69600004e-01  7.27581504e-01 
 1.69600008e-01  7.27581504e-01 
 1.69600016e-01  7.27581504e-01 
 1.69600033e-01  7.27581504e-01 
 1.69600065e-01  7.27581504e-01 
 1.69600131e-01  7.27581504e-01 
 1.69600262e-01  7.27581504e-01 
 1.69600524e-01  7.27581504e-01 
 1.69601049e-01  7.27581504e-01 
 1.69602097e-01  7.27581504e-01 
 1.69604194e-01  7.27581504e-01 
 1.69608389e-01  7.27581504e-01 
 1.69616777e-01  7.27581504e-01 
 1.69633554e-01  7.27581504e-01 
 1.69662069e-01  7.27581504e-01 
 1.69702069e-01  7.27581504e-01 
 1.69742069e-01  7.27581504e-01 
 1.69782069e-01  7.27581504e-01 
 1.69822069e-01  7.27581504e-01 
 1.69862069e-01  7.27581504e-01 
 1.69902069e-01  7.27581504e-01 
 1.69942069e-01  7.27581504e-01 
 1.69982069e-01  7.27581504e-01 
 1.69999999e-01  7.27581504e-01 
 1.69999999e-01  7.27581504e-01 
 1.69999999e-01  7.27581504e-01 
 1.70000000e-01  7.27581504e-01 
 1.70000000e-01  7.27581324e-01 
 1.70000000e-01  7.27581229e-01 
 1.70000000e-01  7.27581037e-01 
 1.70000000e-01  7.27580654e-01 
 1.70000001e-01  7.27579889e-01 
 1.70000002e-01  7.27578357e-01 
 1.70000004e-01  7.27575295e-01 
 1.70000008e-01  7.27569172e-01 
 1.70000016e-01  7.27556931e-01 
 1.70000033e-01  7.27532466e-01 
 1.70000065e-01  7.27483613e-01 
 1.70000131e-01  7.27386205e-01 
 1.70000262e-01  7.27192582e-01 
 1.70000524e-01  7.26810055e-01 
 1.70001049e-01  7.26063501e-01 
 1.70002097e-01  7.24641454e-01 
 1.70004194e-01  7.22059749e-01 
 1.70008389e-01  7.17793866e-01 
 1.70016777e-01  7.11920139e-01 
 1.70033554e-01  7.06233596e-01 
 1.70062069e-01  7.03802350e-01 
 1.70102069e-01  7.03637247e-01 
 1.70142069e-01  7.03655592e-01 
 1.70182069e-01  7.03653554e-01 
 1.70222069e-01  7.03653780e-01 
 1.70262069e-01  7.03653755e-01 
 1.70302069e-01  7.03653758e-01 
 1.70342069e-01  7.03653758e-01 
 1.70382069e-01  7.03653758e-01 
 1.70399999e-01  7.03653758e-01 
 1.70399999e-01  7.03653758e-01 
 1.70399999e-01  7.03653758e-01 
 1.70400000e-01  7.03653758e-01 
 1.70400000e-01  7.03653758e-01 
 1.70400000e-01  7.03653758e-01 
 1.70400000e-01  7.03653758e-01 
 1.70400000e-01  7.03653758e-01 
 1.70400001e-01  7.03653758e-01 
 1.70400002e-01  7.03653758e-01 
 1.70400004e-01  7.03653758e-01 
 1.70400008e-01  7.03653758e-01 
 1.70400016e-01  7.03653758e-01 
 1.70400033e-01  7.03653758e-01 
 1.70400065e-01  7.03653758e-01 
 1.70400131e-01  7.03653758e-01 
 1.70400262e-01  7.03653758e-01 
 1.70400524e-01  7.03653758e-01 
 1.70401049e-01  7.03653758e-01 
 1.70402097e-01  7.03653758e-01 
 1.70404194e-01  7.03653758e-01 
 1.70408389e-01  7.03653758e-01 
 1.70416777e-01  7.03653758e-01 
 1.70433554e-01  7.03653758e-01 
 1.70461923e-01  7.03653758e-01 
 1.70501923e-01  7.03653758e-01 
 1.70541923e-01  7.03653758e-01 
 1.70581923e-01  7.03653758e-01 
 1.70621923e-01  7.03653758e-01 
 1.70661923e-01  7.03653758e-01 
 1.70701923e-01  7.03653758e-01 
 1.70741923e-01  7.03653758e-01 
 1.70781923e-01  7.03653758e-01 
 1.70799999e-01  7.03653758e-01 
 1.70799999e-01  7.03653758e-01 
 1.70799999e-01  7.03653758e-01 
 1.70800000e-01  7.03653758e-01 
 1.70800000e-01  7.03653581e-01 
 1.70800000e-01  7.03653487e-01 
 1.70800000e-01  7.03653299e-01 
 1.70800000e-01  7.03652923e-01 
 1.70800001e-01  7.03652171e-01 
 1.70800002e-01  7.03650666e-01 
 1.70800004e-01  7.03647658e-01 
 1.70800008e-01  7.03641642e-01 
 1.70800016e-01  7.03629615e-01 
 1.70800033e-01  7.03605580e-01 
 1.70800065e-01  7.03557583e-01 
 1.70800131e-01  7.03461884e-01 
 1.70800262e-01  7.03271656e-01 
 1.70800524e-01  7.02895837e-01 
 1.70801049e-01  7.02162374e-01 
 1.70802097e-01  7.00765262e-01 
 1.70804194e-01  6.98228828e-01 
 1.70808389e-01  6.94037749e-01 
 1.70816777e-01  6.88267019e-01 
 1.70833554e-01  6.82680191e-01 
 1.70861923e-01  6.80298061e-01 
 1.70901923e-01  6.80128649e-01 
 1.70941923e-01  6.80147473e-01 
 1.70981923e-01  6.80145381e-01 
 1.71021923e-01  6.80145613e-01 
 1.71061923e-01  6.80145588e-01 
 1.71101923e-01  6.80145591e-01 
 1.71141923e-01  6.80145590e-01 
 1.71181923e-01  6.80145590e-01 
 1.71199999e-01  6.80145590e-01 
 1.71199999e-01  6.80145590e-01 
 1.71199999e-01  6.80145590e-01 
 1.71200000e-01  6.80145590e-01 
 1.71200000e-01  6.80145590e-01 
 1.71200000e-01  6.80145590e-01 
 1.71200000e-01  6.80145590e-01 
 1.71200000e-01  6.80145590e-01 
 1.71200001e-01  6.80145590e-01 
 1.71200002e-01  6.80145590e-01 
 1.71200004e-01  6.80145590e-01 
 1.71200008e-01  6.80145590e-01 
 1.71200016e-01  6.80145590e-01 
 1.71200033e-01  6.80145590e-01 
 1.71200065e-01  6.80145590e-01 
 1.71200131e-01  6.80145590e-01 
 1.71200262e-01  6.80145590e-01 
 1.71200524e-01  6.80145590e-01 
 1.71201049e-01  6.80145590e-01 
 1.71202097e-01  6.80145590e-01 
 1.71204194e-01  6.80145590e-01 
 1.71208389e-01  6.80145590e-01 
 1.71216777e-01  6.80145590e-01 
 1.71233554e-01  6.80145590e-01 
 1.71262151e-01  6.80145590e-01 
 1.71302151e-01  6.80145590e-01 
 1.71342151e-01  6.80145590e-01 
 1.71382151e-01  6.80145590e-01 
 1.71422151e-01  6.80145590e-01 
 1.71462151e-01  6.80145590e-01 
 1.71502151e-01  6.80145590e-01 
 1.71542151e-01  6.80145590e-01 
 1.71582151e-01  6.80145590e-01 
 1.71599999e-01  6.80145590e-01 
 1.71599999e-01  6.80145590e-01 
 1.71599999e-01  6.80145590e-01 
 1.71600000e-01  6.80145590e-01 
 1.71600000e-01  6.80145417e-01 
 1.71600000e-01  6.80145325e-01 
 1.71600000e-01  6.80145140e-01 
 1.71600000e-01  6.80144771e-01 
 1.71600001e-01  6.80144033e-01 
 1.71600002e-01  6.80142556e-01 
 1.71600004e-01  6.80139604e-01 
 1.71600008e-01  6.80133699e-01 
 1.71600016e-01  6.80121895e-01 
 1.71600033e-01  6.80098306e-01 
 1.71600065e-01  6.80051198e-01 
 1.71600131e-01  6.79957272e-01 
 1.71600262e-01  6.79770570e-01 
 1.71600524e-01  6.79401717e-01 
 1.71601049e-01  6.78681849e-01 
 1.71602097e-01  6.77310632e-01 
 1.71604194e-01  6.74821209e-01 
 1.71608389e-01  6.70707809e-01 
 1.71616777e-01  6.65044037e-01 
 1.71633554e-01  6.59560757e-01 
 1.71662151e-01  6.57212854e-01 
 1.71702151e-01  6.57057608e-01 
 1.71742151e-01  6.57074858e-01 
 1.71782151e-01  6.57072941e-01 
 1.71822151e-01  6.57073154e-01 
 1.71862151e-01  6.57073131e-01 
 1.71902151e-01  6.57073133e-01 
 1.71942151e-01  6.57073133e-01 
 1.71982151e-01  6.57073133e-01 
 1.71999999e-01  6.57073133e-01 
 1.71999999e-01  6.57073133e-01 
 1.71999999e-01  6.57073133e-01 
 1.72000000e-01  6.57073133e-01 
 1.72000000e-01  6.57073133e-01 
 1.72000000e-01  6.57073133e-01 
 1.72000000e-01  6.57073133e-01 
 1.72000000e-01  6.57073133e-01 
 1.72000001e-01  6.57073133e-01 
 1.72000002e-01  6.57073133e-01 
 1.72000004e-01  6.57073133e-01 
 1.72000008e-01  6.57073133e-01 
 1.72000016e-01  6.57073133e-01 
 1.72000033e-01  6.57073133e-01 
 1.72000065e-01  6.57073133e-01 
 1.72000131e-01  6.57073133e-01 
 1.72000262e-01  6.57073133e-01 
 1.72000524e-01  6.57073133e-01 
 1.72001049e-01  6.57073133e-01 
 1.72002097e-01  6.57073133e-01 
 1.72004194e-01  6.57073133e-01 
 1.72008389e-01  6.57073133e-01 
 1.72016777e-01  6.57073133e-01 
 1.72033554e-01  6.57073133e-01 
 1.72062394e-01  6.57073133e-01 
 1.72102394e-01  6.57073133e-01 
 1.72142394e-01  6.57073133e-01 
 1.72182394e-01  6.57073133e-01 
 1.72222394e-01  6.57073133e-01 
 1.72262394e-01  6.57073133e-01 
 1.72302394e-01  6.57073133e-01 
 1.72342394e-01  6.57073133e-01 
 1.72382394e-01  6.57073133e-01 
 1.72399999e-01  6.57073133e-01 
 1.72399999e-01  6.57073133e-01 
 1.72399999e-01  6.57073133e-01 
 1.72400000e-01  6.57073133e-01 
 1.72400000e-01  6.57072963e-01 
 1.72400000e-01  6.57072873e-01 
 1.72400000e-01  6.57072692e-01 
 1.72400000e-01  6.57072330e-01 
 1.72400001e-01  6.57071606e-01 
 1.72400002e-01  6.57070158e-01 
 1.72400004e-01  6.57067263e-01 
 1.72400008e-01  6.57061474e-01 
 1.72400016e-01  6.57049901e-01 
 1.72400033e-01  6.57026772e-01 
 1.72400065e-01  6.56980585e-01 
 1.72400131e-01  6.56888495e-01 
 1.72400262e-01  6.56705440e-01 
 1.72400524e-01  6.56343794e-01 
 1.72401049e-01  6.55637990e-01 
 1.72402097e-01  6.54293564e-01 
 1.72404194e-01  6.51852779e-01 
 1.72408389e-01  6.47819746e-01 
 1.72416777e-01  6.42266631e-01 
 1.72433554e-01  6.36890483e-01 
 1.72462394e-01  6.34578143e-01 
 1.72502394e-01  6.34437387e-01 
 1.72542394e-01  6.34453026e-01 
 1.72582394e-01  6.34451289e-01 
 1.72622394e-01  6.34451482e-01 
 1.72662394e-01  6.34451460e-01 
 1.72702394e-01  6.34451463e-01 
 1.72742394e-01  6.34451462e-01 
 1.72782394e-01  6.34451462e-01 
 1.72799999e-01  6.34451462e-01 
 1.72799999e-01  6.34451462e-01 
 1.72799999e-01  6.34451462e-01 
 1.72800000e-01  6.34451462e-01 
 1.72800000e-01  6.34451462e-01 
 1.72800000e-01  6.34451462e-01 
 1.72800000e-01  6.34451462e-01 
 1.72800000e-01  6.34451462e-01 
 1.72800001e-01  6.34451462e-01 
 1.72800002e-01  6.34451462e-01 
 1.72800004e-01  6.34451462e-01 
 1.72800008e-01  6.34451462e-01 
 1.72800016e-01  6.34451462e-01 
 1.72800033e-01  6.34451462e-01 
 1.72800065e-01  6.34451462e-01 
 1.72800131e-01  6.34451462e-01 
 1.72800262e-01  6.34451462e-01 
 1.72800524e-01  6.34451462e-01 
 1.72801049e-01  6.34451462e-01 
 1.72802097e-01  6.34451462e-01 
 1.72804194e-01  6.34451462e-01 
 1.72808389e-01  6.34451462e-01 
 1.72816777e-01  6.34451462e-01 
 1.72833554e-01  6.34451462e-01 
 1.72862654e-01  6.34451462e-01 
 1.72902654e-01  6.34451462e-01 
 1.72942654e-01  6.34451462e-01 
 1.72982654e-01  6.34451462e-01 
 1.73022654e-01  6.34451462e-01 
 1.73062654e-01  6.34451462e-01 
 1.73102654e-01  6.34451462e-01 
 1.73142654e-01  6.34451462e-01 
 1.73182654e-01  6.34451462e-01 
 1.73199999e-01  6.34451462e-01 
 1.73199999e-01  6.34451462e-01 
 1.73199999e-01  6.34451462e-01 
 1.73200000e-01  6.34451462e-01 
 1.73200000e-01  6.34451296e-01 
 1.73200000e-01  6.34451208e-01 
 1.73200000e-01  6.34451030e-01 
 1.73200000e-01  6.34450676e-01 
 1.73200001e-01  6.34449967e-01 
 1.73200002e-01  6.34448549e-01 
 1.73200004e-01  6.34445713e-01 
 1.73200008e-01  6.34440043e-01 
 1.73200016e-01  6.34428708e-01 
 1.73200033e-01  6.34406054e-01 
 1.73200065e-01  6.34360816e-01 
 1.73200131e-01  6.34270617e-01 
 1.73200262e-01  6.34091323e-01 
 1.73200524e-01  6.33737106e-01 
 1.73201049e-01  6.33045801e-01 
 1.73202097e-01  6.31728993e-01 
 1.73204194e-01  6.29338350e-01 
 1.73208389e-01  6.25388167e-01 
 1.73216777e-01  6.19949129e-01 
 1.73233554e-01  6.14683423e-01 
 1.73262654e-01  6.12407916e-01 
 1.73302654e-01  6.12281907e-01 
 1.73342654e-01  6.12295908e-01 
 1.73382654e-01  6.12294352e-01 
 1.73422654e-01  6.12294525e-01 
 1.73462654e-01  6.12294506e-01 
 1.73502654e-01  6.12294508e-01 
 1.73542654e-01  6.12294507e-01 
 1.73582654e-01  6.12294507e-01 
 1.73599999e-01  6.12294507e-01 
 1.73599999e-01  6.12294507e-01 
 1.73599999e-01  6.12294507e-01 
 1.73600000e-01  6.12294507e-01 
 1.73600000e-01  6.12294507e-01 
 1.73600000e-01  6.12294507e-01 
 1.73600000e-01  6.12294507e-01 
 1.73600000e-01  6.12294507e-01 
 1.73600001e-01  6.12294507e-01 
 1.73600002e-01  6.12294507e-01 
 1.73600004e-01  6.12294507e-01 
 1.73600008e-01  6.12294507e-01 
 1.73600016e-01  6.12294507e-01 
 1.73600033e-01  6.12294507e-01 
 1.73600065e-01  6.12294507e-01 
 1.73600131e-01  6.12294507e-01 
 1.73600262e-01  6.12294507e-01 
 1.73600524e-01  6.12294507e-01 
 1.73601049e-01  6.12294507e-01 
 1.73602097e-01  6.12294507e-01 
 1.73604194e-01  6.12294507e-01 
 1.73608389e-01  6.12294507e-01 
 1.73616777e-01  6.12294507e-01 
 1.73633554e-01  6.12294507e-01 
 1.73663311e-01  6.12294507e-01 
 1.73703311e-01  6.12294507e-01 
 1.73743311e-01  6.12294507e-01 
 1.73783311e-01  6.12294507e-01 
 1.73823311e-01  6.12294507e-01 
 1.73863311e-01  6.12294507e-01 
 1.73903311e-01  6.12294507e-01 
 1.73943311e-01  6.12294507e-01 
 1.73983311e-01  6.12294507e-01 
 1.73999999e-01  6.12294507e-01 
 1.73999999e-01  6.12294507e-01 
 1.73999999e-01  6.12294507e-01 
 1.74000000e-01  6.12294507e-01 
 1.74000000e-01  6.12294345e-01 
 1.74000000e-01  6.12294258e-01 
 1.74000000e-01  6.12294085e-01 
 1.74000000e-01  6.12293738e-01 
 1.74000001e-01  6.12293044e-01 
 1.74000002e-01  6.12291657e-01 
 1.74000004e-01  6.12288882e-01 
 1.74000008e-01  6.12283335e-01 
 1.74000016e-01  6.12272243e-01 
 1.74000033e-01  6.12250077e-01 
 1.74000065e-01  6.12205814e-01 
 1.74000131e-01  6.12117559e-01 
 1.74000262e-01  6.11942128e-01 
 1.74000524e-01  6.11595543e-01 
 1.74001049e-01  6.10919134e-01 
 1.74002097e-01  6.09630699e-01 
 1.74004194e-01  6.07291567e-01 
 1.74008389e-01  6.03426499e-01 
 1.74016777e-01  5.98104656e-01 
 1.74033554e-01  5.92952411e-01 
 1.74063311e-01  5.90699886e-01 
 1.74103311e-01  5.90605534e-01 
 1.74143311e-01  5.90616018e-01 
 1.74183311e-01  5.90614853e-01 
 1.74223311e-01  5.90614982e-01 
 1.74263311e-01  5.90614968e-01 
 1.74303311e-01  5.90614970e-01 
 1.74343311e-01  5.90614969e-01 
 1.74383311e-01  5.90614969e-01 
 1.74399999e-01  5.90614969e-01 
 1.74399999e-01  5.90614969e-01 
 1.74399999e-01  5.90614969e-01 
 1.74400000e-01  5.90614969e-01 
 1.74400000e-01  5.90614969e-01 
 1.74400000e-01  5.90614969e-01 
 1.74400000e-01  5.90614969e-01 
 1.74400000e-01  5.90614969e-01 
 1.74400001e-01  5.90614969e-01 
 1.74400002e-01  5.90614969e-01 
 1.74400004e-01  5.90614969e-01 
 1.74400008e-01  5.90614969e-01 
 1.74400016e-01  5.90614969e-01 
 1.74400033e-01  5.90614969e-01 
 1.74400065e-01  5.90614969e-01 
 1.74400131e-01  5.90614969e-01 
 1.74400262e-01  5.90614969e-01 
 1.74400524e-01  5.90614969e-01 
 1.74401049e-01  5.90614969e-01 
 1.74402097e-01  5.90614969e-01 
 1.74404194e-01  5.90614969e-01 
 1.74408389e-01  5.90614969e-01 
 1.74416777e-01  5.90614969e-01 
 1.74433554e-01  5.90614969e-01 
 1.74467109e-01  5.90614969e-01 
 1.74507109e-01  5.90614969e-01 
 1.74547109e-01  5.90614969e-01 
 1.74587109e-01  5.90614969e-01 
 1.74627109e-01  5.90614969e-01 
 1.74667109e-01  5.90614969e-01 
 1.74707109e-01  5.90614969e-01 
 1.74747109e-01  5.90614969e-01 
 1.74787109e-01  5.90614969e-01 
 1.74799999e-01  5.90614969e-01 
 1.74799999e-01  5.90614969e-01 
 1.74799999e-01  5.90614969e-01 
 1.74800000e-01  5.90614969e-01 
 1.74800000e-01  5.90614811e-01 
 1.74800000e-01  5.90614726e-01 
 1.74800000e-01  5.90614556e-01 
 1.74800000e-01  5.90614217e-01 
 1.74800001e-01  5.90613539e-01 
 1.74800002e-01  5.90612183e-01 
 1.74800004e-01  5.90609471e-01 
 1.74800008e-01  5.90604048e-01 
 1.74800016e-01  5.90593207e-01 
 1.74800033e-01  5.90571541e-01 
 1.74800065e-01  5.90528276e-01 
 1.74800131e-01  5.90442011e-01 
 1.74800262e-01  5.90270535e-01 
 1.74800524e-01  5.89931765e-01 
 1.74801049e-01  5.89270608e-01 
 1.74802097e-01  5.88011224e-01 
 1.74804194e-01  5.85724834e-01 
 1.74808389e-01  5.81946915e-01 
 1.74816777e-01  5.76745068e-01 
 1.74833554e-01  5.71708993e-01 
 1.74867109e-01  5.69370080e-01 
 1.74907109e-01  5.69430275e-01 
 1.74947109e-01  5.69423587e-01 
 1.74987109e-01  5.69424330e-01 
 1.75027109e-01  5.69424247e-01 
 1.75067109e-01  5.69424257e-01 
 1.75107109e-01  5.69424256e-01 
 1.75147109e-01  5.69424256e-01 
 1.75187109e-01  5.69424256e-01 
 1.75199999e-01  5.69424256e-01 
 1.75199999e-01  5.69424256e-01 
 1.75199999e-01  5.69424256e-01 
 1.75200000e-01  5.69424256e-01 
 1.75200000e-01  5.69424256e-01 
 1.75200000e-01  5.69424256e-01 
 1.75200000e-01  5.69424256e-01 
 1.75200000e-01  5.69424256e-01 
 1.75200001e-01  5.69424256e-01 
 1.75200002e-01  5.69424256e-01 
 1.75200004e-01  5.69424256e-01 
 1.75200008e-01  5.69424256e-01 
 1.75200016e-01  5.69424256e-01 
 1.75200033e-01  5.69424256e-01 
 1.75200065e-01  5.69424256e-01 
 1.75200131e-01  5.69424256e-01 
 1.75200262e-01  5.69424256e-01 
 1.75200524e-01  5.69424256e-01 
 1.75201049e-01  5.69424256e-01 
 1.75202097e-01  5.69424256e-01 
 1.75204194e-01  5.69424256e-01 
 1.75208389e-01  5.69424256e-01 
 1.75216777e-01  5.69424256e-01 
 1.75233554e-01  5.69424256e-01 
 1.75267109e-01  5.69424256e-01 
 1.75307109e-01  5.69424256e-01 
 1.75347109e-01  5.69424256e-01 
 1.75387109e-01  5.69424256e-01 
 1.75427109e-01  5.69424256e-01 
 1.75467109e-01  5.69424256e-01 
 1.75507109e-01  5.69424256e-01 
 1.75547109e-01  5.69424256e-01 
 1.75587109e-01  5.69424256e-01 
 1.75599999e-01  5.69424256e-01 
 1.75599999e-01  5.69424256e-01 
 1.75599999e-01  5.69424256e-01 
 1.75600000e-01  5.69424256e-01 
 1.75600000e-01  5.69424101e-01 
 1.75600000e-01  5.69424018e-01 
 1.75600000e-01  5.69423852e-01 
 1.75600000e-01  5.69423521e-01 
 1.75600001e-01  5.69422859e-01 
 1.75600002e-01  5.69421535e-01 
 1.75600004e-01  5.69418887e-01 
 1.75600008e-01  5.69413592e-01 
 1.75600016e-01  5.69403006e-01 
 1.75600033e-01  5.69381850e-01 
 1.75600065e-01  5.69339603e-01 
 1.75600131e-01  5.69255369e-01 
 1.75600262e-01  5.69087931e-01 
 1.75600524e-01  5.68757136e-01 
 1.75601049e-01  5.68111544e-01 
 1.75602097e-01  5.66881810e-01 
 1.75604194e-01  5.64649247e-01 
 1.75608389e-01  5.60960270e-01 
 1.75616777e-01  5.55880889e-01 
 1.75633554e-01  5.50963377e-01 
 1.75667109e-01  5.48679527e-01 
 1.75707109e-01  5.48738305e-01 
 1.75747109e-01  5.48731775e-01 
 1.75787109e-01  5.48732500e-01 
 1.75827109e-01  5.48732420e-01 
 1.75867109e-01  5.48732429e-01 
 1.75907109e-01  5.48732428e-01 
 1.75947109e-01  5.48732428e-01 
 1.75987109e-01  5.48732428e-01 
 1.75999999e-01  5.48732428e-01 
 1.75999999e-01  5.48732428e-01 
 1.75999999e-01  5.48732428e-01 
 1.76000000e-01  5.48732428e-01 
 1.76000000e-01  5.48732428e-01 
 1.76000000e-01  5.48732428e-01 
 1.76000000e-01  5.48732428e-01 
 1.76000000e-01  5.48732428e-01 
 1.76000001e-01  5.48732428e-01 
 1.76000002e-01  5.48732428e-01 
 1.76000004e-01  5.48732428e-01 
 1.76000008e-01  5.48732428e-01 
 1.76000016e-01  5.48732428e-01 
 1.76000033e-01  5.48732428e-01 
 1.76000065e-01  5.48732428e-01 
 1.76000131e-01  5.48732428e-01 
 1.76000262e-01  5.48732428e-01 
 1.76000524e-01  5.48732428e-01 
 1.76001049e-01  5.48732428e-01 
 1.76002097e-01  5.48732428e-01 
 1.76004194e-01  5.48732428e-01 
 1.76008389e-01  5.48732428e-01 
 1.76016777e-01  5.48732428e-01 
 1.76033554e-01  5.48732428e-01 
 1.76067109e-01  5.48732428e-01 
 1.76107109e-01  5.48732428e-01 
 1.76147109e-01  5.48732428e-01 
 1.76187109e-01  5.48732428e-01 
 1.76227109e-01  5.48732428e-01 
 1.76267109e-01  5.48732428e-01 
 1.76307109e-01  5.48732428e-01 
 1.76347109e-01  5.48732428e-01 
 1.76387109e-01  5.48732428e-01 
 1.76399999e-01  5.48732428e-01 
 1.76399999e-01  5.48732428e-01 
 1.76399999e-01  5.48732428e-01 
 1.76400000e-01  5.48732428e-01 
 1.76400000e-01  5.48732276e-01 
 1.76400000e-01  5.48732195e-01 
 1.76400000e-01  5.48732034e-01 
 1.76400000e-01  5.48731711e-01 
 1.76400001e-01  5.48731065e-01 
 1.76400002e-01  5.48729774e-01 
 1.76400004e-01  5.48727190e-01 
 1.76400008e-01  5.48722025e-01 
 1.76400016e-01  5.48711699e-01 
 1.76400033e-01  5.48691062e-01 
 1.76400065e-01  5.48649852e-01 
 1.76400131e-01  5.48567683e-01 
 1.76400262e-01  5.48404352e-01 
 1.76400524e-01  5.48081672e-01 
 1.76401049e-01  5.47451916e-01 
 1.76402097e-01  5.46252347e-01 
 1.76404194e-01  5.44074549e-01 
 1.76408389e-01  5.40476061e-01 
 1.76416777e-01  5.35521275e-01 
 1.76433554e-01  5.30724388e-01 
 1.76467109e-01  5.28496560e-01 
 1.76507109e-01  5.28553896e-01 
 1.76547109e-01  5.28547526e-01 
 1.76587109e-01  5.28548234e-01 
 1.76627109e-01  5.28548155e-01 
 1.76667109e-01  5.28548164e-01 
 1.76707109e-01  5.28548163e-01 
 1.76747109e-01  5.28548163e-01 
 1.76787109e-01  5.28548163e-01 
 1.76799999e-01  5.28548163e-01 
 1.76799999e-01  5.28548163e-01 
 1.76799999e-01  5.28548163e-01 
 1.76800000e-01  5.28548163e-01 
 1.76800000e-01  5.28548163e-01 
 1.76800000e-01  5.28548163e-01 
 1.76800000e-01  5.28548163e-01 
 1.76800000e-01  5.28548163e-01 
 1.76800001e-01  5.28548163e-01 
 1.76800002e-01  5.28548163e-01 
 1.76800004e-01  5.28548163e-01 
 1.76800008e-01  5.28548163e-01 
 1.76800016e-01  5.28548163e-01 
 1.76800033e-01  5.28548163e-01 
 1.76800065e-01  5.28548163e-01 
 1.76800131e-01  5.28548163e-01 
 1.76800262e-01  5.28548163e-01 
 1.76800524e-01  5.28548163e-01 
 1.76801049e-01  5.28548163e-01 
 1.76802097e-01  5.28548163e-01 
 1.76804194e-01  5.28548163e-01 
 1.76808389e-01  5.28548163e-01 
 1.76816777e-01  5.28548163e-01 
 1.76833554e-01  5.28548163e-01 
 1.76867109e-01  5.28548163e-01 
 1.76907109e-01  5.28548163e-01 
 1.76947109e-01  5.28548163e-01 
 1.76987109e-01  5.28548163e-01 
 1.77027109e-01  5.28548163e-01 
 1.77067109e-01  5.28548163e-01 
 1.77107109e-01  5.28548163e-01 
 1.77147109e-01  5.28548163e-01 
 1.77187109e-01  5.28548163e-01 
 1.77199999e-01  5.28548163e-01 
 1.77199999e-01  5.28548163e-01 
 1.77199999e-01  5.28548163e-01 
 1.77200000e-01  5.28548163e-01 
 1.77200000e-01  5.28548015e-01 
 1.77200000e-01  5.28547937e-01 
 1.77200000e-01  5.28547779e-01 
 1.77200000e-01  5.28547465e-01 
 1.77200001e-01  5.28546835e-01 
 1.77200002e-01  5.28545576e-01 
 1.77200004e-01  5.28543059e-01 
 1.77200008e-01  5.28538026e-01 
 1.77200016e-01  5.28527963e-01 
 1.77200033e-01  5.28507852e-01 
 1.77200065e-01  5.28467693e-01 
 1.77200131e-01  5.28387621e-01 
 1.77200262e-01  5.28228456e-01 
 1.77200524e-01  5.27914006e-01 
 1.77201049e-01  5.27300313e-01 
 1.77202097e-01  5.26131341e-01 
 1.77204194e-01  5.24009091e-01 
 1.77208389e-01  5.20502389e-01 
 1.77216777e-01  5.15673983e-01 
 1.77233554e-01  5.10999448e-01 
 1.77267109e-01  5.08828445e-01 
 1.77307109e-01  5.08884319e-01 
 1.77347109e-01  5.08878111e-01 
 1.77387109e-01  5.08878800e-01 
 1.77427109e-01  5.08878724e-01 
 1.77467109e-01  5.08878732e-01 
 1.77507109e-01  5.08878731e-01 
 1.77547109e-01  5.08878731e-01 
 1.77587109e-01  5.08878731e-01 
 1.77599999e-01  5.08878731e-01 
 1.77599999e-01  5.08878731e-01 
 1.77599999e-01  5.08878731e-01 
 1.77600000e-01  5.08878731e-01 
 1.77600000e-01  5.08878731e-01 
 1.77600000e-01  5.08878731e-01 
 1.77600000e-01  5.08878731e-01 
 1.77600000e-01  5.08878731e-01 
 1.77600001e-01  5.08878731e-01 
 1.77600002e-01  5.08878731e-01 
 1.77600004e-01  5.08878731e-01 
 1.77600008e-01  5.08878731e-01 
 1.77600016e-01  5.08878731e-01 
 1.77600033e-01  5.08878731e-01 
 1.77600065e-01  5.08878731e-01 
 1.77600131e-01  5.08878731e-01 
 1.77600262e-01  5.08878731e-01 
 1.77600524e-01  5.08878731e-01 
 1.77601049e-01  5.08878731e-01 
 1.77602097e-01  5.08878731e-01 
 1.77604194e-01  5.08878731e-01 
 1.77608389e-01  5.08878731e-01 
 1.77616777e-01  5.08878731e-01 
 1.77633554e-01  5.08878731e-01 
 1.77667109e-01  5.08878731e-01 
 1.77707109e-01  5.08878731e-01 
 1.77747109e-01  5.08878731e-01 
 1.77787109e-01  5.08878731e-01 
 1.77827109e-01  5.08878731e-01 
 1.77867109e-01  5.08878731e-01 
 1.77907109e-01  5.08878731e-01 
 1.77947109e-01  5.08878731e-01 
 1.77987109e-01  5.08878731e-01 
 1.77999999e-01  5.08878731e-01 
 1.77999999e-01  5.08878731e-01 
 1.77999999e-01  5.08878731e-01 
 1.78000000e-01  5.08878731e-01 
 1.78000000e-01  5.08878588e-01 
 1.78000000e-01  5.08878511e-01 
 1.78000000e-01  5.08878358e-01 
 1.78000000e-01  5.08878052e-01 
 1.78000001e-01  5.08877439e-01 
 1.78000002e-01  5.08876214e-01 
 1.78000004e-01  5.08873763e-01 
 1.78000008e-01  5.08868863e-01 
 1.78000016e-01  5.08859066e-01 
 1.78000033e-01  5.08839488e-01 
 1.78000065e-01  5.08800392e-01 
 1.78000131e-01  5.08722439e-01 
 1.78000262e-01  5.08567488e-01 
 1.78000524e-01  5.08261362e-01 
 1.78001049e-01  5.07663914e-01 
 1.78002097e-01  5.06525887e-01 
 1.78004194e-01  5.04459817e-01 
 1.78008389e-01  5.01045943e-01 
 1.78016777e-01  4.96345354e-01 
 1.78033554e-01  4.91794563e-01 
 1.78067109e-01  4.89681030e-01 
 1.78107109e-01  4.89735425e-01 
 1.78147109e-01  4.89729381e-01 
 1.78187109e-01  4.89730053e-01 
 1.78227109e-01  4.89729978e-01 
 1.78267109e-01  4.89729987e-01 
 1.78307109e-01  4.89729986e-01 
 1.78347109e-01  4.89729986e-01 
 1.78387109e-01  4.89729986e-01 
 1.78399999e-01  4.89729986e-01 
 1.78399999e-01  4.89729986e-01 
 1.78399999e-01  4.89729986e-01 
 1.78400000e-01  4.89729986e-01 
 1.78400000e-01  4.89729986e-01 
 1.78400000e-01  4.89729986e-01 
 1.78400000e-01  4.89729986e-01 
 1.78400000e-01  4.89729986e-01 
 1.78400001e-01  4.89729986e-01 
 1.78400002e-01  4.89729986e-01 
 1.78400004e-01  4.89729986e-01 
 1.78400008e-01  4.89729986e-01 
 1.78400016e-01  4.89729986e-01 
 1.78400033e-01  4.89729986e-01 
 1.78400065e-01  4.89729986e-01 
 1.78400131e-01  4.89729986e-01 
 1.78400262e-01  4.89729986e-01 
 1.78400524e-01  4.89729986e-01 
 1.78401049e-01  4.89729986e-01 
 1.78402097e-01  4.89729986e-01 
 1.78404194e-01  4.89729986e-01 
 1.78408389e-01  4.89729986e-01 
 1.78416777e-01  4.89729986e-01 
 1.78433554e-01  4.89729986e-01 
 1.78467109e-01  4.89729986e-01 
 1.78507109e-01  4.89729986e-01 
 1.78547109e-01  4.89729986e-01 
 1.78587109e-01  4.89729986e-01 
 1.78627109e-01  4.89729986e-01 
 1.78667109e-01  4.89729986e-01 
 1.78707109e-01  4.89729986e-01 
 1.78747109e-01  4.89729986e-01 
 1.78787109e-01  4.89729986e-01 
 1.78799999e-01  4.89729986e-01 
 1.78799999e-01  4.89729986e-01 
 1.78799999e-01  4.89729986e-01 
 1.78800000e-01  4.89729986e-01 
 1.78800000e-01  4.89729846e-01 
 1.78800000e-01  4.89729772e-01 
 1.78800000e-01  4.89729623e-01 
 1.78800000e-01  4.89729325e-01 
 1.78800001e-01  4.89728729e-01 
 1.78800002e-01  4.89727537e-01 
 1.78800004e-01  4.89725153e-01 
 1.78800008e-01  4.89720388e-01 
 1.78800016e-01  4.89710860e-01 
 1.78800033e-01  4.89691818e-01 
 1.78800065e-01  4.89653794e-01 
 1.78800131e-01  4.89577979e-01 
 1.78800262e-01  4.89427277e-01 
 1.78800524e-01  4.89129546e-01 
 1.78801049e-01  4.88548483e-01 
 1.78802097e-01  4.87441664e-01 
 1.78804194e-01  4.85432252e-01 
 1.78808389e-01  4.82111999e-01 
 1.78816777e-01  4.77540315e-01 
 1.78833554e-01  4.73114322e-01 
 1.78867109e-01  4.71058750e-01 
 1.78907109e-01  4.71111653e-01 
 1.78947109e-01  4.71105775e-01 
 1.78987109e-01  4.71106428e-01 
 1.79027109e-01  4.71106356e-01 
 1.79067109e-01  4.71106364e-01 
 1.79107109e-01  4.71106363e-01 
 1.79147109e-01  4.71106363e-01 
 1.79187109e-01  4.71106363e-01 
 1.79199999e-01  4.71106363e-01 
 1.79199999e-01  4.71106363e-01 
 1.79199999e-01  4.71106363e-01 
 1.79200000e-01  4.71106363e-01 
 1.79200000e-01  4.71106363e-01 
 1.79200000e-01  4.71106363e-01 
 1.79200000e-01  4.71106363e-01 
 1.79200000e-01  4.71106363e-01 
 1.79200001e-01  4.71106363e-01 
 1.79200002e-01  4.71106363e-01 
 1.79200004e-01  4.71106363e-01 
 1.79200008e-01  4.71106363e-01 
 1.79200016e-01  4.71106363e-01 
 1.79200033e-01  4.71106363e-01 
 1.79200065e-01  4.71106363e-01 
 1.79200131e-01  4.71106363e-01 
 1.79200262e-01  4.71106363e-01 
 1.79200524e-01  4.71106363e-01 
 1.79201049e-01  4.71106363e-01 
 1.79202097e-01  4.71106363e-01 
 1.79204194e-01  4.71106363e-01 
 1.79208389e-01  4.71106363e-01 
 1.79216777e-01  4.71106363e-01 
 1.79233554e-01  4.71106363e-01 
 1.79267109e-01  4.71106363e-01 
 1.79307109e-01  4.71106363e-01 
 1.79347109e-01  4.71106363e-01 
 1.79387109e-01  4.71106363e-01 
 1.79427109e-01  4.71106363e-01 
 1.79467109e-01  4.71106363e-01 
 1.79507109e-01  4.71106363e-01 
 1.79547109e-01  4.71106363e-01 
 1.79587109e-01  4.71106363e-01 
 1.79599999e-01  4.71106363e-01 
 1.79599999e-01  4.71106363e-01 
 1.79599999e-01  4.71106363e-01 
 1.79600000e-01  4.71106363e-01 
 1.79600000e-01  4.71106227e-01 
 1.79600000e-01  4.71106155e-01 
 1.79600000e-01  4.71106010e-01 
 1.79600000e-01  4.71105721e-01 
 1.79600001e-01  4.71105142e-01 
 1.79600002e-01  4.71103984e-01 
 1.79600004e-01  4.71101668e-01 
 1.79600008e-01  4.71097037e-01 
 1.79600016e-01  4.71087780e-01 
 1.79600033e-01  4.71069278e-01 
 1.79600065e-01  4.71032333e-01 
 1.79600131e-01  4.70958668e-01 
 1.79600262e-01  4.70812239e-01 
 1.79600524e-01  4.70522952e-01 
 1.79601049e-01  4.69958367e-01 
 1.79602097e-01  4.68882938e-01 
 1.79604194e-01  4.66930512e-01 
 1.79608389e-01  4.63704420e-01 
 1.79616777e-01  4.59262388e-01 
 1.79633554e-01  4.54961915e-01 
 1.79667109e-01  4.52964639e-01 
 1.79707109e-01  4.53016042e-01 
 1.79747109e-01  4.53010330e-01 
 1.79787109e-01  4.53010965e-01 
 1.79827109e-01  4.53010894e-01 
 1.79867109e-01  4.53010902e-01 
 1.79907109e-01  4.53010901e-01 
 1.79947109e-01  4.53010901e-01 
 1.79987109e-01  4.53010901e-01 
 1.79999999e-01  4.53010901e-01 
 1.79999999e-01  4.53010901e-01 
 1.79999999e-01  4.53010901e-01 
 1.80000000e-01  4.53010901e-01 
 1.80000000e-01  4.53010901e-01 
 1.80000000e-01  4.53010901e-01 
 1.80000000e-01  4.53010901e-01 
 1.80000000e-01  4.53010901e-01 
 1.80000001e-01  4.53010901e-01 
 1.80000002e-01  4.53010901e-01 
 1.80000004e-01  4.53010901e-01 
 1.80000008e-01  4.53010901e-01 
 1.80000016e-01  4.53010901e-01 
 1.80000033e-01  4.53010901e-01 
 1.80000065e-01  4.53010901e-01 
 1.80000131e-01  4.53010901e-01 
 1.80000262e-01  4.53010901e-01 
 1.80000524e-01  4.53010901e-01 
 1.80001049e-01  4.53010901e-01 
 1.80002097e-01  4.53010901e-01 
 1.80004194e-01  4.53010901e-01 
 1.80008389e-01  4.53010901e-01 
 1.80016777e-01  4.53010901e-01 
 1.80033554e-01  4.53010901e-01 
 1.80067109e-01  4.53010901e-01 
 1.80107109e-01  4.53010901e-01 
 1.80147109e-01  4.53010901e-01 
 1.80187109e-01  4.53010901e-01 
 1.80227109e-01  4.53010901e-01 
 1.80267109e-01  4.53010901e-01 
 1.80307109e-01  4.53010901e-01 
 1.80347109e-01  4.53010901e-01 
 1.80387109e-01  4.53010901e-01 
 1.80399999e-01  4.53010901e-01 
 1.80399999e-01  4.53010901e-01 
 1.80399999e-01  4.53010901e-01 
 1.80400000e-01  4.53010901e-01 
 1.80400000e-01  4.53010770e-01 
 1.80400000e-01  4.53010699e-01 
 1.80400000e-01  4.53010559e-01 
 1.80400000e-01  4.53010278e-01 
 1.80400001e-01  4.53009716e-01 
 1.80400002e-01  4.53008592e-01 
 1.80400004e-01  4.53006344e-01 
 1.80400008e-01  4.53001849e-01 
 1.80400016e-01  4.52992862e-01 
 1.80400033e-01  4.52974902e-01 
 1.80400065e-01  4.52939038e-01 
 1.80400131e-01  4.52867530e-01 
 1.80400262e-01  4.52725389e-01 
 1.80400524e-01  4.52444572e-01 
 1.80401049e-01  4.51896518e-01 
 1.80402097e-01  4.50852577e-01 
 1.80404194e-01  4.48957317e-01 
 1.80408389e-01  4.45825684e-01 
 1.80416777e-01  4.41513712e-01 
 1.80433554e-01  4.37339155e-01 
 1.80467109e-01  4.35400357e-01 
 1.80507109e-01  4.35450255e-01 
 1.80547109e-01  4.35444711e-01 
 1.80587109e-01  4.35445327e-01 
 1.80627109e-01  4.35445259e-01 
 1.80667109e-01  4.35445266e-01 
 1.80707109e-01  4.35445265e-01 
 1.80747109e-01  4.35445265e-01 
 1.80787109e-01  4.35445265e-01 
 1.80799999e-01  4.35445265e-01 
 1.80799999e-01  4.35445265e-01 
 1.80799999e-01  4.35445265e-01 
 1.80800000e-01  4.35445265e-01 
 1.80800000e-01  4.35445265e-01 
 1.80800000e-01  4.35445265e-01 
 1.80800000e-01  4.35445265e-01 
 1.80800000e-01  4.35445265e-01 
 1.80800001e-01  4.35445265e-01 
 1.80800002e-01  4.35445265e-01 
 1.80800004e-01  4.35445265e-01 
 1.80800008e-01  4.35445265e-01 
 1.80800016e-01  4.35445265e-01 
 1.80800033e-01  4.35445265e-01 
 1.80800065e-01  4.35445265e-01 
 1.80800131e-01  4.35445265e-01 
 1.80800262e-01  4.35445265e-01 
 1.80800524e-01  4.35445265e-01 
 1.80801049e-01  4.35445265e-01 
 1.80802097e-01  4.35445265e-01 
 1.80804194e-01  4.35445265e-01 
 1.80808389e-01  4.35445265e-01 
 1.80816777e-01  4.35445265e-01 
 1.80833554e-01  4.35445265e-01 
 1.80866809e-01  4.35445265e-01 
 1.80906809e-01  4.35445265e-01 
 1.80946809e-01  4.35445265e-01 
 1.80986809e-01  4.35445265e-01 
 1.81026809e-01  4.35445265e-01 
 1.81066809e-01  4.35445265e-01 
 1.81106809e-01  4.35445265e-01 
 1.81146809e-01  4.35445265e-01 
 1.81186809e-01  4.35445265e-01 
 1.81199999e-01  4.35445265e-01 
 1.81199999e-01  4.35445265e-01 
 1.81199999e-01  4.35445265e-01 
 1.81200000e-01  4.35445265e-01 
 1.81200000e-01  4.35445138e-01 
 1.81200000e-01  4.35445070e-01 
 1.81200000e-01  4.35444933e-01 
 1.81200000e-01  4.35444661e-01 
 1.81200001e-01  4.35444116e-01 
 1.81200002e-01  4.35443025e-01 
 1.81200004e-01  4.35440845e-01 
 1.81200008e-01  4.35436486e-01 
 1.81200016e-01  4.35427770e-01 
 1.81200033e-01  4.35410353e-01 
 1.81200065e-01  4.35375571e-01 
 1.81200131e-01  4.35306222e-01 
 1.81200262e-01  4.35168371e-01 
 1.81200524e-01  4.34896029e-01 
 1.81201049e-01  4.34364516e-01 
 1.81202097e-01  4.33352082e-01 
 1.81204194e-01  4.31514024e-01 
 1.81208389e-01  4.28476908e-01 
 1.81216777e-01  4.24295077e-01 
 1.81233554e-01  4.20246514e-01 
 1.81266809e-01  4.18374474e-01 
 1.81306809e-01  4.18413707e-01 
 1.81346809e-01  4.18409348e-01 
 1.81386809e-01  4.18409832e-01 
 1.81426809e-01  4.18409779e-01 
 1.81466809e-01  4.18409785e-01 
 1.81506809e-01  4.18409784e-01 
 1.81546809e-01  4.18409784e-01 
 1.81586809e-01  4.18409784e-01 
 1.81599999e-01  4.18409784e-01 
 1.81599999e-01  4.18409784e-01 
 1.81599999e-01  4.18409784e-01 
 1.81600000e-01  4.18409784e-01 
 1.81600000e-01  4.18409784e-01 
 1.81600000e-01  4.18409784e-01 
 1.81600000e-01  4.18409784e-01 
 1.81600000e-01  4.18409784e-01 
 1.81600001e-01  4.18409784e-01 
 1.81600002e-01  4.18409784e-01 
 1.81600004e-01  4.18409784e-01 
 1.81600008e-01  4.18409784e-01 
 1.81600016e-01  4.18409784e-01 
 1.81600033e-01  4.18409784e-01 
 1.81600065e-01  4.18409784e-01 
 1.81600131e-01  4.18409784e-01 
 1.81600262e-01  4.18409784e-01 
 1.81600524e-01  4.18409784e-01 
 1.81601049e-01  4.18409784e-01 
 1.81602097e-01  4.18409784e-01 
 1.81604194e-01  4.18409784e-01 
 1.81608389e-01  4.18409784e-01 
 1.81616777e-01  4.18409784e-01 
 1.81633554e-01  4.18409784e-01 
 1.81667047e-01  4.18409784e-01 
 1.81707047e-01  4.18409784e-01 
 1.81747047e-01  4.18409784e-01 
 1.81787047e-01  4.18409784e-01 
 1.81827047e-01  4.18409784e-01 
 1.81867047e-01  4.18409784e-01 
 1.81907047e-01  4.18409784e-01 
 1.81947047e-01  4.18409784e-01 
 1.81987047e-01  4.18409784e-01 
 1.81999999e-01  4.18409784e-01 
 1.81999999e-01  4.18409784e-01 
 1.81999999e-01  4.18409784e-01 
 1.82000000e-01  4.18409784e-01 
 1.82000000e-01  4.18409660e-01 
 1.82000000e-01  4.18409594e-01 
 1.82000000e-01  4.18409462e-01 
 1.82000000e-01  4.18409198e-01 
 1.82000001e-01  4.18408670e-01 
 1.82000002e-01  4.18407614e-01 
 1.82000004e-01  4.18405501e-01 
 1.82000008e-01  4.18401277e-01 
 1.82000016e-01  4.18392832e-01 
 1.82000033e-01  4.18375956e-01 
 1.82000065e-01  4.18342255e-01 
 1.82000131e-01  4.18275059e-01 
 1.82000262e-01  4.18141491e-01 
 1.82000524e-01  4.17877609e-01 
 1.82001049e-01  4.17362607e-01 
 1.82002097e-01  4.16381624e-01 
 1.82004194e-01  4.14600664e-01 
 1.82008389e-01  4.11657893e-01 
 1.82016777e-01  4.07605968e-01 
 1.82033554e-01  4.03683169e-01 
 1.82067047e-01  4.01862925e-01 
 1.82107047e-01  4.01908004e-01 
 1.82147047e-01  4.01902995e-01 
 1.82187047e-01  4.01903552e-01 
 1.82227047e-01  4.01903490e-01 
 1.82267047e-01  4.01903497e-01 
 1.82307047e-01  4.01903496e-01 
 1.82347047e-01  4.01903496e-01 
 1.82387047e-01  4.01903496e-01 
 1.82399999e-01  4.01903496e-01 
 1.82399999e-01  4.01903496e-01 
 1.82399999e-01  4.01903496e-01 
 1.82400000e-01  4.01903496e-01 
 1.82400000e-01  4.01903496e-01 
 1.82400000e-01  4.01903496e-01 
 1.82400000e-01  4.01903496e-01 
 1.82400000e-01  4.01903496e-01 
 1.82400001e-01  4.01903496e-01 
 1.82400002e-01  4.01903496e-01 
 1.82400004e-01  4.01903496e-01 
 1.82400008e-01  4.01903496e-01 
 1.82400016e-01  4.01903496e-01 
 1.82400033e-01  4.01903496e-01 
 1.82400065e-01  4.01903496e-01 
 1.82400131e-01  4.01903496e-01 
 1.82400262e-01  4.01903496e-01 
 1.82400524e-01  4.01903496e-01 
 1.82401049e-01  4.01903496e-01 
 1.82402097e-01  4.01903496e-01 
 1.82404194e-01  4.01903496e-01 
 1.82408389e-01  4.01903496e-01 
 1.82416777e-01  4.01903496e-01 
 1.82433554e-01  4.01903496e-01 
 1.82467109e-01  4.01903496e-01 
 1.82507109e-01  4.01903496e-01 
 1.82547109e-01  4.01903496e-01 
 1.82587109e-01  4.01903496e-01 
 1.82627109e-01  4.01903496e-01 
 1.82667109e-01  4.01903496e-01 
 1.82707109e-01  4.01903496e-01 
 1.82747109e-01  4.01903496e-01 
 1.82787109e-01  4.01903496e-01 
 1.82799999e-01  4.01903496e-01 
 1.82799999e-01  4.01903496e-01 
 1.82799999e-01  4.01903496e-01 
 1.82800000e-01  4.01903496e-01 
 1.82800000e-01  4.01903376e-01 
 1.82800000e-01  4.01903313e-01 
 1.82800000e-01  4.01903185e-01 
 1.82800000e-01  4.01902929e-01 
 1.82800001e-01  4.01902418e-01 
 1.82800002e-01  4.01901395e-01 
 1.82800004e-01  4.01899350e-01 
 1.82800008e-01  4.01895261e-01 
 1.82800016e-01  4.01887086e-01 
 1.82800033e-01  4.01870748e-01 
 1.82800065e-01  4.01838123e-01 
 1.82800131e-01  4.01773073e-01 
 1.82800262e-01  4.01643769e-01 
 1.82800524e-01  4.01388312e-01 
 1.82801049e-01  4.00889753e-01 
 1.82802097e-01  3.99940089e-01 
 1.82804194e-01  3.98215990e-01 
 1.82808389e-01  3.95367173e-01 
 1.82816777e-01  3.91444614e-01 
 1.82833554e-01  3.87647059e-01 
 1.82867109e-01  3.85883354e-01 
 1.82907109e-01  3.85928745e-01 
 1.82947109e-01  3.85923702e-01 
 1.82987109e-01  3.85924262e-01 
 1.83027109e-01  3.85924200e-01 
 1.83067109e-01  3.85924207e-01 
 1.83107109e-01  3.85924206e-01 
 1.83147109e-01  3.85924206e-01 
 1.83187109e-01  3.85924206e-01 
 1.83199999e-01  3.85924206e-01 
 1.83199999e-01  3.85924206e-01 
 1.83199999e-01  3.85924206e-01 
 1.83200000e-01  3.85924206e-01 
 1.83200000e-01  3.85924206e-01 
 1.83200000e-01  3.85924206e-01 
 1.83200000e-01  3.85924206e-01 
 1.83200000e-01  3.85924206e-01 
 1.83200001e-01  3.85924206e-01 
 1.83200002e-01  3.85924206e-01 
 1.83200004e-01  3.85924206e-01 
 1.83200008e-01  3.85924206e-01 
 1.83200016e-01  3.85924206e-01 
 1.83200033e-01  3.85924206e-01 
 1.83200065e-01  3.85924206e-01 
 1.83200131e-01  3.85924206e-01 
 1.83200262e-01  3.85924206e-01 
 1.83200524e-01  3.85924206e-01 
 1.83201049e-01  3.85924206e-01 
 1.83202097e-01  3.85924206e-01 
 1.83204194e-01  3.85924206e-01 
 1.83208389e-01  3.85924206e-01 
 1.83216777e-01  3.85924206e-01 
 1.83233554e-01  3.85924206e-01 
 1.83267109e-01  3.85924206e-01 
 1.83307109e-01  3.85924206e-01 
 1.83347109e-01  3.85924206e-01 
 1.83387109e-01  3.85924206e-01 
 1.83427109e-01  3.85924206e-01 
 1.83467109e-01  3.85924206e-01 
 1.83507109e-01  3.85924206e-01 
 1.83547109e-01  3.85924206e-01 
 1.83587109e-01  3.85924206e-01 
 1.83599999e-01  3.85924206e-01 
 1.83599999e-01  3.85924206e-01 
 1.83599999e-01  3.85924206e-01 
 1.83600000e-01  3.85924206e-01 
 1.83600000e-01  3.85924090e-01 
 1.83600000e-01  3.85924029e-01 
 1.83600000e-01  3.85923905e-01 
 1.83600000e-01  3.85923658e-01 
 1.83600001e-01  3.85923163e-01 
 1.83600002e-01  3.85922174e-01 
 1.83600004e-01  3.85920196e-01 
 1.83600008e-01  3.85916241e-01 
 1.83600016e-01  3.85908334e-01 
 1.83600033e-01  3.85892532e-01 
 1.83600065e-01  3.85860976e-01 
 1.83600131e-01  3.85798057e-01 
 1.83600262e-01  3.85672990e-01 
 1.83600524e-01  3.85425904e-01 
 1.83601049e-01  3.84943682e-01 
 1.83602097e-01  3.84025138e-01 
 1.83604194e-01  3.82357536e-01 
 1.83608389e-01  3.79602072e-01 
 1.83616777e-01  3.75808052e-01 
 1.83633554e-01  3.72134941e-01 
 1.83667109e-01  3.70429031e-01 
 1.83707109e-01  3.70472935e-01 
 1.83747109e-01  3.70468057e-01 
 1.83787109e-01  3.70468599e-01 
 1.83827109e-01  3.70468538e-01 
 1.83867109e-01  3.70468545e-01 
 1.83907109e-01  3.70468544e-01 
 1.83947109e-01  3.70468544e-01 
 1.83987109e-01  3.70468544e-01 
 1.83999999e-01  3.70468544e-01 
 1.83999999e-01  3.70468544e-01 
 1.83999999e-01  3.70468544e-01 
 1.84000000e-01  3.70468544e-01 
 1.84000000e-01  3.70468544e-01 
 1.84000000e-01  3.70468544e-01 
 1.84000000e-01  3.70468544e-01 
 1.84000000e-01  3.70468544e-01 
 1.84000001e-01  3.70468544e-01 
 1.84000002e-01  3.70468544e-01 
 1.84000004e-01  3.70468544e-01 
 1.84000008e-01  3.70468544e-01 
 1.84000016e-01  3.70468544e-01 
 1.84000033e-01  3.70468544e-01 
 1.84000065e-01  3.70468544e-01 
 1.84000131e-01  3.70468544e-01 
 1.84000262e-01  3.70468544e-01 
 1.84000524e-01  3.70468544e-01 
 1.84001049e-01  3.70468544e-01 
 1.84002097e-01  3.70468544e-01 
 1.84004194e-01  3.70468544e-01 
 1.84008389e-01  3.70468544e-01 
 1.84016777e-01  3.70468544e-01 
 1.84033554e-01  3.70468544e-01 
 1.84067109e-01  3.70468544e-01 
 1.84107109e-01  3.70468544e-01 
 1.84147109e-01  3.70468544e-01 
 1.84187109e-01  3.70468544e-01 
 1.84227109e-01  3.70468544e-01 
 1.84267109e-01  3.70468544e-01 
 1.84307109e-01  3.70468544e-01 
 1.84347109e-01  3.70468544e-01 
 1.84387109e-01  3.70468544e-01 
 1.84399999e-01  3.70468544e-01 
 1.84399999e-01  3.70468544e-01 
 1.84399999e-01  3.70468544e-01 
 1.84400000e-01  3.70468544e-01 
 1.84400000e-01  3.70468432e-01 
 1.84400000e-01  3.70468373e-01 
 1.84400000e-01  3.70468253e-01 
 1.84400000e-01  3.70468014e-01 
 1.84400001e-01  3.70467536e-01 
 1.84400002e-01  3.70466580e-01 
 1.84400004e-01  3.70464669e-01 
 1.84400008e-01  3.70460847e-01 
 1.84400016e-01  3.70453205e-01 
 1.84400033e-01  3.70437934e-01 
 1.84400065e-01  3.70407437e-01 
 1.84400131e-01  3.70346632e-01 
 1.84400262e-01  3.70225766e-01 
 1.84400524e-01  3.69986980e-01 
 1.84401049e-01  3.69520956e-01 
 1.84402097e-01  3.68633266e-01 
 1.84404194e-01  3.67021678e-01 
 1.84408389e-01  3.64358770e-01 
 1.84416777e-01  3.60692190e-01 
 1.84433554e-01  3.57142457e-01 
 1.84467109e-01  3.55493848e-01 
 1.84507109e-01  3.55536277e-01 
 1.84547109e-01  3.55531563e-01 
 1.84587109e-01  3.55532087e-01 
 1.84627109e-01  3.55532028e-01 
 1.84667109e-01  3.55532035e-01 
 1.84707109e-01  3.55532034e-01 
 1.84747109e-01  3.55532034e-01 
 1.84787109e-01  3.55532034e-01 
 1.84799999e-01  3.55532034e-01 
 1.84799999e-01  3.55532034e-01 
 1.84799999e-01  3.55532034e-01 
 1.84800000e-01  3.55532034e-01 
 1.84800000e-01  3.55532034e-01 
 1.84800000e-01  3.55532034e-01 
 1.84800000e-01  3.55532034e-01 
 1.84800000e-01  3.55532034e-01 
 1.84800001e-01  3.55532034e-01 
 1.84800002e-01  3.55532034e-01 
 1.84800004e-01  3.55532034e-01 
 1.84800008e-01  3.55532034e-01 
 1.84800016e-01  3.55532034e-01 
 1.84800033e-01  3.55532034e-01 
 1.84800065e-01  3.55532034e-01 
 1.84800131e-01  3.55532034e-01 
 1.84800262e-01  3.55532034e-01 
 1.84800524e-01  3.55532034e-01 
 1.84801049e-01  3.55532034e-01 
 1.84802097e-01  3.55532034e-01 
 1.84804194e-01  3.55532034e-01 
 1.84808389e-01  3.55532034e-01 
 1.84816777e-01  3.55532034e-01 
 1.84833554e-01  3.55532034e-01 
 1.84867109e-01  3.55532034e-01 
 1.84907109e-01  3.55532034e-01 
 1.84947109e-01  3.55532034e-01 
 1.84987109e-01  3.55532034e-01 
 1.85027109e-01  3.55532034e-01 
 1.85067109e-01  3.55532034e-01 
 1.85107109e-01  3.55532034e-01 
 1.85147109e-01  3.55532034e-01 
 1.85187109e-01  3.55532034e-01 
 1.85199999e-01  3.55532034e-01 
 1.85199999e-01  3.55532034e-01 
 1.85199999e-01  3.55532034e-01 
 1.85200000e-01  3.55532034e-01 
 1.85200000e-01  3.55531926e-01 
 1.85200000e-01  3.55531868e-01 
 1.85200000e-01  3.55531753e-01 
 1.85200000e-01  3.55531522e-01 
 1.85200001e-01  3.55531061e-01 
 1.85200002e-01  3.55530138e-01 
 1.85200004e-01  3.55528292e-01 
 1.85200008e-01  3.55524601e-01 
 1.85200016e-01  3.55517222e-01 
 1.85200033e-01  3.55502476e-01 
 1.85200065e-01  3.55473029e-01 
 1.85200131e-01  3.55414315e-01 
 1.85200262e-01  3.55297605e-01 
 1.85200524e-01  3.55067030e-01 
 1.85201049e-01  3.54617032e-01 
 1.85202097e-01  3.53759868e-01 
 1.85204194e-01  3.52203700e-01 
 1.85208389e-01  3.49632364e-01 
 1.85216777e-01  3.46091872e-01 
 1.85233554e-01  3.42664208e-01 
 1.85267109e-01  3.41072291e-01 
 1.85307109e-01  3.41113262e-01 
 1.85347109e-01  3.41108709e-01 
 1.85387109e-01  3.41109215e-01 
 1.85427109e-01  3.41109159e-01 
 1.85467109e-01  3.41109165e-01 
 1.85507109e-01  3.41109165e-01 
 1.85547109e-01  3.41109165e-01 
 1.85587109e-01  3.41109165e-01 
 1.85599999e-01  3.41109165e-01 
 1.85599999e-01  3.41109165e-01 
 1.85599999e-01  3.41109165e-01 
 1.85600000e-01  3.41109165e-01 
 1.85600000e-01  3.41109165e-01 
 1.85600000e-01  3.41109165e-01 
 1.85600000e-01  3.41109165e-01 
 1.85600000e-01  3.41109165e-01 
 1.85600001e-01  3.41109165e-01 
 1.85600002e-01  3.41109165e-01 
 1.85600004e-01  3.41109165e-01 
 1.85600008e-01  3.41109165e-01 
 1.85600016e-01  3.41109165e-01 
 1.85600033e-01  3.41109165e-01 
 1.85600065e-01  3.41109165e-01 
 1.85600131e-01  3.41109165e-01 
 1.85600262e-01  3.41109165e-01 
 1.85600524e-01  3.41109165e-01 
 1.85601049e-01  3.41109165e-01 
 1.85602097e-01  3.41109165e-01 
 1.85604194e-01  3.41109165e-01 
 1.85608389e-01  3.41109165e-01 
 1.85616777e-01  3.41109165e-01 
 1.85633554e-01  3.41109165e-01 
 1.85667109e-01  3.41109165e-01 
 1.85707109e-01  3.41109165e-01 
 1.85747109e-01  3.41109165e-01 
 1.85787109e-01  3.41109165e-01 
 1.85827109e-01  3.41109165e-01 
 1.85867109e-01  3.41109165e-01 
 1.85907109e-01  3.41109165e-01 
 1.85947109e-01  3.41109165e-01 
 1.85987109e-01  3.41109165e-01 
 1.85999999e-01  3.41109165e-01 
 1.85999999e-01  3.41109165e-01 
 1.85999999e-01  3.41109165e-01 
 1.86000000e-01  3.41109165e-01 
 1.86000000e-01  3.41109060e-01 
 1.86000000e-01  3.41109005e-01 
 1.86000000e-01  3.41108893e-01 
 1.86000000e-01  3.41108671e-01 
 1.86000001e-01  3.41108225e-01 
 1.86000002e-01  3.41107335e-01 
 1.86000004e-01  3.41105554e-01 
 1.86000008e-01  3.41101993e-01 
 1.86000016e-01  3.41094874e-01 
 1.86000033e-01  3.41080646e-01 
 1.86000065e-01  3.41052234e-01 
 1.86000131e-01  3.40995584e-01 
 1.86000262e-01  3.40882979e-01 
 1.86000524e-01  3.40660512e-01 
 1.86001049e-01  3.40226338e-01 
 1.86002097e-01  3.39399315e-01 
 1.86004194e-01  3.37897869e-01 
 1.86008389e-01  3.35416952e-01 
 1.86016777e-01  3.32000959e-01 
 1.86033554e-01  3.28693826e-01 
 1.86067109e-01  3.27157888e-01 
 1.86107109e-01  3.27197418e-01 
 1.86147109e-01  3.27193026e-01 
 1.86187109e-01  3.27193514e-01 
 1.86227109e-01  3.27193459e-01 
 1.86267109e-01  3.27193465e-01 
 1.86307109e-01  3.27193465e-01 
 1.86347109e-01  3.27193465e-01 
 1.86387109e-01  3.27193465e-01 
 1.86399999e-01  3.27193465e-01 
 1.86399999e-01  3.27193465e-01 
 1.86399999e-01  3.27193465e-01 
 1.86400000e-01  3.27193465e-01 
 1.86400000e-01  3.27193465e-01 
 1.86400000e-01  3.27193465e-01 
 1.86400000e-01  3.27193465e-01 
 1.86400000e-01  3.27193465e-01 
 1.86400001e-01  3.27193465e-01 
 1.86400002e-01  3.27193465e-01 
 1.86400004e-01  3.27193465e-01 
 1.86400008e-01  3.27193465e-01 
 1.86400016e-01  3.27193465e-01 
 1.86400033e-01  3.27193465e-01 
 1.86400065e-01  3.27193465e-01 
 1.86400131e-01  3.27193465e-01 
 1.86400262e-01  3.27193465e-01 
 1.86400524e-01  3.27193465e-01 
 1.86401049e-01  3.27193465e-01 
 1.86402097e-01  3.27193465e-01 
 1.86404194e-01  3.27193465e-01 
 1.86408389e-01  3.27193465e-01 
 1.86416777e-01  3.27193465e-01 
 1.86433554e-01  3.27193465e-01 
 1.86467109e-01  3.27193465e-01 
 1.86507109e-01  3.27193465e-01 
 1.86547109e-01  3.27193465e-01 
 1.86587109e-01  3.27193465e-01 
 1.86627109e-01  3.27193465e-01 
 1.86667109e-01  3.27193465e-01 
 1.86707109e-01  3.27193465e-01 
 1.86747109e-01  3.27193465e-01 
 1.86787109e-01  3.27193465e-01 
 1.86799999e-01  3.27193465e-01 
 1.86799999e-01  3.27193465e-01 
 1.86799999e-01  3.27193465e-01 
 1.86800000e-01  3.27193465e-01 
 1.86800000e-01  3.27193364e-01 
 1.86800000e-01  3.27193311e-01 
 1.86800000e-01  3.27193203e-01 
 1.86800000e-01  3.27192989e-01 
 1.86800001e-01  3.27192559e-01 
 1.86800002e-01  3.27191701e-01 
 1.86800004e-01  3.27189984e-01 
 1.86800008e-01  3.27186551e-01 
 1.86800016e-01  3.27179687e-01 
 1.86800033e-01  3.27165970e-01 
 1.86800065e-01  3.27138579e-01 
 1.86800131e-01  3.27083964e-01 
 1.86800262e-01  3.26975403e-01 
 1.86800524e-01  3.26760927e-01 
 1.86801049e-01  3.26342347e-01 
 1.86802097e-01  3.25545029e-01 
 1.86804194e-01  3.24097510e-01 
 1.86808389e-01  3.21705702e-01 
 1.86816777e-01  3.18412402e-01 
 1.86833554e-01  3.15224054e-01 
 1.86867109e-01  3.13743283e-01 
 1.86907109e-01  3.13781393e-01 
 1.86947109e-01  3.13777158e-01 
 1.86987109e-01  3.13777629e-01 
 1.87027109e-01  3.13777576e-01 
 1.87067109e-01  3.13777582e-01 
 1.87107109e-01  3.13777582e-01 
 1.87147109e-01  3.13777582e-01 
 1.87187109e-01  3.13777582e-01 
 1.87199999e-01  3.13777582e-01 
 1.87199999e-01  3.13777582e-01 
 1.87199999e-01  3.13777582e-01 
 1.87200000e-01  3.13777582e-01 
 1.87200000e-01  3.13777582e-01 
 1.87200000e-01  3.13777582e-01 
 1.87200000e-01  3.13777582e-01 
 1.87200000e-01  3.13777582e-01 
 1.87200001e-01  3.13777582e-01 
 1.87200002e-01  3.13777582e-01 
 1.87200004e-01  3.13777582e-01 
 1.87200008e-01  3.13777582e-01 
 1.87200016e-01  3.13777582e-01 
 1.87200033e-01  3.13777582e-01 
 1.87200065e-01  3.13777582e-01 
 1.87200131e-01  3.13777582e-01 
 1.87200262e-01  3.13777582e-01 
 1.87200524e-01  3.13777582e-01 
 1.87201049e-01  3.13777582e-01 
 1.87202097e-01  3.13777582e-01 
 1.87204194e-01  3.13777582e-01 
 1.87208389e-01  3.13777582e-01 
 1.87216777e-01  3.13777582e-01 
 1.87233554e-01  3.13777582e-01 
 1.87267109e-01  3.13777582e-01 
 1.87307109e-01  3.13777582e-01 
 1.87347109e-01  3.13777582e-01 
 1.87387109e-01  3.13777582e-01 
 1.87427109e-01  3.13777582e-01 
 1.87467109e-01  3.13777582e-01 
 1.87507109e-01  3.13777582e-01 
 1.87547109e-01  3.13777582e-01 
 1.87587109e-01  3.13777582e-01 
 1.87599999e-01  3.13777582e-01 
 1.87599999e-01  3.13777582e-01 
 1.87599999e-01  3.13777582e-01 
 1.87600000e-01  3.13777582e-01 
 1.87600000e-01  3.13777485e-01 
 1.87600000e-01  3.13777433e-01 
 1.87600000e-01  3.13777330e-01 
 1.87600000e-01  3.13777123e-01 
 1.87600001e-01  3.13776709e-01 
 1.87600002e-01  3.13775882e-01 
 1.87600004e-01  3.13774228e-01 
 1.87600008e-01  3.13770921e-01 
 1.87600016e-01  3.13764309e-01 
 1.87600033e-01  3.13751095e-01 
 1.87600065e-01  3.13724707e-01 
 1.87600131e-01  3.13672094e-01 
 1.87600262e-01  3.13567511e-01 
 1.87600524e-01  3.13360895e-01 
 1.87601049e-01  3.12957655e-01 
 1.87602097e-01  3.12189557e-01 
 1.87604194e-01  3.10795086e-01 
 1.87608389e-01  3.08490932e-01 
 1.87616777e-01  3.05318324e-01 
 1.87633554e-01  3.02246821e-01 
 1.87667109e-01  3.00820317e-01 
 1.87707109e-01  3.00857030e-01 
 1.87747109e-01  3.00852951e-01 
 1.87787109e-01  3.00853404e-01 
 1.87827109e-01  3.00853354e-01 
 1.87867109e-01  3.00853359e-01 
 1.87907109e-01  3.00853359e-01 
 1.87947109e-01  3.00853359e-01 
 1.87987109e-01  3.00853359e-01 
 1.87999999e-01  3.00853359e-01 
 1.87999999e-01  3.00853359e-01 
 1.87999999e-01  3.00853359e-01 
 1.88000000e-01  3.00853359e-01 
 1.88000000e-01  3.00853359e-01 
 1.88000000e-01  3.00853359e-01 
 1.88000000e-01  3.00853359e-01 
 1.88000000e-01  3.00853359e-01 
 1.88000001e-01  3.00853359e-01 
 1.88000002e-01  3.00853359e-01 
 1.88000004e-01  3.00853359e-01 
 1.88000008e-01  3.00853359e-01 
 1.88000016e-01  3.00853359e-01 
 1.88000033e-01  3.00853359e-01 
 1.88000065e-01  3.00853359e-01 
 1.88000131e-01  3.00853359e-01 
 1.88000262e-01  3.00853359e-01 
 1.88000524e-01  3.00853359e-01 
 1.88001049e-01  3.00853359e-01 
 1.88002097e-01  3.00853359e-01 
 1.88004194e-01  3.00853359e-01 
 1.88008389e-01  3.00853359e-01 
 1.88016777e-01  3.00853359e-01 
 1.88033554e-01  3.00853359e-01 
 1.88067109e-01  3.00853359e-01 
 1.88107109e-01  3.00853359e-01 
 1.88147109e-01  3.00853359e-01 
 1.88187109e-01  3.00853359e-01 
 1.88227109e-01  3.00853359e-01 
 1.88267109e-01  3.00853359e-01 
 1.88307109e-01  3.00853359e-01 
 1.88347109e-01  3.00853359e-01 
 1.88387109e-01  3.00853359e-01 
 1.88399999e-01  3.00853359e-01 
 1.88399999e-01  3.00853359e-01 
 1.88399999e-01  3.00853359e-01 
 1.88400000e-01  3.00853359e-01 
 1.88400000e-01  3.00853265e-01 
 1.88400000e-01  3.00853216e-01 
 1.88400000e-01  3.00853116e-01 
 1.88400000e-01  3.00852917e-01 
 1.88400001e-01  3.00852519e-01 
 1.88400002e-01  3.00851723e-01 
 1.88400004e-01  3.00850130e-01 
 1.88400008e-01  3.00846947e-01 
 1.88400016e-01  3.00840582e-01 
 1.88400033e-01  3.00827861e-01 
 1.88400065e-01  3.00802459e-01 
 1.88400131e-01  3.00751811e-01 
 1.88400262e-01  3.00651135e-01 
 1.88400524e-01  3.00452237e-01 
 1.88401049e-01  3.00064060e-01 
 1.88402097e-01  2.99324654e-01 
 1.88404194e-01  2.97982273e-01 
 1.88408389e-01  2.95764190e-01 
 1.88416777e-01  2.92710093e-01 
 1.88433554e-01  2.89753325e-01 
 1.88467109e-01  2.88380107e-01 
 1.88507109e-01  2.88415449e-01 
 1.88547109e-01  2.88411522e-01 
 1.88587109e-01  2.88411959e-01 
 1.88627109e-01  2.88411910e-01 
 1.88667109e-01  2.88411915e-01 
 1.88707109e-01  2.88411915e-01 
 1.88747109e-01  2.88411915e-01 
 1.88787109e-01  2.88411915e-01 
 1.88799999e-01  2.88411915e-01 
 1.88799999e-01  2.88411915e-01 
 1.88799999e-01  2.88411915e-01 
 1.88800000e-01  2.88411915e-01 
 1.88800000e-01  2.88411915e-01 
 1.88800000e-01  2.88411915e-01 
 1.88800000e-01  2.88411915e-01 
 1.88800000e-01  2.88411915e-01 
 1.88800001e-01  2.88411915e-01 
 1.88800002e-01  2.88411915e-01 
 1.88800004e-01  2.88411915e-01 
 1.88800008e-01  2.88411915e-01 
 1.88800016e-01  2.88411915e-01 
 1.88800033e-01  2.88411915e-01 
 1.88800065e-01  2.88411915e-01 
 1.88800131e-01  2.88411915e-01 
 1.88800262e-01  2.88411915e-01 
 1.88800524e-01  2.88411915e-01 
 1.88801049e-01  2.88411915e-01 
 1.88802097e-01  2.88411915e-01 
 1.88804194e-01  2.88411915e-01 
 1.88808389e-01  2.88411915e-01 
 1.88816777e-01  2.88411915e-01 
 1.88833554e-01  2.88411915e-01 
 1.88867109e-01  2.88411915e-01 
 1.88907109e-01  2.88411915e-01 
 1.88947109e-01  2.88411915e-01 
 1.88987109e-01  2.88411915e-01 
 1.89027109e-01  2.88411915e-01 
 1.89067109e-01  2.88411915e-01 
 1.89107109e-01  2.88411915e-01 
 1.89147109e-01  2.88411915e-01 
 1.89187109e-01  2.88411915e-01 
 1.89199999e-01  2.88411915e-01 
 1.89199999e-01  2.88411915e-01 
 1.89199999e-01  2.88411915e-01 
 1.89200000e-01  2.88411915e-01 
 1.89200000e-01  2.88411825e-01 
 1.89200000e-01  2.88411777e-01 
 1.89200000e-01  2.88411682e-01 
 1.89200000e-01  2.88411490e-01 
 1.89200001e-01  2.88411107e-01 
 1.89200002e-01  2.88410341e-01 
 1.89200004e-01  2.88408810e-01 
 1.89200008e-01  2.88405747e-01 
 1.89200016e-01  2.88399624e-01 
 1.89200033e-01  2.88387387e-01 
 1.89200065e-01  2.88362952e-01 
 1.89200131e-01  2.88314230e-01 
 1.89200262e-01  2.88217384e-01 
 1.89200524e-01  2.88026052e-01 
 1.89201049e-01  2.87652640e-01 
 1.89202097e-01  2.86941360e-01 
 1.89204194e-01  2.85650041e-01 
 1.89208389e-01  2.83516330e-01 
 1.89216777e-01  2.80578407e-01 
 1.89233554e-01  2.77734109e-01 
 1.89267109e-01  2.76413127e-01 
 1.89307109e-01  2.76447124e-01 
 1.89347109e-01  2.76443347e-01 
 1.89387109e-01  2.76443766e-01 
 1.89427109e-01  2.76443720e-01 
 1.89467109e-01  2.76443725e-01 
 1.89507109e-01  2.76443724e-01 
 1.89547109e-01  2.76443725e-01 
 1.89587109e-01  2.76443725e-01 
 1.89599999e-01  2.76443725e-01 
 1.89599999e-01  2.76443725e-01 
 1.89599999e-01  2.76443725e-01 
 1.89600000e-01  2.76443725e-01 
 1.89600000e-01  2.76443725e-01 
 1.89600000e-01  2.76443725e-01 
 1.89600000e-01  2.76443725e-01 
 1.89600000e-01  2.76443725e-01 
 1.89600001e-01  2.76443725e-01 
 1.89600002e-01  2.76443725e-01 
 1.89600004e-01  2.76443725e-01 
 1.89600008e-01  2.76443725e-01 
 1.89600016e-01  2.76443725e-01 
 1.89600033e-01  2.76443725e-01 
 1.89600065e-01  2.76443725e-01 
 1.89600131e-01  2.76443725e-01 
 1.89600262e-01  2.76443725e-01 
 1.89600524e-01  2.76443725e-01 
 1.89601049e-01  2.76443725e-01 
 1.89602097e-01  2.76443725e-01 
 1.89604194e-01  2.76443725e-01 
 1.89608389e-01  2.76443725e-01 
 1.89616777e-01  2.76443725e-01 
 1.89633234e-01  2.76443725e-01 
 1.89650620e-01  2.76443725e-01 
 1.89675970e-01  2.76443725e-01 
 1.89706825e-01  2.76443725e-01 
 1.89746825e-01  2.76443725e-01 
 1.89786825e-01  2.76443725e-01 
 1.89826825e-01  2.76443725e-01 
 1.89866825e-01  2.76443725e-01 
 1.89906825e-01  2.76443725e-01 
 1.89946825e-01  2.76443725e-01 
 1.89986825e-01  2.76443725e-01 
 1.89999999e-01  2.76443725e-01 
 1.89999999e-01  2.76443725e-01 
 1.89999999e-01  2.76443725e-01 
 1.90000000e-01  2.76443725e-01 
 1.90000000e-01  2.76444420e-01 
 1.90000000e-01  2.76444791e-01 
 1.90000000e-01  2.76445534e-01 
 1.90000000e-01  2.76447018e-01 
 1.90000001e-01  2.76449987e-01 
 1.90000002e-01  2.76455924e-01 
 1.90000004e-01  2.76467798e-01 
 1.90000008e-01  2.76491541e-01 
 1.90000016e-01  2.76539008e-01 
 1.90000033e-01  2.76633871e-01 
 1.90000065e-01  2.76823304e-01 
 1.90000131e-01  2.77201008e-01 
 1.90000262e-01  2.77951795e-01 
 1.90000524e-01  2.79435066e-01 
 1.90001049e-01  2.82329880e-01 
 1.90002097e-01  2.87843963e-01 
 1.90004194e-01  2.97854696e-01 
 1.90008389e-01  3.14395941e-01 
 1.90016777e-01  3.37171712e-01 
 1.90033234e-01  3.58944002e-01 
 1.90050620e-01  3.66182684e-01 
 1.90075970e-01  3.68872391e-01 
 1.90106825e-01  3.69218734e-01 
 1.90146825e-01  3.69225874e-01 
 1.90186825e-01  3.69225081e-01 
 1.90226825e-01  3.69225169e-01 
 1.90266825e-01  3.69225159e-01 
 1.90306825e-01  3.69225160e-01 
 1.90346825e-01  3.69225160e-01 
 1.90386825e-01  3.69225160e-01 
 1.90399999e-01  3.69225160e-01 
 1.90399999e-01  3.69225160e-01 
 1.90399999e-01  3.69225160e-01 
 1.90400000e-01  3.69225160e-01 
 1.90400000e-01  3.69225160e-01 
 1.90400000e-01  3.69225160e-01 
 1.90400000e-01  3.69225160e-01 
 1.90400000e-01  3.69225160e-01 
 1.90400001e-01  3.69225160e-01 
 1.90400002e-01  3.69225160e-01 
 1.90400004e-01  3.69225160e-01 
 1.90400008e-01  3.69225160e-01 
 1.90400016e-01  3.69225160e-01 
 1.90400033e-01  3.69225160e-01 
 1.90400065e-01  3.69225160e-01 
 1.90400131e-01  3.69225160e-01 
 1.90400262e-01  3.69225160e-01 
 1.90400524e-01  3.69225160e-01 
 1.90401049e-01  3.69225160e-01 
 1.90402097e-01  3.69225160e-01 
 1.90404194e-01  3.69225160e-01 
 1.90408389e-01  3.69225160e-01 
 1.90416777e-01  3.69225160e-01 
 1.90430543e-01  3.69225160e-01 
 1.90446855e-01  3.69225160e-01 
 1.90468546e-01  3.69225160e-01 
 1.90496643e-01  3.69225160e-01 
 1.90536643e-01  3.69225160e-01 
 1.90576643e-01  3.69225160e-01 
 1.90616643e-01  3.69225160e-01 
 1.90656643e-01  3.69225160e-01 
 1.90696643e-01  3.69225160e-01 
 1.90736643e-01  3.69225160e-01 
 1.90776643e-01  3.69225160e-01 
 1.90799999e-01  3.69225160e-01 
 1.90799999e-01  3.69225160e-01 
 1.90799999e-01  3.69225160e-01 
 1.90800000e-01  3.69225160e-01 
 1.90800000e-01  3.69226283e-01 
 1.90800000e-01  3.69226883e-01 
 1.90800000e-01  3.69228081e-01 
 1.90800000e-01  3.69230477e-01 
 1.90800001e-01  3.69235270e-01 
 1.90800002e-01  3.69244854e-01 
 1.90800004e-01  3.69264022e-01 
 1.90800008e-01  3.69302350e-01 
 1.90800016e-01  3.69378977e-01 
 1.90800033e-01  3.69532112e-01 
 1.90800065e-01  3.69837914e-01 
 1.90800131e-01  3.70447641e-01 
 1.90800262e-01  3.71659634e-01 
 1.90800524e-01  3.74054076e-01 
 1.90801049e-01  3.78727166e-01 
 1.90802097e-01  3.87628538e-01 
 1.90804194e-01  4.03788839e-01 
 1.90808389e-01  4.30491331e-01 
 1.90816777e-01  4.67258202e-01 
 1.90830543e-01  4.98385491e-01 
 1.90846855e-01  5.12307737e-01 
 1.90868546e-01  5.17716563e-01 
 1.90896643e-01  5.18918528e-01 
 1.90936643e-01  5.19011288e-01 
 1.90976643e-01  5.19000981e-01 
 1.91016643e-01  5.19002126e-01 
 1.91056643e-01  5.19001999e-01 
 1.91096643e-01  5.19002013e-01 
 1.91136643e-01  5.19002012e-01 
 1.91176643e-01  5.19002012e-01 
 1.91199999e-01  5.19002012e-01 
 1.91199999e-01  5.19002012e-01 
 1.91199999e-01  5.19002012e-01 
 1.91200000e-01  5.19002012e-01 
 1.91200000e-01  5.19002012e-01 
 1.91200000e-01  5.19002012e-01 
 1.91200000e-01  5.19002012e-01 
 1.91200000e-01  5.19002012e-01 
 1.91200001e-01  5.19002012e-01 
 1.91200002e-01  5.19002012e-01 
 1.91200004e-01  5.19002012e-01 
 1.91200008e-01  5.19002012e-01 
 1.91200016e-01  5.19002012e-01 
 1.91200033e-01  5.19002012e-01 
 1.91200065e-01  5.19002012e-01 
 1.91200131e-01  5.19002012e-01 
 1.91200262e-01  5.19002012e-01 
 1.91200524e-01  5.19002012e-01 
 1.91201049e-01  5.19002012e-01 
 1.91202097e-01  5.19002012e-01 
 1.91204194e-01  5.19002012e-01 
 1.91208389e-01  5.19002012e-01 
 1.91216777e-01  5.19002012e-01 
 1.91230265e-01  5.19002012e-01 
 1.91244732e-01  5.19002012e-01 
 1.91260659e-01  5.19002012e-01 
 1.91280219e-01  5.19002012e-01 
 1.91310838e-01  5.19002012e-01 
 1.91350838e-01  5.19002012e-01 
 1.91390838e-01  5.19002012e-01 
 1.91430838e-01  5.19002012e-01 
 1.91470838e-01  5.19002012e-01 
 1.91510838e-01  5.19002012e-01 
 1.91550838e-01  5.19002012e-01 
 1.91590838e-01  5.19002012e-01 
 1.91599999e-01  5.19002012e-01 
 1.91599999e-01  5.19002012e-01 
 1.91599999e-01  5.19002012e-01 
 1.91600000e-01  5.19002012e-01 
 1.91600000e-01  5.19003318e-01 
 1.91600000e-01  5.19004015e-01 
 1.91600000e-01  5.19005409e-01 
 1.91600000e-01  5.19008196e-01 
 1.91600001e-01  5.19013769e-01 
 1.91600002e-01  5.19024916e-01 
 1.91600004e-01  5.19047208e-01 
 1.91600008e-01  5.19091783e-01 
 1.91600016e-01  5.19180899e-01 
 1.91600033e-01  5.19358994e-01 
 1.91600065e-01  5.19714637e-01 
 1.91600131e-01  5.20423742e-01 
 1.91600262e-01  5.21833275e-01 
 1.91600524e-01  5.24617981e-01 
 1.91601049e-01  5.30052727e-01 
 1.91602097e-01  5.40404912e-01 
 1.91604194e-01  5.59199143e-01 
 1.91608389e-01  5.90253811e-01 
 1.91616777e-01  6.33013227e-01 
 1.91630265e-01  6.68699544e-01 
 1.91644732e-01  6.83949764e-01 
 1.91660659e-01  6.90091665e-01 
 1.91680219e-01  6.92442897e-01 
 1.91710838e-01  6.93174156e-01 
 1.91750838e-01  6.93192470e-01 
 1.91790838e-01  6.93190435e-01 
 1.91830838e-01  6.93190661e-01 
 1.91870838e-01  6.93190636e-01 
 1.91910838e-01  6.93190639e-01 
 1.91950838e-01  6.93190638e-01 
 1.91990838e-01  6.93190638e-01 
 1.91999999e-01  6.93190638e-01 
 1.91999999e-01  6.93190638e-01 
 1.91999999e-01  6.93190638e-01 
 1.92000000e-01  6.93190638e-01 
 1.92000000e-01  6.93190638e-01 
 1.92000000e-01  6.93190638e-01 
 1.92000000e-01  6.93190638e-01 
 1.92000000e-01  6.93190638e-01 
 1.92000001e-01  6.93190638e-01 
 1.92000002e-01  6.93190638e-01 
 1.92000004e-01  6.93190638e-01 
 1.92000008e-01  6.93190638e-01 
 1.92000016e-01  6.93190638e-01 
 1.92000033e-01  6.93190638e-01 
 1.92000065e-01  6.93190638e-01 
 1.92000131e-01  6.93190638e-01 
 1.92000262e-01  6.93190638e-01 
 1.92000524e-01  6.93190638e-01 
 1.92001049e-01  6.93190638e-01 
 1.92002097e-01  6.93190638e-01 
 1.92004194e-01  6.93190638e-01 
 1.92008389e-01  6.93190638e-01 
 1.92016777e-01  6.93190638e-01 
 1.92033554e-01  6.93190638e-01 
 1.92052389e-01  6.93190638e-01 
 1.92079143e-01  6.93190638e-01 
 1.92112840e-01  6.93190638e-01 
 1.92152840e-01  6.93190638e-01 
 1.92192840e-01  6.93190638e-01 
 1.92232840e-01  6.93190638e-01 
 1.92272840e-01  6.93190638e-01 
 1.92312840e-01  6.93190638e-01 
 1.92352840e-01  6.93190638e-01 
 1.92392840e-01  6.93190638e-01 
 1.92399999e-01  6.93190638e-01 
 1.92399999e-01  6.93190638e-01 
 1.92399999e-01  6.93190638e-01 
 1.92400000e-01  6.93190638e-01 
 1.92400000e-01  6.93192012e-01 
 1.92400000e-01  6.93192744e-01 
 1.92400000e-01  6.93194209e-01 
 1.92400000e-01  6.93197138e-01 
 1.92400001e-01  6.93202997e-01 
 1.92400002e-01  6.93214715e-01 
 1.92400004e-01  6.93238147e-01 
 1.92400008e-01  6.93285002e-01 
 1.92400016e-01  6.93378678e-01 
 1.92400033e-01  6.93565884e-01 
 1.92400065e-01  6.93939722e-01 
 1.92400131e-01  6.94685107e-01 
 1.92400262e-01  6.96166754e-01 
 1.92400524e-01  6.99093931e-01 
 1.92401049e-01  7.04806729e-01 
 1.92402097e-01  7.15688551e-01 
 1.92404194e-01  7.35444329e-01 
 1.92408389e-01  7.68087810e-01 
 1.92416777e-01  8.13034876e-01 
 1.92433554e-01  8.56549568e-01 
 1.92452389e-01  8.71178344e-01 
 1.92479143e-01  8.75834514e-01 
 1.92512840e-01  8.76302865e-01 
 1.92552840e-01  8.76289755e-01 
 1.92592840e-01  8.76291211e-01 
 1.92632840e-01  8.76291050e-01 
 1.92672840e-01  8.76291068e-01 
 1.92712840e-01  8.76291066e-01 
 1.92752840e-01  8.76291066e-01 
 1.92792840e-01  8.76291066e-01 
 1.92799999e-01  8.76291066e-01 
 1.92799999e-01  8.76291066e-01 
 1.92799999e-01  8.76291066e-01 
 1.92800000e-01  8.76291066e-01 
 1.92800000e-01  8.76291066e-01 
 1.92800000e-01  8.76291066e-01 
 1.92800000e-01  8.76291066e-01 
 1.92800000e-01  8.76291066e-01 
 1.92800001e-01  8.76291066e-01 
 1.92800002e-01  8.76291066e-01 
 1.92800004e-01  8.76291066e-01 
 1.92800008e-01  8.76291066e-01 
 1.92800016e-01  8.76291066e-01 
 1.92800033e-01  8.76291066e-01 
 1.92800065e-01  8.76291066e-01 
 1.92800131e-01  8.76291066e-01 
 1.92800262e-01  8.76291066e-01 
 1.92800524e-01  8.76291066e-01 
 1.92801049e-01  8.76291066e-01 
 1.92802097e-01  8.76291066e-01 
 1.92804194e-01  8.76291066e-01 
 1.92808389e-01  8.76291066e-01 
 1.92816777e-01  8.76291066e-01 
 1.92833554e-01  8.76291066e-01 
 1.92859446e-01  8.76291066e-01 
 1.92891182e-01  8.76291066e-01 
 1.92931182e-01  8.76291066e-01 
 1.92971182e-01  8.76291066e-01 
 1.93011182e-01  8.76291066e-01 
 1.93051182e-01  8.76291066e-01 
 1.93091182e-01  8.76291066e-01 
 1.93131182e-01  8.76291066e-01 
 1.93171182e-01  8.76291066e-01 
 1.93199999e-01  8.76291066e-01 
 1.93199999e-01  8.76291066e-01 
 1.93199999e-01  8.76291066e-01 
 1.93200000e-01  8.76291066e-01 
 1.93200000e-01  8.76292458e-01 
 1.93200000e-01  8.76293201e-01 
 1.93200000e-01  8.76294686e-01 
 1.93200000e-01  8.76297657e-01 
 1.93200001e-01  8.76303599e-01 
 1.93200002e-01  8.76315481e-01 
 1.93200004e-01  8.76339244e-01 
 1.93200008e-01  8.76386760e-01 
 1.93200016e-01  8.76481756e-01 
 1.93200033e-01  8.76671601e-01 
 1.93200065e-01  8.77050710e-01 
 1.93200131e-01  8.77806602e-01 
 1.93200262e-01  8.79309137e-01 
 1.93200524e-01  8.82277579e-01 
 1.93201049e-01  8.88070912e-01 
 1.93202097e-01  8.99106139e-01 
 1.93204194e-01  9.19140421e-01 
 1.93208389e-01  9.52244088e-01 
 1.93216777e-01  9.97824785e-01 
 1.93233554e-01  1.04195291e+00 
 1.93259446e-01  1.05986046e+00 
 1.93291182e-01  1.06196395e+00 
 1.93331182e-01  1.06197368e+00 
 1.93371182e-01  1.06197260e+00 
 1.93411182e-01  1.06197272e+00 
 1.93451182e-01  1.06197271e+00 
 1.93491182e-01  1.06197271e+00 
 1.93531182e-01  1.06197271e+00 
 1.93571182e-01  1.06197271e+00 
 1.93599999e-01  1.06197271e+00 
 1.93599999e-01  1.06197271e+00 
 1.93599999e-01  1.06197271e+00 
 1.93600000e-01  1.06197271e+00 
 1.93600000e-01  1.06197271e+00 
 1.93600000e-01  1.06197271e+00 
 1.93600000e-01  1.06197271e+00 
 1.93600000e-01  1.06197271e+00 
 1.93600001e-01  1.06197271e+00 
 1.93600002e-01  1.06197271e+00 
 1.93600004e-01  1.06197271e+00 
 1.93600008e-01  1.06197271e+00 
 1.93600016e-01  1.06197271e+00 
 1.93600033e-01  1.06197271e+00 
 1.93600065e-01  1.06197271e+00 
 1.93600131e-01  1.06197271e+00 
 1.93600262e-01  1.06197271e+00 
 1.93600524e-01  1.06197271e+00 
 1.93601049e-01  1.06197271e+00 
 1.93602097e-01  1.06197271e+00 
 1.93604194e-01  1.06197271e+00 
 1.93608389e-01  1.06197271e+00 
 1.93616777e-01  1.06197271e+00 
 1.93633554e-01  1.06197271e+00 
 1.93655699e-01  1.06197271e+00 
 1.93681673e-01  1.06197271e+00 
 1.93717556e-01  1.06197271e+00 
 1.93757556e-01  1.06197271e+00 
 1.93797556e-01  1.06197271e+00 
 1.93837556e-01  1.06197271e+00 
 1.93877556e-01  1.06197271e+00 
 1.93917556e-01  1.06197271e+00 
 1.93957556e-01  1.06197271e+00 
 1.93997556e-01  1.06197271e+00 
 1.93999999e-01  1.06197271e+00 
 1.93999999e-01  1.06197271e+00 
 1.93999999e-01  1.06197271e+00 
 1.94000000e-01  1.06197271e+00 
 1.94000000e-01  1.06197410e+00 
 1.94000000e-01  1.06197484e+00 
 1.94000000e-01  1.06197633e+00 
 1.94000000e-01  1.06197930e+00 
 1.94000001e-01  1.06198523e+00 
 1.94000002e-01  1.06199711e+00 
 1.94000004e-01  1.06202086e+00 
 1.94000008e-01  1.06206834e+00 
 1.94000016e-01  1.06216328e+00 
 1.94000033e-01  1.06235300e+00 
 1.94000065e-01  1.06273186e+00 
 1.94000131e-01  1.06348725e+00 
 1.94000262e-01  1.06498881e+00 
 1.94000524e-01  1.06795531e+00 
 1.94001049e-01  1.07374485e+00 
 1.94002097e-01  1.08477286e+00 
 1.94004194e-01  1.10479403e+00 
 1.94008389e-01  1.13787604e+00 
 1.94016777e-01  1.18342692e+00 
 1.94033554e-01  1.22752618e+00 
 1.94055699e-01  1.24389125e+00 
 1.94081673e-01  1.24715433e+00 
 1.94117556e-01  1.24755454e+00 
 1.94157556e-01  1.24753047e+00 
 1.94197556e-01  1.24753315e+00 
 1.94237556e-01  1.24753285e+00 
 1.94277556e-01  1.24753288e+00 
 1.94317556e-01  1.24753288e+00 
 1.94357556e-01  1.24753288e+00 
 1.94397556e-01  1.24753288e+00 
 1.94399999e-01  1.24753288e+00 
 1.94399999e-01  1.24753288e+00 
 1.94399999e-01  1.24753288e+00 
 1.94400000e-01  1.24753288e+00 
 1.94400000e-01  1.24753288e+00 
 1.94400000e-01  1.24753288e+00 
 1.94400000e-01  1.24753288e+00 
 1.94400000e-01  1.24753288e+00 
 1.94400001e-01  1.24753288e+00 
 1.94400002e-01  1.24753288e+00 
 1.94400004e-01  1.24753288e+00 
 1.94400008e-01  1.24753288e+00 
 1.94400016e-01  1.24753288e+00 
 1.94400033e-01  1.24753288e+00 
 1.94400065e-01  1.24753288e+00 
 1.94400131e-01  1.24753288e+00 
 1.94400262e-01  1.24753288e+00 
 1.94400524e-01  1.24753288e+00 
 1.94401049e-01  1.24753288e+00 
 1.94402097e-01  1.24753288e+00 
 1.94404194e-01  1.24753288e+00 
 1.94408389e-01  1.24753288e+00 
 1.94416777e-01  1.24753288e+00 
 1.94430678e-01  1.24753288e+00 
 1.94444482e-01  1.24753288e+00 
 1.94459329e-01  1.24753288e+00 
 1.94476853e-01  1.24753288e+00 
 1.94503930e-01  1.24753288e+00 
 1.94543930e-01  1.24753288e+00 
 1.94583930e-01  1.24753288e+00 
 1.94623930e-01  1.24753288e+00 
 1.94663930e-01  1.24753288e+00 
 1.94703930e-01  1.24753288e+00 
 1.94743930e-01  1.24753288e+00 
 1.94783930e-01  1.24753288e+00 
 1.94799999e-01  1.24753288e+00 
 1.94799999e-01  1.24753288e+00 
 1.94799999e-01  1.24753288e+00 
 1.94800000e-01  1.24753288e+00 
 1.94800000e-01  1.24753426e+00 
 1.94800000e-01  1.24753499e+00 
 1.94800000e-01  1.24753646e+00 
 1.94800000e-01  1.24753940e+00 
 1.94800001e-01  1.24754528e+00 
 1.94800002e-01  1.24755704e+00 
 1.94800004e-01  1.24758056e+00 
 1.94800008e-01  1.24762758e+00 
 1.94800016e-01  1.24772159e+00 
 1.94800033e-01  1.24790947e+00 
 1.94800065e-01  1.24828465e+00 
 1.94800131e-01  1.24903271e+00 
 1.94800262e-01  1.25051966e+00 
 1.94800524e-01  1.25345733e+00 
 1.94801049e-01  1.25919061e+00 
 1.94802097e-01  1.27011143e+00 
 1.94804194e-01  1.28993802e+00 
 1.94808389e-01  1.32269851e+00 
 1.94816777e-01  1.36780669e+00 
 1.94830678e-01  1.40625831e+00 
 1.94844482e-01  1.42134556e+00 
 1.94859329e-01  1.42764857e+00 
 1.94876853e-01  1.43022530e+00 
 1.94903930e-01  1.43120094e+00 
 1.94943930e-01  1.43129948e+00 
 1.94983930e-01  1.43128853e+00 
 1.95023930e-01  1.43128974e+00 
 1.95063930e-01  1.43128961e+00 
 1.95103930e-01  1.43128962e+00 
 1.95143930e-01  1.43128962e+00 
 1.95183930e-01  1.43128962e+00 
 1.95199999e-01  1.43128962e+00 
 1.95199999e-01  1.43128962e+00 
 1.95199999e-01  1.43128962e+00 
 1.95200000e-01  1.43128962e+00 
 1.95200000e-01  1.43128962e+00 
 1.95200000e-01  1.43128962e+00 
 1.95200000e-01  1.43128962e+00 
 1.95200000e-01  1.43128962e+00 
 1.95200001e-01  1.43128962e+00 
 1.95200002e-01  1.43128962e+00 
 1.95200004e-01  1.43128962e+00 
 1.95200008e-01  1.43128962e+00 
 1.95200016e-01  1.43128962e+00 
 1.95200033e-01  1.43128962e+00 
 1.95200065e-01  1.43128962e+00 
 1.95200131e-01  1.43128962e+00 
 1.95200262e-01  1.43128962e+00 
 1.95200524e-01  1.43128962e+00 
 1.95201049e-01  1.43128962e+00 
 1.95202097e-01  1.43128962e+00 
 1.95204194e-01  1.43128962e+00 
 1.95208389e-01  1.43128962e+00 
 1.95216777e-01  1.43128962e+00 
 1.95231861e-01  1.43128962e+00 
 1.95248694e-01  1.43128962e+00 
 1.95272150e-01  1.43128962e+00 
 1.95301557e-01  1.43128962e+00 
 1.95341557e-01  1.43128962e+00 
 1.95381557e-01  1.43128962e+00 
 1.95421557e-01  1.43128962e+00 
 1.95461557e-01  1.43128962e+00 
 1.95501557e-01  1.43128962e+00 
 1.95541557e-01  1.43128962e+00 
 1.95581557e-01  1.43128962e+00 
 1.95599999e-01  1.43128962e+00 
 1.95599999e-01  1.43128962e+00 
 1.95599999e-01  1.43128962e+00 
 1.95600000e-01  1.43128962e+00 
 1.95600000e-01  1.43129097e+00 
 1.95600000e-01  1.43129169e+00 
 1.95600000e-01  1.43129314e+00 
 1.95600000e-01  1.43129602e+00 
 1.95600001e-01  1.43130179e+00 
 1.95600002e-01  1.43131333e+00 
 1.95600004e-01  1.43133640e+00 
 1.95600008e-01  1.43138253e+00 
 1.95600016e-01  1.43147477e+00 
 1.95600033e-01  1.43165910e+00 
 1.95600065e-01  1.43202719e+00 
 1.95600131e-01  1.43276112e+00 
 1.95600262e-01  1.43421999e+00 
 1.95600524e-01  1.43710216e+00 
 1.95601049e-01  1.44272714e+00 
 1.95602097e-01  1.45344168e+00 
 1.95604194e-01  1.47289376e+00 
 1.95608389e-01  1.50503542e+00 
 1.95616777e-01  1.54929153e+00 
 1.95631861e-01  1.58919753e+00 
 1.95648694e-01  1.60462544e+00 
 1.95672150e-01  1.61050447e+00 
 1.95701557e-01  1.61153008e+00 
 1.95741557e-01  1.61158033e+00 
 1.95781557e-01  1.61157474e+00 
 1.95821557e-01  1.61157537e+00 
 1.95861557e-01  1.61157530e+00 
 1.95901557e-01  1.61157530e+00 
 1.95941557e-01  1.61157530e+00 
 1.95981557e-01  1.61157530e+00 
 1.95999999e-01  1.61157530e+00 
 1.95999999e-01  1.61157530e+00 
 1.95999999e-01  1.61157530e+00 
 1.96000000e-01  1.61157530e+00 
 1.96000000e-01  1.61157530e+00 
 1.96000000e-01  1.61157530e+00 
 1.96000000e-01  1.61157530e+00 
 1.96000000e-01  1.61157530e+00 
 1.96000001e-01  1.61157530e+00 
 1.96000002e-01  1.61157530e+00 
 1.96000004e-01  1.61157530e+00 
 1.96000008e-01  1.61157530e+00 
 1.96000016e-01  1.61157530e+00 
 1.96000033e-01  1.61157530e+00 
 1.96000065e-01  1.61157530e+00 
 1.96000131e-01  1.61157530e+00 
 1.96000262e-01  1.61157530e+00 
 1.96000524e-01  1.61157530e+00 
 1.96001049e-01  1.61157530e+00 
 1.96002097e-01  1.61157530e+00 
 1.96004194e-01  1.61157530e+00 
 1.96008389e-01  1.61157530e+00 
 1.96016777e-01  1.61157530e+00 
 1.96033554e-01  1.61157530e+00 
 1.96057969e-01  1.61157530e+00 
 1.96085915e-01  1.61157530e+00 
 1.96125915e-01  1.61157530e+00 
 1.96165915e-01  1.61157530e+00 
 1.96205915e-01  1.61157530e+00 
 1.96245915e-01  1.61157530e+00 
 1.96285915e-01  1.61157530e+00 
 1.96325915e-01  1.61157530e+00 
 1.96365915e-01  1.61157530e+00 
 1.96399999e-01  1.61157530e+00 
 1.96399999e-01  1.61157530e+00 
 1.96399999e-01  1.61157530e+00 
 1.96400000e-01  1.61157530e+00 
 1.96400000e-01  1.61157644e+00 
 1.96400000e-01  1.61157705e+00 
 1.96400000e-01  1.61157827e+00 
 1.96400000e-01  1.61158070e+00 
 1.96400001e-01  1.61158556e+00 
 1.96400002e-01  1.61159528e+00 
 1.96400004e-01  1.61161473e+00 
 1.96400008e-01  1.61165361e+00 
 1.96400016e-01  1.61173134e+00 
 1.96400033e-01  1.61188668e+00 
 1.96400065e-01  1.61219690e+00 
 1.96400131e-01  1.61281542e+00 
 1.96400262e-01  1.61404489e+00 
 1.96400524e-01  1.61647387e+00 
 1.96401049e-01  1.62121437e+00 
 1.96402097e-01  1.63024413e+00 
 1.96404194e-01  1.64663753e+00 
 1.96408389e-01  1.67372518e+00 
 1.96416777e-01  1.71102238e+00 
 1.96433554e-01  1.74713099e+00 
 1.96457969e-01  1.76130983e+00 
 1.96485915e-01  1.76336358e+00 
 1.96525915e-01  1.76352909e+00 
 1.96565915e-01  1.76351070e+00 
 1.96605915e-01  1.76351275e+00 
 1.96645915e-01  1.76351252e+00 
 1.96685915e-01  1.76351254e+00 
 1.96725915e-01  1.76351254e+00 
 1.96765915e-01  1.76351254e+00 
 1.96799999e-01  1.76351254e+00 
 1.96799999e-01  1.76351254e+00 
 1.96799999e-01  1.76351254e+00 
 1.96800000e-01  1.76351254e+00 
 1.96800000e-01  1.76351254e+00 
 1.96800000e-01  1.76351254e+00 
 1.96800000e-01  1.76351254e+00 
 1.96800000e-01  1.76351254e+00 
 1.96800001e-01  1.76351254e+00 
 1.96800002e-01  1.76351254e+00 
 1.96800004e-01  1.76351254e+00 
 1.96800008e-01  1.76351254e+00 
 1.96800016e-01  1.76351254e+00 
 1.96800033e-01  1.76351254e+00 
 1.96800065e-01  1.76351254e+00 
 1.96800131e-01  1.76351254e+00 
 1.96800262e-01  1.76351254e+00 
 1.96800524e-01  1.76351254e+00 
 1.96801049e-01  1.76351254e+00 
 1.96802097e-01  1.76351254e+00 
 1.96804194e-01  1.76351254e+00 
 1.96808389e-01  1.76351254e+00 
 1.96816777e-01  1.76351254e+00 
 1.96833554e-01  1.76351254e+00 
 1.96863563e-01  1.76351254e+00 
 1.96896022e-01  1.76351254e+00 
 1.96936022e-01  1.76351254e+00 
 1.96976022e-01  1.76351254e+00 
 1.97016022e-01  1.76351254e+00 
 1.97056022e-01  1.76351254e+00 
 1.97096022e-01  1.76351254e+00 
 1.97136022e-01  1.76351254e+00 
 1.97176022e-01  1.76351254e+00 
 1.97199999e-01  1.76351254e+00 
 1.97199999e-01  1.76351254e+00 
 1.97199999e-01  1.76351254e+00 
 1.97200000e-01  1.76351254e+00 
 1.97200000e-01  1.76351250e+00 
 1.97200000e-01  1.76351248e+00 
 1.97200000e-01  1.76351243e+00 
 1.97200000e-01  1.76351234e+00 
 1.97200001e-01  1.76351216e+00 
 1.97200002e-01  1.76351180e+00 
 1.97200004e-01  1.76351108e+00 
 1.97200008e-01  1.76350964e+00 
 1.97200016e-01  1.76350675e+00 
 1.97200033e-01  1.76350099e+00 
 1.97200065e-01  1.76348947e+00 
 1.97200131e-01  1.76346652e+00 
 1.97200262e-01  1.76342089e+00 
 1.97200524e-01  1.76333075e+00 
 1.97201049e-01  1.76315483e+00 
 1.97202097e-01  1.76281974e+00 
 1.97204194e-01  1.76221137e+00 
 1.97208389e-01  1.76120615e+00 
 1.97216777e-01  1.75982204e+00 
 1.97233554e-01  1.75848204e+00 
 1.97263563e-01  1.75789364e+00 
 1.97296022e-01  1.75787398e+00 
 1.97336022e-01  1.75787414e+00 
 1.97376022e-01  1.75787412e+00 
 1.97416022e-01  1.75787412e+00 
 1.97456022e-01  1.75787412e+00 
 1.97496022e-01  1.75787412e+00 
 1.97536022e-01  1.75787412e+00 
 1.97576022e-01  1.75787412e+00 
 1.97599999e-01  1.75787412e+00 
 1.97599999e-01  1.75787412e+00 
 1.97599999e-01  1.75787412e+00 
 1.97600000e-01  1.75787412e+00 
 1.97600000e-01  1.75787412e+00 
 1.97600000e-01  1.75787412e+00 
 1.97600000e-01  1.75787412e+00 
 1.97600000e-01  1.75787412e+00 
 1.97600001e-01  1.75787412e+00 
 1.97600002e-01  1.75787412e+00 
 1.97600004e-01  1.75787412e+00 
 1.97600008e-01  1.75787412e+00 
 1.97600016e-01  1.75787412e+00 
 1.97600033e-01  1.75787412e+00 
 1.97600065e-01  1.75787412e+00 
 1.97600131e-01  1.75787412e+00 
 1.97600262e-01  1.75787412e+00 
 1.97600524e-01  1.75787412e+00 
 1.97601049e-01  1.75787412e+00 
 1.97602097e-01  1.75787412e+00 
 1.97604194e-01  1.75787412e+00 
 1.97608389e-01  1.75787412e+00 
 1.97616777e-01  1.75787412e+00 
 1.97633554e-01  1.75787412e+00 
 1.97667109e-01  1.75787412e+00 
 1.97704813e-01  1.75787412e+00 
 1.97744813e-01  1.75787412e+00 
 1.97784813e-01  1.75787412e+00 
 1.97824813e-01  1.75787412e+00 
 1.97864813e-01  1.75787412e+00 
 1.97904813e-01  1.75787412e+00 
 1.97944813e-01  1.75787412e+00 
 1.97984813e-01  1.75787412e+00 
 1.97999999e-01  1.75787412e+00 
 1.97999999e-01  1.75787412e+00 
 1.97999999e-01  1.75787412e+00 
 1.98000000e-01  1.75787412e+00 
 1.98000000e-01  1.75787389e+00 
 1.98000000e-01  1.75787377e+00 
 1.98000000e-01  1.75787352e+00 
 1.98000000e-01  1.75787303e+00 
 1.98000001e-01  1.75787205e+00 
 1.98000002e-01  1.75787008e+00 
 1.98000004e-01  1.75786615e+00 
 1.98000008e-01  1.75785828e+00 
 1.98000016e-01  1.75784256e+00 
 1.98000033e-01  1.75781113e+00 
 1.98000065e-01  1.75774837e+00 
 1.98000131e-01  1.75762325e+00 
 1.98000262e-01  1.75737453e+00 
 1.98000524e-01  1.75688315e+00 
 1.98001049e-01  1.75592415e+00 
 1.98002097e-01  1.75409745e+00 
 1.98004194e-01  1.75078109e+00 
 1.98008389e-01  1.74530130e+00 
 1.98016777e-01  1.73775614e+00 
 1.98033554e-01  1.73045142e+00 
 1.98067109e-01  1.72705888e+00 
 1.98104813e-01  1.72714389e+00 
 1.98144813e-01  1.72713675e+00 
 1.98184813e-01  1.72713754e+00 
 1.98224813e-01  1.72713745e+00 
 1.98264813e-01  1.72713746e+00 
 1.98304813e-01  1.72713746e+00 
 1.98344813e-01  1.72713746e+00 
 1.98384813e-01  1.72713746e+00 
 1.98399999e-01  1.72713746e+00 
 1.98399999e-01  1.72713746e+00 
 1.98399999e-01  1.72713746e+00 
 1.98400000e-01  1.72713746e+00 
 1.98400000e-01  1.72713746e+00 
 1.98400000e-01  1.72713746e+00 
 1.98400000e-01  1.72713746e+00 
 1.98400000e-01  1.72713746e+00 
 1.98400001e-01  1.72713746e+00 
 1.98400002e-01  1.72713746e+00 
 1.98400004e-01  1.72713746e+00 
 1.98400008e-01  1.72713746e+00 
 1.98400016e-01  1.72713746e+00 
 1.98400033e-01  1.72713746e+00 
 1.98400065e-01  1.72713746e+00 
 1.98400131e-01  1.72713746e+00 
 1.98400262e-01  1.72713746e+00 
 1.98400524e-01  1.72713746e+00 
 1.98401049e-01  1.72713746e+00 
 1.98402097e-01  1.72713746e+00 
 1.98404194e-01  1.72713746e+00 
 1.98408389e-01  1.72713746e+00 
 1.98416777e-01  1.72713746e+00 
 1.98433554e-01  1.72713746e+00 
 1.98467109e-01  1.72713746e+00 
 1.98507109e-01  1.72713746e+00 
 1.98547109e-01  1.72713746e+00 
 1.98587109e-01  1.72713746e+00 
 1.98627109e-01  1.72713746e+00 
 1.98667109e-01  1.72713746e+00 
 1.98707109e-01  1.72713746e+00 
 1.98747109e-01  1.72713746e+00 
 1.98787109e-01  1.72713746e+00 
 1.98799999e-01  1.72713746e+00 
 1.98799999e-01  1.72713746e+00 
 1.98799999e-01  1.72713746e+00 
 1.98800000e-01  1.72713746e+00 
 1.98800000e-01  1.72713721e+00 
 1.98800000e-01  1.72713707e+00 
 1.98800000e-01  1.72713680e+00 
 1.98800000e-01  1.72713626e+00 
 1.98800001e-01  1.72713518e+00 
 1.98800002e-01  1.72713302e+00 
 1.98800004e-01  1.72712870e+00 
 1.98800008e-01  1.72712006e+00 
 1.98800016e-01  1.72710279e+00 
 1.98800033e-01  1.72706828e+00 
 1.98800065e-01  1.72699936e+00 
 1.98800131e-01  1.72686194e+00 
 1.98800262e-01  1.72658877e+00 
 1.98800524e-01  1.72604911e+00 
 1.98801049e-01  1.72499587e+00 
 1.98802097e-01  1.72298965e+00 
 1.98804194e-01  1.71934740e+00 
 1.98808389e-01  1.71332911e+00 
 1.98816777e-01  1.70504249e+00 
 1.98833554e-01  1.69701994e+00 
 1.98867109e-01  1.69329401e+00 
 1.98907109e-01  1.69338990e+00 
 1.98947109e-01  1.69337925e+00 
 1.98987109e-01  1.69338043e+00 
 1.99027109e-01  1.69338030e+00 
 1.99067109e-01  1.69338032e+00 
 1.99107109e-01  1.69338032e+00 
 1.99147109e-01  1.69338032e+00 
 1.99187109e-01  1.69338032e+00 
 1.99199999e-01  1.69338032e+00 
 1.99199999e-01  1.69338032e+00 
 1.99199999e-01  1.69338032e+00 
 1.99200000e-01  1.69338032e+00 
 1.99200000e-01  1.69338032e+00 
 1.99200000e-01  1.69338032e+00 
 1.99200000e-01  1.69338032e+00 
 1.99200000e-01  1.69338032e+00 
 1.99200001e-01  1.69338032e+00 
 1.99200002e-01  1.69338032e+00 
 1.99200004e-01  1.69338032e+00 
 1.99200008e-01  1.69338032e+00 
 1.99200016e-01  1.69338032e+00 
 1.99200033e-01  1.69338032e+00 
 1.99200065e-01  1.69338032e+00 
 1.99200131e-01  1.69338032e+00 
 1.99200262e-01  1.69338032e+00 
 1.99200524e-01  1.69338032e+00 
 1.99201049e-01  1.69338032e+00 
 1.99202097e-01  1.69338032e+00 
 1.99204194e-01  1.69338032e+00 
 1.99208389e-01  1.69338032e+00 
 1.99216777e-01  1.69338032e+00 
 1.99233554e-01  1.69338032e+00 
 1.99267109e-01  1.69338032e+00 
 1.99307109e-01  1.69338032e+00 
 1.99347109e-01  1.69338032e+00 
 1.99387109e-01  1.69338032e+00 
 1.99427109e-01  1.69338032e+00 
 1.99467109e-01  1.69338032e+00 
 1.99507109e-01  1.69338032e+00 
 1.99547109e-01  1.69338032e+00 
 1.99587109e-01  1.69338032e+00 
 1.99599999e-01  1.69338032e+00 
 1.99599999e-01  1.69338032e+00 
 1.99599999e-01  1.69338032e+00 
 1.99600000e-01  1.69338032e+00 
 1.99600000e-01  1.69338007e+00 
 1.99600000e-01  1.69337993e+00 
 1.99600000e-01  1.69337967e+00 
 1.99600000e-01  1.69337913e+00 
 1.99600001e-01  1.69337807e+00 
 1.99600002e-01  1.69337593e+00 
 1.99600004e-01  1.69337167e+00 
 1.99600008e-01  1.69336313e+00 
 1.99600016e-01  1.69334608e+00 
 1.99600033e-01  1.69331199e+00 
 1.99600065e-01  1.69324392e+00 
 1.99600131e-01  1.69310821e+00 
 1.99600262e-01  1.69283843e+00 
 1.99600524e-01  1.69230546e+00 
 1.99601049e-01  1.69126529e+00 
 1.99602097e-01  1.68928395e+00 
 1.99604194e-01  1.68568687e+00 
 1.99608389e-01  1.67974322e+00 
 1.99616777e-01  1.67155937e+00 
 1.99633554e-01  1.66363632e+00 
 1.99667109e-01  1.65995660e+00 
 1.99707109e-01  1.66005130e+00 
 1.99747109e-01  1.66004078e+00 
 1.99787109e-01  1.66004195e+00 
 1.99827109e-01  1.66004182e+00 
 1.99867109e-01  1.66004183e+00 
 1.99907109e-01  1.66004183e+00 
 1.99947109e-01  1.66004183e+00 
 1.99987109e-01  1.66004183e+00 
 1.99999999e-01  1.66004183e+00 
 1.99999999e-01  1.66004183e+00 
 1.99999999e-01  1.66004183e+00 
 2.00000000e-01  1.66004183e+00 
 2.00000000e-01  1.66004183e+00 
 2.00000000e-01  1.66004183e+00 
 2.00000000e-01  1.66004183e+00 
 2.00000000e-01  1.66004183e+00 
 2.00000001e-01  1.66004183e+00 
 2.00000002e-01  1.66004183e+00 
 2.00000004e-01  1.66004183e+00 
 2.00000008e-01  1.66004183e+00 
 2.00000016e-01  1.66004183e+00 
 2.00000033e-01  1.66004183e+00 
 2.00000065e-01  1.66004183e+00 
 2.00000131e-01  1.66004183e+00 
 2.00000262e-01  1.66004183e+00 
 2.00000524e-01  1.66004183e+00 
 2.00001049e-01  1.66004183e+00 
 2.00002097e-01  1.66004183e+00 
 2.00004194e-01  1.66004183e+00 
 2.00008389e-01  1.66004183e+00 
 2.00016777e-01  1.66004183e+00 
 2.00033554e-01  1.66004183e+00 
 2.00067109e-01  1.66004183e+00 
 2.00107109e-01  1.66004183e+00 
 2.00147109e-01  1.66004183e+00 
 2.00187109e-01  1.66004183e+00 
 2.00227109e-01  1.66004183e+00 
 2.00267109e-01  1.66004183e+00 
 2.00307109e-01  1.66004183e+00 
 2.00347109e-01  1.66004183e+00 
 2.00387109e-01  1.66004183e+00 
 2.00399999e-01  1.66004183e+00 
 2.00399999e-01  1.66004183e+00 
 2.00399999e-01  1.66004183e+00 
 2.00400000e-01  1.66004183e+00 
 2.00400000e-01  1.66004159e+00 
 2.00400000e-01  1.66004146e+00 
 2.00400000e-01  1.66004120e+00 
 2.00400000e-01  1.66004068e+00 
 2.00400001e-01  1.66003964e+00 
 2.00400002e-01  1.66003755e+00 
 2.00400004e-01  1.66003339e+00 
 2.00400008e-01  1.66002507e+00 
 2.00400016e-01  1.66000844e+00 
 2.00400033e-01  1.65997519e+00 
 2.00400065e-01  1.65990880e+00 
 2.00400131e-01  1.65977643e+00 
 2.00400262e-01  1.65951330e+00 
 2.00400524e-01  1.65899346e+00 
 2.00401049e-01  1.65797893e+00 
 2.00402097e-01  1.65604642e+00 
 2.00404194e-01  1.65253799e+00 
 2.00408389e-01  1.64674083e+00 
 2.00416777e-01  1.63875867e+00 
 2.00433554e-01  1.63103089e+00 
 2.00467109e-01  1.62744187e+00 
 2.00507109e-01  1.62753423e+00 
 2.00547109e-01  1.62752397e+00 
 2.00587109e-01  1.62752511e+00 
 2.00627109e-01  1.62752499e+00 
 2.00667109e-01  1.62752500e+00 
 2.00707109e-01  1.62752500e+00 
 2.00747109e-01  1.62752500e+00 
 2.00787109e-01  1.62752500e+00 
 2.00799999e-01  1.62752500e+00 
 2.00799999e-01  1.62752500e+00 
 2.00799999e-01  1.62752500e+00 
 2.00800000e-01  1.62752500e+00 
 2.00800000e-01  1.62752500e+00 
